{
"type": "FeatureCollection",
"name": "F:\\MOEED\\CB_1\\Topography CB_1\\Kela\\Road Track.geojson",
"crs": { "type": "name", "properties": { "name": "urn:ogc:def:crs:OGC:1.3:CRS84" } },
"features": [
{ "type": "Feature", "properties": { "Id": 0 }, "geometry": { "type": "LineString", "coordinates": [ [ 74.428219186329386, 31.605421049103644 ], [ 74.428579139044317, 31.605426340039472 ], [ 74.429167013493881, 31.60542949417254 ], [ 74.429431155970121, 31.605431200021393 ], [ 74.429451145523345, 31.605428476413515 ], [ 74.429470290835852, 31.605422853420116 ], [ 74.429488022296198, 31.605414498336547 ], [ 74.429503812358291, 31.605403659743285 ], [ 74.429508250241781, 31.605381072283553 ], [ 74.429502420552325, 31.605242025231568 ], [ 74.429499503031082, 31.605102911099245 ] ] } },
{ "type": "Feature", "properties": { "Id": 0 }, "geometry": { "type": "LineString", "coordinates": [ [ 74.429582432203162, 31.605103281439249 ], [ 74.429584947330852, 31.605252106994751 ], [ 74.429589832488233, 31.605400889380658 ], [ 74.429600448666008, 31.605412667756003 ], [ 74.429613205878013, 31.605422770988476 ], [ 74.429627748775573, 31.605430917654761 ], [ 74.42964367226979, 31.605436880831181 ], [ 74.429765123593455, 31.60544552575983 ], [ 74.429886121186712, 31.605457988232082 ], [ 74.430006501285249, 31.605474251380798 ], [ 74.430160817962189, 31.605501795213854 ], [ 74.430313279501433, 31.605536081226113 ], [ 74.430463609939864, 31.605570767248597 ], [ 74.430611590532536, 31.605612198857543 ], [ 74.430756808354886, 31.60566026044355 ], [ 74.430898858189707, 31.605714817896896 ], [ 74.431021665451979, 31.605764281378491 ], [ 74.431141684257284, 31.60581852714348 ], [ 74.431258660522687, 31.605877440354632 ], [ 74.431372346604917, 31.605940896293554 ], [ 74.431548064988988, 31.606037890759115 ], [ 74.431549960824768, 31.606039511081708 ], [ 74.431552136957919, 31.60604084878517 ], [ 74.431554536514554, 31.606041868908239 ], [ 74.431557096781631, 31.606042544789727 ], [ 74.431559750845821, 31.606042858765274 ], [ 74.431562429342435, 31.606042802629045 ], [ 74.431565062268163, 31.606042377848169 ], [ 74.431567580810764, 31.60604159552441 ], [ 74.431569919147435, 31.606040476104024 ], [ 74.431572016165077, 31.606039048843392 ], [ 74.431592543806744, 31.605998502766482 ], [ 74.431606821105333, 31.605956037199793 ], [ 74.431614611904322, 31.605912354579125 ], [ 74.431615787342992, 31.605868177470978 ], [ 74.43162186401436, 31.605657904212265 ], [ 74.431614011729067, 31.605634629549783 ], [ 74.431601790091761, 31.605612778559387 ], [ 74.431585532522888, 31.605592947356172 ], [ 74.43156568254598, 31.605575676953237 ], [ 74.431542781687796, 31.605561438502377 ], [ 74.431452720045598, 31.605514714517483 ], [ 74.431361077489655, 31.605470299219796 ], [ 74.431219911171951, 31.605404843800585 ], [ 74.43107562315646, 31.605344580285436 ], [ 74.430928473989056, 31.605289617491678 ], [ 74.430806414311846, 31.605248282138387 ], [ 74.430682480023563, 31.605211257415398 ], [ 74.4305568788579, 31.605178605381273 ], [ 74.430525788591822, 31.605170810538347 ] ] } },
{ "type": "Feature", "properties": { "Id": 0 }, "geometry": { "type": "LineString", "coordinates": [ [ 74.430527744877992, 31.605120642922554 ], [ 74.430730828704029, 31.605162030920006 ], [ 74.430830199880774, 31.605186132505949 ], [ 74.430918478697976, 31.605215967857653 ], [ 74.431049384334798, 31.605260477857218 ], [ 74.431097477302018, 31.605244005625856 ], [ 74.431154545247864, 31.605231424056786 ], [ 74.431283545806366, 31.605228147732443 ], [ 74.431727474977635, 31.605228839809463 ] ] } },
{ "type": "Feature", "properties": { "Id": 0 }, "geometry": { "type": "LineString", "coordinates": [ [ 74.431727061812751, 31.605296867248185 ], [ 74.431185563686114, 31.605309860025113 ], [ 74.431438293648881, 31.605430357273541 ], [ 74.431696945265841, 31.605563716081345 ], [ 74.43169223842564, 31.605844797226776 ], [ 74.431694832512179, 31.605911554466665 ], [ 74.431689990239803, 31.605968010052898 ], [ 74.431621238681998, 31.606076859046119 ], [ 74.43161563616907, 31.606082922310755 ], [ 74.431760824537179, 31.606193933845081 ], [ 74.431909910028736, 31.606310682714422 ], [ 74.432053033261809, 31.606438172275709 ], [ 74.43221483011682, 31.606598383284528 ], [ 74.432369762244392, 31.606788510343108 ], [ 74.432483673054705, 31.606935721952585 ], [ 74.432725507960271, 31.607318364969469 ], [ 74.432729453223985, 31.607322346135884 ], [ 74.432734118304651, 31.607325709193976 ], [ 74.432739372827314, 31.607328360156316 ], [ 74.43274506994382, 31.607330224936447 ], [ 74.432751050436835, 31.607331251419367 ], [ 74.432757147169468, 31.607331410917922 ], [ 74.432763189756244, 31.607330698974593 ], [ 74.432769009324971, 31.60732913548609 ], [ 74.432774443236084, 31.607326764147235 ], [ 74.432779339628084, 31.607323651229827 ], [ 74.432818435652848, 31.607293772941631 ], [ 74.432852071813997, 31.607259369938483 ], [ 74.432884451957321, 31.607221399234763 ], [ 74.432912356892103, 31.607180910024184 ], [ 74.432935521282374, 31.607138287309688 ], [ 74.43295372486989, 31.607093936380714 ], [ 74.432968724973904, 31.607053596345988 ], [ 74.432977900354203, 31.607011997585193 ], [ 74.432981115680192, 31.606969753687046 ], [ 74.432978323533405, 31.606927487755371 ], [ 74.43297401357016, 31.606890741086939 ], [ 74.432966480252063, 31.606854376864728 ], [ 74.432961680543528, 31.606835428532904 ], [ 74.432949655789344, 31.606792263594986 ], [ 74.432938799106253, 31.606759093104696 ], [ 74.432925453360838, 31.60673116907072 ], [ 74.432908447309941, 31.606699022779654 ], [ 74.432833710538304, 31.606563047277707 ], [ 74.432791311920198, 31.606463492129766 ] ] } },
{ "type": "Feature", "properties": { "Id": 0 }, "geometry": { "type": "LineString", "coordinates": [ [ 74.432876817453291, 31.606444419002422 ], [ 74.433005146843854, 31.606758861872009 ], [ 74.433023631628132, 31.606791635546415 ], [ 74.43303745012787, 31.606826052394464 ], [ 74.433046407761623, 31.606861627797791 ], [ 74.433050378392593, 31.606897860824063 ], [ 74.433056974909618, 31.606939709805815 ], [ 74.433058390934406, 31.606981920468282 ], [ 74.43305461074678, 31.607024024413764 ], [ 74.433045676287335, 31.607065554428079 ], [ 74.433034944521566, 31.607108420491166 ], [ 74.433018667333542, 31.607149987280625 ], [ 74.432997049778265, 31.60718973113249 ], [ 74.432970364190396, 31.607227151347775 ], [ 74.432943159423559, 31.607264686683664 ], [ 74.432911717785942, 31.607299713939877 ], [ 74.432876352540006, 31.607331884124385 ], [ 74.432816891409999, 31.607375985943104 ], [ 74.432753592619491, 31.607415984891883 ], [ 74.432701946154054, 31.607438416367167 ], [ 74.432648490363135, 31.607457492260714 ], [ 74.432593522411153, 31.607473106528047 ], [ 74.432530966863212, 31.607485593225803 ], [ 74.432467193946763, 31.607492171895895 ], [ 74.432402963147553, 31.607492764191655 ], [ 74.432336373376671, 31.607486538892854 ], [ 74.432270890204933, 31.607474464136789 ], [ 74.43220721326027, 31.60745666893142 ], [ 74.432172884465942, 31.607448199511587 ], [ 74.432140373255066, 31.607435522289141 ], [ 74.432110379502944, 31.607418910169528 ], [ 74.43209938650125, 31.607412869966982 ], [ 74.432087339476766, 31.607408545948086 ], [ 74.432074600719659, 31.607406068149015 ], [ 74.432061553322455, 31.6074055110846 ], [ 74.432048589659331, 31.607406891507431 ], [ 74.432036099586341, 31.607410167904039 ], [ 74.431972506527799, 31.607440614718648 ], [ 74.4319103949815, 31.607473224735934 ], [ 74.431790215772921, 31.607536831771721 ], [ 74.431713741600205, 31.607585912123668 ], [ 74.431696461174568, 31.607598979008145 ], [ 74.431690159330884, 31.60760772507675 ], [ 74.43168556952422, 31.607617219878044 ], [ 74.431682809451232, 31.607627219937491 ], [ 74.431681949888883, 31.60763746882418 ], [ 74.431683012879517, 31.607647703726432 ], [ 74.431685971165507, 31.607657662191116 ], [ 74.431690748888258, 31.607667088853685 ], [ 74.431697223533249, 31.607675741986466 ], [ 74.431717556582825, 31.607686032009219 ], [ 74.431748947809197, 31.607696266073127 ], [ 74.431889643630527, 31.607770581105861 ], [ 74.431994240694863, 31.607832958654313 ], [ 74.432034998328547, 31.607854674630772 ], [ 74.432052669987286, 31.607858118009077 ], [ 74.432093138653229, 31.607862672182986 ], [ 74.432181543948289, 31.607872150170202 ], [ 74.432302532339534, 31.607889848439861 ], [ 74.432387030604062, 31.607895271156327 ], [ 74.432496346796057, 31.607892728551636 ], [ 74.432592322152942, 31.607885752348086 ], [ 74.432686781995244, 31.607869347890393 ], [ 74.432760017421742, 31.607851839670811 ], [ 74.432842338276643, 31.607827305661164 ], [ 74.432899218350244, 31.607806452308711 ], [ 74.432978733719949, 31.607768017686283 ], [ 74.433028817607578, 31.607743003969816 ], [ 74.43308405736407, 31.607710610547247 ], [ 74.433171713292339, 31.607649087155401 ], [ 74.433256688349445, 31.607575774992576 ], [ 74.433319607812578, 31.607508758055271 ], [ 74.433378261567654, 31.607431964230944 ], [ 74.43340996303246, 31.607384855528025 ], [ 74.433437823584129, 31.607336000746635 ], [ 74.433461712622801, 31.607285628910301 ], [ 74.433487902414555, 31.60721803870031 ], [ 74.433507754651572, 31.607148885565415 ], [ 74.43352046766249, 31.607093386423937 ], [ 74.433528422277277, 31.607037242092137 ], [ 74.433531576225434, 31.606980750979229 ], [ 74.433534590685525, 31.606924410886098 ], [ 74.433530722516139, 31.606868108998938 ], [ 74.433520013924436, 31.60681245947093 ], [ 74.433503103545135, 31.60673854339748 ], [ 74.433478437607349, 31.606666242559395 ], [ 74.433468526735638, 31.606633091005541 ], [ 74.433454782756542, 31.606600956700202 ], [ 74.433437344131264, 31.606570163365415 ], [ 74.433420485001534, 31.606537870762256 ], [ 74.433400167018405, 31.606507070977827 ], [ 74.433376568699117, 31.606478034619183 ] ] } },
{ "type": "Feature", "properties": { "Id": 0 }, "geometry": { "type": "LineString", "coordinates": [ [ 74.433439864397798, 31.606446391785468 ], [ 74.43347299784763, 31.60648977787277 ], [ 74.433501895806842, 31.60653532775126 ], [ 74.433526366562617, 31.606582739247184 ], [ 74.433546247771062, 31.606631697836487 ], [ 74.433568656100149, 31.606706669252908 ], [ 74.433587406272565, 31.606782372577914 ], [ 74.433602465912699, 31.606858677131928 ], [ 74.433608791764286, 31.606926555179928 ], [ 74.433608699804864, 31.606994648738514 ], [ 74.433602190619695, 31.607062514088966 ], [ 74.433589306610827, 31.60712970899862 ], [ 74.433561632552909, 31.60722305013741 ], [ 74.433527337019498, 31.607314767252426 ], [ 74.433486548505542, 31.60740451665632 ], [ 74.433441732191767, 31.607469207923003 ], [ 74.433392649020107, 31.607531589886413 ], [ 74.433339460979042, 31.607591456657893 ], [ 74.43328234360601, 31.607648610649601 ], [ 74.433221573230398, 31.607698812007982 ], [ 74.43315731895197, 31.607745728456432 ], [ 74.433089822784041, 31.607789183280993 ], [ 74.433036721547992, 31.607821519785503 ], [ 74.43298054191807, 31.607849790901643 ], [ 74.432921707704594, 31.607873783355426 ], [ 74.432860662744858, 31.60789331615047 ], [ 74.432773588262705, 31.607918722192341 ], [ 74.43268465406932, 31.607938864901438 ], [ 74.432594293969089, 31.607953646025358 ], [ 74.432503452211989, 31.607959779119462 ], [ 74.432412397846619, 31.60796282716435 ], [ 74.432347059745368, 31.607958970961224 ], [ 74.432281575501406, 31.607958039786013 ], [ 74.432255584273591, 31.607971418953639 ], [ 74.432232540638523, 31.607988296834776 ], [ 74.432213080876195, 31.608008207399184 ], [ 74.432212535279774, 31.608010487152136 ], [ 74.432250816390265, 31.608046404982719 ], [ 74.432329585800574, 31.608127725705849 ], [ 74.432392020839089, 31.608205528238067 ], [ 74.432468341715591, 31.608317201983152 ], [ 74.432809411376041, 31.608316580694648 ], [ 74.433261079233333, 31.608319374108092 ], [ 74.433277684757044, 31.608316293279845 ], [ 74.433400257550943, 31.608263210481738 ], [ 74.433536526494848, 31.608180220518044 ], [ 74.433693315661444, 31.608056312833547 ], [ 74.433828600409669, 31.607932835387604 ], [ 74.433946789135163, 31.607791932262089 ], [ 74.434014321233008, 31.607697596387336 ], [ 74.43409691456695, 31.607550752130994 ], [ 74.434126165386871, 31.607488317382781 ], [ 74.434157364014226, 31.607408541481863 ], [ 74.434205654352866, 31.607245246913713 ], [ 74.434233271201151, 31.607046635457621 ], [ 74.43423023958259, 31.606836847479219 ], [ 74.43421271343864, 31.606687456633782 ] ] } },
{ "type": "Feature", "properties": { "Id": 0 }, "geometry": { "type": "LineString", "coordinates": [ [ 74.434288262933563, 31.606689368494191 ], [ 74.434312378048404, 31.606866653300177 ], [ 74.434307876089278, 31.607103221202255 ], [ 74.43427793885634, 31.607279215115934 ], [ 74.434232194868301, 31.607427799969649 ], [ 74.434142545581778, 31.607624033627118 ], [ 74.43403397956736, 31.607799153371598 ], [ 74.433894700849933, 31.607973611154151 ], [ 74.433776069325305, 31.608086121727791 ], [ 74.433626683775628, 31.608204804835292 ], [ 74.433573588839323, 31.608248206703319 ], [ 74.433559357820229, 31.608264967616133 ], [ 74.433552527182201, 31.608277029589519 ], [ 74.433549369678644, 31.60829121085392 ], [ 74.43355538546713, 31.608312267556048 ], [ 74.433562715826397, 31.608319134820739 ], [ 74.433696623051205, 31.608321831564979 ], [ 74.434365630835629, 31.608321115574022 ], [ 74.434379814042359, 31.608312240618538 ], [ 74.434487444745102, 31.608190217269978 ], [ 74.434654124032988, 31.607954367286919 ], [ 74.434752236309748, 31.607780778005587 ], [ 74.434834538202637, 31.607580305402607 ], [ 74.434922293995072, 31.607290479237196 ], [ 74.434951075937164, 31.607203857683718 ], [ 74.434971871873216, 31.607117200797301 ], [ 74.434970616348366, 31.607019931350415 ], [ 74.434973251755977, 31.6068442108078 ], [ 74.434975176597106, 31.606525482896096 ] ] } },
{ "type": "Feature", "properties": { "Id": 0 }, "geometry": { "type": "LineString", "coordinates": [ [ 74.435053453528056, 31.60652714349192 ], [ 74.435051715437595, 31.606713251593057 ], [ 74.43505158214775, 31.60693879809557 ], [ 74.435048212245817, 31.607191669315359 ], [ 74.43504716937727, 31.607466106597634 ], [ 74.435045955054605, 31.607768933648789 ], [ 74.435045801077351, 31.607896164640788 ], [ 74.435040897508685, 31.608388286672469 ], [ 74.43450529034439, 31.608388504272835 ], [ 74.433379569306126, 31.608384546071825 ], [ 74.432651445659374, 31.608379968161003 ], [ 74.432529947072297, 31.608381447332174 ], [ 74.432522063469108, 31.608384777111905 ], [ 74.432517716261785, 31.608388459082679 ], [ 74.432515725971527, 31.608392488004757 ], [ 74.432514513836693, 31.608397866305371 ], [ 74.432517606049529, 31.608406628532546 ], [ 74.43253507986303, 31.608442709560702 ], [ 74.432560726378242, 31.608492622587352 ], [ 74.432587878217916, 31.60855364614731 ], [ 74.432624962504619, 31.608662494030089 ], [ 74.432637286541976, 31.608704945295337 ], [ 74.432643800915073, 31.608732902099455 ], [ 74.432659848453525, 31.608809690896077 ], [ 74.432668890520816, 31.608874671763129 ], [ 74.432677602691427, 31.608929220273271 ], [ 74.43268307839358, 31.608933955318111 ], [ 74.432700322432794, 31.608943116874396 ], [ 74.432708961796436, 31.608944837645833 ], [ 74.432837529873041, 31.608944735621563 ], [ 74.433185470166322, 31.608947626003662 ], [ 74.433279831111633, 31.608947708215631 ], [ 74.433479162270942, 31.608948928926239 ], [ 74.433712305385725, 31.608950299231513 ], [ 74.434126700351953, 31.608951799249503 ], [ 74.434325636355538, 31.608953353368936 ], [ 74.434683420080617, 31.608953927900085 ], [ 74.434918924266668, 31.608954969972128 ], [ 74.435066749214144, 31.608956296815176 ], [ 74.435258227369744, 31.608955797615128 ], [ 74.435353370612631, 31.608956554714798 ] ] } },
{ "type": "Feature", "properties": { "Id": 0 }, "geometry": { "type": "LineString", "coordinates": [ [ 74.435352065653788, 31.608974732347328 ], [ 74.435205855259753, 31.608976885451096 ], [ 74.435137159330722, 31.608977012375494 ], [ 74.434930327079954, 31.60897566685399 ], [ 74.434752430286622, 31.608974664394605 ], [ 74.434619571573009, 31.608974291741408 ], [ 74.434348568752284, 31.608973737962128 ], [ 74.434083106879442, 31.608972346767263 ], [ 74.433919050734943, 31.608971189119707 ], [ 74.433655348953224, 31.60897002018358 ], [ 74.433421589116833, 31.608969198866209 ], [ 74.433150089635134, 31.608967563603922 ], [ 74.432891924927461, 31.608966202316477 ], [ 74.432723081452451, 31.60896609861507 ], [ 74.432723390033146, 31.608968458814967 ], [ 74.432753791564394, 31.608969034859847 ], [ 74.43286582386817, 31.608969444127158 ], [ 74.433109447158117, 31.608970842252909 ], [ 74.433426329789938, 31.608973257658384 ], [ 74.433702724884697, 31.608974146862945 ], [ 74.433922498518783, 31.60897579399165 ], [ 74.434204006787837, 31.608976368291255 ], [ 74.434441470720188, 31.608978429365955 ], [ 74.434657322940865, 31.608978375465629 ], [ 74.434941186157729, 31.608979631524214 ], [ 74.435262788919346, 31.608981726774044 ], [ 74.435353226424766, 31.608980444186251 ] ] } },
{ "type": "Feature", "properties": { "Id": 0 }, "geometry": { "type": "LineString", "coordinates": [ [ 74.43500289533165, 31.60904787353574 ], [ 74.434415512399511, 31.609044937543494 ], [ 74.434119067807856, 31.609043624577765 ], [ 74.434117984866575, 31.609044429486669 ], [ 74.434117070511832, 31.609045375262568 ], [ 74.434116349416371, 31.609046436384904 ], [ 74.434115841038022, 31.609047584220622 ], [ 74.434115559094764, 31.609048787796812 ], [ 74.434115511194477, 31.609050014636487 ], [ 74.434115698629711, 31.609051231634929 ], [ 74.43411611634275, 31.609052405952937 ], [ 74.43411675306217, 31.609053505903049 ], [ 74.434117591606892, 31.609054501804469 ], [ 74.434118609349824, 31.609055366784048 ], [ 74.434119778828475, 31.609056077501407 ], [ 74.434371402917321, 31.609057191998215 ], [ 74.434634821900289, 31.609058358206035 ], [ 74.43488840370118, 31.609060826271062 ], [ 74.435004783926061, 31.60906066814443 ], [ 74.435005954727217, 31.60906002448829 ], [ 74.435006978447475, 31.609059217832613 ], [ 74.435007824472592, 31.609058272300352 ], [ 74.435008467502271, 31.609057216167567 ], [ 74.435008888306783, 31.60905608101778 ], [ 74.43500907430203, 31.609054900797535 ], [ 74.435009019925857, 31.609053710801195 ], [ 74.435008726804369, 31.60905254661548 ], [ 74.435008203703347, 31.609051443055229 ], [ 74.435007466266086, 31.609050433122302 ], [ 74.435006536545558, 31.609049547018635 ], [ 74.435005442344988, 31.609048811243046 ], [ 74.435004216386289, 31.609048247798835 ], [ 74.43500289533165, 31.60904787353574 ] ] } },
{ "type": "Feature", "properties": { "Id": 0 }, "geometry": { "type": "LineString", "coordinates": [ [ 74.433785001858794, 31.609042736366348 ], [ 74.433433994173399, 31.609039887846137 ], [ 74.433101850494381, 31.609038414168914 ], [ 74.432758885703265, 31.609037106920905 ], [ 74.432725765027314, 31.609033317788299 ], [ 74.432693639550251, 31.609025449200434 ], [ 74.432663191517904, 31.609013668261873 ], [ 74.432635067551644, 31.608998225163386 ], [ 74.432620028890611, 31.608988467729901 ], [ 74.432618000227706, 31.608991042887666 ], [ 74.432615330305424, 31.60909935077585 ], [ 74.432622394065348, 31.609096367289002 ], [ 74.432664551109738, 31.609074158409758 ], [ 74.432702891987674, 31.60905882368494 ], [ 74.432723808120684, 31.609053748239965 ], [ 74.432746974504539, 31.609051051606361 ], [ 74.432786480779669, 31.609051011698085 ], [ 74.432917326572181, 31.609051377322317 ], [ 74.433157876529108, 31.609052875739259 ], [ 74.43340270802247, 31.609053746653085 ], [ 74.43371145073543, 31.609055115804743 ], [ 74.433784926265318, 31.609055226182253 ], [ 74.433786129358964, 31.609054906435734 ], [ 74.43378725269848, 31.609054418449727 ], [ 74.433788264426894, 31.609053776063064 ], [ 74.433789135852493, 31.609052997493304 ], [ 74.433789842262399, 31.609052104820005 ], [ 74.433790363623416, 31.609051123358608 ], [ 74.433790685150228, 31.609050080942524 ], [ 74.433790797724598, 31.609049007133738 ], [ 74.433790698154041, 31.609047932384581 ], [ 74.433790389262299, 31.609046887173992 ], [ 74.433789879809254, 31.609045901143212 ], [ 74.433789184242585, 31.609045002255261 ], [ 74.433788322287953, 31.609044216001781 ], [ 74.433787318389648, 31.609043564680263 ], [ 74.433786201017355, 31.609043066761604 ], [ 74.433785001858794, 31.609042736366348 ] ] } },
{ "type": "Feature", "properties": { "Id": 0 }, "geometry": { "type": "LineString", "coordinates": [ [ 74.435077327343535, 31.609178009417622 ], [ 74.435074296527702, 31.609334197672752 ], [ 74.435073213410348, 31.609765855135208 ], [ 74.435068926833523, 31.609916167974962 ], [ 74.435068842501167, 31.609930132850835 ], [ 74.435374731498953, 31.609983238951564 ] ] } },
{ "type": "Feature", "properties": { "Id": 0 }, "geometry": { "type": "LineString", "coordinates": [ [ 74.435371603956526, 31.610024299388204 ], [ 74.435138621008733, 31.609978909079057 ], [ 74.435071449298661, 31.60997532606752 ], [ 74.435073517839896, 31.610268605433355 ], [ 74.435072535539149, 31.610749169902995 ], [ 74.435066244477568, 31.610919846684272 ] ] } },
{ "type": "Feature", "properties": { "Id": 0 }, "geometry": { "type": "LineString", "coordinates": [ [ 74.434986391241708, 31.610917916222441 ], [ 74.434989106222901, 31.610468411572654 ], [ 74.43498795060485, 31.610456314199315 ], [ 74.434983083628893, 31.610448406412626 ], [ 74.434978213478331, 31.610441024362228 ], [ 74.434967792168365, 31.610437298008744 ], [ 74.434944476369964, 31.610432463110829 ], [ 74.434519366161382, 31.610430056029841 ], [ 74.434159988838132, 31.610427938746962 ], [ 74.434117584469263, 31.610430379641311 ], [ 74.434062896766164, 31.610432240347311 ], [ 74.43401496028163, 31.610435182446469 ], [ 74.43394610490941, 31.610443289328373 ], [ 74.433856935413743, 31.610458140890955 ], [ 74.433781268331245, 31.610475155249176 ], [ 74.43361137697768, 31.610530131561223 ], [ 74.433425293227813, 31.610621312599982 ], [ 74.433308710919874, 31.610699132227445 ], [ 74.433145633309962, 31.610846144462254 ], [ 74.43306828468873, 31.610937807485566 ], [ 74.433040458266177, 31.610967651744346 ], [ 74.433029368478842, 31.610972860022297 ], [ 74.433015254842772, 31.610970168620831 ], [ 74.432893194595152, 31.610938081715389 ], [ 74.432726470169158, 31.610875828565643 ], [ 74.43255979380406, 31.610805689157239 ], [ 74.432321579563109, 31.610679502069893 ], [ 74.432155187885286, 31.610562571618331 ], [ 74.431929961396477, 31.610403352128955 ], [ 74.431927271788354, 31.610401429091667 ], [ 74.431924234888072, 31.610399931918646 ], [ 74.431920941738667, 31.610398905493529 ], [ 74.43191749106532, 31.610398380587458 ], [ 74.431913986315521, 31.610398372936569 ], [ 74.431910532557936, 31.610398882770216 ], [ 74.431907233332538, 31.610399894804118 ], [ 74.431904187546635, 31.610401378698608 ], [ 74.431901486509659, 31.610403289968069 ], [ 74.431899211195841, 31.610405571314676 ], [ 74.431897429816729, 31.610408154346068 ], [ 74.431896195776218, 31.610410961625707 ], [ 74.431895546069612, 31.610413908994293 ], [ 74.431895500174463, 31.610416908092827 ], [ 74.431896059466723, 31.610419869011444 ], [ 74.431897207179475, 31.610422702984934 ], [ 74.431898908905524, 31.610425325053725 ], [ 74.431901113628925, 31.610427656610884 ], [ 74.431903755254396, 31.610429627758769 ], [ 74.43190675458878, 31.610431179404426 ], [ 74.431949670003476, 31.61047737342686 ], [ 74.432026817107584, 31.610577116179304 ], [ 74.432121252296639, 31.610675292778446 ], [ 74.432191924857563, 31.61073475388293 ], [ 74.432395707818699, 31.61084656008931 ], [ 74.432553586022536, 31.610930231555773 ], [ 74.43271249414309, 31.611002406613149 ], [ 74.432798709862368, 31.611031541472741 ], [ 74.432906102976773, 31.611050912481435 ], [ 74.432953107708059, 31.611056050076694 ], [ 74.433010681193792, 31.611059591600334 ], [ 74.433043352307408, 31.611053986229802 ], [ 74.433083752320726, 31.61104020030599 ], [ 74.433149228922957, 31.611006810021262 ], [ 74.433279436094608, 31.610904702185152 ], [ 74.433395100377581, 31.61082635276621 ] ] } },
{ "type": "Feature", "properties": { "Id": 0 }, "geometry": { "type": "LineString", "coordinates": [ [ 74.433409244944315, 31.610868311245977 ], [ 74.433293575644029, 31.61094748213965 ], [ 74.433204210172974, 31.611013593033753 ], [ 74.433125884495979, 31.611063717473993 ], [ 74.433080315769374, 31.611081390738221 ], [ 74.433047100537721, 31.611088078063062 ], [ 74.432986243643839, 31.611094116924104 ], [ 74.432912559118591, 31.611088006546179 ], [ 74.432832145664378, 31.611077134493382 ], [ 74.432767730304363, 31.611062127434799 ], [ 74.432729091300615, 31.611051440828309 ], [ 74.432656164642964, 31.61102167490268 ], [ 74.432509748169522, 31.610953728419346 ], [ 74.432322385663781, 31.610850374520677 ], [ 74.432242135222026, 31.610812689554358 ], [ 74.43218372665342, 31.610778902721101 ], [ 74.432129515276827, 31.610740331560997 ], [ 74.432080034125761, 31.610697355329055 ], [ 74.431974569442886, 31.610575332729848 ], [ 74.431873885827954, 31.610450387397574 ], [ 74.431879798595588, 31.610690681611764 ], [ 74.431876995836674, 31.610949864063322 ], [ 74.431880264825125, 31.611119695957807 ] ] } },
{ "type": "Feature", "properties": { "Id": 0 }, "geometry": { "type": "LineString", "coordinates": [ [ 74.434884526978294, 31.61089853856296 ], [ 74.434872191417327, 31.610804900403359 ], [ 74.434865872110933, 31.610732318879219 ], [ 74.434866680180747, 31.610700251675706 ], [ 74.434869093466077, 31.610680389126021 ], [ 74.434867814968825, 31.610660449489433 ], [ 74.434862876711705, 31.610640932160816 ], [ 74.434854402377184, 31.610622325957916 ], [ 74.434842604209578, 31.610605096878722 ], [ 74.434827777699169, 31.610589676430536 ], [ 74.434810294181418, 31.610576450822723 ], [ 74.434779493386586, 31.61056430845948 ], [ 74.434747018422954, 31.610555950680439 ], [ 74.434713500707034, 31.610551539987284 ], [ 74.434679591929282, 31.610551162137746 ], [ 74.434539240306904, 31.610548330359535 ], [ 74.434398851092524, 31.610548867788605 ], [ 74.434306115691257, 31.610544949281397 ], [ 74.434213280134244, 31.61054626925192 ], [ 74.43412074801941, 31.610552821961456 ], [ 74.434028921625682, 31.610564578922251 ], [ 74.43390407210704, 31.610590374357301 ], [ 74.43377798683936, 31.610611310066815 ], [ 74.433711539669019, 31.610620283647833 ], [ 74.433646021851487, 31.61063333533459 ], [ 74.433581774668482, 31.61065039714088 ], [ 74.433539171438412, 31.610669525154471 ], [ 74.43350007247507, 31.610693516120673 ], [ 74.433465230659493, 31.610721908076421 ], [ 74.433428805681856, 31.610773461701157 ], [ 74.433395100377581, 31.61082635276621 ] ] } },
{ "type": "Feature", "properties": { "Id": 0 }, "geometry": { "type": "LineString", "coordinates": [ [ 74.433409244944315, 31.610868311245977 ], [ 74.433443877744239, 31.610841292933465 ], [ 74.433473106568258, 31.610809944295752 ], [ 74.433496201998054, 31.610775047658088 ], [ 74.433504239062756, 31.610754603427164 ], [ 74.433516060556954, 31.610735552814052 ], [ 74.433531350630815, 31.610718404814545 ], [ 74.433549700761418, 31.610703617590044 ], [ 74.433570620667751, 31.610691586226366 ], [ 74.433664315187002, 31.610667486421988 ], [ 74.433759585600299, 31.610648441653765 ], [ 74.433856059911633, 31.610634526284581 ], [ 74.433961967560066, 31.610612284848813 ], [ 74.434068801418761, 31.610593566749152 ], [ 74.434151169898669, 31.610583665051454 ], [ 74.434234242468293, 31.610580096957005 ], [ 74.434317355501349, 31.61058289096977 ], [ 74.434499205006659, 31.610582238414686 ], [ 74.434681036894574, 31.610584501113266 ], [ 74.434709612925559, 31.610584856394148 ], [ 74.434737688167175, 31.61058942850309 ], [ 74.434764419430365, 31.610598080125129 ], [ 74.434789003889492, 31.610610551424482 ], [ 74.434804036525733, 31.610627659239238 ], [ 74.434815748251268, 31.610646572838579 ], [ 74.434823849252155, 31.610666824197093 ], [ 74.434828139063029, 31.610687912185639 ], [ 74.434828511527854, 31.610709314971917 ], [ 74.434825085543437, 31.610752702246788 ], [ 74.434826927489368, 31.610796159892963 ], [ 74.434834017571561, 31.610839220729961 ], [ 74.434839474822823, 31.610874898811673 ], [ 74.434851286523553, 31.6109094322507 ] ] } },
{ "type": "Feature", "properties": { "Id": 0 }, "geometry": { "type": "LineString", "coordinates": [ [ 74.431805721929251, 31.611113075910595 ], [ 74.431801163100701, 31.610905528013351 ], [ 74.431802468478864, 31.610532579668842 ], [ 74.431790735082444, 31.610396706437623 ], [ 74.431787360430064, 31.610393135174196 ], [ 74.431783348922352, 31.610390084133851 ], [ 74.431778808513315, 31.61038763542334 ], [ 74.431773861390212, 31.61038585494007 ], [ 74.431768640685391, 31.610384790598712 ], [ 74.431763286893528, 31.610384471041829 ], [ 74.431667886747633, 31.610425770143646 ], [ 74.431590395782536, 31.610457745956733 ], [ 74.431510699267861, 31.610485468676508 ], [ 74.431429115552575, 31.610508827563692 ], [ 74.43133868642677, 31.610531682570532 ], [ 74.431246439863983, 31.610548391900508 ], [ 74.431215946385691, 31.610554534078258 ], [ 74.43118619503187, 31.610562928756814 ], [ 74.431180801307889, 31.61056621769097 ], [ 74.431176080446107, 31.610570192797994 ], [ 74.431172150368326, 31.610574754784203 ], [ 74.431169109243612, 31.610579789696345 ], [ 74.431167033035962, 31.610585171768008 ], [ 74.431165973606866, 31.610590766561053 ], [ 74.431165417092416, 31.610682286699415 ], [ 74.431165359653377, 31.610885709755113 ], [ 74.43116394928802, 31.611016615298883 ] ] } },
{ "type": "Feature", "properties": { "Id": 0 }, "geometry": { "type": "LineString", "coordinates": [ [ 74.434992990743197, 31.610333836627071 ], [ 74.434996175384384, 31.610009988392655 ], [ 74.434995961434709, 31.610003097991207 ], [ 74.43499441896023, 31.609996332739332 ], [ 74.434991590436383, 31.609989878931966 ], [ 74.434987553752563, 31.609983914287696 ], [ 74.434982420067186, 31.609978603054998 ], [ 74.434976330746778, 31.609974091489352 ], [ 74.434969453473073, 31.60997050382575 ], [ 74.434961977625676, 31.60996793885769 ], [ 74.434954109066993, 31.609966467216694 ], [ 74.434946064473522, 31.609966129427296 ], [ 74.434753205279023, 31.609958967104905 ], [ 74.434538806695898, 31.609958018144955 ], [ 74.434128442415641, 31.60995567505762 ], [ 74.433936064035663, 31.609970595152824 ], [ 74.433772504667786, 31.609994580473664 ], [ 74.433610714977249, 31.610030665692527 ], [ 74.433422356430086, 31.610091868877912 ], [ 74.433214154532962, 31.610183477258346 ], [ 74.43308285430669, 31.610257025374231 ], [ 74.43292430368092, 31.610366729152403 ], [ 74.432849603795788, 31.610426858786209 ], [ 74.43273712388546, 31.610537292632955 ], [ 74.43264927736756, 31.610637846539287 ], [ 74.432594779732284, 31.610709632260534 ], [ 74.432592087460378, 31.610714250144497 ], [ 74.432590347919373, 31.610719191520442 ], [ 74.432589611363881, 31.610724313634488 ], [ 74.432589899072795, 31.610729468511249 ], [ 74.432591202734528, 31.610734507228848 ], [ 74.432593484687061, 31.610739284221168 ], [ 74.432596679006011, 31.610743661483127 ], [ 74.432600693409157, 31.61074751255774 ], [ 74.432669928513178, 31.610778145378589 ], [ 74.432877429836296, 31.610859149163485 ], [ 74.432973929418509, 31.610895917457835 ], [ 74.43297943144826, 31.61089711941495 ], [ 74.432985084261389, 31.610897580793065 ], [ 74.432990752588253, 31.610897290551598 ], [ 74.43299630078802, 31.61089625563589 ], [ 74.433001596094385, 31.61089450081111 ], [ 74.433006511792755, 31.610892068069493 ], [ 74.433010930252422, 31.610889015625617 ], [ 74.433053335208356, 31.610842881457906 ], [ 74.433093280612496, 31.610795166684479 ], [ 74.43319332343323, 31.610701396200611 ], [ 74.433268594463271, 31.610643004795612 ], [ 74.43334695933963, 31.610587674589418 ], [ 74.433432524689451, 31.610540163620431 ], [ 74.433520903123366, 31.61049658703433 ], [ 74.433591807054, 31.610466908460754 ], [ 74.433664515832675, 31.61044062191564 ], [ 74.433738808094702, 31.610417807429034 ], [ 74.433805101015309, 31.610401088227039 ], [ 74.433872505066518, 31.610388021799629 ], [ 74.433940745734958, 31.610378661361885 ], [ 74.434008144400877, 31.610370157299865 ], [ 74.434076011624725, 31.610365068080011 ], [ 74.434144111378728, 31.610363411401632 ], [ 74.434599023189875, 31.610362734058093 ], [ 74.43483845853514, 31.610364466666287 ], [ 74.43495837279788, 31.610365333671716 ], [ 74.43496483898933, 31.610363752512082 ], [ 74.434970946306805, 31.610361343195024 ], [ 74.434976550897318, 31.610358162470057 ], [ 74.434981520749176, 31.610354285256715 ], [ 74.434985738801529, 31.610349802879647 ], [ 74.434989105701632, 31.6103448209177 ], [ 74.434991542144942, 31.610339456717039 ], [ 74.434992990743197, 31.610333836627078 ] ] } },
{ "type": "Feature", "properties": { "Id": 0 }, "geometry": { "type": "LineString", "coordinates": [ [ 74.434535729560764, 31.609196652005039 ], [ 74.434526903271916, 31.609862837462654 ], [ 74.434530371970837, 31.609869553011752 ], [ 74.434535084321041, 31.609875688723971 ], [ 74.434540911918717, 31.609881077410908 ], [ 74.434547695971219, 31.609885572239406 ], [ 74.434555251624005, 31.609889050732484 ], [ 74.43456337299753, 31.609891418106709 ], [ 74.434571838797169, 31.60989260985485 ], [ 74.434762336606411, 31.609897048079691 ], [ 74.434952900596656, 31.609895939112288 ], [ 74.434962008921403, 31.609894022682703 ], [ 74.434970617448982, 31.609890835534877 ], [ 74.434978486002819, 31.609886466589749 ], [ 74.434985395051513, 31.609881037740212 ], [ 74.43499115183387, 31.609874700450387 ], [ 74.434995595736765, 31.609867631529603 ], [ 74.434998602776389, 31.609860028199616 ], [ 74.435000089057155, 31.609852102592072 ], [ 74.435000013112514, 31.609844075829955 ], [ 74.434998377061703, 31.609836171858504 ], [ 74.434999064336736, 31.609563441795277 ], [ 74.434995841838571, 31.60919063705936 ] ] } },
{ "type": "Feature", "properties": { "Id": 0 }, "geometry": { "type": "LineString", "coordinates": [ [ 74.433984527478344, 31.609867828540111 ], [ 74.433987396352265, 31.609881550197397 ], [ 74.433994424483245, 31.609889656868685 ], [ 74.434003428624962, 31.609896089894054 ], [ 74.434013251671587, 31.609897142862277 ], [ 74.434187854079354, 31.609891859777395 ], [ 74.434378545766862, 31.609891694906796 ], [ 74.434418650749336, 31.609891536014548 ], [ 74.434425344745179, 31.609889883253196 ], [ 74.434433242649604, 31.609884198058182 ], [ 74.434442334290509, 31.60987616278587 ], [ 74.434444768550804, 31.609863723791694 ], [ 74.434449054151003, 31.609805195188372 ], [ 74.434449160221945, 31.609592540080392 ], [ 74.434456370084675, 31.609177948717395 ] ] } },
{ "type": "Feature", "properties": { "Id": 0 }, "geometry": { "type": "LineString", "coordinates": [ [ 74.433437097204731, 31.609990990173415 ], [ 74.433437519495044, 31.609993721267884 ], [ 74.433438456180525, 31.609996356964881 ], [ 74.433439882220412, 31.609998826803157 ], [ 74.433441759491771, 31.610001064755426 ], [ 74.433444037808684, 31.610003010993502 ], [ 74.433446656263897, 31.610004613487735 ], [ 74.433449544857083, 31.610005829397881 ], [ 74.433452626366176, 31.610006626218492 ], [ 74.433455818411787, 31.610006982647789 ], [ 74.43345903565951, 31.61000688915718 ], [ 74.433462192101189, 31.610006348246003 ], [ 74.433579229811812, 31.609971865460821 ], [ 74.433697875552738, 31.609941674573264 ], [ 74.433772005359884, 31.609927166718567 ], [ 74.433846707020507, 31.609914995315634 ], [ 74.433856356221739, 31.609913944075959 ], [ 74.43386566945874, 31.609911541795032 ], [ 74.43387439030306, 31.609907854616676 ], [ 74.433882278637071, 31.609902984062821 ], [ 74.433889117265451, 31.609897064238112 ], [ 74.433894717895271, 31.609890258137522 ], [ 74.433898926320452, 31.609882753158555 ], [ 74.433901626667662, 31.609874755941384 ], [ 74.43390807148289, 31.609621898508294 ], [ 74.433909419135176, 31.60925299584401 ], [ 74.433908976783513, 31.609164647391363 ] ] } },
{ "type": "Feature", "properties": { "Id": 0 }, "geometry": { "type": "LineString", "coordinates": [ [ 74.433437097204731, 31.609990990173408 ], [ 74.433436878093502, 31.609722856454948 ] ] } },
{ "type": "Feature", "properties": { "Id": 0 }, "geometry": { "type": "LineString", "coordinates": [ [ 74.433009400394198, 31.610217676875493 ], [ 74.433073853975316, 31.610128809151668 ], [ 74.433122898179477, 31.610049778985861 ], [ 74.433206307205879, 31.609905651035838 ], [ 74.433284465745373, 31.609755900698694 ], [ 74.433354073981008, 31.609605250987883 ], [ 74.433360952652293, 31.609591283921738 ], [ 74.433362034694198, 31.609620360621566 ], [ 74.433360940462848, 31.609759470189267 ], [ 74.433358589397685, 31.609898358830957 ], [ 74.433359563063732, 31.609986870929234 ], [ 74.43335999327256, 31.609998932291703 ], [ 74.433358950244028, 31.610004957391553 ], [ 74.433354075423495, 31.61002044077782 ], [ 74.433346437925394, 31.610035050518171 ], [ 74.43334212374846, 31.610041061105932 ], [ 74.433336295897433, 31.610047711020428 ], [ 74.433329966096551, 31.610054143360362 ], [ 74.433241899182164, 31.610094883975698 ], [ 74.433123524736075, 31.6101540099007 ], [ 74.433059377874443, 31.610192272376661 ], [ 74.433013152613654, 31.610221354436916 ], [ 74.433012776626526, 31.610221635111714 ], [ 74.433012349414582, 31.610221855668271 ], [ 74.433011883950158, 31.610222009409338 ], [ 74.433011394367185, 31.610222091666529 ], [ 74.43301089553195, 31.61022209994211 ], [ 74.433010402591677, 31.610222033984773 ], [ 74.433009930514572, 31.610221895797331 ], [ 74.433009493635396, 31.610221689575877 ], [ 74.433009105220009, 31.61022142158237 ], [ 74.433008777062767, 31.610221099954458 ], [ 74.433008519128194, 31.610220734458462 ], [ 74.433008339248545, 31.610220336192725 ], [ 74.43300824288589, 31.610219917250671 ], [ 74.433008232966287, 31.61021949035355 ], [ 74.433008309790949, 31.610219068464161 ], [ 74.433008471027108, 31.610218664393287 ], [ 74.433008711778768, 31.610218290410582 ], [ 74.433009024735469, 31.610217957872116 ], [ 74.433009400394198, 31.610217676875493 ] ] } },
{ "type": "Feature", "properties": { "Id": 0 }, "geometry": { "type": "LineString", "coordinates": [ [ 74.431933392909883, 31.610303987897954 ], [ 74.431932342246995, 31.610302016975279 ], [ 74.431931704329841, 31.610299920555551 ], [ 74.431931498258848, 31.610297761409761 ], [ 74.431931730204198, 31.610295604186959 ], [ 74.431932393220933, 31.610293513478684 ], [ 74.431933467457014, 31.610291551884863 ], [ 74.431934920747665, 31.61028977813946 ], [ 74.43193670957848, 31.610288245351917 ], [ 74.43193878038835, 31.610286999416903 ], [ 74.4319569603189, 31.610276743595264 ], [ 74.432079003533829, 31.610193731514229 ], [ 74.432217620545615, 31.610074829977655 ], [ 74.432280762349166, 31.610010134655283 ], [ 74.432339616271975, 31.609942543258825 ], [ 74.432383214275646, 31.609891055466239 ], [ 74.432422822190219, 31.609837258207673 ], [ 74.432471655955652, 31.609764184183827 ], [ 74.432514156568431, 31.609688266774722 ], [ 74.432548808872383, 31.609622851927828 ], [ 74.432579439750484, 31.609555983561542 ], [ 74.432605343538697, 31.60948522114909 ], [ 74.432627484745922, 31.609413529332279 ], [ 74.432648071104296, 31.609339992722074 ], [ 74.432661803560521, 31.609265293949388 ], [ 74.432673633673247, 31.6092027394523 ], [ 74.432683009141442, 31.609139880974251 ] ] } },
{ "type": "Feature", "properties": { "Id": 0 }, "geometry": { "type": "LineString", "coordinates": [ [ 74.433362209195806, 31.609173515515547 ], [ 74.433349071412124, 31.609330257071694 ], [ 74.433329531048059, 31.609440535932812 ], [ 74.43330821436669, 31.609519514237917 ], [ 74.433265921301896, 31.609621280130931 ], [ 74.433133014919235, 31.609890596614424 ], [ 74.432978556182306, 31.61013378941831 ], [ 74.43286815160026, 31.610284760566543 ], [ 74.432805678741815, 31.610357133248336 ], [ 74.432636588223545, 31.610539573430835 ], [ 74.432574476186787, 31.610613329745348 ], [ 74.432542365364355, 31.610640526111546 ], [ 74.432523855827668, 31.610653587637945 ], [ 74.432499826910941, 31.610665047387926 ], [ 74.432480142930956, 31.610669165933384 ], [ 74.432463543342934, 31.610671195179158 ], [ 74.432448821821879, 31.610667449513667 ], [ 74.432188101394374, 31.610504359646011 ], [ 74.431933392909883, 31.610303987897943 ] ] } },
{ "type": "Feature", "properties": { "Id": 0 }, "geometry": { "type": "LineString", "coordinates": [ [ 74.430778233765579, 31.611001227427764 ], [ 74.430779257372777, 31.610732047840312 ], [ 74.430781685850661, 31.610716917192754 ], [ 74.430786897355688, 31.610702310193119 ], [ 74.430794759023627, 31.610688599234749 ], [ 74.430805070426757, 31.610676133866988 ], [ 74.430817568683707, 31.610665231883821 ], [ 74.430831935161478, 31.610656171221926 ], [ 74.430847803598752, 31.610649182875026 ], [ 74.430864769443303, 31.610644445004915 ], [ 74.430882400165743, 31.610642078399458 ], [ 74.430899021905915, 31.6106434843642 ], [ 74.430915114678825, 31.61064731196457 ], [ 74.430930200456459, 31.610653447503562 ], [ 74.430943831122889, 31.610661708727989 ], [ 74.430955601785229, 31.610671850242156 ], [ 74.430965162800817, 31.610683570797129 ], [ 74.430972230163235, 31.61069652223922 ], [ 74.430976593938524, 31.610710319851623 ], [ 74.43097763888187, 31.610855166201866 ], [ 74.430975446178351, 31.611000003153961 ] ] } },
{ "type": "Feature", "properties": { "Id": 0 }, "geometry": { "type": "LineString", "coordinates": [ [ 74.431099865670134, 31.610987518770955 ], [ 74.431101102789029, 31.610590141166004 ], [ 74.431106006656378, 31.610590843505076 ], [ 74.431104633925528, 31.610987042017985 ], [ 74.431099865670134, 31.610987518770955 ] ] } },
{ "type": "Feature", "properties": { "Id": 0 }, "geometry": { "type": "LineString", "coordinates": [ [ 74.430658593488999, 31.610648113565638 ], [ 74.430652634932926, 31.6106480870057 ], [ 74.43065035421921, 31.610999661485671 ], [ 74.430656647569435, 31.610999258843588 ], [ 74.430658593488999, 31.610648113565638 ] ] } },
{ "type": "Feature", "properties": { "Id": 0 }, "geometry": { "type": "LineString", "coordinates": [ [ 74.43078445407879, 31.610289936009732 ], [ 74.430789746812692, 31.610304101926687 ], [ 74.43079783183606, 31.610317266851766 ], [ 74.430808463798513, 31.610329031276716 ], [ 74.430821320058925, 31.610339038193299 ], [ 74.430836010476284, 31.610346983927272 ], [ 74.430852089249044, 31.610352627353855 ], [ 74.430869068443755, 31.610355797215067 ], [ 74.430886432802083, 31.610356397316838 ], [ 74.430903655377307, 31.610354409448217 ], [ 74.430920213525269, 31.610349893933922 ], [ 74.430935604765054, 31.610342987803808 ], [ 74.430949362027476, 31.610333900634359 ], [ 74.430961067829102, 31.610322908188795 ], [ 74.430970366941395, 31.610310344048635 ], [ 74.430976977170587, 31.61029658949051 ], [ 74.430980697921186, 31.610282061915871 ], [ 74.430985343041925, 31.610010373133928 ], [ 74.430983610044635, 31.609738659306906 ], [ 74.430980804793379, 31.609725756882327 ], [ 74.430975592444668, 31.609713414355909 ], [ 74.430968110909177, 31.609701958289584 ], [ 74.43095855813614, 31.609691691790971 ], [ 74.430947186875898, 31.609682886493687 ], [ 74.430934297992522, 31.609675775370459 ], [ 74.430920232503453, 31.609670546569081 ], [ 74.430905362556885, 31.609667338434399 ], [ 74.430890081585332, 31.609666235847957 ], [ 74.430871244366429, 31.609668092655539 ], [ 74.430853059458798, 31.609672689945754 ], [ 74.430836067018419, 31.609679891162848 ], [ 74.430820771781029, 31.609689482405244 ], [ 74.430807628069857, 31.609701178779098 ], [ 74.430797026300638, 31.609714632860598 ], [ 74.430789281384733, 31.609729445015631 ], [ 74.430784623375246, 31.60974517527028 ], [ 74.430782484071244, 31.610225995989069 ], [ 74.430784454078776, 31.610289936009728 ] ] } },
{ "type": "Feature", "properties": { "Id": 0 }, "geometry": { "type": "LineString", "coordinates": [ [ 74.430743723873277, 31.608696709744965 ], [ 74.430688693643646, 31.608718535722769 ], [ 74.430637662486816, 31.608746589679178 ], [ 74.430591586893556, 31.60878034579326 ], [ 74.430551330474188, 31.608819171366825 ], [ 74.430517647771751, 31.608862338682933 ], [ 74.430491170119197, 31.608909038645326 ], [ 74.430473655193325, 31.608956314064308 ], [ 74.430463748163959, 31.609005178802594 ], [ 74.430461629964086, 31.609054740497914 ], [ 74.430467339288398, 31.609104094058868 ], [ 74.430480771885826, 31.609152338193574 ], [ 74.430501682462364, 31.609198591869045 ], [ 74.430529689159897, 31.609242010400784 ], [ 74.430564724637605, 31.609281852119519 ], [ 74.4306057395208, 31.609317268412816 ], [ 74.43065197879767, 31.609347607323539 ], [ 74.430702591281147, 31.609372310360371 ], [ 74.430756645277881, 31.609390922779117 ], [ 74.430813145739705, 31.609403101954001 ], [ 74.430871037524568, 31.609408649383866 ], [ 74.43092926807067, 31.609407248257757 ], [ 74.430986704185628, 31.609398925842054 ], [ 74.431042228137429, 31.609383844094474 ], [ 74.431094759406875, 31.609362296512248 ], [ 74.431139187573891, 31.609339086189582 ], [ 74.431179850898417, 31.609311277062282 ], [ 74.431216103277649, 31.609279310994079 ], [ 74.43124736869683, 31.609243695898535 ], [ 74.431273150381401, 31.60920499766862 ], [ 74.431293038690114, 31.609163831184858 ], [ 74.431306717623684, 31.609120850545445 ], [ 74.431313969845121, 31.609076738672861 ], [ 74.43131538128128, 31.609030734624998 ], [ 74.431310093263662, 31.608984937778644 ], [ 74.431298187988162, 31.608940059906871 ], [ 74.431279850495301, 31.608896798499043 ], [ 74.431255365793675, 31.608855825920617 ], [ 74.431225114429921, 31.608817778963356 ], [ 74.431187935257327, 31.60878188262274 ], [ 74.431145545498154, 31.608750499687631 ], [ 74.431098686780274, 31.608724179212938 ], [ 74.431048178915347, 31.608703381683675 ], [ 74.43099490555602, 31.608688470958938 ], [ 74.430939798736475, 31.608679707906095 ], [ 74.430890264277224, 31.60867723092154 ], [ 74.430840702155692, 31.608679262597452 ], [ 74.430791671105453, 31.608685780029823 ], [ 74.430743723873277, 31.608696709744965 ] ] } },
{ "type": "Feature", "properties": { "Id": 0 }, "geometry": { "type": "LineString", "coordinates": [ [ 74.430655497258726, 31.608609315336253 ], [ 74.430657591298768, 31.608609392052841 ], [ 74.43065963869914, 31.608609775921199 ], [ 74.430661578413392, 31.608610455495675 ], [ 74.430663352605862, 31.608611410513699 ], [ 74.43066490837623, 31.608612612499879 ], [ 74.430666199336699, 31.608614025615118 ], [ 74.430667186995223, 31.608615607725152 ], [ 74.430667841903215, 31.608617311656847 ], [ 74.430668144533541, 31.608619086604808 ], [ 74.430668085862749, 31.608620879646129 ], [ 74.430667667640193, 31.60862263731844 ], [ 74.43066690233583, 31.608624307213965 ], [ 74.430665812768396, 31.608625839542096 ], [ 74.430664431425086, 31.60862718861403 ], [ 74.430617595923479, 31.608647485815656 ], [ 74.430573497477596, 31.60867186343043 ], [ 74.430532619693921, 31.608700054121893 ], [ 74.430495410860757, 31.608731748737405 ], [ 74.43046227903217, 31.608766599698232 ], [ 74.430431558974064, 31.608804916765564 ], [ 74.430405744372067, 31.608845798497995 ], [ 74.430385124556324, 31.608888786703268 ], [ 74.430369930636118, 31.608933399579673 ], [ 74.430360332909359, 31.608979137115895 ], [ 74.43035377230575, 31.609027455480607 ], [ 74.430353896754525, 31.609076098844792 ], [ 74.430360704539012, 31.609124392158989 ], [ 74.430374101194133, 31.609171665230566 ], [ 74.430397042756439, 31.609224960023411 ], [ 74.430427130471884, 31.609275584004461 ], [ 74.430463948963848, 31.609322838264323 ], [ 74.430506989929114, 31.609366070414559 ], [ 74.430549793249057, 31.609397477980824 ], [ 74.430595178330336, 31.609426108073734 ], [ 74.430642899638642, 31.609451805802365 ], [ 74.430643927538384, 31.609453185609219 ], [ 74.43064467394538, 31.609454692150646 ], [ 74.430645118205561, 31.609456283738659 ], [ 74.430645248025613, 31.609457916331888 ], [ 74.43064505981323, 31.609459544754284 ], [ 74.430644558776493, 31.60946112394522 ], [ 74.430643758779752, 31.609462610206371 ], [ 74.430642681959938, 31.609463962410903 ], [ 74.430641358114144, 31.609465143141481 ], [ 74.430639823874927, 31.609466119725703 ], [ 74.430638121696731, 31.60946686514017 ], [ 74.430636298681165, 31.609467358758288 ], [ 74.430634405273466, 31.60946758692095 ], [ 74.43063249386681, 31.60946754331459 ], [ 74.430630617352392, 31.609467229145864 ], [ 74.430581621974412, 31.609441255190291 ], [ 74.430535176971716, 31.60941205043272 ], [ 74.430491572563824, 31.609379797365705 ], [ 74.430445431402987, 31.609331890586372 ], [ 74.430405958362613, 31.609279802434159 ], [ 74.430373665993301, 31.609224209279947 ], [ 74.430348973601383, 31.609165833006269 ], [ 74.430336724845148, 31.609110654222135 ], [ 74.430331278027793, 31.609054682322771 ], [ 74.430332692731454, 31.608998529703836 ], [ 74.430342605374776, 31.6089413900601 ], [ 74.430360459636987, 31.608885681600039 ], [ 74.43038599739009, 31.608832209685634 ], [ 74.430420799224621, 31.608782196418346 ], [ 74.430461324500556, 31.608735446426678 ], [ 74.430507158901591, 31.608692437656966 ], [ 74.430553316132588, 31.608660582442116 ], [ 74.430602923948854, 31.608632784394302 ], [ 74.430655497258726, 31.608609315336253 ] ] } },
{ "type": "Feature", "properties": { "Id": 0 }, "geometry": { "type": "LineString", "coordinates": [ [ 74.43112219722714, 31.60860836637643 ], [ 74.431120291195569, 31.608608334165979 ], [ 74.431118405900023, 31.608608576276918 ], [ 74.431116594861891, 31.608609085835997 ], [ 74.431114909494383, 31.608609848377423 ], [ 74.431113397643159, 31.608610842253547 ], [ 74.431112102227885, 31.608612039249355 ], [ 74.431111060023966, 31.608613405383561 ], [ 74.4311103006183, 31.608614901873189 ], [ 74.431109845569594, 31.608616486234613 ], [ 74.431109707796139, 31.608618113489687 ], [ 74.431109891209204, 31.608619737442513 ], [ 74.431110390601901, 31.608621311990937 ], [ 74.431111191797072, 31.608622792435352 ], [ 74.431112272049745, 31.608624136747657 ], [ 74.431167777416434, 31.608650588307217 ], [ 74.431219463548572, 31.608682203622617 ], [ 74.431266677441201, 31.608718583267127 ], [ 74.431308822589443, 31.608759267621174 ], [ 74.431341998659121, 31.608798369075416 ], [ 74.431369939002352, 31.60884036058966 ], [ 74.431392303430144, 31.608884730905217 ], [ 74.431408819640708, 31.608930939800054 ], [ 74.431419286535075, 31.608978424666081 ], [ 74.431423576665964, 31.609026607358935 ], [ 74.431422274433928, 31.60907783303659 ], [ 74.431414379121605, 31.609128623359098 ], [ 74.431399987033615, 31.609178358733743 ], [ 74.43137927372959, 31.609226432436181 ], [ 74.431352491883146, 31.609272258011991 ], [ 74.431319784372121, 31.609313649977974 ], [ 74.431282469468059, 31.609352081834302 ], [ 74.431240910475822, 31.609387179395846 ], [ 74.431195512023493, 31.609418600940828 ], [ 74.431127277778913, 31.609453963975849 ], [ 74.431126038796535, 31.609455282567016 ], [ 74.431125077863769, 31.609456761310007 ], [ 74.43112442259438, 31.609458357711031 ], [ 74.431124091818504, 31.609460025895256 ], [ 74.43112409504144, 31.609461717925036 ], [ 74.431124432170606, 31.609463385177481 ], [ 74.431125093518133, 31.609464979741752 ], [ 74.431126060079279, 31.609466455795754 ], [ 74.431127304078515, 31.609467770922979 ], [ 74.431128789767811, 31.609468887331353 ], [ 74.431130474453752, 31.609469772939317 ], [ 74.431132309724475, 31.609470402297671 ], [ 74.431134242840869, 31.609470757320853 ], [ 74.431136218252078, 31.60947082780681 ], [ 74.431172616851967, 31.609454021979676 ], [ 74.431207599863711, 31.609435142302249 ], [ 74.431257944776718, 31.609401065051518 ], [ 74.431303563174723, 31.609362419818595 ], [ 74.431343892269439, 31.609319683369701 ], [ 74.431378434528767, 31.609273382943801 ], [ 74.431404892407969, 31.609224593596107 ], [ 74.431425079749673, 31.609173656172885 ], [ 74.431438763423316, 31.609121158943438 ], [ 74.431445785409323, 31.609067708190103 ], [ 74.431446064623401, 31.609013921206312 ], [ 74.431440151534105, 31.608965022746624 ], [ 74.431428123121307, 31.608916952995138 ], [ 74.431410119139827, 31.608870270423825 ], [ 74.431386348767447, 31.608825517387608 ], [ 74.431357088174423, 31.608783213823443 ], [ 74.431322677314611, 31.608743851209866 ], [ 74.43128021114714, 31.608702346811569 ], [ 74.431232153002242, 31.608665579163709 ], [ 74.431179218832156, 31.608634096012139 ], [ 74.43112219722714, 31.60860836637643 ] ] } },
{ "type": "Feature", "properties": { "Id": 0 }, "geometry": { "type": "LineString", "coordinates": [ [ 74.43077587569887, 31.608359846969883 ], [ 74.430781587280237, 31.608376654945744 ], [ 74.430790231285229, 31.608392519238222 ], [ 74.430801604912872, 31.60840706764526 ], [ 74.43081544132049, 31.608419958837445 ], [ 74.430838038665215, 31.608428520684107 ], [ 74.430861982160238, 31.608433756973678 ], [ 74.430886608774713, 31.608435522705548 ], [ 74.430903076049276, 31.608432534902651 ], [ 74.430918896883668, 31.60842761411287 ], [ 74.43093376311198, 31.60842085618577 ], [ 74.430947385162767, 31.608412392755536 ], [ 74.430959497699433, 31.608402388676996 ], [ 74.430965685315584, 31.608396405744518 ], [ 74.430970723994577, 31.608389679496842 ], [ 74.430974493814276, 31.608382370021044 ], [ 74.430976905051992, 31.608374651285228 ], [ 74.430977900319746, 31.608366706997931 ], [ 74.430977455930233, 31.608358726235878 ], [ 74.430962470820475, 31.608276587521296 ], [ 74.430941659532706, 31.60819538396332 ], [ 74.430915099578968, 31.608115417947271 ], [ 74.430882889877424, 31.608036987249317 ], [ 74.430844798103507, 31.607954247354517 ], [ 74.430800795152649, 31.607873683960985 ], [ 74.430751049791482, 31.60779560602964 ], [ 74.430741296235595, 31.607785153281672 ], [ 74.430729709076886, 31.607776175542103 ], [ 74.430716588660943, 31.607768905518558 ], [ 74.430702275075916, 31.607763531653728 ], [ 74.430687139337294, 31.607760193240868 ], [ 74.430671573770994, 31.607758976813304 ], [ 74.430655981844254, 31.607759913901418 ], [ 74.430640767707516, 31.607762980215419 ], [ 74.430626325718819, 31.607768096274889 ], [ 74.430613030221878, 31.607775129468997 ], [ 74.430601225842963, 31.607783897493828 ], [ 74.430590492219252, 31.607794389094316 ], [ 74.430581817646015, 31.607806193467646 ], [ 74.430575417525517, 31.6078190174951 ], [ 74.430571450782509, 31.607832542738478 ], [ 74.430570015917795, 31.607846433347241 ], [ 74.430571148562152, 31.607860344398205 ], [ 74.430574820591602, 31.607873930460435 ], [ 74.430580940825507, 31.607886854172747 ], [ 74.430629233851207, 31.607960450602956 ], [ 74.430672351787038, 31.608036364481681 ], [ 74.430710500484025, 31.608126204987339 ], [ 74.430743090888186, 31.608217634181297 ], [ 74.430770033271742, 31.608310400387239 ], [ 74.43077587569887, 31.608359846969883 ] ] } },
{ "type": "Feature", "properties": { "Id": 0 }, "geometry": { "type": "LineString", "coordinates": [ [ 74.430288616819837, 31.607584779350969 ], [ 74.4303020939752, 31.607592273137982 ], [ 74.430316801577021, 31.607597818978672 ], [ 74.43033235843771, 31.607601273137362 ], [ 74.430348361358625, 31.607602546090082 ], [ 74.430364395580185, 31.607601604844721 ], [ 74.430379441820406, 31.607598769244056 ], [ 74.430393781147842, 31.607593946859936 ], [ 74.430407057804814, 31.607587257335389 ], [ 74.430418942398589, 31.607578866637095 ], [ 74.430429140073684, 31.6075689829376 ], [ 74.430437397827149, 31.607557851450721 ], [ 74.430444006201014, 31.607542177772814 ], [ 74.43044782800385, 31.607525839112316 ], [ 74.430448778865596, 31.607509196167548 ], [ 74.430446837796211, 31.607492616354055 ], [ 74.430446731476366, 31.607489136086645 ], [ 74.430446010467477, 31.607485709749877 ], [ 74.430444691405185, 31.607482416398113 ], [ 74.430442804723654, 31.607479332017459 ], [ 74.430440393953546, 31.607476527772437 ], [ 74.430437514717525, 31.607474068364187 ], [ 74.430325189170219, 31.607389783857794 ], [ 74.430224800776145, 31.607333264515958 ], [ 74.430121406274282, 31.607280864675385 ], [ 74.430051679377485, 31.607248747494541 ], [ 74.429979961014467, 31.607220021266293 ], [ 74.429906476114454, 31.607194776083492 ], [ 74.429778632659122, 31.607159004373536 ], [ 74.429648563328868, 31.607129693481401 ], [ 74.429529788835183, 31.607114664188344 ], [ 74.429410180074399, 31.607105708010721 ], [ 74.429290160623182, 31.607102856665193 ], [ 74.428871070706521, 31.60709896466123 ], [ 74.428479886559558, 31.607096542062738 ], [ 74.428090277124937, 31.607093788836398 ], [ 74.427630470755929, 31.60709314392642 ], [ 74.427170698324616, 31.607088322419227 ], [ 74.426799165858796, 31.607086992240056 ], [ 74.426358440412173, 31.607085013786158 ], [ 74.426247976572412, 31.607082498784699 ], [ 74.426230546678269, 31.607084250952642 ], [ 74.426213724943167, 31.607088531967658 ], [ 74.426198008442952, 31.607095215327394 ], [ 74.426183861594438, 31.607104103541129 ], [ 74.426171702432214, 31.607114933965448 ], [ 74.426161890255756, 31.60712738656531 ], [ 74.426154715012387, 31.607141093370757 ], [ 74.426150388729255, 31.607155649350435 ], [ 74.426149039247917, 31.607170624379947 ], [ 74.426150706446563, 31.60718557595192 ], [ 74.426155341061389, 31.607200062251938 ], [ 74.426162806142216, 31.607213655213993 ], [ 74.426172881099149, 31.607225953169859 ], [ 74.426185268220834, 31.607236592718166 ], [ 74.426199601471666, 31.607245259462953 ], [ 74.426215457308103, 31.607251697304019 ], [ 74.426232367194174, 31.60725571600468 ], [ 74.426657411757674, 31.607258381597692 ], [ 74.42733928603613, 31.607261966109171 ], [ 74.427894002673625, 31.607264451779624 ], [ 74.428438272995592, 31.607267414049513 ], [ 74.428946299434116, 31.607270211974878 ], [ 74.429338215992075, 31.60727354071318 ], [ 74.429406134285131, 31.607273059172385 ], [ 74.429473849360051, 31.60727757805294 ], [ 74.429540859511462, 31.607287063874267 ], [ 74.42965023823912, 31.607305217601983 ], [ 74.4297579606379, 31.607329567928435 ], [ 74.429863547975529, 31.607360006638153 ], [ 74.429956182861503, 31.607395912758683 ], [ 74.430046143770781, 31.607436494400538 ], [ 74.430133108866556, 31.607481606383946 ], [ 74.430213301688653, 31.607530500458964 ], [ 74.430288616819837, 31.607584779350969 ] ] } },
{ "type": "Feature", "properties": { "Id": 0 }, "geometry": { "type": "LineString", "coordinates": [ [ 74.430441539505964, 31.607891113049629 ], [ 74.430436533925061, 31.607893295887632 ], [ 74.430474716183511, 31.60794251811874 ], [ 74.430509447195391, 31.607993578253161 ], [ 74.430544409373184, 31.608056028306272 ], [ 74.430575243552909, 31.608120051280114 ], [ 74.430601853564539, 31.608185447508589 ], [ 74.430629961146636, 31.60827290040357 ], [ 74.430649925425172, 31.608361977475049 ], [ 74.430661232870179, 31.608442110189625 ], [ 74.43066634804299, 31.608441460028398 ], [ 74.430655050831987, 31.608359644958288 ], [ 74.430636074702036, 31.608271482187355 ], [ 74.430609327676024, 31.608184807864863 ], [ 74.430581475446886, 31.608118059555569 ], [ 74.430549471189792, 31.608052688992693 ], [ 74.430513407448558, 31.60798888518481 ], [ 74.430478746493506, 31.607939313756056 ], [ 74.430441539505964, 31.607891113049629 ] ] } },
{ "type": "Feature", "properties": { "Id": 0 }, "geometry": { "type": "LineString", "coordinates": [ [ 74.43086837317388, 31.607756640331875 ], [ 74.430863321115055, 31.607759848033435 ], [ 74.430927122941952, 31.607860914886921 ], [ 74.430966521015947, 31.607939496627175 ], [ 74.431002324002705, 31.60801932835933 ], [ 74.431037390810303, 31.608110894583483 ], [ 74.431064892262484, 31.608204334761385 ], [ 74.431084783041783, 31.608289556168266 ], [ 74.431100416639126, 31.608375424991202 ], [ 74.4311015152783, 31.608408701394168 ], [ 74.431106304121457, 31.608441737836362 ], [ 74.431106637607726, 31.608442182661921 ], [ 74.431107054730802, 31.608442572392303 ], [ 74.431107543306936, 31.608442895643819 ], [ 74.431108089065205, 31.608443142974544 ], [ 74.431108676064483, 31.608443307160179 ], [ 74.431109287159018, 31.608443383404982 ], [ 74.431109904499266, 31.608443369481947 ], [ 74.431110510053244, 31.608443265797725 ], [ 74.431111086133242, 31.60844307538083 ], [ 74.431111615912457, 31.60844280379321 ], [ 74.431112083916474, 31.608442458967687 ], [ 74.431112476475306, 31.608442050976315 ], [ 74.431112782122653, 31.608441591736209 ], [ 74.431112991930817, 31.608441094661334 ], [ 74.431108189470535, 31.608405662711753 ], [ 74.431105560450135, 31.608370064215315 ], [ 74.431071190988547, 31.608203016894748 ], [ 74.431043548683277, 31.608109221271445 ], [ 74.431009415172284, 31.608017004584521 ], [ 74.430972323797647, 31.607936873776733 ], [ 74.4309321427329, 31.607857841631304 ], [ 74.430902439880569, 31.607806233973935 ], [ 74.43086837317388, 31.607756640331875 ] ] } },
{ "type": "Feature", "properties": { "Id": 0 }, "geometry": { "type": "LineString", "coordinates": [ [ 74.431001523671426, 31.607566418470697 ], [ 74.431000977104475, 31.607566515089964 ], [ 74.431000457170413, 31.607566688696462 ], [ 74.430999978561175, 31.607566934384529 ], [ 74.430999554800934, 31.607567245211715 ], [ 74.430999197863997, 31.607567612394892 ], [ 74.430998917836433, 31.607568025558447 ], [ 74.430998722631074, 31.607568473027516 ], [ 74.430998617763848, 31.607568942157865 ], [ 74.430998606198074, 31.60756941969311 ], [ 74.43099868826053, 31.607569892139441 ], [ 74.430998861632361, 31.607570346146801 ], [ 74.430999121414573, 31.607570768886188 ], [ 74.43099946026642, 31.607571148412131 ], [ 74.430999868612872, 31.607571474000263 ], [ 74.431000334915169, 31.60757173645036 ], [ 74.431000845996877, 31.607571928346292 ], [ 74.431103932987511, 31.60758029875916 ], [ 74.431206154789436, 31.6075944468292 ], [ 74.431307069779862, 31.607614311433593 ], [ 74.431307592518806, 31.607614330215192 ], [ 74.431308111740421, 31.607614275105838 ], [ 74.431308613281686, 31.607614147608775 ], [ 74.431309083461869, 31.60761395120177 ], [ 74.431309509455687, 31.607613691242328 ], [ 74.431309879643109, 31.607613374821462 ], [ 74.431310183926414, 31.607613010570272 ], [ 74.431310414005551, 31.607612608424624 ], [ 74.431310563604541, 31.607612179353982 ], [ 74.43131062864272, 31.607611735062278 ], [ 74.43131060734602, 31.607611287668632 ], [ 74.431310500295382, 31.607610849376773 ], [ 74.431310310410836, 31.607610432142163 ], [ 74.431310042871957, 31.60761004734589 ], [ 74.431309704976485, 31.607609705484169 ], [ 74.431309305941383, 31.607609415882106 ], [ 74.431308856651228, 31.607609186439277 ], [ 74.431308369361503, 31.607609023414312 ], [ 74.431307857364217, 31.607608931254088 ], [ 74.431206603443158, 31.607590459471464 ], [ 74.431104409568263, 31.607576277074461 ], [ 74.431001523671426, 31.607566418470697 ] ] } },
{ "type": "Feature", "properties": { "Id": 0 }, "geometry": { "type": "LineString", "coordinates": [ [ 74.431076257803696, 31.607670531586638 ], [ 74.431075780124445, 31.607670608992862 ], [ 74.43107532385109, 31.607670752639994 ], [ 74.431074901433092, 31.607670958608566 ], [ 74.431074524396152, 31.607671221278729 ], [ 74.431074203027748, 31.607671533483515 ], [ 74.431073946096447, 31.60767188670437 ], [ 74.431073760612648, 31.60767227130367 ], [ 74.431073651637277, 31.607672676787569 ], [ 74.431073622143742, 31.607673092092416 ], [ 74.431073672936762, 31.607673505886599 ], [ 74.431073802630465, 31.6076739068797 ], [ 74.431074007686149, 31.607674284130589 ], [ 74.431074282508845, 31.607674627345961 ], [ 74.431074619599997, 31.607674927161167 ], [ 74.431075009762054, 31.607675175395705 ], [ 74.431075442349425, 31.607675365276474 ], [ 74.431075905558913, 31.607675491622569 ], [ 74.431178866307206, 31.60768973197683 ], [ 74.431280787999896, 31.607708671693736 ], [ 74.431381378011423, 31.607732256396069 ], [ 74.431489956454413, 31.607766212102618 ], [ 74.431596033818764, 31.607805534046737 ], [ 74.431680327302701, 31.607844746733132 ], [ 74.431762112267151, 31.607887674295824 ], [ 74.431809758056261, 31.607914589324455 ], [ 74.431810258284187, 31.607914651574678 ], [ 74.431810763622991, 31.607914641043315 ], [ 74.431811259717605, 31.60791455802951 ], [ 74.431811732475509, 31.607914404891432 ], [ 74.43181216846709, 31.607914185979251 ], [ 74.431812555307246, 31.607913907511588 ], [ 74.431812882007009, 31.607913577398854 ], [ 74.431813139285865, 31.607913205018505 ], [ 74.431813319835314, 31.607912800948714 ], [ 74.431813418526545, 31.607912376667862 ], [ 74.431813432555998, 31.60791194422842 ], [ 74.431813361525172, 31.607911515914665 ], [ 74.431813207451839, 31.60791110389366 ], [ 74.431812974712713, 31.607910719869633 ], [ 74.431812669919211, 31.607910374751512 ], [ 74.431812301729565, 31.607910078343032 ], [ 74.431764384662344, 31.607883084583491 ], [ 74.431682005708296, 31.607840657812471 ], [ 74.431597396513254, 31.607801577717719 ], [ 74.431491039331675, 31.607762649254539 ], [ 74.431382620930734, 31.607728135872129 ], [ 74.431282065497399, 31.607703142387244 ], [ 74.431179794274257, 31.607683912720923 ], [ 74.431076257803696, 31.607670531586638 ] ] } },
{ "type": "Feature", "properties": { "Id": 0 }, "geometry": { "type": "LineString", "coordinates": [ [ 74.431744044675369, 31.607758540507408 ], [ 74.431743653611647, 31.607758354557276 ], [ 74.431743231473746, 31.60775822779237 ], [ 74.431742790385783, 31.607758163853468 ], [ 74.431742343016168, 31.607758164576943 ], [ 74.431741902213702, 31.607758229942043 ], [ 74.431741480638607, 31.60775835807139 ], [ 74.43174109039883, 31.607758545285026 ], [ 74.431740742702374, 31.607758786206031 ], [ 74.431740447535375, 31.607759073914963 ], [ 74.431740213375235, 31.607759400148584 ], [ 74.43174004694724, 31.607759755537213 ], [ 74.431739953031339, 31.607760129873778 ], [ 74.431739934324867, 31.607760512407079 ], [ 74.431739991365106, 31.607760892150413 ], [ 74.431740122513773, 31.607761258197275 ], [ 74.431740324004224, 31.607761600034497 ], [ 74.431740590049444, 31.607761907844246 ], [ 74.43174091300844, 31.607762172785957 ], [ 74.431741283605561, 31.607762387250339 ], [ 74.43181050022126, 31.607799030424918 ], [ 74.431877545498679, 31.607838520022927 ], [ 74.431878119585463, 31.607838659247058 ], [ 74.431878712904037, 31.607838713463984 ], [ 74.431879308396702, 31.607838681114995 ], [ 74.431879888943271, 31.607838563130105 ], [ 74.431880437853266, 31.607838362901358 ], [ 74.431880939345703, 31.60783808618525 ], [ 74.431881379002903, 31.607837740937232 ], [ 74.431881744184849, 31.607837337083087 ], [ 74.431882024392735, 31.60783688623345 ], [ 74.431882211570681, 31.607836401350085 ], [ 74.431882300337392, 31.607835896373199 ], [ 74.431882288140855, 31.607835385820696 ], [ 74.431882175331722, 31.60783488437075 ], [ 74.43188196515321, 31.607834406439846 ], [ 74.431881663647886, 31.607833965768354 ], [ 74.431881279483903, 31.607833575025378 ], [ 74.43181381008101, 31.607794519914417 ], [ 74.431744044675369, 31.607758540507401 ] ] } },
{ "type": "Feature", "properties": { "Id": 0 }, "geometry": { "type": "LineString", "coordinates": [ [ 74.432225539801408, 31.608106615756846 ], [ 74.432225155373729, 31.608106379803999 ], [ 74.432224730329551, 31.608106202058995 ], [ 74.432224276587831, 31.608106087506126 ], [ 74.432223806872216, 31.608106039357629 ], [ 74.432223334354347, 31.608106058963688 ], [ 74.43222287228437, 31.608106145774485 ], [ 74.432222433619543, 31.608106297355729 ], [ 74.432222030660711, 31.608106509456817 ], [ 74.432221674707534, 31.608106776130075 ], [ 74.432221375741548, 31.608107089897551 ], [ 74.432221142146219, 31.608107441960687 ], [ 74.432220980471953, 31.608107822447039 ], [ 74.432220895252385, 31.608108220687154 ], [ 74.432220888877225, 31.608108625513687 ], [ 74.432220961525218, 31.608109025574663 ], [ 74.432221111159194, 31.608109409651679 ], [ 74.432221333583172, 31.608109766974579 ], [ 74.432292255549925, 31.608189941977251 ], [ 74.432356628620866, 31.608274066794337 ], [ 74.432357110879565, 31.608274316246952 ], [ 74.432357634615968, 31.608274494194827 ], [ 74.432358185478321, 31.608274595761706 ], [ 74.43235874837147, 31.608274618164376 ], [ 74.432359307870641, 31.608274560788956 ], [ 74.43235984864404, 31.608274425207686 ], [ 74.432360355873016, 31.608274215135847 ], [ 74.432360815658114, 31.608273936329976 ], [ 74.432361215399993, 31.60827359643012 ], [ 74.432361544144626, 31.608273204750461 ], [ 74.432361792883555, 31.608272772024051 ], [ 74.432361954800612, 31.608272310108791 ], [ 74.432362025458872, 31.6082718316624 ], [ 74.432362002922119, 31.60827134979559 ], [ 74.432361887807872, 31.608270877712819 ], [ 74.432361683270628, 31.608270428350448 ], [ 74.432295724030269, 31.608187236142061 ], [ 74.432225539801408, 31.608106615756846 ] ] } },
{ "type": "Feature", "properties": { "Id": 0 }, "geometry": { "type": "LineString", "coordinates": [ [ 74.432135964356377, 31.608165619002676 ], [ 74.432135513656007, 31.608165367602307 ], [ 74.432135019502013, 31.608165185583299 ], [ 74.43213449633987, 31.608165078266563 ], [ 74.432133959463059, 31.608165048789271 ], [ 74.432133424566018, 31.608165098013117 ], [ 74.432132907285236, 31.608165224499167 ], [ 74.432132422742285, 31.608165424549867 ], [ 74.432131985101691, 31.608165692317176 ], [ 74.43213160715689, 31.60816601997352 ], [ 74.432131299956296, 31.608166397940607 ], [ 74.432131072480203, 31.608166815169401 ], [ 74.432130931378396, 31.608167259463134 ], [ 74.432130880775659, 31.608167717833872 ], [ 74.432130922151259, 31.60816817688216 ], [ 74.432131054295652, 31.60816862318876 ], [ 74.432131273345931, 31.608169043706855 ], [ 74.432202039784428, 31.608249877360297 ], [ 74.432266015396607, 31.608334755246666 ], [ 74.432322885791152, 31.608423260281153 ], [ 74.432392833912033, 31.608558836228667 ], [ 74.432421661592585, 31.60863154952585 ], [ 74.432447383634511, 31.608705111089304 ], [ 74.432447631138558, 31.60870546090861 ], [ 74.432447943939692, 31.608705770064461 ], [ 74.432448313104402, 31.608706029727465 ], [ 74.432448728089526, 31.608706232481762 ], [ 74.43244917704321, 31.608706372536755 ], [ 74.432449647143514, 31.608706445892533 ], [ 74.432450124964561, 31.608706450454086 ], [ 74.432450596859951, 31.608706386091121 ], [ 74.432451049352551, 31.608706254641831 ], [ 74.432451469519307, 31.608706059860371 ], [ 74.432451845360433, 31.608705807309601 ], [ 74.432452166142056, 31.608705504202284 ], [ 74.432452422702781, 31.608705159195068 ], [ 74.432452607715305, 31.608704782141196 ], [ 74.432452715895764, 31.608704383809208 ], [ 74.43245274415456, 31.608703975575324 ], [ 74.432452691684631, 31.608703569098509 ], [ 74.432427319965981, 31.60863027547693 ], [ 74.432398690181671, 31.6085578662701 ], [ 74.432364942564533, 31.608488207057874 ], [ 74.432328412487152, 31.60841958355897 ], [ 74.432292068431906, 31.608360220174365 ], [ 74.432252147182069, 31.608302564340132 ], [ 74.432208757963309, 31.608246773794789 ], [ 74.432135964356377, 31.608165619002669 ] ] } },
{ "type": "Feature", "properties": { "Id": 0 }, "geometry": { "type": "LineString", "coordinates": [ [ 74.432470785897763, 31.608453527767338 ], [ 74.43247027252788, 31.608453150453169 ], [ 74.432469692329235, 31.608452852393199 ], [ 74.432469061826367, 31.608452642076411 ], [ 74.432468398976468, 31.608452525492801 ], [ 74.432467722658032, 31.608452505962749 ], [ 74.43246705213312, 31.608452584042492 ], [ 74.432466406498833, 31.608452757508246 ], [ 74.432465804143305, 31.608453021419578 ], [ 74.432465262222081, 31.608453368260104 ], [ 74.43246479616954, 31.608453788151515 ], [ 74.43246441925919, 31.608454269134974 ], [ 74.432464142225754, 31.608454797511712 ], [ 74.432463972959354, 31.608455358233147 ], [ 74.432463916280824, 31.608455935329481 ], [ 74.432463973804417, 31.608456512364594 ], [ 74.432500036111975, 31.608528776762842 ], [ 74.432530383234848, 31.608602939600466 ], [ 74.432554879868093, 31.608678670250576 ], [ 74.432555332321556, 31.60867897972793 ], [ 74.432555840358475, 31.608679217792417 ], [ 74.432556388755799, 31.608679377310587 ], [ 74.432556961081133, 31.608679453502518 ], [ 74.432557540185073, 31.608679444085212 ], [ 74.432558108715071, 31.608679349340832 ], [ 74.432558649635467, 31.608679172108342 ], [ 74.432559146737887, 31.608678917698413 ], [ 74.432559585126953, 31.608678593734282 ], [ 74.432559951666548, 31.608678209923365 ], [ 74.432560235373558, 31.608677777766342 ], [ 74.432560427746864, 31.608677310212535 ], [ 74.432536161243746, 31.608601126149068 ], [ 74.432506239616458, 31.608526429631926 ], [ 74.432470785897763, 31.608453527767345 ] ] } },
{ "type": "Feature", "properties": { "Id": 0 }, "geometry": { "type": "LineString", "coordinates": [ [ 74.432444235846233, 31.609380652690618 ], [ 74.432444741769942, 31.609380332328222 ], [ 74.432445304801519, 31.609380091658071 ], [ 74.432445907979087, 31.609379937930569 ], [ 74.432446533131312, 31.609379875776963 ], [ 74.432447161424918, 31.609379907069627 ], [ 74.432447773931898, 31.6093800308659 ], [ 74.432448352199927, 31.609380243436235 ], [ 74.432448878808088, 31.609380538376794 ], [ 74.432449337891811, 31.60938090680219 ], [ 74.432449715620734, 31.60938133761324 ], [ 74.432450000615404, 31.609381817831341 ], [ 74.43245018429009, 31.609382332989473 ], [ 74.432424121070881, 31.609464331596484 ], [ 74.432390786063536, 31.609544377997373 ], [ 74.432355240272585, 31.609615855394956 ], [ 74.432315065114182, 31.609685513742114 ], [ 74.432270387106939, 31.609753133655037 ], [ 74.432227895710369, 31.609811079967365 ], [ 74.432182039487813, 31.60986711615983 ], [ 74.432132935429607, 31.609921099263467 ], [ 74.432077191792203, 31.609976325296554 ], [ 74.432017967521261, 31.610028830943065 ], [ 74.431955443577138, 31.61007845576658 ], [ 74.431912553017284, 31.610109160901853 ], [ 74.4319119997092, 31.610109189227671 ], [ 74.431911448527231, 31.610109139005878 ], [ 74.431910914591953, 31.610109011614206 ], [ 74.431910412550749, 31.610108810547363 ], [ 74.431909956176042, 31.610108541321221 ], [ 74.431909557987552, 31.610108211321407 ], [ 74.431909228908737, 31.610107829600775 ], [ 74.431908977967169, 31.61010740663108 ], [ 74.431908812046899, 31.610106954015549 ], [ 74.431908735699636, 31.610106484170778 ], [ 74.431908751019776, 31.610106009985952 ], [ 74.431908857587047, 31.610105544469373 ], [ 74.431909052478019, 31.610105100391465 ], [ 74.43190933034623, 31.610104689934605 ], [ 74.431909683568975, 31.610104324358808 ], [ 74.431955188248097, 31.610071294331188 ], [ 74.432018133497451, 31.610022288993921 ], [ 74.432077007272454, 31.609969707880836 ], [ 74.432131532859174, 31.609913798135597 ], [ 74.432171370833302, 31.609870737539193 ], [ 74.432207825855656, 31.6098255353123 ], [ 74.432238547081141, 31.609788366512504 ], [ 74.432266084748989, 31.609749413249023 ], [ 74.43231017531734, 31.609682033892476 ], [ 74.43234995175473, 31.609612716027083 ], [ 74.432385298091958, 31.60954166176759 ], [ 74.432408601387948, 31.609489006206985 ], [ 74.432428269707216, 31.609435275312315 ], [ 74.432444235846233, 31.609380652690611 ] ] } },
{ "type": "Feature", "properties": { "Id": 0 }, "geometry": { "type": "LineString", "coordinates": [ [ 74.432556192569663, 31.60940209909857 ], [ 74.432556317807354, 31.609401688426583 ], [ 74.432556521558254, 31.609401301472285 ], [ 74.432556798079546, 31.60940094914217 ], [ 74.432557139577426, 31.609400641366751 ], [ 74.4325575364266, 31.609400386820834 ], [ 74.432557977441704, 31.609400192678883 ], [ 74.432558450192602, 31.609400064412863 ], [ 74.432558941354586, 31.609400005638001 ], [ 74.432559437084095, 31.609400018010913 ], [ 74.432559923408789, 31.609400101182825 ], [ 74.432560386621418, 31.609400252809518 ], [ 74.432560813666129, 31.609400468617352 ], [ 74.43256119250654, 31.609400742523661 ], [ 74.432561512464872, 31.609401066808349 ], [ 74.432561764522958, 31.609401432331268 ], [ 74.432561941576466, 31.609401828790041 ], [ 74.432562038635055, 31.609402245010322 ], [ 74.432562052963092, 31.609402669260763 ], [ 74.432561984156749, 31.609403089583715 ], [ 74.432541614567128, 31.609468792586917 ], [ 74.432517580782232, 31.609533582414429 ], [ 74.432489938277826, 31.609597309495584 ], [ 74.432455632591029, 31.609664854599952 ], [ 74.432417323262385, 31.60973080470897 ], [ 74.43237511116277, 31.609794986157649 ], [ 74.432332697987832, 31.609853898613643 ], [ 74.432286567497783, 31.609910728322767 ], [ 74.432236858981625, 31.609965303682298 ], [ 74.432180114699491, 31.610024993267078 ], [ 74.432118872001411, 31.610081332685485 ], [ 74.432053400257658, 31.610134074126911 ], [ 74.431966111944703, 31.610199299622636 ], [ 74.43196551232387, 31.610199367345196 ], [ 74.431964907874004, 31.610199349237661 ], [ 74.431964315254234, 31.610199245799087 ], [ 74.431963750797607, 31.610199059880312 ], [ 74.431963230060973, 31.610198796605406 ], [ 74.4319627673963, 31.610198463230439 ], [ 74.431962375554946, 31.61019806894349 ], [ 74.431962065336364, 31.610197624611406 ], [ 74.431961845290431, 31.610197142480327 ], [ 74.431961721481784, 31.610196635838175 ], [ 74.431961697322691, 31.610196118648396 ], [ 74.431961773478974, 31.610195605165142 ], [ 74.431961947851732, 31.610195109540435 ], [ 74.431962215635082, 31.610194645434042 ], [ 74.431962569448743, 31.610194225637112 ], [ 74.431962999541298, 31.610193861719605 ], [ 74.432050965814426, 31.610128356597055 ], [ 74.432116853973, 31.61007709837094 ], [ 74.432177714223499, 31.610021473383426 ], [ 74.432233152676176, 31.609961841649699 ], [ 74.432305422215691, 31.609878933438118 ], [ 74.432370804715489, 31.609791938697548 ], [ 74.432413212894033, 31.609726740367982 ], [ 74.4324514022519, 31.609659659413797 ], [ 74.432485259082753, 31.609590895580165 ], [ 74.432513049850783, 31.609529141362767 ], [ 74.432536719546206, 31.609466142123097 ], [ 74.432556192569663, 31.609402099098578 ] ] } },
{ "type": "Feature", "properties": { "Id": 0 }, "geometry": { "type": "LineString", "coordinates": [ [ 74.43128397258441, 31.610377322353052 ], [ 74.431283598571738, 31.610377625736394 ], [ 74.431283289650722, 31.610377978721317 ], [ 74.431283054657982, 31.610378371210796 ], [ 74.431282900315409, 31.610378791977777 ], [ 74.431282831037933, 31.610379228986293 ], [ 74.431282848807243, 31.61037966973587 ], [ 74.43128295311503, 31.610380101618968 ], [ 74.431283140977598, 31.610380512281694 ], [ 74.431283407021198, 31.610380889977137 ], [ 74.431283743635731, 31.610381223901392 ], [ 74.431284141192407, 31.61038150450268 ], [ 74.431284588319215, 31.610381723754468 ], [ 74.431285072226231, 31.610381875385098 ], [ 74.431368310884011, 31.61036239691499 ], [ 74.431450096665571, 31.610338838364417 ], [ 74.431530156748138, 31.610311278320651 ], [ 74.431608224066295, 31.610279808719259 ], [ 74.431608593674468, 31.610279540308941 ], [ 74.43160890527416, 31.610279222527637 ], [ 74.431609149989768, 31.610278864427013 ], [ 74.431609320850797, 31.610278476207199 ], [ 74.431609412990483, 31.610278068926224 ], [ 74.431609423784295, 31.610277654185072 ], [ 74.431609352924795, 31.610277243797249 ], [ 74.431609202430337, 31.610276849452184 ], [ 74.431608976587611, 31.610276482382396 ], [ 74.431608681829502, 31.610276153043515 ], [ 74.43160832655191, 31.610275870816384 ], [ 74.431607920874541, 31.610275643739996 ], [ 74.431607476352681, 31.61027547828234 ], [ 74.43160700564809, 31.610275379156327 ], [ 74.431606522168309, 31.610275349185457 ], [ 74.431606039684752, 31.610275389223428 ], [ 74.431501630794926, 31.610315942719719 ], [ 74.431394090218262, 31.610349978942573 ], [ 74.43128397258441, 31.610377322353045 ] ] } },
{ "type": "Feature", "properties": { "Id": 0 }, "geometry": { "type": "LineString", "coordinates": [ [ 74.431204520172955, 31.61049260147437 ], [ 74.431204016443814, 31.610492728413988 ], [ 74.431203544033764, 31.610492924638169 ], [ 74.431203115852426, 31.610493184784644 ], [ 74.43120274360075, 31.61049350174439 ], [ 74.431202437451304, 31.610493866855769 ], [ 74.43120220577029, 31.610494270141391 ], [ 74.431202054888871, 31.610494700580563 ], [ 74.431201988930212, 31.610495146410653 ], [ 74.431202009696761, 31.610495595448391 ], [ 74.431202116621051, 31.610496035422873 ], [ 74.431202306781131, 31.610496454310855 ], [ 74.431202574980475, 31.610496840665334 ], [ 74.431202913889976, 31.610497183928345 ], [ 74.431203314248208, 31.610497474719502 ], [ 74.431203765114518, 31.610497705092317 ], [ 74.431204254168051, 31.610497868751352 ], [ 74.431204768044338, 31.610497961224294 ], [ 74.431205292700653, 31.610497979984114 ], [ 74.431282560374342, 31.610483618912678 ], [ 74.431359278642944, 31.610467242126507 ], [ 74.431423321713197, 31.610450137409302 ], [ 74.431486405698209, 31.610430596001642 ], [ 74.431575584599585, 31.610400857544938 ], [ 74.431662008249745, 31.610365662077108 ], [ 74.431662456459236, 31.61036545497895 ], [ 74.43166285679861, 31.610365185462314 ], [ 74.431663197523591, 31.610364861433631 ], [ 74.431663468638817, 31.610364492398528 ], [ 74.4316636621909, 31.610364089182912 ], [ 74.431663772501835, 31.610363663615402 ], [ 74.431663796335613, 31.610363228180336 ], [ 74.43166373299303, 31.610362795651493 ], [ 74.431663584332298, 31.610362378717429 ], [ 74.431663354714487, 31.610361989609196 ], [ 74.431663050875585, 31.610361639741551 ], [ 74.431662681728938, 31.610361339378155 ], [ 74.431662258103714, 31.610361097330316 ], [ 74.431661792427278, 31.610360920698728 ], [ 74.431661298360567, 31.610360814664997 ], [ 74.431660790397387, 31.610360782339676 ], [ 74.431660283439186, 31.610360824671073 ], [ 74.431659792357962, 31.610360940417351 ], [ 74.431573467725926, 31.610396605540487 ], [ 74.43148398756945, 31.610426028488881 ], [ 74.431421088581018, 31.610445856775989 ], [ 74.431356942087618, 31.610462502696674 ], [ 74.431281032814539, 31.610478670959807 ], [ 74.431204520172955, 31.61049260147437 ] ] } },
{ "type": "Feature", "properties": { "Id": 0 }, "geometry": { "type": "LineString", "coordinates": [ [ 74.430047666615764, 31.607753187727006 ], [ 74.430048148962868, 31.607753066146302 ], [ 74.430048648239222, 31.607753015055408 ], [ 74.430049150482702, 31.607753035883107 ], [ 74.430049641648125, 31.607753128046905 ], [ 74.430050108000145, 31.607753288969505 ], [ 74.430050536497319, 31.607753514150691 ], [ 74.430050915156798, 31.607753797293348 ], [ 74.430051233389435, 31.607754130479421 ], [ 74.430051482295923, 31.607754504391455 ], [ 74.430051654915616, 31.607754908573025 ], [ 74.430051746421242, 31.607755331721297 ], [ 74.430051754253867, 31.607755762002967 ], [ 74.430051678194445, 31.607756187385331 ], [ 74.430051520369972, 31.60775659597261 ], [ 74.430051285193969, 31.607756976338756 ], [ 74.430050979243092, 31.607757317846897 ], [ 74.430050611073213, 31.607757610946816 ], [ 74.43005019098014, 31.607757847442009 ], [ 74.430049730711673, 31.607758020718936 ], [ 74.429983741255526, 31.607790197009695 ], [ 74.429919993813186, 31.607825529118816 ], [ 74.429858694213706, 31.60786390296655 ], [ 74.429785595091232, 31.607912724985205 ], [ 74.429716408263047, 31.607965557813642 ], [ 74.429673377913105, 31.607998700394777 ], [ 74.429634204781408, 31.608035178686045 ], [ 74.429562577151074, 31.608103554649652 ], [ 74.429562054637827, 31.608103730752187 ], [ 74.429561505243015, 31.608103830289682 ], [ 74.429560944169125, 31.608103850507849 ], [ 74.429560386941858, 31.608103790847188 ], [ 74.429559848980389, 31.608103652958587 ], [ 74.429559345170858, 31.608103440657644 ], [ 74.429558889454356, 31.60810315981897 ], [ 74.429558494441167, 31.608102818213766 ], [ 74.429558171061842, 31.608102425294692 ], [ 74.429557928264686, 31.608101991934365 ], [ 74.429557772768248, 31.608101530124451 ], [ 74.429557708875336, 31.608101052643818 ], [ 74.429557738353907, 31.608100572705023 ], [ 74.429557860388286, 31.608100103588598 ], [ 74.429558071601605, 31.608099658275638 ], [ 74.429634760537141, 31.608026567271843 ], [ 74.429701294191872, 31.607970948967896 ], [ 74.429770047223286, 31.607917344113286 ], [ 74.429888536363109, 31.607839271210945 ], [ 74.429966494869333, 31.607794054192375 ], [ 74.430047666615764, 31.607753187727006 ] ] } },
{ "type": "Feature", "properties": { "Id": 0 }, "geometry": { "type": "LineString", "coordinates": [ [ 74.43010819679408, 31.607836013380361 ], [ 74.430108726508308, 31.607835935471929 ], [ 74.430109263983212, 31.607835937398672 ], [ 74.430109792916227, 31.607836019102198 ], [ 74.430110297263923, 31.607836178104289 ], [ 74.430110761728557, 31.607836409582109 ], [ 74.430111172222098, 31.607836706514572 ], [ 74.430111516293593, 31.607837059895182 ], [ 74.430111783506732, 31.607837459005314 ], [ 74.430111965756495, 31.607837891739255 ], [ 74.430112057514947, 31.607838344971427 ], [ 74.430112055998848, 31.607838804954543 ], [ 74.430111961254227, 31.607839257736487 ], [ 74.430111776154831, 31.607839689583631 ], [ 74.430111506315043, 31.607840087397292 ], [ 74.430111159919576, 31.607840439111069 ], [ 74.430110747475197, 31.607840734056918 ], [ 74.430110281492048, 31.607840963288606 ], [ 74.430109776104246, 31.607841119853113 ], [ 74.430021517069818, 31.607886199490558 ], [ 74.429936762928861, 31.607935962085421 ], [ 74.429833928019946, 31.608005275663704 ], [ 74.429735546010463, 31.608087099186026 ], [ 74.42964847760679, 31.608170480579314 ], [ 74.429648110890099, 31.608170854290577 ], [ 74.429647676952968, 31.608171170899269 ], [ 74.429647187766761, 31.608171421670878 ], [ 74.429646656827018, 31.608171599687154 ], [ 74.429646098781134, 31.608171700037062 ], [ 74.42964552902437, 31.608171719952157 ], [ 74.42964496327501, 31.60817165888303 ], [ 74.429644417140793, 31.60817151851445 ], [ 74.429643905688337, 31.608171302718851 ], [ 74.429643443027459, 31.608171017449571 ], [ 74.429643041921906, 31.608170670576516 ], [ 74.429642713437318, 31.608170271669142 ], [ 74.429642466635784, 31.608169831732418 ], [ 74.429642308326024, 31.608169362903162 ], [ 74.429642242875474, 31.608168878115347 ], [ 74.429642272089708, 31.608168390743153 ], [ 74.429642395162816, 31.60816791423208 ], [ 74.429642608699467, 31.608167461727994 ], [ 74.429642906808681, 31.60816704571447 ], [ 74.429643281266266, 31.608166677668354 ], [ 74.42964372174184, 31.608166367743216 ], [ 74.429728517678612, 31.608084268292096 ], [ 74.429779375749447, 31.608040774721285 ], [ 74.429831954422824, 31.607998806432231 ], [ 74.429883809404586, 31.607965115087662 ], [ 74.429934283459971, 31.60792992129258 ], [ 74.430019176905759, 31.607880168717834 ], [ 74.43010819679408, 31.607836013380361 ] ] } },
{ "type": "Feature", "properties": { "Id": 0 }, "geometry": { "type": "LineString", "coordinates": [ [ 74.429366530489034, 31.608349122539032 ], [ 74.429366735352602, 31.608348778240604 ], [ 74.429367005073331, 31.608348468406007 ], [ 74.429367331938607, 31.608348201894888 ], [ 74.429367706601823, 31.608347986328052 ], [ 74.429368118349558, 31.608347827869583 ], [ 74.429368555408018, 31.608347731050564 ], [ 74.429369005279597, 31.608347698639516 ], [ 74.429369455100343, 31.608347731563192 ], [ 74.42936989200777, 31.608347828880202 ], [ 74.429370303508605, 31.608347987807736 ], [ 74.429370677836076, 31.608348203801341 ], [ 74.429371004286395, 31.608348470684707 ], [ 74.429371273524808, 31.608348780826415 ], [ 74.429371477852499, 31.608349125357989 ], [ 74.429371611426774, 31.608349494427674 ], [ 74.429371670428125, 31.608349877482006 ], [ 74.429371653169383, 31.60835026356763 ], [ 74.429371560144091, 31.608350641644556 ], [ 74.429371394012264, 31.608351000901749 ], [ 74.429371159524422, 31.608351331066345 ], [ 74.429370863385657, 31.608351622697377 ], [ 74.429334773477336, 31.608410063328638 ], [ 74.429305686177528, 31.608471297229439 ], [ 74.429270338268921, 31.608545602682291 ], [ 74.429241608030665, 31.608621969429112 ], [ 74.429229555790144, 31.608658955322007 ], [ 74.429229398851675, 31.608659387727517 ], [ 74.429229156586388, 31.608659790252709 ], [ 74.429228836350759, 31.608660150674858 ], [ 74.429228447868766, 31.608660458049648 ], [ 74.429228002936753, 31.60866070304359 ], [ 74.429227515065179, 31.608660878217403 ], [ 74.429226999068334, 31.608660978251891 ], [ 74.429226470614566, 31.608661000109503 ], [ 74.429225945750488, 31.608660943126502 ], [ 74.429225440413688, 31.6086608090332 ], [ 74.429224969948834, 31.608660601901398 ], [ 74.429224548641656, 31.60866032802064 ], [ 74.429224189285236, 31.608659995707395 ], [ 74.429223902791506, 31.608659615052439 ], [ 74.429223697859896, 31.608659197614383 ], [ 74.429223580713199, 31.608658756068856 ], [ 74.429223554908575, 31.60865830382345 ], [ 74.429223621229625, 31.608657854610684 ], [ 74.429223777662457, 31.608657422071005 ], [ 74.429237351465247, 31.608618504851286 ], [ 74.429265593585257, 31.608541050427565 ], [ 74.429300687885871, 31.608465675866015 ], [ 74.42931918702287, 31.608425443490919 ], [ 74.429341176243597, 31.608386518592038 ], [ 74.429366530489034, 31.608349122539032 ] ] } },
{ "type": "Feature", "properties": { "Id": 0 }, "geometry": { "type": "LineString", "coordinates": [ [ 74.429503743324602, 31.608348357220965 ], [ 74.42950396606993, 31.608347998466673 ], [ 74.429504114260268, 31.608347612513672 ], [ 74.429504183576057, 31.608347210612141 ], [ 74.42950417199674, 31.608346804477101 ], [ 74.429504079859925, 31.608346405947021 ], [ 74.429503909851235, 31.60834602663861 ], [ 74.429503666926308, 31.608345677608398 ], [ 74.429503358166144, 31.608345369030236 ], [ 74.429502992570818, 31.608345109898888 ], [ 74.429502580797063, 31.60834490776778 ], [ 74.429502134847709, 31.608344768528848 ], [ 74.429501667721695, 31.608344696240742 ], [ 74.429501193035335, 31.608344693010629 ], [ 74.429500724625257, 31.608344758932624 ], [ 74.429500276145149, 31.608344892085185 ], [ 74.429499860667761, 31.608345088587061 ], [ 74.429499490303883, 31.608345342710383 ], [ 74.429499175849244, 31.60834564704772 ], [ 74.42949892646989, 31.608345992727934 ], [ 74.42945571108605, 31.6084122368134 ], [ 74.429416950078618, 31.608480469685759 ], [ 74.429382767950514, 31.608550472193738 ], [ 74.4293472173661, 31.608641993164255 ], [ 74.429315592270001, 31.608734563270293 ], [ 74.429315412735775, 31.60873496570866 ], [ 74.429315313619725, 31.608735388046103 ], [ 74.429315297663365, 31.608735818601129 ], [ 74.429315365307986, 31.608736245464989 ], [ 74.429315514682642, 31.608736656830985 ], [ 74.429315741655728, 31.60873704132111 ], [ 74.429316039949413, 31.608737388300721 ], [ 74.429316401313116, 31.608737688172656 ], [ 74.429316815751861, 31.608737932642729 ], [ 74.429317271802631, 31.608738114949116 ], [ 74.429317756851503, 31.608738230049394 ], [ 74.429318257482407, 31.608738274759972 ], [ 74.429318759848371, 31.608738247844208 ], [ 74.429319250054405, 31.608738150046573 ], [ 74.429319714541805, 31.608737984072057 ], [ 74.429320140463318, 31.608737754511356 ], [ 74.429320516038288, 31.608737467713933 ], [ 74.429320830878666, 31.608737131612337 ], [ 74.429321076276267, 31.608736755502854 ], [ 74.42932124544356, 31.608736349788309 ], [ 74.429321333701594, 31.608735925690429 ], [ 74.429353608249912, 31.608642971364851 ], [ 74.429389998239628, 31.608551137075946 ], [ 74.429423193536536, 31.60848165377784 ], [ 74.42946115325995, 31.608413980818341 ], [ 74.429503743324602, 31.608348357220965 ] ] } },
{ "type": "Feature", "properties": { "Id": 0 }, "geometry": { "type": "LineString", "coordinates": [ [ 74.427953977707205, 31.609015652819952 ], [ 74.427952798265281, 31.609015962138205 ], [ 74.427951697312224, 31.609016438339861 ], [ 74.42795070681629, 31.609017067597524 ], [ 74.427949855538387, 31.609017831639484 ], [ 74.427949168196946, 31.609018708280384 ], [ 74.427948664750247, 31.609019672065301 ], [ 74.42794835981681, 31.609020695008915 ], [ 74.427948262250936, 31.609021747408171 ], [ 74.427948374885673, 31.609022798704657 ], [ 74.427948694450436, 31.609023818371988 ], [ 74.427949211666089, 31.609024776802237 ], [ 74.42794991151429, 31.609025646165584 ], [ 74.427950773673658, 31.609026401218379 ], [ 74.427951773109754, 31.609027020036287 ], [ 74.427952880802096, 31.60902748465076 ], [ 74.4279540645867, 31.609027781570823 ], [ 74.428702893660471, 31.609030013178149 ], [ 74.429008609985672, 31.609032456898106 ], [ 74.429040538958915, 31.60903446821322 ], [ 74.429071818692705, 31.609040307873425 ], [ 74.429101825640416, 31.609049859467913 ], [ 74.429129961627268, 31.609062932590206 ], [ 74.429148479960958, 31.609075304921284 ], [ 74.429165027352497, 31.609089577027721 ], [ 74.429165174710718, 31.609089707806831 ], [ 74.429165344823957, 31.609089816490918 ], [ 74.429165533221649, 31.609089900223754 ], [ 74.429165734952676, 31.609089956804862 ], [ 74.429165944715564, 31.609089984747268 ], [ 74.429166156997738, 31.609089983316654 ], [ 74.429166366220414, 31.60908995255064 ], [ 74.429166566885243, 31.609089893257721 ], [ 74.429166753718732, 31.609089806996142 ], [ 74.429166921810918, 31.609089696032832 ], [ 74.429167066744313, 31.60908956328392 ], [ 74.429167184710082, 31.609089412238049 ], [ 74.429167272608083, 31.609089246864709 ], [ 74.429167328128372, 31.609089071509889 ], [ 74.42916885148334, 31.60896926663051 ], [ 74.429168704241491, 31.608969041911866 ], [ 74.429168515021146, 31.60896884152768 ], [ 74.429168289189576, 31.608968671161936 ], [ 74.429168033152607, 31.608968535647076 ], [ 74.429167754172767, 31.608968438827073 ], [ 74.429167460163441, 31.608968383448229 ], [ 74.429167159464285, 31.608968371081392 ], [ 74.429166860604738, 31.608968402077345 ], [ 74.429166572062044, 31.608968475556882 ], [ 74.429166302020818, 31.608968589435737 ], [ 74.429166058140879, 31.608968740483689 ], [ 74.429165847339945, 31.608968924416221 ], [ 74.429133614759721, 31.608989946887675 ], [ 74.429098884370887, 31.609007819821901 ], [ 74.429085967788666, 31.609013197460115 ], [ 74.429072338905854, 31.609017079522403 ], [ 74.429058232970746, 31.609019399000456 ], [ 74.429043893466101, 31.609020115857685 ], [ 74.428888404802024, 31.609020290741853 ], [ 74.428648603422658, 31.609019864369856 ], [ 74.428491085645419, 31.609019375038073 ], [ 74.428310674061535, 31.609018137006789 ], [ 74.428112395886473, 31.609017034076448 ], [ 74.427953977707205, 31.609015652819952 ] ] } },
{ "type": "Feature", "properties": { "Id": 0 }, "geometry": { "type": "LineString", "coordinates": [ [ 74.429213592878156, 31.60937814415562 ], [ 74.429213432864159, 31.609377743197612 ], [ 74.429213197746805, 31.609377370326538 ], [ 74.429212893969805, 31.609377035761455 ], [ 74.429212529858603, 31.609376748671547 ], [ 74.429212115392133, 31.609376516924929 ], [ 74.429211661929457, 31.609376346872907 ], [ 74.429211181898282, 31.609376243176023 ], [ 74.429210688454546, 31.609376208676192 ], [ 74.42921019512174, 31.60937624431897 ], [ 74.429209715420299, 31.609376349127462 ], [ 74.429209262497125, 31.609376520229297 ], [ 74.429208848765185, 31.609376752935191 ], [ 74.429208485563336, 31.609377040867496 ], [ 74.429208182845656, 31.609377376135058 ], [ 74.429207948908498, 31.609377749549417 ], [ 74.429207790163261, 31.60937815087664 ], [ 74.429207710960569, 31.609378569117794 ], [ 74.429207713471072, 31.609378992810441 ], [ 74.429207797625949, 31.609379410342669 ], [ 74.429248996166919, 31.609485546630619 ], [ 74.429294412954306, 31.609590414746453 ], [ 74.429343994843677, 31.609693891946186 ], [ 74.429344244970451, 31.609694167379416 ], [ 74.429344546321005, 31.609694402271291 ], [ 74.429344890065877, 31.609694589739579 ], [ 74.429345266133481, 31.609694724291536 ], [ 74.429345663505174, 31.609694801984816 ], [ 74.42934607053806, 31.60969482054303 ], [ 74.429346475306275, 31.609694779422441 ], [ 74.429346865950222, 31.609694679827861 ], [ 74.429347231024195, 31.609694524677394 ], [ 74.429347559831641, 31.609694318516869 ], [ 74.429347842738608, 31.609694067386727 ], [ 74.429348071456033, 31.609693778644992 ], [ 74.429348239282575, 31.609693460751703 ], [ 74.429348341300994, 31.609693123021003 ], [ 74.429298517689929, 31.60958969956738 ], [ 74.429253577483891, 31.609484650346367 ], [ 74.429213592878156, 31.60937814415562 ] ] } },
{ "type": "Feature", "properties": { "Id": 0 }, "geometry": { "type": "LineString", "coordinates": [ [ 74.429329421700814, 31.609365310164627 ], [ 74.429329309491806, 31.609364831652456 ], [ 74.42932910287476, 31.60936437675818 ], [ 74.429328807995944, 31.609363959013496 ], [ 74.429328433627106, 31.609363590845081 ], [ 74.429327990904596, 31.609363283204836 ], [ 74.429327492998098, 31.609363045244127 ], [ 74.429326954718817, 31.609362884041573 ], [ 74.429326392078949, 31.609362804392489 ], [ 74.429325821815354, 31.60936280866617 ], [ 74.42932526089163, 31.609362896735473 ], [ 74.429324725993624, 31.609363065980631 ], [ 74.429324233032915, 31.609363311367105 ], [ 74.429323796673614, 31.609363625595371 ], [ 74.429323429896087, 31.609363999318099 ], [ 74.429323143610887, 31.609364421418121 ], [ 74.429322946334125, 31.609364879339285 ], [ 74.429322843934202, 31.609365359459758 ], [ 74.429322839457214, 31.609365847497426 ], [ 74.429322933036332, 31.609366328934616 ], [ 74.429323121887847, 31.609366789450036 ], [ 74.429350703973071, 31.609452352700174 ], [ 74.429384764028555, 31.609536189518703 ], [ 74.429425156311794, 31.609617941126491 ], [ 74.429471707980184, 31.609697257667094 ], [ 74.429472172229836, 31.609697511822588 ], [ 74.429472679552646, 31.609697696064838 ], [ 74.429473215702174, 31.609697805220019 ], [ 74.429473765622404, 31.60969783622285 ], [ 74.429474313870671, 31.609697788202741 ], [ 74.429474845051232, 31.609697662508175 ], [ 74.429475344247635, 31.609697462668855 ], [ 74.429475797441626, 31.609697194296608 ], [ 74.429476191906744, 31.609696864927773 ], [ 74.429476516565742, 31.609696483811607 ], [ 74.429476762301661, 31.609696061650471 ], [ 74.429476922213794, 31.609695610299362 ], [ 74.429476991811583, 31.609695142432987 ], [ 74.42947696914058, 31.609694671189803 ], [ 74.429476854837432, 31.609694209803131 ], [ 74.429429836379654, 31.609615559143379 ], [ 74.429389461300133, 31.609534250195484 ], [ 74.429355933344397, 31.609450693305856 ], [ 74.429329421700814, 31.609365310164627 ] ] } },
{ "type": "Feature", "properties": { "Id": 0 }, "geometry": { "type": "LineString", "coordinates": [ [ 74.429574384099709, 31.609836740176075 ], [ 74.429574123319483, 31.609836400415503 ], [ 74.429573800240476, 31.60983610242662 ], [ 74.429573423831741, 31.609835854481961 ], [ 74.42957300454286, 31.609835663464789 ], [ 74.429572554013816, 31.609835534677966 ], [ 74.42957208475184, 31.609835471696776 ], [ 74.429571609784233, 31.609835476269648 ], [ 74.429571142296666, 31.609835548269654 ], [ 74.429570695267174, 31.609835685697952 ], [ 74.429570281105867, 31.609835884739383 ], [ 74.429569911310352, 31.609836139868317 ], [ 74.429569596146621, 31.609836444002049 ], [ 74.429569344363998, 31.609836788697468 ], [ 74.429569162952276, 31.609837164385382 ], [ 74.429569056947699, 31.609837560636244 ], [ 74.429569029293063, 31.609837966449632 ], [ 74.429569080756082, 31.609838370559672 ], [ 74.429569209908109, 31.609838761747756 ], [ 74.429569413163705, 31.609839129154047 ], [ 74.429569684880263, 31.609839462578872 ], [ 74.429570017514578, 31.60983975276595 ], [ 74.429616714782114, 31.60989259543933 ], [ 74.429667143210651, 31.609942864089327 ], [ 74.429764450393762, 31.610029850660904 ], [ 74.429867388999497, 31.610111952935764 ], [ 74.429951583377516, 31.610167424848715 ], [ 74.430039866623119, 31.610218027530525 ], [ 74.430134420642659, 31.610263636219941 ], [ 74.43023183929725, 31.610304592250422 ], [ 74.43032225420653, 31.610336769154113 ], [ 74.43041415357429, 31.610365702628837 ], [ 74.430496300718502, 31.610388249697369 ], [ 74.430496760479613, 31.610388381493951 ], [ 74.430497239398193, 31.610388446301858 ], [ 74.430497724244802, 31.610388442330869 ], [ 74.430498201626321, 31.610388369690696 ], [ 74.430498658355745, 31.610388230387887 ], [ 74.430499081816606, 31.610388028270485 ], [ 74.430499460311438, 31.610387768921704 ], [ 74.43049978338486, 31.610387459505663 ], [ 74.43050004211247, 31.610387108569508 ], [ 74.430500229347274, 31.610386725807327 ], [ 74.430500339917202, 31.610386321792401 ], [ 74.430500370767902, 31.610385907685021 ], [ 74.430500321047219, 31.610385494924287 ], [ 74.430500192128562, 31.610385094912129 ], [ 74.430499987573171, 31.610384718698239 ], [ 74.430499713031523, 31.610384376675032 ], [ 74.430499376087482, 31.610384078290348 ], [ 74.430498986048605, 31.610383831786656 ], [ 74.430498553689148, 31.610383643973229 ], [ 74.430498090952398, 31.610383520038152 ], [ 74.430414696163993, 31.610359244628512 ], [ 74.430322895159577, 31.610331484543629 ], [ 74.430233130222973, 31.610299214325675 ], [ 74.430135289869327, 31.610258514791617 ], [ 74.430040908555597, 31.610212217802015 ], [ 74.429953874228488, 31.610161528545159 ], [ 74.429870441330337, 31.610106582876814 ], [ 74.429800697381253, 31.610053304971917 ], [ 74.429733725260462, 31.609997483176986 ], [ 74.429669651544216, 31.609939222998584 ], [ 74.429619991890561, 31.609889360888939 ], [ 74.429574384099709, 31.609836740176075 ] ] } },
{ "type": "Feature", "properties": { "Id": 0 }, "geometry": { "type": "LineString", "coordinates": [ [ 74.430664922855769, 31.609634596594557 ], [ 74.430664831824899, 31.609634222014723 ], [ 74.430664669604695, 31.609633865495674 ], [ 74.430664440670029, 31.609633536872131 ], [ 74.430664151336146, 31.609633245209263 ], [ 74.430663809584459, 31.60963299855273 ], [ 74.43066342484228, 31.609632803706607 ], [ 74.430663007722885, 31.60963266604584 ], [ 74.430662569732647, 31.609632589367823 ], [ 74.430662122953706, 31.60963257578776 ], [ 74.430661679710624, 31.609632625680256 ], [ 74.430661252230436, 31.609632737669017 ], [ 74.430660852305294, 31.609632908664757 ], [ 74.430660490967327, 31.609633133950535 ], [ 74.430660178184155, 31.609633407311748 ], [ 74.430659922584013, 31.609633721207629 ], [ 74.43065973121773, 31.609634066979226 ], [ 74.430659609364241, 31.609634435088335 ], [ 74.430656265110059, 31.61003363971642 ], [ 74.430656338786477, 31.610279943566056 ], [ 74.430656617931064, 31.610280274127376 ], [ 74.430656958845958, 31.610280559117658 ], [ 74.430657351547609, 31.610280790191073 ], [ 74.430657784535896, 31.610280960580734 ], [ 74.430658245130914, 31.610281065296842 ], [ 74.430658719844303, 31.610281101272815 ], [ 74.430659194774293, 31.610281067455109 ], [ 74.430659656012693, 31.610280964834072 ], [ 74.430660090052356, 31.610280796414923 ], [ 74.430660484182567, 31.610280567129749 ], [ 74.430660826861399, 31.610280283693079 ], [ 74.430661108053613, 31.61027995440524 ], [ 74.430661319524603, 31.610279588909325 ], [ 74.430662180103553, 31.610164648949638 ], [ 74.430663926624618, 31.609844598894696 ], [ 74.430664922855769, 31.609634596594557 ] ] } },
{ "type": "Feature", "properties": { "Id": 0 }, "geometry": { "type": "LineString", "coordinates": [ [ 74.431111324107604, 31.60963699902263 ], [ 74.431111267832534, 31.609636642408049 ], [ 74.431111142514126, 31.609636298909439 ], [ 74.431110951697633, 31.609635978244302 ], [ 74.431110700781218, 31.609635689484229 ], [ 74.431110396863275, 31.609635440798172 ], [ 74.431110048541598, 31.609635239221461 ], [ 74.431109665670164, 31.609635090456646 ], [ 74.43110925908033, 31.609634998712281 ], [ 74.43110884027449, 31.60963496658378 ], [ 74.431108421100589, 31.609634994980073 ], [ 74.431108013416988, 31.60963508309781 ], [ 74.431107628757019, 31.609635228444183 ], [ 74.431107278002642, 31.609635426907335 ], [ 74.431106971076645, 31.609635672872805 ], [ 74.43110671666193, 31.609635959382228 ], [ 74.43110652195584, 31.609636278330317 ], [ 74.431106392466603, 31.609636620694058 ], [ 74.431106331857436, 31.609636976788057 ], [ 74.431103207150429, 31.61028321166992 ], [ 74.431103305551943, 31.610283562036841 ], [ 74.431103470942446, 31.610283893420078 ], [ 74.431103698676708, 31.610284196512303 ], [ 74.431103982358493, 31.610284462800731 ], [ 74.431104314020189, 31.610284684806281 ], [ 74.431104684346622, 31.610284856293582 ], [ 74.431105082936668, 31.610284972446212 ], [ 74.431105498595315, 31.610285030001847 ], [ 74.431105919648246, 31.610285027343934 ], [ 74.431106334269558, 31.610284964547152 ], [ 74.431106730814065, 31.610284843375226 ], [ 74.431107098144224, 31.610284667231458 ], [ 74.431107425943082, 31.610284441063065 ], [ 74.43110770500391, 31.610284171222318 ], [ 74.43110792748891, 31.610283865288086 ], [ 74.431108087149283, 31.610283531852936 ], [ 74.431108179500725, 31.610283180281897 ], [ 74.431108201949428, 31.610282820449328 ], [ 74.431111324107604, 31.609636999022623 ] ] } },
{ "type": "Feature", "properties": { "Id": 0 }, "geometry": { "type": "LineString", "coordinates": [ [ 74.429495493860927, 31.609902482242862 ], [ 74.429494970418119, 31.609902148567752 ], [ 74.42949438889967, 31.609901894913499 ], [ 74.429493765843958, 31.609901728493991 ], [ 74.429493118970683, 31.609901654042218 ], [ 74.429492466676919, 31.609901673675608 ], [ 74.4294918275139, 31.609901786835778 ], [ 74.429491219659411, 31.609901990304422 ], [ 74.429490660400845, 31.609902278294925 ], [ 74.4294901656435, 31.609902642616841 ], [ 74.429489749458256, 31.60990307290885 ], [ 74.42948942368146, 31.609903556933435 ], [ 74.429489197578164, 31.609904080924945 ], [ 74.429489077578779, 31.609904629981077 ], [ 74.429489067096071, 31.609905188486671 ], [ 74.429489166428169, 31.609905740557831 ], [ 74.429489372750098, 31.609906270493646 ], [ 74.42948968019401, 31.609906763222753 ], [ 74.429555295857554, 31.609981688487299 ], [ 74.429626722812259, 31.610052614705541 ], [ 74.429703629268047, 31.610119212400537 ], [ 74.4297856579783, 31.610181172202083 ], [ 74.42985850445487, 31.610230611458455 ], [ 74.429934397332673, 31.610276572150742 ], [ 74.430013110073418, 31.610318917084811 ], [ 74.430094407720446, 31.610357519859402 ], [ 74.430197831751613, 31.610399502633499 ], [ 74.430303733963811, 31.610436686462815 ], [ 74.430411810574782, 31.610468964683772 ], [ 74.430474837770461, 31.610485363034783 ], [ 74.430539426418321, 31.610496452118475 ], [ 74.430539907624976, 31.610496424908931 ], [ 74.430540376052349, 31.61049632678499 ], [ 74.430540817541612, 31.610496160712543 ], [ 74.430541218748218, 31.610495931711359 ], [ 74.430541567545205, 31.61049564670326 ], [ 74.430541853389755, 31.61049531430298 ], [ 74.430542067641852, 31.61049494455775 ], [ 74.430542203825482, 31.610494548643519 ], [ 74.430542257824314, 31.610494138527333 ], [ 74.430542228006161, 31.610493726605434 ], [ 74.430542115272345, 31.61049332532869 ], [ 74.430541923030361, 31.61049294682616 ], [ 74.43054165709097, 31.610492602538564 ], [ 74.430541325492499, 31.610492302872419 ], [ 74.430540938257934, 31.610492056885484 ], [ 74.430540507091933, 31.610491872013039 ], [ 74.430540045027001, 31.610491753843078 ], [ 74.430539566029623, 31.610491705947442 ], [ 74.430475551741722, 31.610479423519934 ], [ 74.4304128060446, 31.61046303361222 ], [ 74.430305034428372, 31.610431075860699 ], [ 74.430199545314409, 31.610393957231828 ], [ 74.430096675842805, 31.610351796356792 ], [ 74.430015173890183, 31.610314068619594 ], [ 74.429936567598546, 31.610272081405565 ], [ 74.429861160526045, 31.610225996861246 ], [ 74.429789243874779, 31.610175992956037 ], [ 74.429722379397248, 31.610128105563547 ], [ 74.429659311721394, 31.610076583666636 ], [ 74.429600310069802, 31.610021647206764 ], [ 74.429545626306322, 31.609963530701435 ], [ 74.429495493860927, 31.609902482242862 ] ] } },
{ "type": "Feature", "properties": { "Id": 0 }, "geometry": { "type": "LineString", "coordinates": [ [ 74.434971426495693, 31.607422870318981 ], [ 74.434963563379242, 31.607422835537001 ], [ 74.434929412999608, 31.607533952091845 ], [ 74.434891849163506, 31.607644258920637 ], [ 74.434846246099156, 31.607750102763028 ], [ 74.434796219062676, 31.607854472578072 ], [ 74.434757759807212, 31.607924405833785 ], [ 74.434715570459673, 31.607992745640903 ], [ 74.434629857037393, 31.608123644655816 ], [ 74.43453786762403, 31.608251385512837 ], [ 74.434531777530424, 31.608266290869931 ], [ 74.434528463670162, 31.608281824425092 ], [ 74.434528006317578, 31.608297609902849 ], [ 74.434530416552718, 31.608313264925116 ], [ 74.434533033065492, 31.608317991414658 ], [ 74.434536481620157, 31.608322309242805 ], [ 74.434540677237962, 31.608326112010186 ], [ 74.434545516531131, 31.608329306009512 ], [ 74.434550880250455, 31.608331812534647 ], [ 74.43455663622386, 31.608333569820122 ], [ 74.434927703945164, 31.608327283574731 ], [ 74.434934158910252, 31.608324369299332 ], [ 74.434939996733974, 31.60832062104619 ], [ 74.4349450715888, 31.608316132445928 ], [ 74.434949256705991, 31.608311015622832 ], [ 74.434952447542358, 31.608305398394073 ], [ 74.434954564391674, 31.60829942107685 ], [ 74.434955554375719, 31.60829323298319 ], [ 74.434964221993695, 31.608146924696513 ], [ 74.434965923341579, 31.6080004357188 ], [ 74.434967539510353, 31.607732835757087 ], [ 74.434970128208576, 31.607602990902752 ], [ 74.434970336643403, 31.60747312726917 ], [ 74.434971426495693, 31.607422870318977 ] ] } },
{ "type": "Feature", "properties": { "Id": 0 }, "geometry": { "type": "LineString", "coordinates": [ [ 74.428703177267806, 31.609869465013642 ], [ 74.428696272316969, 31.609871313446607 ], [ 74.428689809713234, 31.609874095847246 ], [ 74.428683960695665, 31.609877738097598 ], [ 74.428678879762785, 31.609882145253817 ], [ 74.428674701520961, 31.609887199727776 ], [ 74.42867153748324, 31.609892767588079 ], [ 74.428669470781728, 31.60989870124315 ], [ 74.428668557205228, 31.609904842152549 ], [ 74.428668819873181, 31.609911029825145 ], [ 74.428670252420147, 31.609917098224695 ], [ 74.428690517790073, 31.609948385706563 ], [ 74.428786250435067, 31.610108893209635 ], [ 74.428894526284523, 31.610252559113309 ], [ 74.428991379278003, 31.610362101659653 ], [ 74.429042495731636, 31.610415928129083 ], [ 74.429130589883187, 31.610494803879099 ], [ 74.42927078467072, 31.610612962106405 ], [ 74.429399425192699, 31.610703822534013 ], [ 74.429532982239579, 31.610782875832978 ], [ 74.429554997649618, 31.610795917352597 ], [ 74.429656749382289, 31.610849540252826 ], [ 74.429743805032416, 31.61089122339212 ], [ 74.429833491016652, 31.610928598402207 ], [ 74.42985629633975, 31.610936763308192 ], [ 74.429936727668704, 31.610971376661922 ], [ 74.430020054858076, 31.611000544784446 ], [ 74.430105775467041, 31.611024091798736 ], [ 74.430193372621702, 31.611041875721604 ], [ 74.430282318131987, 31.611053789319847 ], [ 74.430372075676686, 31.611059760756955 ], [ 74.430462104037744, 31.611059754026304 ], [ 74.430497047018591, 31.611058572747393 ], [ 74.430531560919519, 31.611053754516181 ], [ 74.430545587635478, 31.611050134205652 ], [ 74.430558811287597, 31.611044736555979 ], [ 74.430570927484723, 31.611037687422883 ], [ 74.430581654803731, 31.611029149755446 ], [ 74.430590748521908, 31.611019319146227 ], [ 74.430592830946424, 31.610778009006545 ], [ 74.43058969243458, 31.610587147374275 ], [ 74.430589247884072, 31.610581548944044 ], [ 74.430587698645255, 31.610576097161491 ], [ 74.430585088039905, 31.610570949205375 ], [ 74.430581494217392, 31.610566256094156 ], [ 74.430577020716058, 31.610562154524029 ], [ 74.430571797545014, 31.610558762362619 ], [ 74.430565976961589, 31.610556179532434 ], [ 74.430559727190115, 31.610554480765128 ], [ 74.430553232421929, 31.610553715601466 ], [ 74.430432314796519, 31.61052927494724 ], [ 74.430312934309057, 31.610499816591549 ], [ 74.430182365296943, 31.610454938052907 ], [ 74.430054805605536, 31.610404113670025 ], [ 74.429970500973056, 31.610363264938279 ], [ 74.429888661593452, 31.610318897684088 ], [ 74.429809487129546, 31.610271118362792 ], [ 74.429725944716068, 31.610212667021994 ], [ 74.429646542010275, 31.610150131733899 ], [ 74.429571552859471, 31.610083727554365 ], [ 74.429501232061099, 31.610013681183222 ], [ 74.42946384007422, 31.609971019775397 ], [ 74.429429727207463, 31.609926390834911 ], [ 74.429399035713601, 31.609879978149767 ], [ 74.429399131677258, 31.609878936518474 ], [ 74.429399031552464, 31.609877894913428 ], [ 74.429398739390976, 31.609876880419218 ], [ 74.429398261363929, 31.609875918325471 ], [ 74.429397611022026, 31.609875033954783 ], [ 74.429396802986616, 31.609874249927895 ], [ 74.429395860329208, 31.609873586196599 ], [ 74.429394805083675, 31.609873060001437 ], [ 74.42939366564211, 31.609872683198095 ], [ 74.429392471450853, 31.609872467646898 ], [ 74.429391250946011, 31.609872417985947 ], [ 74.429390037856805, 31.609872535268167 ], [ 74.429218832935646, 31.609876824547221 ], [ 74.429047555689436, 31.609876724892739 ], [ 74.428703177267806, 31.609869465013642 ] ] } },
{ "type": "Feature", "properties": { "Id": 0 }, "geometry": { "type": "LineString", "coordinates": [ [ 74.427630781901613, 31.611146497142744 ], [ 74.427632928218344, 31.610638829263824 ], [ 74.427630291355953, 31.61056452015892 ], [ 74.427631512423176, 31.610490184141465 ], [ 74.427632706036931, 31.610485524548476 ], [ 74.427634753661295, 31.61048108782304 ], [ 74.427637602761109, 31.610476987796396 ], [ 74.427641180238112, 31.610473329661229 ], [ 74.427645394306381, 31.610470207272765 ], [ 74.427650136847291, 31.610467700740813 ], [ 74.427655286183452, 31.610465874374416 ], [ 74.427660710200513, 31.610464775031879 ], [ 74.427666269736775, 31.61046443091854 ], [ 74.427868591310528, 31.610469668710916 ], [ 74.428070971375305, 31.610472847101729 ], [ 74.428075366837774, 31.610474843148381 ], [ 74.428079342437883, 31.610477404067318 ], [ 74.428082799916695, 31.610480466564191 ], [ 74.428085653820901, 31.610483954947899 ], [ 74.428087833614754, 31.610487783001322 ], [ 74.428089285423539, 31.610491856112258 ], [ 74.428095670164112, 31.610552871724071 ], [ 74.428096946350692, 31.611148026643463 ] ] } },
{ "type": "Feature", "properties": { "Id": 0 }, "geometry": { "type": "LineString", "coordinates": [ [ 74.428719467932467, 31.611123440608797 ], [ 74.428726417795545, 31.610614151180762 ], [ 74.428729733887138, 31.610542696840216 ], [ 74.428730858358023, 31.61053726937336 ], [ 74.428732952498663, 31.610532056731181 ], [ 74.428735965665226, 31.610527184973733 ], [ 74.42873982498854, 31.610522771917314 ], [ 74.428744437136515, 31.610518924285124 ], [ 74.428749690571095, 31.610515735126501 ], [ 74.428755458245689, 31.610513281566462 ], [ 74.428761600677646, 31.610511622940731 ], [ 74.428811373977325, 31.610494463492614 ], [ 74.428863264496073, 31.610482767139708 ], [ 74.428916457071296, 31.610476717623314 ], [ 74.428970116086759, 31.610476409976975 ], [ 74.428987305808278, 31.610481506082461 ], [ 74.429003341914338, 31.610488857438547 ], [ 74.429017823413474, 31.610498280220767 ], [ 74.429030388187641, 31.610509538807488 ], [ 74.429129512948137, 31.610594551537524 ], [ 74.429233654145591, 31.610675052406986 ], [ 74.429342531737618, 31.610750824933991 ], [ 74.429455852942667, 31.610821665351512 ], [ 74.42957331302722, 31.610887383155443 ], [ 74.429674687686045, 31.610938380064898 ], [ 74.429778860316361, 31.610985065099097 ], [ 74.429885580694062, 31.611027326118034 ], [ 74.429994592474117, 31.611065061608244 ], [ 74.430088879612313, 31.611081940298096 ], [ 74.430184164806818, 31.611094036763223 ], [ 74.430280117161487, 31.611101308996169 ], [ 74.4303764034631, 31.611103731742514 ], [ 74.430656811368905, 31.611085266325471 ], [ 74.430911878765457, 31.611083629585117 ], [ 74.431166951015783, 31.611084561356268 ] ] } },
{ "type": "Feature", "properties": { "Id": 0 }, "geometry": { "type": "LineString", "coordinates": [ [ 74.430778233765579, 31.611001227427749 ], [ 74.430975446178351, 31.611000003153954 ] ] } },
{ "type": "Feature", "properties": { "Id": 0 }, "geometry": { "type": "LineString", "coordinates": [ [ 74.431163949727704, 31.611016615063445 ], [ 74.431166951015783, 31.611084561356265 ] ] } },
{ "type": "Feature", "properties": { "Id": 0 }, "geometry": { "type": "LineString", "coordinates": [ [ 74.427553950196668, 31.611150010515598 ], [ 74.427554604484371, 31.610732127512005 ], [ 74.427557766343213, 31.610215427824276 ], [ 74.427560812298807, 31.609874525313824 ], [ 74.427517622861075, 31.609873510263327 ] ] } },
{ "type": "Feature", "properties": { "Id": 0 }, "geometry": { "type": "LineString", "coordinates": [ [ 74.427513589908415, 31.609798441341006 ], [ 74.428642105541527, 31.609802147104048 ], [ 74.429210387513692, 31.609798937452748 ], [ 74.429257486614958, 31.609788468612265 ], [ 74.429282518574084, 31.609776258187654 ], [ 74.429295047079691, 31.609768099317265 ], [ 74.429296077115296, 31.609756603131238 ], [ 74.429242085885434, 31.609638068063258 ], [ 74.429200148996543, 31.60954576838397 ], [ 74.429165232578512, 31.609451352328886 ], [ 74.429137481072203, 31.609355210532822 ], [ 74.42911700927344, 31.609257740769447 ], [ 74.42910390185834, 31.609159346305415 ], [ 74.429102797140317, 31.609153659321613 ], [ 74.42910061886532, 31.609148204008559 ], [ 74.429097425874701, 31.609143127729226 ], [ 74.42909330442005, 31.609138567607843 ], [ 74.42908836583328, 31.609134646825762 ], [ 74.429082743519217, 31.609131471294067 ], [ 74.429076589351965, 31.609129126792503 ], [ 74.429070069572418, 31.609127676652449 ], [ 74.429063360297619, 31.609127160046167 ], [ 74.428761442327399, 31.609123637630475 ], [ 74.428459500033711, 31.609122356487205 ], [ 74.427827982781039, 31.609119529189339 ], [ 74.427554873136458, 31.609119554169411 ], [ 74.427559330482168, 31.609332338716488 ] ] } },
{ "type": "Feature", "properties": { "Id": 0 }, "geometry": { "type": "LineString", "coordinates": [ [ 74.429010994585624, 31.609102993815146 ], [ 74.428524269743519, 31.609099134728922 ], [ 74.428146827659774, 31.60909845493174 ], [ 74.427716708017357, 31.60909652857638 ], [ 74.427544105626836, 31.609096428103843 ], [ 74.427544136685938, 31.609098280595244 ], [ 74.427962161453294, 31.609099485424611 ], [ 74.428759462121647, 31.609103880511082 ], [ 74.429010842022151, 31.609105417944313 ], [ 74.42901099458561, 31.609102993815146 ] ] } },
{ "type": "Feature", "properties": { "Id": 0 }, "geometry": { "type": "LineString", "coordinates": [ [ 74.429035480426151, 31.608947308074729 ], [ 74.427558202821899, 31.608942063302738 ], [ 74.427557879054646, 31.608944443420938 ], [ 74.428408854662891, 31.608948226724561 ], [ 74.429035626324932, 31.608949789528459 ], [ 74.429035480426151, 31.608947308074729 ] ] } },
{ "type": "Feature", "properties": { "Id": 0 }, "geometry": { "type": "LineString", "coordinates": [ [ 74.427502323972277, 31.609330473114156 ], [ 74.427499928397069, 31.609019218203485 ], [ 74.427497461670526, 31.60892036608929 ], [ 74.427778197206152, 31.608922675548349 ], [ 74.428196542563015, 31.608925074733317 ], [ 74.428738365315198, 31.608928024838441 ], [ 74.429062736581557, 31.608927372117677 ], [ 74.429076817093716, 31.608925264803744 ], [ 74.429090344778814, 31.608921312692882 ], [ 74.429094065709606, 31.60891919973179 ], [ 74.429097386029838, 31.608916644231872 ], [ 74.429100234494612, 31.608913701027138 ], [ 74.429102549983725, 31.608910433270676 ], [ 74.429104282813185, 31.608906911079554 ], [ 74.429105395801315, 31.608903210030338 ], [ 74.429117321070407, 31.608806922537351 ], [ 74.429137332837527, 31.608711622327593 ], [ 74.429165326769862, 31.608617806139218 ], [ 74.42919348955941, 31.608537310681111 ], [ 74.429227262005526, 31.608458411687202 ], [ 74.429266521657226, 31.608381395194279 ], [ 74.429311126171456, 31.608306540413764 ], [ 74.429314614028286, 31.608301550583057 ], [ 74.429317118266923, 31.608296145471442 ], [ 74.429318573624883, 31.608290465940815 ], [ 74.429318942174461, 31.608284660004657 ], [ 74.429318214311166, 31.608278878970665 ], [ 74.429316409003917, 31.608273273497513 ], [ 74.42931357330076, 31.608267989668597 ], [ 74.42930978110266, 31.60826316518499 ], [ 74.429305131237669, 31.608258925776784 ], [ 74.429299744885242, 31.608255381926501 ], [ 74.429293762418325, 31.608252625989859 ], [ 74.428393581279835, 31.608247738649585 ], [ 74.42754458790624, 31.608246565361988 ], [ 74.427539312348813, 31.60824637365506 ], [ 74.427534149890874, 31.608245424236053 ], [ 74.427529248040713, 31.608243744232954 ], [ 74.427524746860158, 31.608241381648956 ], [ 74.427520774962559, 31.608238403990768 ], [ 74.427517445837978, 31.608234896339823 ], [ 74.427514854610223, 31.608230958921094 ], [ 74.427513075319013, 31.608226704239492 ], [ 74.42751215880439, 31.608222253865051 ], [ 74.427512131254005, 31.608217734959428 ], [ 74.427513234309643, 31.607610299724264 ], [ 74.427507682274083, 31.607450939601968 ], [ 74.427506216475749, 31.607445560893186 ], [ 74.427503703199676, 31.607440473876384 ], [ 74.427500215668317, 31.607435826757687 ], [ 74.427495855488203, 31.607431754927138 ], [ 74.427490749689753, 31.607428377014212 ], [ 74.427485047026337, 31.607425791431659 ], [ 74.427478913640357, 31.607424073508291 ], [ 74.427472528223063, 31.607423273294394 ], [ 74.427466076808315, 31.60742341410355 ], [ 74.426705576731223, 31.607418425901802 ], [ 74.425843050566769, 31.60742138662491 ] ] } },
{ "type": "Feature", "properties": { "Id": 0 }, "geometry": { "type": "LineString", "coordinates": [ [ 74.425839040809393, 31.607374051068287 ], [ 74.426152323306198, 31.607377561858865 ], [ 74.426151499137148, 31.607363699376204 ], [ 74.426673334292545, 31.607366757650244 ], [ 74.427193653637175, 31.607368566224128 ], [ 74.427431751215309, 31.607369807830114 ], [ 74.427431278287884, 31.607364852720522 ], [ 74.427190481318036, 31.607363342442621 ], [ 74.426674428268583, 31.607360663855694 ], [ 74.426148782136778, 31.607357967006017 ], [ 74.425836226030526, 31.607356225993524 ] ] } },
{ "type": "Feature", "properties": { "Id": 0 }, "geometry": { "type": "LineString", "coordinates": [ [ 74.427660828234579, 31.607365433533843 ], [ 74.427660318548163, 31.607365503413906 ], [ 74.427659830434905, 31.607365647112683 ], [ 74.427659378376731, 31.607365860366802 ], [ 74.427658975785832, 31.607366136849137 ], [ 74.427658634606743, 31.607366468356716 ], [ 74.427658364962014, 31.607366845053985 ], [ 74.427658174851757, 31.607367255764622 ], [ 74.427658069916376, 31.607367688303196 ], [ 74.427658053269241, 31.607368129836615 ], [ 74.42765812540425, 31.607368567264945 ], [ 74.427658284181206, 31.607368987610087 ], [ 74.427658524889367, 31.607369378400701 ], [ 74.427658840387068, 31.607369728042347 ], [ 74.427659221313803, 31.607370026161455 ], [ 74.427659656367723, 31.607370263913069 ], [ 74.427660132641179, 31.607370434243293 ], [ 74.427660636003509, 31.607370532098571 ], [ 74.428340341854081, 31.607374954028849 ], [ 74.428340865570505, 31.607374848807574 ], [ 74.428341360808517, 31.607374669014984 ], [ 74.428341813187544, 31.607374419871821 ], [ 74.428342209571554, 31.607374108612635 ], [ 74.428342538450437, 31.607373744275723 ], [ 74.428342790274314, 31.607373337440539 ], [ 74.428342957730791, 31.607372899920676 ], [ 74.42834303595734, 31.607372444420708 ], [ 74.428343022682398, 31.607371984167315 ], [ 74.428342918291477, 31.607371532525196 ], [ 74.428342725815838, 31.607371102609005 ], [ 74.428342450844553, 31.607370706902525 ], [ 74.428342101362119, 31.607370356896173 ], [ 74.428341687516735, 31.607370062753343 ], [ 74.428341221325525, 31.607369833015238 ], [ 74.428340716325607, 31.607369674352949 ], [ 74.428000761045666, 31.607368871815851 ], [ 74.427660828234579, 31.607365433533843 ] ] } },
{ "type": "Feature", "properties": { "Id": 0 }, "geometry": { "type": "LineString", "coordinates": [ [ 74.428821811353359, 31.607372532148084 ], [ 74.428821360911897, 31.607372651694281 ], [ 74.428820940307403, 31.607372834250473 ], [ 74.428820561474595, 31.607373074636623 ], [ 74.428820235162917, 31.60737336603173 ], [ 74.428819970631466, 31.607373700167454 ], [ 74.428819775386359, 31.607374067562631 ], [ 74.428819654967697, 31.607374457792403 ], [ 74.428819612792395, 31.607374859783956 ], [ 74.42881965005715, 31.60737526213072 ], [ 74.428819765704588, 31.60737565341606 ], [ 74.428819956453211, 31.607376022537256 ], [ 74.428820216890486, 31.607376359020407 ], [ 74.428820539626486, 31.607376653317768 ], [ 74.428820915503536, 31.607376897078645 ], [ 74.428821333856106, 31.607377083386282 ], [ 74.428821782813372, 31.607377206954173 ], [ 74.42929143944545, 31.607379758239766 ], [ 74.429386009556694, 31.607381079468283 ], [ 74.429480251342255, 31.60738794613912 ], [ 74.429573721363781, 31.60740032594256 ], [ 74.429665979813919, 31.607418160627741 ], [ 74.429756592585463, 31.60744136627676 ], [ 74.429836195877215, 31.607467994004526 ], [ 74.429920548219144, 31.607499719103625 ], [ 74.430001376316326, 31.607537572241934 ], [ 74.430078073758722, 31.607581269429922 ], [ 74.430129978075357, 31.607611218945927 ], [ 74.430130445363105, 31.607611329350995 ], [ 74.430130927807596, 31.607611369923024 ], [ 74.430131411268235, 31.607611339472832 ], [ 74.430131881574624, 31.607611238892918 ], [ 74.430132324941965, 31.607611071131316 ], [ 74.430132728375014, 31.607610841105149 ], [ 74.430133080049046, 31.607610555556576 ], [ 74.430133369656389, 31.607610222855111 ], [ 74.430133588708557, 31.607609852752315 ], [ 74.430133730785073, 31.607609456096029 ], [ 74.430133791721616, 31.607609044512337 ], [ 74.430133769732151, 31.607608630064906 ], [ 74.43013366546117, 31.607608224901295 ], [ 74.430133481964901, 31.607607840896989 ], [ 74.43013322462167, 31.607607489307252 ], [ 74.4301329009743, 31.607607180437288 ], [ 74.430132520508948, 31.607606923340168 ], [ 74.430080621440993, 31.607576112458943 ], [ 74.430002982246464, 31.607533928462185 ], [ 74.429922236180033, 31.607496257923771 ], [ 74.429838740944888, 31.607463267721535 ], [ 74.429756985105683, 31.607436415038485 ], [ 74.429666172815274, 31.607413361607584 ], [ 74.429573730831194, 31.60739567776421 ], [ 74.429480092088085, 31.607383446326992 ], [ 74.429385695124665, 31.60737672457924 ], [ 74.429290982030182, 31.60737554400075 ], [ 74.428821811353359, 31.607372532148084 ] ] } },
{ "type": "Feature", "properties": { "Id": 0 }, "geometry": { "type": "LineString", "coordinates": [ [ 74.426232859427515, 31.606974916555448 ], [ 74.426232340300444, 31.60697505298041 ], [ 74.426231855384785, 31.606975262195274 ], [ 74.426231418499938, 31.606975538237702 ], [ 74.426231042096376, 31.606975873240959 ], [ 74.426230736901047, 31.606976257657948 ], [ 74.42623051161155, 31.606976680533393 ], [ 74.426230372648263, 31.606977129815984 ], [ 74.426230323971438, 31.606977592701909 ], [ 74.426230366968284, 31.606978055999594 ], [ 74.426230500413467, 31.606978506505815 ], [ 74.426230720504009, 31.606978931381814 ], [ 74.426231020967649, 31.606979318519301 ], [ 74.426231393241679, 31.606979656885461 ], [ 74.42623182671683, 31.606979936837373 ], [ 74.426232309039776, 31.606980150396858 ], [ 74.426232826465025, 31.60698029147779 ], [ 74.42679979665445, 31.606984032105746 ], [ 74.427203954268066, 31.606986518022222 ], [ 74.427409180377779, 31.606987438128694 ], [ 74.427409662243861, 31.606987346077368 ], [ 74.427410118679873, 31.606987184986618 ], [ 74.427410536289699, 31.606986959584393 ], [ 74.427410902816746, 31.606986676486088 ], [ 74.427411207503667, 31.6069863440005 ], [ 74.427411441408097, 31.606985971885837 ], [ 74.427411597665071, 31.606985571063476 ], [ 74.427411671688546, 31.606985153297288 ], [ 74.427411661305996, 31.60698473084846 ], [ 74.427411566822101, 31.606984316115614 ], [ 74.427411391009969, 31.606983921270871 ], [ 74.42741113902953, 31.606983557902751 ], [ 74.427410818276272, 31.60698323667582 ], [ 74.427410438164117, 31.606982967017931 ], [ 74.427410009849112, 31.606982756843351 ], [ 74.427409545902023, 31.606982612320614 ], [ 74.42740905993945, 31.606982537691316 ], [ 74.427408566224088, 31.606982535145836 ], [ 74.427202882277953, 31.606981802491116 ], [ 74.426797530652834, 31.606979122784466 ], [ 74.426515176723342, 31.606978819902491 ], [ 74.426232859427515, 31.606974916555448 ] ] } },
{ "type": "Feature", "properties": { "Id": 0 }, "geometry": { "type": "LineString", "coordinates": [ [ 74.427644157178364, 31.606984280095631 ], [ 74.427643674635775, 31.606984311765636 ], [ 74.427643205525357, 31.606984413577141 ], [ 74.427642763661993, 31.606984582531879 ], [ 74.427642362058165, 31.606984813654257 ], [ 74.427642012540772, 31.606985100137969 ], [ 74.427641725402751, 31.606985433546292 ], [ 74.427641509100084, 31.606985804060656 ], [ 74.427641370002704, 31.606986200769736 ], [ 74.427641312206873, 31.60698661199082 ], [ 74.42764133741467, 31.606987025613794 ], [ 74.427641444883719, 31.606987429457842 ], [ 74.427641631449148, 31.606987811630106 ], [ 74.427641891616801, 31.60698816087595 ], [ 74.427642217724951, 31.606988466910416 ], [ 74.427642600170017, 31.606988720721017 ], [ 74.427643027689314, 31.606988914833309 ], [ 74.427643487692777, 31.606989043530803 ], [ 74.427643966633724, 31.606989103023505 ], [ 74.428343429568045, 31.606993156905371 ], [ 74.428343852398172, 31.606993167492256 ], [ 74.428344271461611, 31.606993118149177 ], [ 74.428344675241149, 31.606993010232205 ], [ 74.428345052639614, 31.606992846707268 ], [ 74.428345393284829, 31.606992632068565 ], [ 74.428345687814755, 31.606992372215085 ], [ 74.428345928134746, 31.606992074288431 ], [ 74.428346107640039, 31.606991746476645 ], [ 74.42834622139722, 31.606991397789006 ], [ 74.428346266279874, 31.60699103780864 ], [ 74.42834624105447, 31.606990676428989 ], [ 74.428346146414313, 31.60699032358194 ], [ 74.428345984960401, 31.606989988964873 ], [ 74.428345761130018, 31.606989681774181 ], [ 74.428345481074757, 31.60698941045246 ], [ 74.428345152491488, 31.606989182456534 ], [ 74.428344784410712, 31.606989004052465 ], [ 74.42834438694851, 31.606988880143373 ], [ 74.428343971028454, 31.606988814134702 ], [ 74.427644157178364, 31.606984280095631 ] ] } },
{ "type": "Feature", "properties": { "Id": 0 }, "geometry": { "type": "LineString", "coordinates": [ [ 74.428820668755421, 31.606992027117467 ], [ 74.428820233744588, 31.606992071851675 ], [ 74.428819813862233, 31.606992178968248 ], [ 74.428819421230273, 31.606992345374767 ], [ 74.428819067183923, 31.606992566267106 ], [ 74.428818761944356, 31.606992835268194 ], [ 74.428818514323808, 31.60699314461198 ], [ 74.428818331471007, 31.60699348536783 ], [ 74.428818218664873, 31.606993847698206 ], [ 74.428818179162079, 31.606994221142703 ], [ 74.428818214103075, 31.606994594920078 ], [ 74.428818322479117, 31.606994958239461 ], [ 74.428818501161416, 31.606995300611942 ], [ 74.42881874499146, 31.60699561215328 ], [ 74.428819046929945, 31.60699588386937 ], [ 74.428819398259975, 31.606996107915833 ], [ 74.428819788838737, 31.6069962778245 ], [ 74.428820207390331, 31.60699638869017 ], [ 74.428820641831251, 31.606996437312155 ], [ 74.429284217283453, 31.606999517186665 ], [ 74.429426862558742, 31.607003815337642 ], [ 74.429492764245978, 31.607007770595267 ], [ 74.429493192451588, 31.607007701573725 ], [ 74.429493600470181, 31.607007570699079 ], [ 74.429493976200916, 31.607007381852707 ], [ 74.429494308500594, 31.60700714063535 ], [ 74.429494587513986, 31.607006854200918 ], [ 74.429494804966268, 31.60700653104433 ], [ 74.429494954408355, 31.607006180749604 ], [ 74.429495031408166, 31.607005813705623 ], [ 74.429495033682088, 31.607005440797998 ], [ 74.429494961162646, 31.607005073086221 ], [ 74.429494816000627, 31.607004721475715 ], [ 74.429494602501151, 31.607004396394395 ], [ 74.429494326996107, 31.607004107483348 ], [ 74.429493997656252, 31.607003863310943 ], [ 74.429493624249019, 31.607003671118733 ], [ 74.429493217848716, 31.607003536606673 ], [ 74.429492790508192, 31.60700346376403 ], [ 74.429426384274038, 31.60699972160015 ], [ 74.429283237081947, 31.606995205858734 ], [ 74.428820668755435, 31.606992027117478 ] ] } },
{ "type": "Feature", "properties": { "Id": 0 }, "geometry": { "type": "LineString", "coordinates": [ [ 74.429677207437109, 31.607023970040732 ], [ 74.429676708422292, 31.607023916520795 ], [ 74.429676205954294, 31.607023934724992 ], [ 74.429675714010017, 31.607024024146966 ], [ 74.429675246273604, 31.607024182299305 ], [ 74.429674815755831, 31.607024404782763 ], [ 74.429674434432215, 31.607024685408636 ], [ 74.429674112909808, 31.607025016370908 ], [ 74.429673860132269, 31.607025388463359 ], [ 74.429673683130943, 31.60702579133569 ], [ 74.429673586829395, 31.60702621378141 ], [ 74.429673573906427, 31.607026644049583 ], [ 74.429673644721476, 31.607027070171636 ], [ 74.429673797304716, 31.607027480294345 ], [ 74.429674027411863, 31.607027863009581 ], [ 74.429674328642093, 31.607028207671501 ], [ 74.429674692616274, 31.607028504692856 ], [ 74.429675109209896, 31.607028745811533 ], [ 74.429675566834817, 31.607028924320488 ], [ 74.429777043171498, 31.607050784498927 ], [ 74.429876989658027, 31.60707730938703 ], [ 74.429975113767441, 31.607108421351302 ], [ 74.430071128305727, 31.60714402933263 ], [ 74.430150133542355, 31.607176219996916 ], [ 74.430226765397975, 31.607212369599107 ], [ 74.430300753322655, 31.607252350513981 ], [ 74.430369747013614, 31.607292244103771 ], [ 74.430435904376225, 31.607335513809016 ], [ 74.430499000142518, 31.607382012297712 ], [ 74.430560397665218, 31.607428573693269 ], [ 74.430616670216423, 31.607479658557242 ], [ 74.430628685056533, 31.607490048789476 ], [ 74.430629286041281, 31.607490162732784 ], [ 74.43062990100708, 31.607490185788549 ], [ 74.43063051133214, 31.607490117258632 ], [ 74.43063109853523, 31.607489959218192 ], [ 74.430631644835259, 31.607489716452854 ], [ 74.430632133689699, 31.607489396313767 ], [ 74.43063255029557, 31.607489008495062 ], [ 74.430632882037614, 31.607488564740308 ], [ 74.430633118870389, 31.60748807848681 ], [ 74.430633253622347, 31.607487564458811 ], [ 74.430633282213066, 31.607487038221596 ], [ 74.430633203776793, 31.607486515710136 ], [ 74.43063302068866, 31.607486012746595 ], [ 74.430632738492747, 31.607485544561218 ], [ 74.430620979204036, 31.607474509426183 ], [ 74.430502303965156, 31.607376643341709 ], [ 74.430438453587243, 31.607330265943968 ], [ 74.430371627953392, 31.607287067634541 ], [ 74.430302042888215, 31.607247187927015 ], [ 74.430228544443423, 31.60720678276471 ], [ 74.430152131264819, 31.607170553848679 ], [ 74.430073126871847, 31.60713865456394 ], [ 74.429976745614056, 31.607103751768875 ], [ 74.429878472163963, 31.607072955244412 ], [ 74.429778545205309, 31.60704633978763 ], [ 74.429677207437109, 31.607023970040732 ] ] } },
{ "type": "Feature", "properties": { "Id": 0 }, "geometry": { "type": "LineString", "coordinates": [ [ 74.427613307170773, 31.607425104400463 ], [ 74.427610551325913, 31.607424342023037 ], [ 74.427607683905165, 31.60742399320144 ], [ 74.42760478898613, 31.607424068163706 ], [ 74.427601951452644, 31.607424564711831 ], [ 74.427599254505921, 31.60742546828617 ], [ 74.42759677722492, 31.607426752392428 ], [ 74.427594592247672, 31.607428379378469 ], [ 74.427592763641385, 31.607430301538333 ], [ 74.42759134502387, 31.607432462511099 ], [ 74.427590377991393, 31.607434798933426 ], [ 74.427589890898986, 31.607437242297497 ], [ 74.427589898029069, 31.607439720959775 ], [ 74.427590399172615, 31.607442162241721 ], [ 74.427595093524332, 31.607823562634771 ], [ 74.427595535929484, 31.607973691996683 ], [ 74.427599399928681, 31.60812378540826 ], [ 74.427610849821065, 31.608138590992123 ], [ 74.427625115604101, 31.608151481645443 ], [ 74.427641768503165, 31.608162069923747 ], [ 74.427660307995353, 31.608170037583129 ], [ 74.427680176853457, 31.608175145145601 ], [ 74.428264379402677, 31.608178812857712 ], [ 74.42848862083261, 31.608176236987614 ], [ 74.428712880797164, 31.608176977277338 ], [ 74.428937092352371, 31.608181033506195 ], [ 74.429363982004787, 31.60818583291897 ], [ 74.429370592875969, 31.608187002381985 ], [ 74.429377338400528, 31.608187226880521 ], [ 74.429384035426992, 31.608186500319064 ], [ 74.429390502120725, 31.608184842424905 ], [ 74.429396562900948, 31.608182298212412 ], [ 74.429428827044134, 31.608152757063436 ], [ 74.429456532542659, 31.608120001784819 ], [ 74.42948756844801, 31.608081772629681 ], [ 74.429523326831131, 31.608046695047797 ], [ 74.429597327545537, 31.607976672837779 ], [ 74.429676046679702, 31.60791052661563 ], [ 74.42975920755211, 31.607848488863862 ], [ 74.429843115645284, 31.607794966435314 ], [ 74.429930114465677, 31.607745189353533 ], [ 74.430019975983299, 31.607699288085264 ], [ 74.430044645067099, 31.607682983034447 ], [ 74.430066388904308, 31.607663870324831 ], [ 74.430068078715081, 31.6076592214032 ], [ 74.430068809246393, 31.607654393048204 ], [ 74.43006855873432, 31.607649529106723 ], [ 74.430067334642288, 31.607644774485799 ], [ 74.430065173438692, 31.607640270835596 ], [ 74.430062139510483, 31.607636152329302 ], [ 74.430058323244836, 31.607632541665819 ], [ 74.429992024650275, 31.607595653811273 ], [ 74.429923490027406, 31.607561891545547 ], [ 74.429852920357604, 31.607531353877057 ], [ 74.429757778357285, 31.607499897238025 ], [ 74.429660690478059, 31.607473147551943 ], [ 74.429561974360865, 31.607451192334828 ], [ 74.429497256414265, 31.607441889061317 ], [ 74.429431963719452, 31.607436248086032 ], [ 74.429366378916129, 31.607434293827584 ], [ 74.429201468697158, 31.607431692159707 ], [ 74.429036531740792, 31.607431137477846 ], [ 74.428666181374851, 31.607429145042673 ], [ 74.428192824332513, 31.607426690468408 ], [ 74.427714745363147, 31.607424885945413 ], [ 74.427613307170773, 31.607425104400463 ] ] } },
{ "type": "Feature", "properties": { "Id": 0 }, "geometry": { "type": "LineString", "coordinates": [ [ 74.430561623748147, 31.60954656225563 ], [ 74.43050193209082, 31.609514246418879 ], [ 74.430446184079187, 31.609477128523444 ], [ 74.430394905318565, 31.609435558528929 ], [ 74.430353504727876, 31.609392665847029 ], [ 74.430316975370616, 31.609346646163793 ], [ 74.430285637754338, 31.609297903264036 ], [ 74.430259766832037, 31.609246864825888 ], [ 74.430239589589917, 31.609193978668202 ], [ 74.430225283055961, 31.609139708821225 ], [ 74.43021786804826, 31.609087137640586 ], [ 74.430216098265547, 31.609034206511623 ], [ 74.430219988511809, 31.608981358482325 ], [ 74.430229506215156, 31.608929035904417 ], [ 74.43024457170074, 31.608877676730785 ], [ 74.430269657581164, 31.608818354120075 ], [ 74.430301957183602, 31.608761644499225 ], [ 74.430341105787178, 31.608708188200268 ], [ 74.430386661338218, 31.608658588819615 ], [ 74.430433648943577, 31.608617984262104 ], [ 74.430485083418688, 31.608581540147252 ], [ 74.430540464042082, 31.608549611260116 ], [ 74.430599251678089, 31.608522508429509 ], [ 74.430633794730113, 31.60851103364876 ], [ 74.430634341528176, 31.608510861760188 ], [ 74.430634846385303, 31.608510613062439 ], [ 74.430635294699925, 31.608510294748392 ], [ 74.430635673505819, 31.608509916024378 ], [ 74.430635971847096, 31.608509487843921 ], [ 74.430636181095053, 31.608509022590976 ], [ 74.430636295197786, 31.608508533721594 ], [ 74.430636310855235, 31.60850803537501 ], [ 74.430636227614514, 31.60850754196446 ], [ 74.430636047883141, 31.608507067760474 ], [ 74.430635776859333, 31.608506626478047 ], [ 74.430635422381727, 31.608506230880032 ], [ 74.430634994702515, 31.608505892408001 ], [ 74.430634506191183, 31.608505620851279 ], [ 74.430633970976515, 31.608505424063878 ], [ 74.430633404538085, 31.608505307737349 ], [ 74.43063282325852, 31.60850527523607 ], [ 74.430584743059157, 31.608521657484086 ], [ 74.430539509869675, 31.608543173869901 ], [ 74.430482213428832, 31.608575155190852 ], [ 74.430429424119325, 31.608612387014421 ], [ 74.43038179574063, 31.608654408225512 ], [ 74.43034362964255, 31.608694025611843 ], [ 74.430309677104034, 31.608736358819669 ], [ 74.43028020057892, 31.608781080619604 ], [ 74.4302554279231, 31.608827845318395 ], [ 74.430238319731103, 31.608867724208899 ], [ 74.430225950522626, 31.608908865894929 ], [ 74.430218443969622, 31.608950859047489 ], [ 74.430209398091549, 31.609008401227101 ], [ 74.430208429584908, 31.609066455914228 ], [ 74.430212341305875, 31.609108682972753 ], [ 74.43022015569754, 31.609150511280369 ], [ 74.430231823491511, 31.609191677089019 ], [ 74.430251939999792, 31.60924928500075 ], [ 74.430279701108006, 31.609304517317174 ], [ 74.430318200771964, 31.609360995690746 ], [ 74.430362827302247, 31.609414069169343 ], [ 74.430409101120802, 31.609455700474019 ], [ 74.430458955214434, 31.609494185551963 ], [ 74.430512098340202, 31.609529299573651 ], [ 74.430535523481865, 31.609543744805475 ], [ 74.430561007960122, 31.609555359310118 ] ] } },
{ "type": "Feature", "properties": { "Id": 0 }, "geometry": { "type": "LineString", "coordinates": [ [ 74.43029970417949, 31.607830122969041 ], [ 74.430295135993276, 31.607827554133362 ], [ 74.430290148986614, 31.607825638979037 ], [ 74.430284869814926, 31.607824426145399 ], [ 74.430279432553675, 31.607823946434848 ], [ 74.430273975293346, 31.607824212030643 ], [ 74.430268636632363, 31.607825216187393 ], [ 74.430263552157072, 31.607826933402485 ], [ 74.430179064119358, 31.607862880280845 ], [ 74.430096855605981, 31.607902509754989 ], [ 74.43001714558423, 31.607945716270713 ], [ 74.429940146367429, 31.607992384746126 ], [ 74.42986692731948, 31.608044869776194 ], [ 74.429797394178621, 31.608100906031073 ], [ 74.429731781758136, 31.608160304281689 ], [ 74.429670311632705, 31.608222863945432 ], [ 74.429613191390075, 31.608288373763543 ], [ 74.429559204341729, 31.608362163566561 ], [ 74.429510523898941, 31.608438609430909 ], [ 74.429467327848428, 31.60851743218765 ], [ 74.429429773950048, 31.608598343987122 ], [ 74.429397999360376, 31.60868104935005 ], [ 74.429372120131674, 31.608765246246534 ], [ 74.429353262567147, 31.60885604505863 ], [ 74.429341964831849, 31.608947758693471 ], [ 74.429338283663299, 31.609039926743421 ], [ 74.429342237563716, 31.609132086518244 ], [ 74.429357727551263, 31.609233752136465 ], [ 74.42938056927845, 31.60933439757158 ], [ 74.429410674489503, 31.609433633845981 ], [ 74.429447926855417, 31.609531077426961 ], [ 74.429481051727208, 31.609599483128072 ], [ 74.429518632239905, 31.609666181017484 ], [ 74.429560548754296, 31.60973095874277 ], [ 74.42960666782534, 31.609793610064408 ], [ 74.429661121619233, 31.609860484345152 ], [ 74.429721193416341, 31.609923737387703 ], [ 74.42978655565598, 31.609983024272886 ], [ 74.429856851926687, 31.610038021708434 ], [ 74.429931698909485, 31.610088429791848 ], [ 74.430017813532416, 31.610141680252649 ], [ 74.430107702693789, 31.610190147437478 ], [ 74.430201004155677, 31.610233636028767 ], [ 74.430297341927314, 31.610271970771851 ], [ 74.430383070780039, 31.610301433793516 ], [ 74.430470663581346, 31.610326562789535 ], [ 74.430559821449691, 31.610347272014963 ], [ 74.430564385350067, 31.61034736313351 ], [ 74.430568912996307, 31.610346863432326 ], [ 74.430573300556603, 31.610345784370992 ], [ 74.430577447411721, 31.610344150695447 ], [ 74.430581258462524, 31.610341999870514 ], [ 74.430584646310805, 31.610339381220726 ], [ 74.430587533263648, 31.610336354799127 ], [ 74.430594343840966, 31.610160027317246 ], [ 74.430597052380278, 31.609983618755432 ], [ 74.43059726713723, 31.609669060163498 ] ] } },
{ "type": "Feature", "properties": { "Id": 0 }, "geometry": { "type": "LineString", "coordinates": [ [ 74.43059726713723, 31.609669060163498 ], [ 74.430597459656298, 31.609611631761052 ], [ 74.430597687301983, 31.609608838503135 ], [ 74.430597347705756, 31.609606053582954 ], [ 74.430596451078131, 31.609603360733079 ], [ 74.43059502437751, 31.609600840917825 ], [ 74.430593110499714, 31.609598569898999 ], [ 74.430590766988161, 31.609596615957955 ], [ 74.430588064303876, 31.609595037842684 ], [ 74.430585083706845, 31.60959388300142 ], [ 74.430581914812919, 31.60959318615609 ], [ 74.430515196242155, 31.609560513125377 ], [ 74.43045266754163, 31.609522249051043 ], [ 74.430394966131203, 31.609478784001954 ], [ 74.430342680218402, 31.609430561065771 ], [ 74.430297285138465, 31.609374591000734 ], [ 74.430258550560637, 31.609315067524701 ], [ 74.43022685295648, 31.609252569182203 ], [ 74.430202500399076, 31.609187703431076 ], [ 74.430185729569118, 31.609121100738061 ], [ 74.430181097154417, 31.609060338779724 ], [ 74.430183109677344, 31.608999471989915 ], [ 74.430191749565481, 31.608939031439608 ], [ 74.430206941422043, 31.608879544479748 ], [ 74.43022855268427, 31.608821530140144 ], [ 74.430256394780358, 31.608765494600885 ], [ 74.430300655587331, 31.608708755427294 ], [ 74.430349991682149, 31.608655169852437 ], [ 74.430404097645578, 31.608605069593359 ], [ 74.430462638532561, 31.608558764791081 ], [ 74.43052525194571, 31.608516542090772 ], [ 74.430591550278663, 31.608478662867451 ], [ 74.430593773430843, 31.608478616226826 ], [ 74.430595955967618, 31.60847825121607 ], [ 74.430598036085073, 31.608477578171364 ], [ 74.43059995487954, 31.608476616151648 ], [ 74.430601658015661, 31.608475392398844 ], [ 74.430603097264935, 31.608473941566551 ], [ 74.430604231871499, 31.608472304738651 ], [ 74.430605029706186, 31.608470528265933 ], [ 74.430605468176367, 31.60846866245361 ], [ 74.430605534865705, 31.608466760136732 ], [ 74.430605227885763, 31.608464875184072 ], [ 74.43060455592942, 31.608463060972685 ], [ 74.430603538024826, 31.608461368876434 ], [ 74.43059397109316, 31.608388514267624 ], [ 74.430582056301418, 31.608315913621738 ], [ 74.430562178559285, 31.608245919916676 ], [ 74.430536982776317, 31.608177191789682 ], [ 74.430506577330547, 31.608110024838638 ], [ 74.430471093005849, 31.608044707946231 ], [ 74.430430682429233, 31.607981522037555 ], [ 74.430382197977849, 31.607916271581541 ], [ 74.430329917945528, 31.607853204182458 ], [ 74.43031572414796, 31.607840788146056 ], [ 74.43029970417949, 31.607830122969041 ] ] } },
{ "type": "Feature", "properties": { "Id": 0 }, "geometry": { "type": "LineString", "coordinates": [ [ 74.431181290504028, 31.608519863731811 ], [ 74.431180811086492, 31.608519785984626 ], [ 74.431180323224766, 31.608519778090166 ], [ 74.4311798407157, 31.608519840271697 ], [ 74.431179377204842, 31.608519970770701 ], [ 74.43117894580044, 31.608520165896611 ], [ 74.43117855870274, 31.608520420131214 ], [ 74.431178226859046, 31.608520726284659 ], [ 74.431177959653979, 31.6085210756988 ], [ 74.431177764644204, 31.608521458492106 ], [ 74.431177647344654, 31.608521863839055 ], [ 74.431177611072641, 31.608522280276262 ], [ 74.43117765685389, 31.608522696026753 ], [ 74.43117778339375, 31.60852309933297 ], [ 74.4311779871136, 31.608523478789255 ], [ 74.431178262252175, 31.608523823664452 ], [ 74.431178601028464, 31.608524124205363 ], [ 74.431178993861764, 31.608524371912605 ], [ 74.431179429642583, 31.608524559780914 ], [ 74.431230674350317, 31.608546232616696 ], [ 74.431278514996379, 31.608573004814296 ], [ 74.431329392786623, 31.608607155905229 ], [ 74.43137643611081, 31.60864512037864 ], [ 74.43141925612494, 31.608686584437159 ], [ 74.431462937689801, 31.608743031888874 ], [ 74.431501580754841, 31.608802109083186 ], [ 74.431523441092892, 31.608844759170999 ], [ 74.431539746689296, 31.60888919229318 ], [ 74.431550303751919, 31.608934880383771 ], [ 74.431560337675464, 31.60899119884526 ], [ 74.431563153635764, 31.609048117206278 ], [ 74.431558718199881, 31.609104959961279 ], [ 74.43154390981401, 31.609173523553157 ], [ 74.431523535330456, 31.609241033098822 ], [ 74.431487628453525, 31.609306061647821 ], [ 74.431444604600372, 31.609367845855296 ], [ 74.431403929464011, 31.609414778830196 ], [ 74.431357790257351, 31.609457851842155 ], [ 74.431306683790098, 31.609496601090601 ], [ 74.431245769836366, 31.609530761937272 ], [ 74.431182889062484, 31.609562204576925 ], [ 74.431182408050574, 31.60956260815616 ], [ 74.431182010708213, 31.609563073667914 ], [ 74.431181707751549, 31.609563588557585 ], [ 74.43118150735117, 31.609564138938833 ], [ 74.431181414911762, 31.609564709968126 ], [ 74.431181432926408, 31.609565286245108 ], [ 74.431181560909238, 31.609565852227853 ], [ 74.431181795408634, 31.609566392652063 ], [ 74.43118213010024, 31.609566892942738 ], [ 74.431182555957619, 31.609567339607306 ], [ 74.43118306149556, 31.609567720599429 ], [ 74.431183633079968, 31.609568025643931 ], [ 74.431184255295477, 31.609568246513899 ], [ 74.431184911361228, 31.609568377252568 ], [ 74.431185583583456, 31.609568414334003 ], [ 74.431186253832621, 31.609568356758107 ], [ 74.431250100348734, 31.609535962708989 ], [ 74.431312096557193, 31.609501035503747 ], [ 74.431402430536735, 31.609429402524995 ], [ 74.431453169569181, 31.60937180425854 ], [ 74.431494544321509, 31.609309140774702 ], [ 74.43153153068333, 31.609244498926824 ], [ 74.431548070834538, 31.609195978060871 ], [ 74.43156031687019, 31.609146533065154 ], [ 74.431568199964872, 31.60909644185908 ], [ 74.431569973319597, 31.609040206873104 ], [ 74.431566399189691, 31.608984034629891 ], [ 74.43155750124248, 31.608928296942565 ], [ 74.431544709539338, 31.608883564887726 ], [ 74.431527916106305, 31.608839812796397 ], [ 74.431507221426187, 31.608797302443016 ], [ 74.431468536514913, 31.60873617976771 ], [ 74.431423601118667, 31.608678273183337 ], [ 74.431379366310267, 31.608638336342882 ], [ 74.431331888444987, 31.608601226924137 ], [ 74.431281413649515, 31.608567137300437 ], [ 74.431232897635368, 31.608541103008616 ], [ 74.431181290504028, 31.608519863731811 ] ] } },
{ "type": "Feature", "properties": { "Id": 0 }, "geometry": { "type": "LineString", "coordinates": [ [ 74.430949910125165, 31.607714960124738 ], [ 74.430946870607656, 31.607715452834249 ], [ 74.430943973200101, 31.607716380578132 ], [ 74.430941302247064, 31.607717716349402 ], [ 74.430938935500933, 31.607719421263347 ], [ 74.430936941858548, 31.607721445689272 ], [ 74.430935379355503, 31.607723730695469 ], [ 74.430934293476923, 31.607726209764571 ], [ 74.430933715833106, 31.607728810730013 ], [ 74.430933663239529, 31.607731457876756 ], [ 74.43093413722724, 31.607734074145398 ], [ 74.430935123998353, 31.60773658337542 ], [ 74.430936594827642, 31.607738912522215 ], [ 74.430985978077899, 31.607823281104071 ], [ 74.431030437936016, 31.607909631902064 ], [ 74.43106986612149, 31.607997754638529 ], [ 74.43110412431038, 31.608086540414075 ], [ 74.431132523207893, 31.608176827767007 ], [ 74.431154973791976, 31.608268333727768 ], [ 74.431171405682448, 31.608360771506678 ], [ 74.431176591313545, 31.608425055499609 ], [ 74.431179570156971, 31.60848944204956 ], [ 74.431179061734028, 31.608491128356853 ], [ 74.431178884390604, 31.608492863269543 ], [ 74.43117904295913, 31.608494599512973 ], [ 74.431179533118794, 31.608496289776156 ], [ 74.431180341513226, 31.608497888001086 ], [ 74.431181446114493, 31.608499350637665 ], [ 74.431182816823295, 31.608500637830474 ], [ 74.431184416289128, 31.608501714504758 ], [ 74.431238291495518, 31.60851808176055 ], [ 74.431289666083174, 31.608539544559289 ], [ 74.431337884507911, 31.608565829034674 ], [ 74.431382331496849, 31.608596599795298 ], [ 74.431422439899265, 31.60863146420413 ], [ 74.431457697923406, 31.608669977388381 ], [ 74.431487655667098, 31.608711647916007 ], [ 74.431522886293891, 31.608764676868386 ], [ 74.431552043655955, 31.608820340826941 ], [ 74.431574861660749, 31.608878131818976 ], [ 74.43159113206562, 31.608937522460092 ], [ 74.431600706378575, 31.608997970766975 ], [ 74.431603497213715, 31.609058925103252 ], [ 74.431598690589396, 31.609121441834567 ], [ 74.431586122013528, 31.609183163513123 ], [ 74.431565934784615, 31.609243386355093 ], [ 74.431538359074409, 31.609301423665947 ], [ 74.431503709303882, 31.609356613670553 ], [ 74.431462380558571, 31.609408327059338 ], [ 74.431414844083989, 31.609455974164216 ], [ 74.431361641912517, 31.609499011682573 ], [ 74.431305871305341, 31.609533572955957 ], [ 74.431247722156741, 31.60956513290752 ], [ 74.431187414694008, 31.609593572009654 ], [ 74.431183297535554, 31.609596333859233 ], [ 74.431179776273183, 31.609599644670244 ], [ 74.431176949543115, 31.609603411701588 ], [ 74.431174896526642, 31.609607529432736 ], [ 74.431173674732165, 31.609611882519449 ], [ 74.431173318384182, 31.609616349024783 ], [ 74.431173837464712, 31.609620803834805 ], [ 74.43116905935193, 31.609946794535091 ], [ 74.431171646080827, 31.610326056666228 ], [ 74.431173131581716, 31.610330013356027 ], [ 74.431175340771702, 31.610333714320308 ], [ 74.431178216224154, 31.6103370633545 ], [ 74.43118168319333, 31.610339973402279 ], [ 74.431185651557271, 31.610342368818539 ], [ 74.431190018160535, 31.610344187335684 ], [ 74.431194669495582, 31.610345381682357 ], [ 74.43119948465349, 31.610345920812151 ], [ 74.431299431648611, 31.610324868528703 ], [ 74.431397586271132, 31.610298349766786 ], [ 74.43149354074373, 31.610266474697106 ], [ 74.431574465385765, 31.610235429247059 ], [ 74.431653012444542, 31.610200194227001 ], [ 74.431728886110164, 31.61016090233381 ], [ 74.431801800641978, 31.610117701542588 ], [ 74.431871481444631, 31.61007075454938 ], [ 74.431941480882202, 31.610018990096972 ], [ 74.432007652911011, 31.609963661398474 ], [ 74.432069750164743, 31.609904975290966 ], [ 74.432127540511217, 31.609843151162224 ], [ 74.43218080792019, 31.609778420130578 ], [ 74.432230234042621, 31.609708952164876 ], [ 74.432274883097818, 31.609637154274967 ], [ 74.432314605645828, 31.60956326678545 ], [ 74.432349268737838, 31.609487537014711 ], [ 74.432378756361089, 31.60941021844711 ], [ 74.432405364517109, 31.609320844474709 ], [ 74.432424446128508, 31.609230072402191 ], [ 74.432435903761032, 31.609138365832926 ], [ 74.432439678919337, 31.609046193141669 ], [ 74.432435973639045, 31.608951942825417 ], [ 74.432424468843138, 31.608858154575287 ], [ 74.432405222469299, 31.608765300514666 ], [ 74.43237833142507, 31.608673848062928 ], [ 74.432350042521961, 31.608597181930811 ], [ 74.432316224923369, 31.608522173880537 ], [ 74.432277010152859, 31.608449115604536 ], [ 74.432232550721551, 31.608378291212208 ], [ 74.432183019534847, 31.60830997612516 ], [ 74.432128609220001, 31.608244436006288 ], [ 74.432069128620441, 31.608179765040902 ], [ 74.432004845496948, 31.608118552332581 ], [ 74.431936033674191, 31.608061058618286 ], [ 74.431862986265386, 31.608007528793372 ], [ 74.431786014423579, 31.607958190868512 ], [ 74.431705446016437, 31.607913254998575 ], [ 74.431621624229592, 31.607872912587585 ], [ 74.431523492706148, 31.607830719083218 ], [ 74.431421956057576, 31.607794909681775 ], [ 74.43131758038389, 31.607765684030927 ], [ 74.431210947611618, 31.607743205071827 ], [ 74.431102652249749, 31.607727598130737 ], [ 74.431026434312869, 31.607719923625609 ], [ 74.430949910125165, 31.607714960124731 ] ] } },
{ "type": "Feature", "properties": { "Id": 0 }, "geometry": { "type": "LineString", "coordinates": [ [ 74.426115125716805, 31.606919494186485 ], [ 74.427464762191008, 31.606927943319533 ], [ 74.427469579417576, 31.606927423457826 ], [ 74.427474237524436, 31.606926251039805 ], [ 74.427478616632996, 31.606924456238158 ], [ 74.427482604044911, 31.606922085242989 ], [ 74.427486097142292, 31.606919199072951 ], [ 74.427489006028679, 31.606915872004961 ], [ 74.427491255842625, 31.606912189662658 ], [ 74.427492788684191, 31.606908246812804 ], [ 74.427493565105109, 31.606904144926474 ], [ 74.427488741466902, 31.606627788017676 ], [ 74.427489258889736, 31.606351400620049 ], [ 74.428992239774004, 31.606363848152728 ], [ 74.429491317410083, 31.606367012788983 ], [ 74.429501092043353, 31.606364574392678 ], [ 74.429510316058881, 31.606360885502472 ], [ 74.429518772506725, 31.606356032881514 ], [ 74.429526262490327, 31.606350130664044 ], [ 74.429532609844571, 31.606343317670909 ], [ 74.429537665279199, 31.606335754144503 ], [ 74.429541309890197, 31.606327617979769 ], [ 74.429543457956271, 31.606319100540148 ], [ 74.429527600650502, 31.60598519331214 ], [ 74.429523067287448, 31.605979778979851 ], [ 74.429517595189239, 31.605975042374713 ], [ 74.429511320612292, 31.605971101439106 ], [ 74.42950439979488, 31.605968054303055 ], [ 74.429497005066665, 31.605965976840849 ], [ 74.429489320557792, 31.605964920781641 ], [ 74.429481537613952, 31.605964912421523 ], [ 74.428230212814924, 31.605962271086458 ] ] } },
{ "type": "Feature", "properties": { "Id": 0 }, "geometry": { "type": "LineString", "coordinates": [ [ 74.428228468450044, 31.605890293864665 ], [ 74.429463605784008, 31.605896751129016 ], [ 74.429472381337362, 31.605897381093371 ], [ 74.42948116467052, 31.605896836301667 ], [ 74.429489742383936, 31.605895129990103 ], [ 74.429497906073735, 31.605892303615192 ], [ 74.429505457395251, 31.605888425846437 ], [ 74.429512212881889, 31.605883590897964 ], [ 74.429518008402752, 31.605877916239496 ], [ 74.429522703150326, 31.605871539742282 ], [ 74.429526183061441, 31.605864616329413 ], [ 74.429519719220266, 31.605697047177607 ], [ 74.429510752228111, 31.605529562461481 ], [ 74.429502112351585, 31.605520030395752 ], [ 74.429491691514997, 31.605511906613252 ], [ 74.429479798076088, 31.605505431500401 ], [ 74.429466783967385, 31.605500796658717 ], [ 74.429453034282318, 31.605498139235252 ], [ 74.429438955880201, 31.60549753786432 ], [ 74.428226516149337, 31.605494920669106 ] ] } },
{ "type": "Feature", "properties": { "Id": 0 }, "geometry": { "type": "LineString", "coordinates": [ [ 74.427650324947649, 31.606415530250622 ], [ 74.427638357039996, 31.606415571436166 ], [ 74.427626564621491, 31.606417319512218 ], [ 74.427615277714494, 31.60642072555715 ], [ 74.427604812194161, 31.60642569424947 ], [ 74.427595460948524, 31.606432086535442 ], [ 74.427587485681613, 31.606439723520641 ], [ 74.427581109589568, 31.606448391476441 ], [ 74.427576511114168, 31.606457847821439 ], [ 74.427573818948872, 31.606467827910301 ], [ 74.427574563333081, 31.606917368952622 ], [ 74.427574924065141, 31.606919412945572 ], [ 74.42757568322682, 31.606921375365882 ], [ 74.427576818979674, 31.606923199761294 ], [ 74.427578298651881, 31.606924833650115 ], [ 74.427580079678293, 31.606926230030837 ], [ 74.427582110824773, 31.606927348734295 ], [ 74.427584333662068, 31.606928157579127 ], [ 74.427586684246592, 31.606928633297585 ], [ 74.428129453300585, 31.60693092082618 ], [ 74.428673228014375, 31.606933354111369 ], [ 74.429238658966355, 31.606937676410841 ], [ 74.429376342726727, 31.606939487916534 ], [ 74.429525173052497, 31.60694733092798 ], [ 74.429544048065452, 31.606946817035219 ], [ 74.429553170749912, 31.606940875902467 ], [ 74.42955741544597, 31.606932520236029 ], [ 74.429562410139553, 31.606915793296412 ], [ 74.429562483080957, 31.606903829875979 ], [ 74.429548265185218, 31.606484437065625 ], [ 74.429545615325779, 31.606460497737949 ], [ 74.429537996327653, 31.606449098153121 ], [ 74.429526150892258, 31.606443063378929 ], [ 74.429499620514804, 31.606438159393807 ], [ 74.428644862459592, 31.606427758981603 ], [ 74.427650324947649, 31.606415530250622 ] ] } },
{ "type": "Feature", "properties": { "Id": 0 }, "geometry": { "type": "LineString", "coordinates": [ [ 74.429685468127346, 31.606450354844817 ], [ 74.429674670592561, 31.606451561081197 ], [ 74.429664269708042, 31.606454320372169 ], [ 74.429654568129806, 31.60645855242494 ], [ 74.429645848164881, 31.606464134090729 ], [ 74.429638363556379, 31.606470902948193 ], [ 74.429632332099828, 31.606478662029808 ], [ 74.429627929305411, 31.606487185553384 ], [ 74.429635943206918, 31.606706122660171 ], [ 74.429641335575909, 31.606925118540001 ], [ 74.429640650519644, 31.606930973683951 ], [ 74.42964108617555, 31.60693684628405 ], [ 74.429642630965674, 31.60694258026783 ], [ 74.429645243835253, 31.606948023246698 ], [ 74.429648855343842, 31.606953030565936 ], [ 74.429653369510689, 31.60695746914903 ], [ 74.42965866636564, 31.606961221034414 ], [ 74.42966460513739, 31.606964186510471 ], [ 74.429671027994786, 31.606966286765502 ], [ 74.429773303214844, 31.606986089567251 ], [ 74.429873931030869, 31.607011328071852 ], [ 74.429972517429221, 31.607041903457105 ], [ 74.430070335600675, 31.607075685668232 ], [ 74.430165771794648, 31.607114135691067 ], [ 74.430258522186492, 31.607157131119898 ], [ 74.430348291500579, 31.607204535078548 ], [ 74.430434793950354, 31.607256196655936 ], [ 74.430520516775985, 31.60731476078146 ], [ 74.430602188577367, 31.607377422101717 ], [ 74.430679542356742, 31.607443975773727 ], [ 74.430708723946211, 31.607470281504025 ], [ 74.430740539386861, 31.607494246511646 ], [ 74.430753543319554, 31.607500047028914 ], [ 74.430767334020189, 31.607504313823181 ], [ 74.430781665825577, 31.607506970887059 ], [ 74.430796283433452, 31.607507970888463 ], [ 74.430912227527031, 31.607507191322952 ], [ 74.431028048966084, 31.60751182050031 ], [ 74.431143403522341, 31.607521844662571 ], [ 74.431251216615493, 31.607538980792942 ], [ 74.43135780015956, 31.607561042692648 ], [ 74.431462847127122, 31.607587966809973 ], [ 74.431468945440443, 31.60759019706251 ], [ 74.431475389867288, 31.60759153661381 ], [ 74.431482004137777, 31.607591948824059 ], [ 74.431488607336348, 31.607591422418331 ], [ 74.431495018850285, 31.607589971795068 ], [ 74.431501063309938, 31.607587636632125 ], [ 74.431506575385399, 31.607584480801606 ], [ 74.431511404308822, 31.607580590622742 ], [ 74.431515417998114, 31.607576072500834 ], [ 74.431518506669804, 31.607571050016912 ], [ 74.431520585841795, 31.607565660547387 ], [ 74.431521598644153, 31.607560051506603 ], [ 74.43152151737462, 31.607554376314607 ], [ 74.431520344256285, 31.607548790200791 ], [ 74.43150833441625, 31.607515631255929 ], [ 74.431490764345611, 31.607484341450881 ], [ 74.431442452073469, 31.607407310759257 ], [ 74.431388684017307, 31.607332974950975 ], [ 74.431329664644267, 31.607261616689744 ], [ 74.43126561838821, 31.60719350731641 ], [ 74.431196788796228, 31.60712890581727 ], [ 74.431118771360872, 31.607055983250746 ], [ 74.431036460243007, 31.606986603977433 ], [ 74.430950074855943, 31.60692095293081 ], [ 74.430859845471673, 31.60685920510624 ], [ 74.430766012607009, 31.606801525094497 ], [ 74.430651726838448, 31.60673772962485 ], [ 74.430533325346119, 31.606679691657042 ], [ 74.430411203681942, 31.606627605078678 ], [ 74.430285769823655, 31.606581643895225 ], [ 74.430172114600992, 31.606545064290817 ], [ 74.43005645056445, 31.606513431207507 ], [ 74.429939071424499, 31.606486824971832 ], [ 74.429820275246044, 31.606465313145439 ], [ 74.429753167087824, 31.606455884045829 ], [ 74.429685468127346, 31.606450354844831 ] ] } },
{ "type": "Feature", "properties": { "Id": 0 }, "geometry": { "type": "LineString", "coordinates": [ [ 74.429671238306824, 31.605977795066 ], [ 74.42964554791422, 31.605981185637887 ], [ 74.429620630848177, 31.605987522942737 ], [ 74.429617544060648, 31.605988895394727 ], [ 74.429614743923182, 31.605990661642871 ], [ 74.429612298446898, 31.605992778787677 ], [ 74.429610267028622, 31.605995195406958 ], [ 74.429608699008483, 31.605997852804744 ], [ 74.429607632471303, 31.606000686436886 ], [ 74.429607093321707, 31.606003627478792 ], [ 74.429607094654855, 31.606006604497061 ], [ 74.429619585170883, 31.606178121680873 ], [ 74.429626844351858, 31.606349859323831 ], [ 74.429629962046576, 31.606356484042507 ], [ 74.429634355294624, 31.606362556076419 ], [ 74.429639895141861, 31.606367897194033 ], [ 74.429646418978137, 31.606372350618308 ], [ 74.429653735310282, 31.606375785628444 ], [ 74.429661629383034, 31.60637810139707 ], [ 74.429669869482751, 31.606379229949713 ], [ 74.429678213738825, 31.606379138160101 ], [ 74.429806216766934, 31.606394468918317 ], [ 74.429933121535683, 31.606415447229441 ], [ 74.430058588094269, 31.606442016897429 ], [ 74.430182280343701, 31.606474106748117 ], [ 74.430320126811637, 31.606519416532738 ], [ 74.430455192255465, 31.606570493915864 ], [ 74.430587147440988, 31.606627214393839 ], [ 74.430715670713781, 31.606689439707363 ], [ 74.430790818265251, 31.606734920485302 ], [ 74.430868798150073, 31.606776763514393 ], [ 74.43087362985581, 31.606776906852279 ], [ 74.43087842052465, 31.606776350285255 ], [ 74.43088303272998, 31.606775109779178 ], [ 74.43088733416468, 31.606773220919571 ], [ 74.430891201436481, 31.606770737890873 ], [ 74.430919346774729, 31.606755048511758 ], [ 74.430944644468596, 31.606736137550858 ], [ 74.430992500256977, 31.606680945238637 ], [ 74.431042378810645, 31.606627080686387 ], [ 74.43116311474077, 31.606487116139284 ], [ 74.431164577488147, 31.6064846028214 ], [ 74.431165530542245, 31.606481916068496 ], [ 74.431165947264745, 31.606479130976698 ], [ 74.431165816008118, 31.606476325390737 ], [ 74.431165140441095, 31.60647357772822 ], [ 74.431163939446151, 31.606470964787672 ], [ 74.431162246591754, 31.606468559602135 ], [ 74.431160109194082, 31.606466429397745 ], [ 74.431049262311518, 31.60640028079586 ], [ 74.430935043845906, 31.60633847607388 ], [ 74.430817686038367, 31.606281140896098 ], [ 74.430705105430491, 31.606229879826063 ], [ 74.430589825346814, 31.606183219849207 ], [ 74.430472102338683, 31.606141264803785 ], [ 74.430352198392811, 31.606104108057423 ], [ 74.430226968398046, 31.606069659562877 ], [ 74.43010010923048, 31.606039895923512 ], [ 74.42997186004115, 31.606014873248331 ], [ 74.429842462600831, 31.605994638708761 ], [ 74.429783283595313, 31.605985826430196 ], [ 74.429723560353494, 31.605980325701719 ], [ 74.429671238306838, 31.605977795066007 ] ] } },
{ "type": "Feature", "properties": { "Id": 0 }, "geometry": { "type": "LineString", "coordinates": [ [ 74.42964069786575, 31.605504698232863 ], [ 74.42963313347596, 31.605505401694721 ], [ 74.429625796503757, 31.605507127107941 ], [ 74.429618874198496, 31.605509830437651 ], [ 74.429612543226654, 31.605513442691301 ], [ 74.429606965163202, 31.605517871679311 ], [ 74.429602282367881, 31.605523004367981 ], [ 74.429598614352059, 31.605528709764222 ], [ 74.429596054728677, 31.605534842258606 ], [ 74.429594668822958, 31.605541245341609 ], [ 74.429598717412858, 31.605707750993254 ], [ 74.429607007535424, 31.605874141490194 ], [ 74.429610801633231, 31.605880055525244 ], [ 74.429615585734467, 31.605885417937703 ], [ 74.429621252409277, 31.605890108311144 ], [ 74.429627674408948, 31.605894021320228 ], [ 74.429634707523405, 31.605897069095835 ], [ 74.429642193819589, 31.605899183198158 ], [ 74.429862786409586, 31.605929365034392 ], [ 74.430082415592324, 31.605964316625343 ], [ 74.430216713926328, 31.605993802718675 ], [ 74.430349293757615, 31.606028521089666 ], [ 74.430479876937738, 31.606068398901005 ], [ 74.430608189506188, 31.606113352490944 ], [ 74.430733962264938, 31.606163287548885 ], [ 74.430856931343172, 31.606218099313079 ], [ 74.431036044459702, 31.606311077208911 ], [ 74.431210833534735, 31.606409899248451 ], [ 74.431212480884966, 31.606411404699877 ], [ 74.431214391625232, 31.606412661664159 ], [ 74.431216515199125, 31.606413636883161 ], [ 74.431218795418786, 31.606414304553471 ], [ 74.431221171951663, 31.606414647009132 ], [ 74.431223581916868, 31.606414655189077 ], [ 74.431225961548876, 31.606414328876863 ], [ 74.431228247884775, 31.606413676706456 ], [ 74.431230380430193, 31.606412715933637 ], [ 74.431362461584115, 31.606263083999846 ], [ 74.43148944030132, 31.606110251223743 ], [ 74.431490806619607, 31.606108819904922 ], [ 74.431491889501785, 31.606107220800123 ], [ 74.43149266137064, 31.606105494632953 ], [ 74.431493102569405, 31.606103685362864 ], [ 74.431493201862281, 31.606101839065637 ], [ 74.43149295672066, 31.606100002759966 ], [ 74.431492373387485, 31.606098223210147 ], [ 74.431491466718199, 31.606096545735088 ], [ 74.431490259802501, 31.606095013054162 ], [ 74.431340553246159, 31.606006084765351 ], [ 74.431186677051699, 31.605922532110679 ], [ 74.43105321733114, 31.605857621128955 ], [ 74.430916569348739, 31.605797765931595 ], [ 74.430776994425415, 31.605743080980893 ], [ 74.43063475947784, 31.605693670851693 ], [ 74.430490136508126, 31.605649630031568 ], [ 74.430343402083764, 31.605611042740104 ], [ 74.430205156730452, 31.605579862748279 ], [ 74.430065524245094, 31.605553597690836 ], [ 74.429924743075119, 31.605532292419678 ], [ 74.429783053628995, 31.605515983316913 ], [ 74.42964069786575, 31.605504698232863 ] ] } },
{ "type": "Feature", "properties": { "Id": 0 }, "geometry": { "type": "LineString", "coordinates": [ [ 74.431312428052607, 31.606429206452805 ], [ 74.43130794332771, 31.606435231642873 ], [ 74.43130472138381, 31.606441821860859 ], [ 74.431302856114016, 31.606448785056863 ], [ 74.431302401875698, 31.606455918311667 ], [ 74.431303371906452, 31.60646301375024 ], [ 74.431305737938274, 31.606469864599536 ], [ 74.431309431021276, 31.60647627121417 ], [ 74.431314343533003, 31.606482046894538 ], [ 74.431412741834038, 31.606554294672748 ], [ 74.4315071803058, 31.606630314724619 ], [ 74.431597461684248, 31.60670994826684 ], [ 74.431679762797387, 31.606782682574035 ], [ 74.431757637090882, 31.606858903554077 ], [ 74.431830883169425, 31.606938414098348 ], [ 74.43189931160488, 31.607021008590774 ], [ 74.432007319263406, 31.607165168836381 ], [ 74.43211002808404, 31.60731213823621 ], [ 74.432133013991759, 31.607336283936601 ], [ 74.432159657959104, 31.607357498142957 ], [ 74.432189454722916, 31.607375378557556 ], [ 74.432221839230621, 31.607389586103196 ], [ 74.432276423888197, 31.607407131133264 ], [ 74.432333096718153, 31.607418864279062 ], [ 74.432391016268113, 31.607424611331933 ], [ 74.4324493225742, 31.607424286962051 ], [ 74.432504497720018, 31.607421137072752 ], [ 74.432559056762415, 31.607413427368833 ], [ 74.432612486427189, 31.607401230380667 ], [ 74.43266428406541, 31.607384660853583 ], [ 74.432665640294928, 31.607384491463936 ], [ 74.4326669462734, 31.607384135547221 ], [ 74.43266816722101, 31.60738360258194 ], [ 74.432669270622426, 31.607382906761593 ], [ 74.432670227092714, 31.607382066616747 ], [ 74.432671011159897, 31.60738110452148 ], [ 74.432671601943312, 31.607380046097578 ], [ 74.432671983709682, 31.60737891953216 ], [ 74.432672146292091, 31.607377754827063 ], [ 74.432672085360792, 31.607376582999791 ], [ 74.432671802538479, 31.607375435257566 ], [ 74.432671305357047, 31.607374342166128 ], [ 74.432670607057062, 31.607373332835873 ], [ 74.43266972623509, 31.607372434146477 ], [ 74.432583603200058, 31.607223633374691 ], [ 74.432490296438587, 31.607078039550593 ], [ 74.432389968688909, 31.606935906555385 ], [ 74.432282794929833, 31.606797482234203 ], [ 74.43216896207548, 31.606663007964119 ], [ 74.432067384367727, 31.60655654673684 ], [ 74.431959951847475, 31.606454381821305 ], [ 74.431846912285792, 31.606356748821955 ], [ 74.431728526381846, 31.60626387289129 ], [ 74.431605067161513, 31.606175968210863 ], [ 74.431583461987501, 31.606165702886294 ], [ 74.431578540303576, 31.606163716622351 ], [ 74.431573298153012, 31.606162467813196 ], [ 74.431567885171688, 31.606161992105779 ], [ 74.431562455871799, 31.606162303079063 ], [ 74.431557165231325, 31.606163391856388 ], [ 74.431552164270272, 31.606165227358854 ], [ 74.431547595739858, 31.606167757192516 ], [ 74.431543590047653, 31.606170909143909 ], [ 74.431312428052607, 31.606429206452813 ] ] } },
{ "type": "Feature", "properties": { "Id": 0 }, "geometry": { "type": "LineString", "coordinates": [ [ 74.430968732521563, 31.606820852481952 ], [ 74.430966741239047, 31.606822925678713 ], [ 74.430965158051166, 31.606825242265248 ], [ 74.430964022792551, 31.606827743953886 ], [ 74.430963364027448, 31.606830367799663 ], [ 74.430963198331114, 31.60683304778394 ], [ 74.430963529872699, 31.606835716475629 ], [ 74.430964350310305, 31.606838306727745 ], [ 74.430965639000917, 31.606840753366914 ], [ 74.430967363519827, 31.606842994833229 ], [ 74.430969480476378, 31.606844974729089 ], [ 74.431050096615735, 31.60690362901973 ], [ 74.431127753913174, 31.606965137863483 ], [ 74.431202314473339, 31.607029392044439 ], [ 74.431270011795078, 31.607090703511165 ], [ 74.431334382491059, 31.607154585353307 ], [ 74.431395293464035, 31.607220905491392 ], [ 74.431452778274405, 31.607287756333825 ], [ 74.431506086476318, 31.607357095818369 ], [ 74.431555071274758, 31.60742873301696 ], [ 74.431580048833425, 31.607473795082601 ], [ 74.431609109834952, 31.607517026663558 ], [ 74.431614323866995, 31.607521392355274 ], [ 74.431620324721138, 31.607524941469894 ], [ 74.431626939901307, 31.607527571987191 ], [ 74.431633979252439, 31.607529208292249 ], [ 74.431641240426444, 31.607529803348971 ], [ 74.431757587740961, 31.60747824984588 ], [ 74.431872260999882, 31.607424018726867 ], [ 74.432002848234234, 31.607356071122705 ], [ 74.432007577023555, 31.607352672042552 ], [ 74.432011616253178, 31.60734867428236 ], [ 74.43201486373006, 31.607344178986093 ], [ 74.432017237292655, 31.607339299885446 ], [ 74.432018676889598, 31.607334160422404 ], [ 74.432019146099051, 31.607328890626114 ], [ 74.432018633050077, 31.607323623823191 ], [ 74.432017150723098, 31.607318493264454 ], [ 74.432014736621312, 31.607313628753751 ], [ 74.43195702863062, 31.607221888092297 ], [ 74.431892921708467, 31.607133313707774 ], [ 74.431822652186014, 31.607048232106326 ], [ 74.4317390739903, 31.60695242119548 ], [ 74.431650549011621, 31.606859921722823 ], [ 74.431557256153013, 31.606770920608358 ], [ 74.431459383950653, 31.606685597702214 ], [ 74.431397216344251, 31.60663066143184 ], [ 74.431330291542196, 31.606579984186173 ], [ 74.431259006782767, 31.606533866758944 ], [ 74.431253129947862, 31.606532100465547 ], [ 74.431246993622793, 31.60653118583955 ], [ 74.431240765089242, 31.606531147814476 ], [ 74.431234614142511, 31.606531987426905 ], [ 74.431228708462854, 31.606533681788267 ], [ 74.431223209044333, 31.606536184708759 ], [ 74.431218265805995, 31.606539427956559 ], [ 74.431094522711192, 31.606680804896708 ], [ 74.430968732521563, 31.606820852481952 ] ] } },
{ "type": "Feature", "properties": { "Id": 0 }, "geometry": { "type": "LineString", "coordinates": [ [ 74.434288263296111, 31.606689368674115 ], [ 74.434268501693268, 31.606503223617498 ] ] } },
{ "type": "Feature", "properties": { "Id": 0 }, "geometry": { "type": "LineString", "coordinates": [ [ 74.43421271343864, 31.606687456633782 ], [ 74.434184416521035, 31.606501916522312 ] ] } },
{ "type": "Feature", "properties": { "Id": 0 }, "geometry": { "type": "LineString", "coordinates": [ [ 74.426098214640547, 31.607082425639611 ], [ 74.426083487792312, 31.607105171911087 ], [ 74.426073205295438, 31.607129642372698 ], [ 74.426067632336, 31.60715520593854 ], [ 74.426066912642952, 31.607181203331344 ], [ 74.426071064780999, 31.607206964085009 ], [ 74.426079981671435, 31.607231823835832 ], [ 74.426093433353259, 31.607255141456147 ], [ 74.426076436513441, 31.607254300578649 ], [ 74.426059802393056, 31.607251195463245 ], [ 74.426043940231679, 31.607245902503315 ], [ 74.426029240276691, 31.607238551918471 ], [ 74.426016064182079, 31.607229324550829 ], [ 74.426004736110983, 31.607218447415836 ], [ 74.425995534760403, 31.607206188117086 ], [ 74.425989775893953, 31.607191307831624 ], [ 74.42598710863912, 31.607175799670916 ], [ 74.425987613266813, 31.607160130361308 ], [ 74.425991274588441, 31.607144771478794 ], [ 74.425997982413165, 31.607130185256608 ], [ 74.426007534864382, 31.607116810674267 ], [ 74.426019119700953, 31.607105911545375 ], [ 74.426032652141529, 31.607096803237308 ], [ 74.426047759089172, 31.607089736870854 ], [ 74.426064024037359, 31.607084907269343 ], [ 74.426080998553132, 31.607082447587359 ], [ 74.426098214640547, 31.607082425639611 ] ] } },
{ "type": "Feature", "properties": { "Id": 0 }, "geometry": { "type": "LineString", "coordinates": [ [ 74.427704218746598, 31.609868694888085 ], [ 74.427691276045863, 31.609871715057352 ], [ 74.427679118547417, 31.609876568506188 ], [ 74.427668097901829, 31.609883114850675 ], [ 74.427658532876819, 31.609891164740581 ], [ 74.42765070013715, 31.609900485336158 ], [ 74.42764482624213, 31.609910807043065 ], [ 74.427641081092489, 31.609921831310022 ], [ 74.427637291285492, 31.610116733018785 ], [ 74.427636660233148, 31.610311660957137 ], [ 74.427637219163216, 31.61038658440075 ], [ 74.427640844549813, 31.610391908663626 ], [ 74.427645491267569, 31.610396616124039 ], [ 74.42765101927958, 31.610400564914343 ], [ 74.427657261989467, 31.61040363603075 ], [ 74.427664031262168, 31.61040573691967 ], [ 74.427671123093589, 31.610406804267118 ], [ 74.427678323758798, 31.610406805906656 ], [ 74.428088565756056, 31.610407197609621 ], [ 74.42849877933061, 31.610411351058204 ], [ 74.428644611180033, 31.610412157356706 ], [ 74.428790432867501, 31.610410477724432 ], [ 74.428824795775128, 31.610404567108361 ], [ 74.428858219221922, 31.610395535197657 ], [ 74.428864157229626, 31.610392171344639 ], [ 74.428869346491638, 31.610387997933184 ], [ 74.428873638065753, 31.610383134748663 ], [ 74.428876908775194, 31.610377721374306 ], [ 74.428879064744194, 31.61037191318491 ], [ 74.428880044092324, 31.610365876887226 ], [ 74.428879818710527, 31.610359785735138 ], [ 74.42887839506794, 31.610353814556898 ], [ 74.428875814026199, 31.610348134737297 ], [ 74.428801202937834, 31.610254144991263 ], [ 74.428728854953079, 31.610158868319449 ], [ 74.428686668647416, 31.610098229179727 ], [ 74.428647533080266, 31.610036109912024 ], [ 74.428631913310483, 31.610007136638671 ], [ 74.428584987134201, 31.609910289420931 ] ] } },
{ "type": "Feature", "properties": { "Id": 0 }, "geometry": { "type": "LineString", "coordinates": [ [ 74.428584987134201, 31.609910289420931 ], [ 74.428574792651105, 31.609887729686896 ], [ 74.428572848385926, 31.609884351487185 ], [ 74.428570292390759, 31.609881286198114 ], [ 74.428567191713384, 31.60987861422694 ], [ 74.428563627689371, 31.609876405663602 ], [ 74.428559693808637, 31.609874718442114 ], [ 74.42855549326292, 31.609873596820908 ], [ 74.428551136239008, 31.609873070221823 ], [ 74.42854673702837, 31.609873152458359 ], [ 74.427948005019701, 31.60986993714171 ], [ 74.427722857165421, 31.609868393351199 ], [ 74.427704218746598, 31.609868694888085 ] ] } },
{ "type": "Feature", "properties": { "Id": 0 }, "geometry": { "type": "LineString", "coordinates": [ [ 74.433442153750477, 31.609151998913127 ], [ 74.433440468792881, 31.60930037927049 ], [ 74.433436878093502, 31.609722856454948 ] ] } },
{ "type": "Feature", "properties": { "Id": 0 }, "geometry": { "type": "LineString", "coordinates": [ [ 74.433984484143139, 31.609176926428447 ], [ 74.433985866279713, 31.609354636240425 ], [ 74.433984406648563, 31.609697419119929 ], [ 74.433984527478344, 31.609867828540104 ] ] } },
{ "type": "Feature", "properties": { "Id": 0 }, "geometry": { "type": "LineString", "coordinates": [ [ 74.432683009141442, 31.609139880974251 ], [ 74.432780403599878, 31.609141727034864 ], [ 74.433308223888801, 31.609143442586621 ], [ 74.433322965389465, 31.609146557094107 ], [ 74.433336678408608, 31.609151409383912 ], [ 74.433344278577962, 31.609157105727476 ], [ 74.433352888762514, 31.60916411331128 ], [ 74.433362209195806, 31.609173515515547 ] ] } },
{ "type": "Feature", "properties": { "Id": 0 }, "geometry": { "type": "LineString", "coordinates": [ [ 74.433211212967052, 31.609121749949612 ], [ 74.432727767979429, 31.60911942541971 ], [ 74.432727751751855, 31.609122101592106 ], [ 74.43308602788241, 31.609123001117212 ], [ 74.433211378702154, 31.609123849717204 ], [ 74.433211212967052, 31.609121749949612 ] ] } },
{ "type": "Feature", "properties": { "Id": 0 }, "geometry": { "type": "LineString", "coordinates": [ [ 74.433854558055302, 31.60912442463928 ], [ 74.433498901894126, 31.60912338302526 ], [ 74.433498885688607, 31.609126059198008 ], [ 74.433854364936906, 31.609126847390538 ], [ 74.433854558055302, 31.60912442463929 ] ] } },
{ "type": "Feature", "properties": { "Id": 0 }, "geometry": { "type": "LineString", "coordinates": [ [ 74.433908976783513, 31.609164647391363 ], [ 74.433906725474202, 31.609159547389527 ], [ 74.433903486656277, 31.609156466505077 ], [ 74.433898944889222, 31.609153379845957 ], [ 74.433891471486618, 31.609150280193727 ], [ 74.43386803695644, 31.609147109799526 ], [ 74.433487246684535, 31.609145979053164 ], [ 74.43346020880206, 31.6091461379085 ], [ 74.433451734568123, 31.609146936648301 ], [ 74.433446840067731, 31.609148308816369 ], [ 74.433442153750477, 31.609151998913127 ] ] } },
{ "type": "Feature", "properties": { "Id": 0 }, "geometry": { "type": "LineString", "coordinates": [ [ 74.433984484143139, 31.609176926428447 ], [ 74.43398717079458, 31.609161855316216 ], [ 74.433989801992723, 31.609157685343312 ], [ 74.433995690563989, 31.609153529804395 ], [ 74.434005491355734, 31.609148834049709 ], [ 74.434040026257705, 31.609147871970691 ], [ 74.43441364023677, 31.609150641946314 ], [ 74.434432860425744, 31.60915044827453 ], [ 74.434441974330483, 31.609151603730339 ], [ 74.434447825806132, 31.609153581067201 ], [ 74.434452038483755, 31.609157223800853 ], [ 74.43445428494077, 31.609162809257271 ], [ 74.434456370084675, 31.609177948717402 ] ] } },
{ "type": "Feature", "properties": { "Id": 0 }, "geometry": { "type": "LineString", "coordinates": [ [ 74.434400753191881, 31.609127022777759 ], [ 74.434039054545124, 31.609125420662533 ], [ 74.434038621411375, 31.609128094988115 ], [ 74.434400528540294, 31.609129698027793 ], [ 74.434400753191881, 31.609127022777759 ] ] } },
{ "type": "Feature", "properties": { "Id": 0 }, "geometry": { "type": "LineString", "coordinates": [ [ 74.434535729560764, 31.609196652005039 ], [ 74.434537636644905, 31.609169311338125 ], [ 74.434539958931268, 31.609162352231156 ], [ 74.434544549584146, 31.609157354594462 ], [ 74.434549783286528, 31.609153753681795 ], [ 74.434558269307331, 31.609151003492727 ], [ 74.434581403399292, 31.609149990797977 ], [ 74.43496707476271, 31.609151976200828 ], [ 74.43498139710573, 31.609153712209022 ], [ 74.434986926223203, 31.609155130544291 ], [ 74.434991469710468, 31.609157938397079 ], [ 74.434993731352463, 31.609161014931804 ], [ 74.434994352522111, 31.60916603563869 ], [ 74.434995841838571, 31.60919063705936 ] ] } },
{ "type": "Feature", "properties": { "Id": 0 }, "geometry": { "type": "LineString", "coordinates": [ [ 74.435077327343535, 31.609178009417622 ], [ 74.435077763190392, 31.609162780485153 ], [ 74.435080070286261, 31.609158330280504 ], [ 74.435084971497631, 31.609155842977309 ], [ 74.435097688722976, 31.609153669016376 ], [ 74.435108768844387, 31.609152881691752 ], [ 74.435132875095022, 31.609152709522945 ], [ 74.435281402936909, 31.609154760145003 ] ] } },
{ "type": "Feature", "properties": { "Id": 0 }, "geometry": { "type": "LineString", "coordinates": [ [ 74.435272081078622, 31.609134089543264 ], [ 74.435135897401253, 31.60913281339225 ], [ 74.435136252640049, 31.609130549504005 ], [ 74.435271777217608, 31.609130464118117 ] ] } },
{ "type": "Feature", "properties": { "Id": 0 }, "geometry": { "type": "LineString", "coordinates": [ [ 74.434938866945529, 31.609130106928468 ], [ 74.434582512029479, 31.609128251216092 ], [ 74.434582366985197, 31.609130346073776 ], [ 74.434939005367042, 31.609131695892199 ], [ 74.434938866945529, 31.609130106928461 ] ] } },
{ "type": "Feature", "properties": { "Id": 0 }, "geometry": { "type": "LineString", "coordinates": [ [ 74.428178475229885, 31.611146612008572 ], [ 74.428182161874844, 31.610772115919154 ], [ 74.42818193034266, 31.610581293263717 ], [ 74.428190559260116, 31.610541851557741 ], [ 74.42820330883977, 31.610514392035864 ], [ 74.428216713503389, 31.610494113687963 ], [ 74.428223739722895, 31.610488163271725 ], [ 74.428234253457973, 31.610483424840442 ], [ 74.428246842153143, 31.610482284817905 ], [ 74.428352418876685, 31.610477373684216 ], [ 74.42859634329794, 31.610480857874183 ], [ 74.428610988695894, 31.610486307072719 ], [ 74.428625623134863, 31.610493550781356 ], [ 74.428631884599312, 31.610498364286233 ], [ 74.428638138757435, 31.610504374131981 ], [ 74.428642288711472, 31.610511570938776 ], [ 74.428646387517958, 31.610527142133648 ], [ 74.428646263300848, 31.610547479933569 ], [ 74.428644823625604, 31.611126518413027 ] ] } }
]
}
