{
"type": "FeatureCollection",
"name": "F:\\MOEED\\CB_1\\Topography CB_1\\Kela\\Spot level.geojson",
"crs": { "type": "name", "properties": { "name": "urn:ogc:def:crs:OGC:1.3:CRS84" } },
"features": [
{ "type": "Feature", "properties": { "OBJECTID_1": 1, "OBJECTID": 1, "Id": 0, "X": "1462287.63925048", "Y": "11474626.9179032", "z": "7.11461e+02" }, "geometry": { "type": "Point", "coordinates": [ 74.42759756590695, 31.611106686697308, 711.46099853515625 ] } },
{ "type": "Feature", "properties": { "OBJECTID_1": 2, "OBJECTID": 2, "Id": 0, "X": "1462285.39505616", "Y": "11474556.8786387", "z": "7.11317e+02" }, "geometry": { "type": "Point", "coordinates": [ 74.427591533223406, 31.610914054464232, 711.3170166015625 ] } },
{ "type": "Feature", "properties": { "OBJECTID_1": 3, "OBJECTID": 3, "Id": 0, "X": "1462285.39505616", "Y": "11474479.86197", "z": "7.11158e+02" }, "geometry": { "type": "Point", "coordinates": [ 74.427592829154534, 31.610702267482747, 711.15802001953125 ] } },
{ "type": "Feature", "properties": { "OBJECTID_1": 4, "OBJECTID": 4, "Id": 0, "X": "1462284.885012", "Y": "11474386.5238881", "z": "7.10997e+02" }, "geometry": { "type": "Point", "coordinates": [ 74.427592760799641, 31.610445591137896, 710.99700927734375 ] } },
{ "type": "Feature", "properties": { "OBJECTID_1": 5, "OBJECTID": 5, "Id": 0, "X": "1462373.12265224", "Y": "11474384.4837115", "z": "7.10963e+02" }, "geometry": { "type": "Point", "coordinates": [ 74.427876325187938, 31.610441251185957, 710.9630126953125 ] } },
{ "type": "Feature", "properties": { "OBJECTID_1": 6, "OBJECTID": 6, "Id": 0, "X": "1462455.23976252", "Y": "11474387.0339323", "z": "7.10859e+02" }, "geometry": { "type": "Point", "coordinates": [ 74.428140145568676, 31.610449445621967, 710.8590087890625 ] } },
{ "type": "Feature", "properties": { "OBJECTID_1": 7, "OBJECTID": 7, "Id": 0, "X": "1462455.23976252", "Y": "11474459.9702476", "z": "7.10819e+02" }, "geometry": { "type": "Point", "coordinates": [ 74.428138919482038, 31.610650012128421, 710.8189697265625 ] } },
{ "type": "Feature", "properties": { "OBJECTID_1": 8, "OBJECTID": 8, "Id": 0, "X": "1462455.23976252", "Y": "11474539.5371371", "z": "7.11075e+02" }, "geometry": { "type": "Point", "coordinates": [ 74.428137581919032, 31.610868811946439, 711.07501220703125 ] } },
{ "type": "Feature", "properties": { "OBJECTID_1": 9, "OBJECTID": 9, "Id": 0, "X": "1462456.25985085", "Y": "11474619.1040266", "z": "7.11317e+02" }, "geometry": { "type": "Point", "coordinates": [ 74.428139522168522, 31.611087626432344, 711.3170166015625 ] } },
{ "type": "Feature", "properties": { "OBJECTID_1": 10, "OBJECTID": 10, "Id": 0, "X": "1462624.57442472", "Y": "11474610.94332", "z": "7.11059e+02" }, "geometry": { "type": "Point", "coordinates": [ 74.428680500723374, 31.611067605723775, 711.05902099609375 ] } },
{ "type": "Feature", "properties": { "OBJECTID_1": 11, "OBJECTID": 11, "Id": 0, "X": "1462626.10455721", "Y": "11474522.7056797", "z": "7.10538e+02" }, "geometry": { "type": "Point", "coordinates": [ 74.428686899376117, 31.610824984311904, 710.53802490234375 ] } },
{ "type": "Feature", "properties": { "OBJECTID_1": 12, "OBJECTID": 12, "Id": 0, "X": "1462626.10455721", "Y": "11474436.5082161", "z": "7.10441e+02" }, "geometry": { "type": "Point", "coordinates": [ 74.428688347007721, 31.610587951151032, 710.44097900390625 ] } },
{ "type": "Feature", "properties": { "OBJECTID_1": 13, "OBJECTID": 13, "Id": 0, "X": "1462625.59451305", "Y": "11474386.5238881", "z": "7.10240e+02" }, "geometry": { "type": "Point", "coordinates": [ 74.4286875475524, 31.610450492634389, 710.239990234375 ] } },
{ "type": "Feature", "properties": { "OBJECTID_1": 14, "OBJECTID": 14, "Id": 0, "X": "1462549.08788856", "Y": "11474382.953579", "z": "7.10700e+02" }, "geometry": { "type": "Point", "coordinates": [ 74.42844177216675, 31.610439574874256, 710.70001220703125 ] } },
{ "type": "Feature", "properties": { "OBJECTID_1": 15, "OBJECTID": 15, "Id": 0, "X": "1462706.18149084", "Y": "11474372.2426516", "z": "7.10430e+02" }, "geometry": { "type": "Point", "coordinates": [ 74.428946733891678, 31.610412378828514, 710.42999267578125 ] } },
{ "type": "Feature", "properties": { "OBJECTID_1": 16, "OBJECTID": 16, "Id": 0, "X": "1462783.70820365", "Y": "11474440.0785253", "z": "7.10545e+02" }, "geometry": { "type": "Point", "coordinates": [ 74.429194708752817, 31.610600033234331, 710.54498291015625 ] } },
{ "type": "Feature", "properties": { "OBJECTID_1": 17, "OBJECTID": 17, "Id": 0, "X": "1462861.23491646", "Y": "11474500.7737807", "z": "7.10521e+02" }, "geometry": { "type": "Point", "coordinates": [ 74.42944280437456, 31.610768051279528, 710.52099609375 ] } },
{ "type": "Feature", "properties": { "OBJECTID_1": 18, "OBJECTID": 18, "Id": 0, "X": "1462935.7013643", "Y": "11474548.2078879", "z": "7.10507e+02" }, "geometry": { "type": "Point", "coordinates": [ 74.429681289749666, 31.610899558296698, 710.50701904296875 ] } },
{ "type": "Feature", "properties": { "OBJECTID_1": 19, "OBJECTID": 19, "Id": 0, "X": "1462997.92675222", "Y": "11474578.8105377", "z": "7.10828e+02" }, "geometry": { "type": "Point", "coordinates": [ 74.42988072397327, 31.610984604721999, 710.8280029296875 ] } },
{ "type": "Feature", "properties": { "OBJECTID_1": 20, "OBJECTID": 20, "Id": 0, "X": "1463081.06395082", "Y": "11474601.762525", "z": "7.09584e+02" }, "geometry": { "type": "Point", "coordinates": [ 74.430147482189838, 31.611048912196029, 709.583984375 ] } },
{ "type": "Feature", "properties": { "OBJECTID_1": 21, "OBJECTID": 21, "Id": 0, "X": "1463174.91207687", "Y": "11474611.4533641", "z": "7.08651e+02" }, "geometry": { "type": "Point", "coordinates": [ 74.430448880018218, 31.611076905941939, 708.6510009765625 ] } },
{ "type": "Feature", "properties": { "OBJECTID_1": 22, "OBJECTID": 22, "Id": 0, "X": "1463260.59949629", "Y": "11474564.5293011", "z": "7.10487e+02" }, "geometry": { "type": "Point", "coordinates": [ 74.430725002838457, 31.610949097558933, 710.48699951171875 ] } },
{ "type": "Feature", "properties": { "OBJECTID_1": 23, "OBJECTID": 23, "Id": 0, "X": "1463253.45887801", "Y": "11474397.2348156", "z": "7.10729e+02" }, "geometry": { "type": "Point", "coordinates": [ 74.430704857765491, 31.610488954442037, 710.72900390625 ] } },
{ "type": "Feature", "properties": { "OBJECTID_1": 24, "OBJECTID": 24, "Id": 0, "X": "1463315.17422175", "Y": "11474404.3754339", "z": "7.11430e+02" }, "geometry": { "type": "Point", "coordinates": [ 74.430903045670377, 31.61050947404469, 711.42999267578125 ] } },
{ "type": "Feature", "properties": { "OBJECTID_1": 25, "OBJECTID": 25, "Id": 0, "X": "1463379.94983049", "Y": "11474390.0941973", "z": "7.10364e+02" }, "geometry": { "type": "Point", "coordinates": [ 74.431111425332176, 31.610471129461708, 710.364013671875 ] } },
{ "type": "Feature", "properties": { "OBJECTID_1": 26, "OBJECTID": 26, "Id": 0, "X": "1463358.52797563", "Y": "11474564.019257", "z": "7.10660e+02" }, "geometry": { "type": "Point", "coordinates": [ 74.431039682453701, 31.610949097073224, 710.65997314453125 ] } },
{ "type": "Feature", "properties": { "OBJECTID_1": 27, "OBJECTID": 27, "Id": 0, "X": "1463357.5078873", "Y": "11474472.7213517", "z": "7.10990e+02" }, "geometry": { "type": "Point", "coordinates": [ 74.431037931621574, 31.610698023582326, 710.989990234375 ] } },
{ "type": "Feature", "properties": { "OBJECTID_1": 28, "OBJECTID": 28, "Id": 0, "X": "1463259.57940796", "Y": "11474474.7615284", "z": "7.10717e+02" }, "geometry": { "type": "Point", "coordinates": [ 74.430723227245011, 31.610702231764439, 710.71697998046875 ] } },
{ "type": "Feature", "properties": { "OBJECTID_1": 29, "OBJECTID": 29, "Id": 0, "X": "1463258.52744188", "Y": "11474304.1517558", "z": "7.10493e+02" }, "geometry": { "type": "Point", "coordinates": [ 74.430722702055334, 31.610233059163988, 710.49298095703125 ] } },
{ "type": "Feature", "properties": { "OBJECTID_1": 30, "OBJECTID": 30, "Id": 0, "X": "1463358.94238651", "Y": "11474299.3700917", "z": "7.10474e+02" }, "geometry": { "type": "Point", "coordinates": [ 74.431045440337982, 31.610221347772931, 710.4739990234375 ] } },
{ "type": "Feature", "properties": { "OBJECTID_1": 31, "OBJECTID": 31, "Id": 0, "X": "1463258.52744188", "Y": "11474192.5795951", "z": "7.09857e+02" }, "geometry": { "type": "Point", "coordinates": [ 74.430724569115682, 31.609926248350728, 709.85699462890625 ] } },
{ "type": "Feature", "properties": { "OBJECTID_1": 32, "OBJECTID": 32, "Id": 0, "X": "1463360.53627453", "Y": "11474189.3918191", "z": "7.10171e+02" }, "geometry": { "type": "Point", "coordinates": [ 74.431052401225472, 31.609918942766754, 710.1710205078125 ] } },
{ "type": "Feature", "properties": { "OBJECTID_1": 33, "OBJECTID": 33, "Id": 0, "X": "1463261.71521789", "Y": "11474067.4593863", "z": "7.09802e+02" }, "geometry": { "type": "Point", "coordinates": [ 74.430736905905945, 31.609582227571892, 709.802001953125 ] } },
{ "type": "Feature", "properties": { "OBJECTID_1": 34, "OBJECTID": 34, "Id": 0, "X": "1463358.52797563", "Y": "11474066.7261978", "z": "7.09862e+02" }, "geometry": { "type": "Point", "coordinates": [ 74.431047999588017, 31.609581597411946, 709.86199951171875 ] } },
{ "type": "Feature", "properties": { "OBJECTID_1": 35, "OBJECTID": 35, "Id": 0, "X": "1463437.07477677", "Y": "11474011.131384", "z": "7.09298e+02" }, "geometry": { "type": "Point", "coordinates": [ 74.431301317708872, 31.609429841900869, 709.2979736328125 ] } },
{ "type": "Feature", "properties": { "OBJECTID_1": 36, "OBJECTID": 36, "Id": 0, "X": "1463494.19972306", "Y": "11473927.9941854", "z": "7.09729e+02" }, "geometry": { "type": "Point", "coordinates": [ 74.431486262199613, 31.60920204106694, 709.72900390625 ] } },
{ "type": "Feature", "properties": { "OBJECTID_1": 37, "OBJECTID": 37, "Id": 0, "X": "1463498.4075874", "Y": "11473845.1120089", "z": "7.09803e+02" }, "geometry": { "type": "Point", "coordinates": [ 74.431501167984493, 31.608974184574514, 709.802978515625 ] } },
{ "type": "Feature", "properties": { "OBJECTID_1": 38, "OBJECTID": 38, "Id": 0, "X": "1463475.29621126", "Y": "11473780.5595445", "z": "7.10078e+02" }, "geometry": { "type": "Point", "coordinates": [ 74.431427985191959, 31.608796342011598, 710.0780029296875 ] } },
{ "type": "Feature", "properties": { "OBJECTID_1": 39, "OBJECTID": 39, "Id": 0, "X": "1463415.52541088", "Y": "11473707.240696", "z": "7.10309e+02" }, "geometry": { "type": "Point", "coordinates": [ 74.431237155364315, 31.608593868382954, 710.30902099609375 ] } },
{ "type": "Feature", "properties": { "OBJECTID_1": 40, "OBJECTID": 40, "Id": 0, "X": "1463366.91182656", "Y": "11473688.9109839", "z": "7.10147e+02" }, "geometry": { "type": "Point", "coordinates": [ 74.431081257021418, 31.608542768100413, 710.14697265625 ] } },
{ "type": "Feature", "properties": { "OBJECTID_1": 41, "OBJECTID": 41, "Id": 0, "X": "1463280.84187402", "Y": "11473674.5659918", "z": "7.10600e+02" }, "geometry": { "type": "Point", "coordinates": [ 74.430804937754957, 31.608502088905635, 710.5999755859375 ] } },
{ "type": "Feature", "properties": { "OBJECTID_1": 42, "OBJECTID": 42, "Id": 0, "X": "1463218.68024162", "Y": "11473699.2712559", "z": "7.10519e+02" }, "geometry": { "type": "Point", "coordinates": [ 74.430604787118668, 31.608569135394173, 710.51898193359375 ] } },
{ "type": "Feature", "properties": { "OBJECTID_1": 43, "OBJECTID": 43, "Id": 0, "X": "1463152.5338892", "Y": "11473756.6512243", "z": "7.10044e+02" }, "geometry": { "type": "Point", "coordinates": [ 74.430391285447286, 31.608725976222164, 710.04400634765625 ] } },
{ "type": "Feature", "properties": { "OBJECTID_1": 44, "OBJECTID": 44, "Id": 0, "X": "1463122.25001701", "Y": "11473824.3914647", "z": "7.09620e+02" }, "geometry": { "type": "Point", "coordinates": [ 74.430292843002647, 31.608911820269579, 709.6199951171875 ] } },
{ "type": "Feature", "properties": { "OBJECTID_1": 45, "OBJECTID": 45, "Id": 0, "X": "1463119.06224099", "Y": "11473886.5530971", "z": "7.09311e+02" }, "geometry": { "type": "Point", "coordinates": [ 74.430281559045341, 31.609082712052945, 709.31097412109375 ] } },
{ "type": "Feature", "properties": { "OBJECTID_1": 46, "OBJECTID": 46, "Id": 0, "X": "1463136.5950091", "Y": "11473958.2780576", "z": "7.09505e+02" }, "geometry": { "type": "Point", "coordinates": [ 74.430336694486485, 31.609280198852638, 709.5050048828125 ] } },
{ "type": "Feature", "properties": { "OBJECTID_1": 47, "OBJECTID": 47, "Id": 0, "X": "1463191.58414545", "Y": "11474026.815242", "z": "7.09705e+02" }, "geometry": { "type": "Point", "coordinates": [ 74.430512239207133, 31.60946945626122, 709.70501708984375 ] } },
{ "type": "Feature", "properties": { "OBJECTID_1": 48, "OBJECTID": 48, "Id": 0, "X": "1463163.18106111", "Y": "11473907.0823747", "z": "7.09382e+02" }, "geometry": { "type": "Point", "coordinates": [ 74.430422978375219, 31.609139797468316, 709.38201904296875 ] } },
{ "type": "Feature", "properties": { "OBJECTID_1": 49, "OBJECTID": 49, "Id": 0, "X": "1463206.02477082", "Y": "11473977.4684692", "z": "7.09444e+02" }, "geometry": { "type": "Point", "coordinates": [ 74.430559466154236, 31.609333965080072, 709.4439697265625 ] } },
{ "type": "Feature", "properties": { "OBJECTID_1": 50, "OBJECTID": 50, "Id": 0, "X": "1463246.82830388", "Y": "11474010.6213398", "z": "7.09624e+02" }, "geometry": { "type": "Point", "coordinates": [ 74.430690022035108, 31.609425716167827, 709.6240234375 ] } },
{ "type": "Feature", "properties": { "OBJECTID_1": 51, "OBJECTID": 51, "Id": 0, "X": "1463309.56373596", "Y": "11474023.8824881", "z": "7.09628e+02" }, "geometry": { "type": "Point", "coordinates": [ 74.430891383069749, 31.609463081141154, 709.62799072265625 ] } },
{ "type": "Feature", "properties": { "OBJECTID_1": 52, "OBJECTID": 52, "Id": 0, "X": "1463368.21881474", "Y": "11474011.131384", "z": "7.09453e+02" }, "geometry": { "type": "Point", "coordinates": [ 74.431080068186617, 31.609428856641234, 709.4530029296875 ] } },
{ "type": "Feature", "properties": { "OBJECTID_1": 53, "OBJECTID": 53, "Id": 0, "X": "1463406.98217114", "Y": "11473985.1191317", "z": "7.09238e+02" }, "geometry": { "type": "Point", "coordinates": [ 74.43120505838408, 31.609357880589769, 709.23797607421875 ] } },
{ "type": "Feature", "properties": { "OBJECTID_1": 54, "OBJECTID": 54, "Id": 0, "X": "1463447.27566003", "Y": "11473929.5243179", "z": "7.09376e+02" }, "geometry": { "type": "Point", "coordinates": [ 74.431335459531496, 31.609205577587151, 709.3759765625 ] } },
{ "type": "Feature", "properties": { "OBJECTID_1": 55, "OBJECTID": 55, "Id": 0, "X": "1463457.98658747", "Y": "11473874.9495924", "z": "7.09582e+02" }, "geometry": { "type": "Point", "coordinates": [ 74.431370788230538, 31.609055656448142, 709.58197021484375 ] } },
{ "type": "Feature", "properties": { "OBJECTID_1": 56, "OBJECTID": 56, "Id": 0, "X": "1463447.7857042", "Y": "11473816.8045578", "z": "7.09680e+02" }, "geometry": { "type": "Point", "coordinates": [ 74.431338982565933, 31.608895618218693, 709.67999267578125 ] } },
{ "type": "Feature", "properties": { "OBJECTID_1": 57, "OBJECTID": 57, "Id": 0, "X": "1463418.20314273", "Y": "11473770.9005831", "z": "7.09725e+02" }, "geometry": { "type": "Point", "coordinates": [ 74.431244695178478, 31.60876896423256, 709.7249755859375 ] } },
{ "type": "Feature", "properties": { "OBJECTID_1": 58, "OBJECTID": 58, "Id": 0, "X": "1463364.64850559", "Y": "11473734.1774034", "z": "7.10260e+02" }, "geometry": { "type": "Point", "coordinates": [ 74.431073227552943, 31.608667213275258, 710.260009765625 ] } },
{ "type": "Feature", "properties": { "OBJECTID_1": 59, "OBJECTID": 59, "Id": 0, "X": "1463326.90523751", "Y": "11473726.5267409", "z": "7.10201e+02" }, "geometry": { "type": "Point", "coordinates": [ 74.430952078997635, 31.608645634588253, 710.20098876953125 ] } },
{ "type": "Feature", "properties": { "OBJECTID_1": 60, "OBJECTID": 60, "Id": 0, "X": "1463276.41086535", "Y": "11473728.0568734", "z": "7.10290e+02" }, "geometry": { "type": "Point", "coordinates": [ 74.430789805115808, 31.608649119366479, 710.28997802734375 ] } },
{ "type": "Feature", "properties": { "OBJECTID_1": 61, "OBJECTID": 61, "Id": 0, "X": "1463232.54706731", "Y": "11473744.8883308", "z": "7.09983e+02" }, "geometry": { "type": "Point", "coordinates": [ 74.430648580482185, 31.608694775825668, 709.98297119140625 ] } },
{ "type": "Feature", "properties": { "OBJECTID_1": 62, "OBJECTID": 62, "Id": 0, "X": "1463186.13304846", "Y": "11473786.7119522", "z": "7.09806e+02" }, "geometry": { "type": "Point", "coordinates": [ 74.430498742982209, 31.608809121225736, 709.8060302734375 ] } },
{ "type": "Feature", "properties": { "OBJECTID_1": 63, "OBJECTID": 63, "Id": 0, "X": "1463162.67101695", "Y": "11473834.6561035", "z": "7.09481e+02" }, "geometry": { "type": "Point", "coordinates": [ 74.430422552077133, 31.608940626090394, 709.48101806640625 ] } },
{ "type": "Feature", "properties": { "OBJECTID_1": 64, "OBJECTID": 64, "Id": 0, "X": "1463235.09728812", "Y": "11473863.2185767", "z": "7.10902e+02" }, "geometry": { "type": "Point", "coordinates": [ 74.430654794551472, 31.609020207191531, 710.9019775390625 ] } },
{ "type": "Feature", "properties": { "OBJECTID_1": 65, "OBJECTID": 65, "Id": 0, "X": "1463226.93658151", "Y": "11473951.4562169", "z": "7.10448e+02" }, "geometry": { "type": "Point", "coordinates": [ 74.430627095730699, 31.609262733863478, 710.447998046875 ] } },
{ "type": "Feature", "properties": { "OBJECTID_1": 66, "OBJECTID": 66, "Id": 0, "X": "1463310.58382428", "Y": "11473967.267586", "z": "7.10574e+02" }, "geometry": { "type": "Point", "coordinates": [ 74.430895607930154, 31.609307411151008, 710.573974609375 ] } },
{ "type": "Feature", "properties": { "OBJECTID_1": 67, "OBJECTID": 67, "Id": 0, "X": "1463346.79695988", "Y": "11473924.9339204", "z": "7.10778e+02" }, "geometry": { "type": "Point", "coordinates": [ 74.431012676667748, 31.609191516729027, 710.77801513671875 ] } },
{ "type": "Feature", "properties": { "OBJECTID_1": 68, "OBJECTID": 68, "Id": 0, "X": "1463376.37952134", "Y": "11473865.7687975", "z": "7.11147e+02" }, "geometry": { "type": "Point", "coordinates": [ 74.431108721143602, 31.609029242693193, 711.14697265625 ] } },
{ "type": "Feature", "properties": { "OBJECTID_1": 69, "OBJECTID": 69, "Id": 0, "X": "1463395.25115539", "Y": "11473947.8859078", "z": "7.10467e+02" }, "geometry": { "type": "Point", "coordinates": [ 74.431167986609822, 31.609255325557992, 710.46697998046875 ] } },
{ "type": "Feature", "properties": { "OBJECTID_1": 70, "OBJECTID": 70, "Id": 0, "X": "1463344.75678323", "Y": "11473808.133807", "z": "7.11325e+02" }, "geometry": { "type": "Point", "coordinates": [ 74.431008074635471, 31.60887030036703, 711.32501220703125 ] } },
{ "type": "Feature", "properties": { "OBJECTID_1": 71, "OBJECTID": 71, "Id": 0, "X": "1463411.06252445", "Y": "11473811.7041162", "z": "7.10583e+02" }, "geometry": { "type": "Point", "coordinates": [ 74.431221068765197, 31.608881067196265, 710.5830078125 ] } },
{ "type": "Feature", "properties": { "OBJECTID_1": 72, "OBJECTID": 72, "Id": 0, "X": "1463301.91307351", "Y": "11473775.4909806", "z": "7.11543e+02" }, "geometry": { "type": "Point", "coordinates": [ 74.430870955175834, 31.608779922957343, 711.54302978515625 ] } },
{ "type": "Feature", "properties": { "OBJECTID_1": 73, "OBJECTID": 73, "Id": 0, "X": "1463262.63967294", "Y": "11473810.6840278", "z": "7.10876e+02" }, "geometry": { "type": "Point", "coordinates": [ 74.430744173014801, 31.608876137542421, 710.8759765625 ] } },
{ "type": "Feature", "properties": { "OBJECTID_1": 74, "OBJECTID": 74, "Id": 0, "X": "1463284.0615278", "Y": "11473903.0020214", "z": "7.11151e+02" }, "geometry": { "type": "Point", "coordinates": [ 74.43081146123393, 31.609130308364602, 711.1510009765625 ] } },
{ "type": "Feature", "properties": { "OBJECTID_1": 75, "OBJECTID": 75, "Id": 0, "X": "1463309.56373596", "Y": "11473856.5880025", "z": "7.13006e+02" }, "geometry": { "type": "Point", "coordinates": [ 74.430894181669103, 31.609003040167149, 713.0059814453125 ] } },
{ "type": "Feature", "properties": { "OBJECTID_1": 76, "OBJECTID": 76, "Id": 0, "X": "1463225.40644903", "Y": "11473898.4116239", "z": "7.10861e+02" }, "geometry": { "type": "Point", "coordinates": [ 74.430623066864385, 31.609116845302744, 710.86102294921875 ] } },
{ "type": "Feature", "properties": { "OBJECTID_1": 77, "OBJECTID": 77, "Id": 0, "X": "1463254.54272185", "Y": "11473625.1554635", "z": "7.10777e+02" }, "geometry": { "type": "Point", "coordinates": [ 74.430721260365019, 31.608365838922737, 710.7769775390625 ] } },
{ "type": "Feature", "properties": { "OBJECTID_1": 78, "OBJECTID": 78, "Id": 0, "X": "1463230.2857387", "Y": "11473535.5988809", "z": "7.11193e+02" }, "geometry": { "type": "Point", "coordinates": [ 74.430644816926787, 31.608119220997086, 711.1929931640625 ] } },
{ "type": "Feature", "properties": { "OBJECTID_1": 79, "OBJECTID": 79, "Id": 0, "X": "1463186.70286342", "Y": "11473439.7165553", "z": "7.11829e+02" }, "geometry": { "type": "Point", "coordinates": [ 74.430506382418912, 31.607854931098629, 711.8289794921875 ] } },
{ "type": "Feature", "properties": { "OBJECTID_1": 80, "OBJECTID": 80, "Id": 0, "X": "1463118.21548799", "Y": "11473382.4362049", "z": "7.11900e+02" }, "geometry": { "type": "Point", "coordinates": [ 74.430287280166937, 31.607696435263236, 711.9000244140625 ] } },
{ "type": "Feature", "properties": { "OBJECTID_1": 81, "OBJECTID": 81, "Id": 0, "X": "1463209.11691356", "Y": "11473350.0603547", "z": "7.12425e+02" }, "geometry": { "type": "Point", "coordinates": [ 74.43057990308732, 31.607608707684381, 712.42498779296875 ] } },
{ "type": "Feature", "properties": { "OBJECTID_1": 82, "OBJECTID": 82, "Id": 0, "X": "1463282.58518903", "Y": "11473358.7769298", "z": "7.11514e+02" }, "geometry": { "type": "Point", "coordinates": [ 74.430815822559296, 31.607633729402639, 711.51397705078125 ] } },
{ "type": "Feature", "properties": { "OBJECTID_1": 83, "OBJECTID": 83, "Id": 0, "X": "1463307.93797019", "Y": "11473457.7972224", "z": "7.11034e+02" }, "geometry": { "type": "Point", "coordinates": [ 74.430895628752893, 31.60790638707374, 711.03399658203125 ] } },
{ "type": "Feature", "properties": { "OBJECTID_1": 84, "OBJECTID": 84, "Id": 0, "X": "1463341.40961841", "Y": "11473543.867175", "z": "7.11048e+02" }, "geometry": { "type": "Point", "coordinates": [ 74.431001739366195, 31.60814354891707, 711.0479736328125 ] } },
{ "type": "Feature", "properties": { "OBJECTID_1": 85, "OBJECTID": 85, "Id": 0, "X": "1463352.56683448", "Y": "11473616.3890794", "z": "7.10770e+02" }, "geometry": { "type": "Point", "coordinates": [ 74.431036376655186, 31.608343135704725, 710.77001953125 ] } },
{ "type": "Feature", "properties": { "OBJECTID_1": 86, "OBJECTID": 86, "Id": 0, "X": "1463384.44459468", "Y": "11473623.5615755", "z": "7.10493e+02" }, "geometry": { "type": "Point", "coordinates": [ 74.43113868586903, 31.608363315471173, 710.49298095703125 ] } },
{ "type": "Feature", "properties": { "OBJECTID_1": 87, "OBJECTID": 87, "Id": 0, "X": "1463358.14544251", "Y": "11473501.6291427", "z": "7.10988e+02" }, "geometry": { "type": "Point", "coordinates": [ 74.43105622089945, 31.608027638598532, 710.98797607421875 ] } },
{ "type": "Feature", "properties": { "OBJECTID_1": 88, "OBJECTID": 88, "Id": 0, "X": "1463343.00350642", "Y": "11473354.1945018", "z": "7.11718e+02" }, "geometry": { "type": "Point", "coordinates": [ 74.431010032954887, 31.60762199314264, 711.718017578125 ] } },
{ "type": "Feature", "properties": { "OBJECTID_1": 89, "OBJECTID": 89, "Id": 0, "X": "1463193.97497747", "Y": "11473531.1160709", "z": "7.10939e+02" }, "geometry": { "type": "Point", "coordinates": [ 74.430528219056271, 31.608106373670317, 710.93902587890625 ] } },
{ "type": "Feature", "properties": { "OBJECTID_1": 90, "OBJECTID": 90, "Id": 0, "X": "1463217.08635362", "Y": "11473599.6532553", "z": "7.10551e+02" }, "geometry": { "type": "Point", "coordinates": [ 74.430601332921057, 31.608295174273202, 710.551025390625 ] } },
{ "type": "Feature", "properties": { "OBJECTID_1": 91, "OBJECTID": 91, "Id": 0, "X": "1463141.37667313", "Y": "11473429.9041822", "z": "7.11478e+02" }, "geometry": { "type": "Point", "coordinates": [ 74.43036090604943, 31.607827298768903, 711.47802734375 ] } },
{ "type": "Feature", "properties": { "OBJECTID_1": 92, "OBJECTID": 92, "Id": 0, "X": "1463441.82456304", "Y": "11473370.1333818", "z": "7.11489e+02" }, "geometry": { "type": "Point", "coordinates": [ 74.431327294443818, 31.607667237292542, 711.489013671875 ] } },
{ "type": "Feature", "properties": { "OBJECTID_1": 93, "OBJECTID": 93, "Id": 0, "X": "1463514.3464675", "Y": "11473425.9194622", "z": "7.10687e+02" }, "geometry": { "type": "Point", "coordinates": [ 74.431559387003148, 31.607821679979935, 710.68701171875 ] } },
{ "type": "Feature", "properties": { "OBJECTID_1": 94, "OBJECTID": 94, "Id": 0, "X": "1463600.41642005", "Y": "11473440.2644543", "z": "7.11305e+02" }, "geometry": { "type": "Point", "coordinates": [ 74.431835704619075, 31.607862357527097, 711.30499267578125 ] } },
{ "type": "Feature", "properties": { "OBJECTID_1": 95, "OBJECTID": 95, "Id": 0, "X": "1463675.32915653", "Y": "11473469.7513825", "z": "7.10905e+02" }, "geometry": { "type": "Point", "coordinates": [ 74.432075919683356, 31.607944513725169, 710.905029296875 ] } },
{ "type": "Feature", "properties": { "OBJECTID_1": 96, "OBJECTID": 96, "Id": 0, "X": "1463683.29859658", "Y": "11473547.054951", "z": "7.10154e+02" }, "geometry": { "type": "Point", "coordinates": [ 74.432100236490186, 31.60815720375702, 710.15399169921875 ] } },
{ "type": "Feature", "properties": { "OBJECTID_1": 97, "OBJECTID": 97, "Id": 0, "X": "1463782.91659721", "Y": "11473464.9697184", "z": "7.11472e+02" }, "geometry": { "type": "Point", "coordinates": [ 74.432421696413215, 31.607932901222309, 711.47198486328125 ] } },
{ "type": "Feature", "properties": { "OBJECTID_1": 98, "OBJECTID": 98, "Id": 0, "X": "1463527.09757158", "Y": "11473358.9761658", "z": "7.11591e+02" }, "geometry": { "type": "Point", "coordinates": [ 74.431601476842957, 31.607637775718469, 711.59100341796875 ] } },
{ "type": "Feature", "properties": { "OBJECTID_1": 99, "OBJECTID": 99, "Id": 0, "X": "1463598.02558804", "Y": "11473302.3931414", "z": "7.11912e+02" }, "geometry": { "type": "Point", "coordinates": [ 74.4318303249282, 31.607483192635861, 711.9119873046875 ] } },
{ "type": "Feature", "properties": { "OBJECTID_1": 100, "OBJECTID": 100, "Id": 0, "X": "1463672.14138051", "Y": "11473251.3887251", "z": "7.11961e+02" }, "geometry": { "type": "Point", "coordinates": [ 74.432069321942265, 31.60734399522255, 711.96099853515625 ] } },
{ "type": "Feature", "properties": { "OBJECTID_1": 101, "OBJECTID": 101, "Id": 0, "X": "1463740.67856494", "Y": "11473288.8450933", "z": "7.11680e+02" }, "geometry": { "type": "Point", "coordinates": [ 74.432288917281909, 31.607447975002962, 711.67999267578125 ] } },
{ "type": "Feature", "properties": { "OBJECTID_1": 102, "OBJECTID": 102, "Id": 0, "X": "1463810.80963739", "Y": "11473290.4389813", "z": "7.11928e+02" }, "geometry": { "type": "Point", "coordinates": [ 74.432514232708101, 31.607453359330783, 711.927978515625 ] } },
{ "type": "Feature", "properties": { "OBJECTID_1": 103, "OBJECTID": 103, "Id": 0, "X": "1463886.51931787", "Y": "11473261.7489972", "z": "7.12306e+02" }, "geometry": { "type": "Point", "coordinates": [ 74.432757978012759, 31.607375545577757, 712.3060302734375 ] } },
{ "type": "Feature", "properties": { "OBJECTID_1": 104, "OBJECTID": 104, "Id": 0, "X": "1463936.72679019", "Y": "11473208.3537488", "z": "7.11621e+02" }, "geometry": { "type": "Point", "coordinates": [ 74.432920192273087, 31.607229430864326, 711.6209716796875 ] } },
{ "type": "Feature", "properties": { "OBJECTID_1": 105, "OBJECTID": 105, "Id": 0, "X": "1463969.4014944", "Y": "11473128.6593483", "z": "7.12058e+02" }, "geometry": { "type": "Point", "coordinates": [ 74.433026508997798, 31.607010746142699, 712.0579833984375 ] } },
{ "type": "Feature", "properties": { "OBJECTID_1": 106, "OBJECTID": 106, "Id": 0, "X": "1463960.63511034", "Y": "11473054.5435558", "z": "7.11995e+02" }, "geometry": { "type": "Point", "coordinates": [ 74.432999576526683, 31.606806810892735, 711.9949951171875 ] } },
{ "type": "Feature", "properties": { "OBJECTID_1": 107, "OBJECTID": 107, "Id": 0, "X": "1463924.77263012", "Y": "11472970.0674913", "z": "7.10722e+02" }, "geometry": { "type": "Point", "coordinates": [ 74.43288575367383, 31.606573999527964, 710.72198486328125 ] } },
{ "type": "Feature", "properties": { "OBJECTID_1": 108, "OBJECTID": 108, "Id": 0, "X": "1464103.28808726", "Y": "11472945.3622271", "z": "7.12861e+02" }, "geometry": { "type": "Point", "coordinates": [ 74.433459757622501, 31.606508608050181, 712.86102294921875 ] } },
{ "type": "Feature", "properties": { "OBJECTID_1": 109, "OBJECTID": 109, "Id": 0, "X": "1464127.99335141", "Y": "11473020.2749636", "z": "7.12496e+02" }, "geometry": { "type": "Point", "coordinates": [ 74.433537891455074, 31.60671496185256, 712.4959716796875 ] } },
{ "type": "Feature", "properties": { "OBJECTID_1": 110, "OBJECTID": 110, "Id": 0, "X": "1464139.15056749", "Y": "11473106.3449162", "z": "7.12388e+02" }, "geometry": { "type": "Point", "coordinates": [ 74.433572308133606, 31.606951803690059, 712.38800048828125 ] } },
{ "type": "Feature", "properties": { "OBJECTID_1": 111, "OBJECTID": 111, "Id": 0, "X": "1464134.36890345", "Y": "11473160.5371085", "z": "7.12119e+02" }, "geometry": { "type": "Point", "coordinates": [ 74.433556041746286, 31.607100758099172, 712.1190185546875 ] } },
{ "type": "Feature", "properties": { "OBJECTID_1": 112, "OBJECTID": 112, "Id": 0, "X": "1464120.02391136", "Y": "11473229.8712369", "z": "7.12143e+02" }, "geometry": { "type": "Point", "coordinates": [ 74.433508794787144, 31.607291214879158, 712.14300537109375 ] } },
{ "type": "Feature", "properties": { "OBJECTID_1": 113, "OBJECTID": 113, "Id": 0, "X": "1464079.3797671", "Y": "11473307.1748055", "z": "7.11487e+02" }, "geometry": { "type": "Point", "coordinates": [ 74.433376911604071, 31.60750321189137, 711.48699951171875 ] } },
{ "type": "Feature", "properties": { "OBJECTID_1": 114, "OBJECTID": 114, "Id": 0, "X": "1464026.78146277", "Y": "11473368.5394938", "z": "7.11342e+02" }, "geometry": { "type": "Point", "coordinates": [ 74.433206882667349, 31.607671208170057, 711.34197998046875 ] } },
{ "type": "Feature", "properties": { "OBJECTID_1": 115, "OBJECTID": 115, "Id": 0, "X": "1463973.38621443", "Y": "11473407.5897501", "z": "7.11743e+02" }, "geometry": { "type": "Point", "coordinates": [ 74.433034664266472, 31.607777830635747, 711.74298095703125 ] } },
{ "type": "Feature", "properties": { "OBJECTID_1": 116, "OBJECTID": 116, "Id": 0, "X": "1463900.06736596", "Y": "11473443.4522303", "z": "7.11827e+02" }, "geometry": { "type": "Point", "coordinates": [ 74.432798480700455, 31.607875402580877, 711.8270263671875 ] } },
{ "type": "Feature", "properties": { "OBJECTID_1": 117, "OBJECTID": 117, "Id": 0, "X": "1463849.06294964", "Y": "11473209.1506928", "z": "7.12035e+02" }, "geometry": { "type": "Point", "coordinates": [ 74.432638502111331, 31.607230371571315, 712.03497314453125 ] } },
{ "type": "Feature", "properties": { "OBJECTID_1": 118, "OBJECTID": 118, "Id": 0, "X": "1463799.65242132", "Y": "11473125.4715723", "z": "7.12150e+02" }, "geometry": { "type": "Point", "coordinates": [ 74.432481134599954, 31.60699955801373, 712.1500244140625 ] } },
{ "type": "Feature", "properties": { "OBJECTID_1": 119, "OBJECTID": 119, "Id": 0, "X": "1463731.11523688", "Y": "11473024.2596836", "z": "7.12560e+02" }, "geometry": { "type": "Point", "coordinates": [ 74.432262603958435, 31.606720257964916, 712.55999755859375 ] } },
{ "type": "Feature", "properties": { "OBJECTID_1": 120, "OBJECTID": 120, "Id": 0, "X": "1463668.15666048", "Y": "11472939.7836191", "z": "7.12991e+02" }, "geometry": { "type": "Point", "coordinates": [ 74.432061719991694, 31.606487058900758, 712.99102783203125 ] } },
{ "type": "Feature", "properties": { "OBJECTID_1": 121, "OBJECTID": 121, "Id": 0, "X": "1463584.47753995", "Y": "11472859.2922746", "z": "7.14022e+02" }, "geometry": { "type": "Point", "coordinates": [ 74.431794193011825, 31.606264520929937, 714.02197265625 ] } },
{ "type": "Feature", "properties": { "OBJECTID_1": 122, "OBJECTID": 122, "Id": 0, "X": "1463516.73729952", "Y": "11472799.5214742", "z": "7.14520e+02" }, "geometry": { "type": "Point", "coordinates": [ 74.431577534455997, 31.606099189504032, 714.52001953125 ] } },
{ "type": "Feature", "properties": { "OBJECTID_1": 123, "OBJECTID": 123, "Id": 0, "X": "1463540.64561968", "Y": "11472737.3598418", "z": "7.14655e+02" }, "geometry": { "type": "Point", "coordinates": [ 74.431655392831132, 31.605928593730475, 714.655029296875 ] } },
{ "type": "Feature", "properties": { "OBJECTID_1": 124, "OBJECTID": 124, "Id": 0, "X": "1463543.03645169", "Y": "11472662.4471053", "z": "7.15456e+02" }, "geometry": { "type": "Point", "coordinates": [ 74.431664326139128, 31.605722626192247, 715.45599365234375 ] } },
{ "type": "Feature", "properties": { "OBJECTID_1": 125, "OBJECTID": 125, "Id": 0, "X": "1463519.12813154", "Y": "11472594.7068649", "z": "7.15668e+02" }, "geometry": { "type": "Point", "coordinates": [ 74.431588638080612, 31.605536006233969, 715.66802978515625 ] } },
{ "type": "Feature", "properties": { "OBJECTID_1": 126, "OBJECTID": 126, "Id": 0, "X": "1463423.49485093", "Y": "11472541.3116166", "z": "7.15298e+02" }, "geometry": { "type": "Point", "coordinates": [ 74.431282252338377, 31.605387807545998, 715.2979736328125 ] } },
{ "type": "Feature", "properties": { "OBJECTID_1": 127, "OBJECTID": 127, "Id": 0, "X": "1463331.84629035", "Y": "11472499.0735843", "z": "7.15166e+02" }, "geometry": { "type": "Point", "coordinates": [ 74.430988484208839, 31.605270346268608, 715.166015625 ] } },
{ "type": "Feature", "properties": { "OBJECTID_1": 128, "OBJECTID": 128, "Id": 0, "X": "1463241.79161777", "Y": "11472469.5866561", "z": "7.14977e+02" }, "geometry": { "type": "Point", "coordinates": [ 74.430699624761246, 31.605187971265906, 714.97698974609375 ] } },
{ "type": "Feature", "properties": { "OBJECTID_1": 129, "OBJECTID": 129, "Id": 0, "X": "1462879.97903947", "Y": "11472448.866112", "z": "7.14331e+02" }, "geometry": { "type": "Point", "coordinates": [ 74.429537440812453, 31.605125805769188, 714.33099365234375 ] } },
{ "type": "Feature", "properties": { "OBJECTID_1": 130, "OBJECTID": 130, "Id": 0, "X": "1462881.57292747", "Y": "11472499.8705283", "z": "7.13930e+02" }, "geometry": { "type": "Point", "coordinates": [ 74.429541706970525, 31.605266085089813, 713.92999267578125 ] } },
{ "type": "Feature", "properties": { "OBJECTID_1": 131, "OBJECTID": 131, "Id": 0, "X": "1462879.97903947", "Y": "11472569.2046567", "z": "7.13859e+02" }, "geometry": { "type": "Point", "coordinates": [ 74.429535423232323, 31.605456723326302, 713.8590087890625 ] } },
{ "type": "Feature", "properties": { "OBJECTID_1": 132, "OBJECTID": 132, "Id": 0, "X": "1462477.52231691", "Y": "11472573.1893768", "z": "7.14087e+02" }, "geometry": { "type": "Point", "coordinates": [ 74.428242228767814, 31.605461899451992, 714.08697509765625 ] } },
{ "type": "Feature", "properties": { "OBJECTID_1": 133, "OBJECTID": 133, "Id": 0, "X": "1462612.20585377", "Y": "11472570.7985448", "z": "7.13965e+02" }, "geometry": { "type": "Point", "coordinates": [ 74.428675018523009, 31.605457261157927, 713.96502685546875 ] } },
{ "type": "Feature", "properties": { "OBJECTID_1": 134, "OBJECTID": 134, "Id": 0, "X": "1462755.65577467", "Y": "11472569.2046567", "z": "7.13692e+02" }, "geometry": { "type": "Point", "coordinates": [ 74.429135962022684, 31.605454938784007, 713.6920166015625 ] } },
{ "type": "Feature", "properties": { "OBJECTID_1": 135, "OBJECTID": 135, "Id": 0, "X": "1462966.84593602", "Y": "11472577.9710408", "z": "7.13943e+02" }, "geometry": { "type": "Point", "coordinates": [ 74.42981438706488, 31.60548207605428, 713.9429931640625 ] } },
{ "type": "Feature", "properties": { "OBJECTID_1": 136, "OBJECTID": 136, "Id": 0, "X": "1463089.5753128", "Y": "11472600.2854729", "z": "7.14534e+02" }, "geometry": { "type": "Point", "coordinates": [ 74.430208353454404, 31.605545197833884, 714.53399658203125 ] } },
{ "type": "Feature", "properties": { "OBJECTID_1": 137, "OBJECTID": 137, "Id": 0, "X": "1463211.50774558", "Y": "11472638.5387852", "z": "7.14920e+02" }, "geometry": { "type": "Point", "coordinates": [ 74.430599493006298, 31.605652137135824, 714.91998291015625 ] } },
{ "type": "Feature", "properties": { "OBJECTID_1": 138, "OBJECTID": 138, "Id": 0, "X": "1463335.83101037", "Y": "11472689.5432015", "z": "7.15062e+02" }, "geometry": { "type": "Point", "coordinates": [ 74.430998102203574, 31.605794173585721, 715.06201171875 ] } },
{ "type": "Feature", "properties": { "OBJECTID_1": 139, "OBJECTID": 139, "Id": 0, "X": "1463435.449011", "Y": "11472747.7201139", "z": "7.14839e+02" }, "geometry": { "type": "Point", "coordinates": [ 74.431317212199403, 31.605955579000696, 714.8389892578125 ] } },
{ "type": "Feature", "properties": { "OBJECTID_1": 140, "OBJECTID": 140, "Id": 0, "X": "1463456.96649914", "Y": "11472873.6372667", "z": "7.13925e+02" }, "geometry": { "type": "Point", "coordinates": [ 74.431384245772804, 31.60630214494908, 713.92498779296875 ] } },
{ "type": "Feature", "properties": { "OBJECTID_1": 141, "OBJECTID": 141, "Id": 0, "X": "1463410.74374684", "Y": "11472935.0019551", "z": "7.14040e+02" }, "geometry": { "type": "Point", "coordinates": [ 74.431234700937239, 31.606470229804984, 714.03997802734375 ] } },
{ "type": "Feature", "properties": { "OBJECTID_1": 142, "OBJECTID": 142, "Id": 0, "X": "1463350.97294647", "Y": "11472895.1547548", "z": "7.13920e+02" }, "geometry": { "type": "Point", "coordinates": [ 74.431043316475098, 31.606359799178595, 713.91998291015625 ] } },
{ "type": "Feature", "properties": { "OBJECTID_1": 143, "OBJECTID": 143, "Id": 0, "X": "1463281.63881802", "Y": "11472849.7289465", "z": "7.13926e+02" }, "geometry": { "type": "Point", "coordinates": [ 74.430821297736301, 31.606233890804191, 713.926025390625 ] } },
{ "type": "Feature", "properties": { "OBJECTID_1": 144, "OBJECTID": 144, "Id": 0, "X": "1463189.19331344", "Y": "11472809.0848023", "z": "7.13593e+02" }, "geometry": { "type": "Point", "coordinates": [ 74.430524940218262, 31.606120800056054, 713.593017578125 ] } },
{ "type": "Feature", "properties": { "OBJECTID_1": 145, "OBJECTID": 145, "Id": 0, "X": "1463121.45307301", "Y": "11472788.3642581", "z": "7.13800e+02" }, "geometry": { "type": "Point", "coordinates": [ 74.430307630424508, 31.606062850349446, 713.79998779296875 ] } },
{ "type": "Feature", "properties": { "OBJECTID_1": 146, "OBJECTID": 146, "Id": 0, "X": "1463009.8809123", "Y": "11472758.87733", "z": "7.13460e+02" }, "geometry": { "type": "Point", "coordinates": [ 74.429949631253308, 31.605980165278758, 713.46002197265625 ] } },
{ "type": "Feature", "properties": { "OBJECTID_1": 147, "OBJECTID": 147, "Id": 0, "X": "1462891.93319955", "Y": "11472743.7353939", "z": "7.13384e+02" }, "geometry": { "type": "Point", "coordinates": [ 74.429570906944605, 31.605936834856728, 713.38397216796875 ] } },
{ "type": "Feature", "properties": { "OBJECTID_1": 148, "OBJECTID": 148, "Id": 0, "X": "1462886.35459151", "Y": "11472648.1021133", "z": "7.13274e+02" }, "geometry": { "type": "Point", "coordinates": [ 74.429554585668654, 31.605673773992084, 713.27398681640625 ] } },
{ "type": "Feature", "properties": { "OBJECTID_1": 149, "OBJECTID": 149, "Id": 0, "X": "1462829.77156715", "Y": "11472743.7353939", "z": "7.13183e+02" }, "geometry": { "type": "Point", "coordinates": [ 74.429371175309257, 31.605935942785106, 713.1829833984375 ] } },
{ "type": "Feature", "properties": { "OBJECTID_1": 150, "OBJECTID": 150, "Id": 0, "X": "1462711.02691039", "Y": "11472741.3445618", "z": "7.13526e+02" }, "geometry": { "type": "Point", "coordinates": [ 74.428989676820976, 31.605927663311867, 713.5260009765625 ] } },
{ "type": "Feature", "properties": { "OBJECTID_1": 151, "OBJECTID": 151, "Id": 0, "X": "1462597.06391767", "Y": "11472743.7353939", "z": "7.13584e+02" }, "geometry": { "type": "Point", "coordinates": [ 74.428623462086506, 31.605932600462332, 713.583984375 ] } },
{ "type": "Feature", "properties": { "OBJECTID_1": 152, "OBJECTID": 152, "Id": 0, "X": "1462483.89786894", "Y": "11472743.7353939", "z": "7.13530e+02" }, "geometry": { "type": "Point", "coordinates": [ 74.428259848166917, 31.605930973504641, 713.530029296875 ] } },
{ "type": "Feature", "properties": { "OBJECTID_1": 153, "OBJECTID": 153, "Id": 0, "X": "1462269.51993158", "Y": "11472915.078355", "z": "7.14367e+02" }, "geometry": { "type": "Point", "coordinates": [ 74.427568147613783, 31.60639906239258, 714.36700439453125 ] } },
{ "type": "Feature", "properties": { "OBJECTID_1": 154, "OBJECTID": 154, "Id": 0, "X": "1462389.06153234", "Y": "11472911.8905789", "z": "7.13682e+02" }, "geometry": { "type": "Point", "coordinates": [ 74.427952302297143, 31.606392017057512, 713.6820068359375 ] } },
{ "type": "Feature", "properties": { "OBJECTID_1": 155, "OBJECTID": 155, "Id": 0, "X": "1462556.41977341", "Y": "11472910.2966909", "z": "7.13414e+02" }, "geometry": { "type": "Point", "coordinates": [ 74.428490070596581, 31.606390041068721, 713.41400146484375 ] } },
{ "type": "Feature", "properties": { "OBJECTID_1": 156, "OBJECTID": 156, "Id": 0, "X": "1462682.33692621", "Y": "11472907.9058589", "z": "7.13636e+02" }, "geometry": { "type": "Point", "coordinates": [ 74.428894697232977, 31.606385276055839, 713.635986328125 ] } },
{ "type": "Feature", "properties": { "OBJECTID_1": 157, "OBJECTID": 157, "Id": 0, "X": "1462823.39601511", "Y": "11472910.2966909", "z": "7.13255e+02" }, "geometry": { "type": "Point", "coordinates": [ 74.429347896457813, 31.606393876158414, 713.2550048828125 ] } },
{ "type": "Feature", "properties": { "OBJECTID_1": 158, "OBJECTID": 158, "Id": 0, "X": "1462895.12097557", "Y": "11472913.4844669", "z": "7.13057e+02" }, "geometry": { "type": "Point", "coordinates": [ 74.429578303720618, 31.606403671525911, 713.0570068359375 ] } },
{ "type": "Feature", "properties": { "OBJECTID_1": 159, "OBJECTID": 159, "Id": 0, "X": "1462895.91791957", "Y": "11472824.2267384", "z": "7.12708e+02" }, "geometry": { "type": "Point", "coordinates": [ 74.429582360818017, 31.60615823421276, 712.7080078125 ] } },
{ "type": "Feature", "properties": { "OBJECTID_1": 160, "OBJECTID": 160, "Id": 0, "X": "1462906.27819163", "Y": "11473025.0566276", "z": "7.12210e+02" }, "geometry": { "type": "Point", "coordinates": [ 74.429612282723539, 31.606710642531617, 712.21002197265625 ] } },
{ "type": "Feature", "properties": { "OBJECTID_1": 161, "OBJECTID": 161, "Id": 0, "X": "1462904.68430363", "Y": "11473117.5021322", "z": "7.12410e+02" }, "geometry": { "type": "Point", "coordinates": [ 74.429605611524451, 31.606964834416615, 712.40997314453125 ] } },
{ "type": "Feature", "properties": { "OBJECTID_1": 162, "OBJECTID": 162, "Id": 0, "X": "1462989.95731217", "Y": "11472927.032515", "z": "7.13108e+02" }, "geometry": { "type": "Point", "coordinates": [ 74.42988279701855, 31.606442287520281, 713.10797119140625 ] } },
{ "type": "Feature", "properties": { "OBJECTID_1": 163, "OBJECTID": 163, "Id": 0, "X": "1463105.5141929", "Y": "11472960.5041632", "z": "7.13398e+02" }, "geometry": { "type": "Point", "coordinates": [ 74.43025353455505, 31.606535987434064, 713.39801025390625 ] } },
{ "type": "Feature", "properties": { "OBJECTID_1": 164, "OBJECTID": 164, "Id": 0, "X": "1463234.61912172", "Y": "11473024.2596836", "z": "7.13516e+02" }, "geometry": { "type": "Point", "coordinates": [ 74.430667297679392, 31.606713157572919, 713.5159912109375 ] } },
{ "type": "Feature", "properties": { "OBJECTID_1": 165, "OBJECTID": 165, "Id": 0, "X": "1463307.93797019", "Y": "11473064.1068839", "z": "7.13202e+02" }, "geometry": { "type": "Point", "coordinates": [ 74.430902214082124, 31.606823782710347, 713.2020263671875 ] } },
{ "type": "Feature", "properties": { "OBJECTID_1": 166, "OBJECTID": 166, "Id": 0, "X": "1463361.33321853", "Y": "11473002.7421955", "z": "7.13477e+02" }, "geometry": { "type": "Point", "coordinates": [ 74.43107480622561, 31.606655800912893, 713.47698974609375 ] } },
{ "type": "Feature", "properties": { "OBJECTID_1": 167, "OBJECTID": 167, "Id": 0, "X": "1463377.27209863", "Y": "11473129.4562923", "z": "7.13237e+02" }, "geometry": { "type": "Point", "coordinates": [ 74.431123901190347, 31.607004478626074, 713.23699951171875 ] } },
{ "type": "Feature", "properties": { "OBJECTID_1": 168, "OBJECTID": 168, "Id": 0, "X": "1463442.62150705", "Y": "11473199.5873648", "z": "7.12434e+02" }, "geometry": { "type": "Point", "coordinates": [ 74.431332705748275, 31.607198266205398, 712.43402099609375 ] } },
{ "type": "Feature", "properties": { "OBJECTID_1": 169, "OBJECTID": 169, "Id": 0, "X": "1463492.03203536", "Y": "11473268.9214932", "z": "7.12248e+02" }, "geometry": { "type": "Point", "coordinates": [ 74.431490310432267, 31.607389634014829, 712.24798583984375 ] } },
{ "type": "Feature", "properties": { "OBJECTID_1": 170, "OBJECTID": 170, "Id": 0, "X": "1463633.09112426", "Y": "11473178.0698766", "z": "7.12329e+02" }, "geometry": { "type": "Point", "coordinates": [ 74.431945071720676, 31.60714181862004, 712.3289794921875 ] } },
{ "type": "Feature", "properties": { "OBJECTID_1": 171, "OBJECTID": 171, "Id": 0, "X": "1463590.85309199", "Y": "11473118.2990762", "z": "7.12767e+02" }, "geometry": { "type": "Point", "coordinates": [ 74.431810353014995, 31.606976851960063, 712.76702880859375 ] } },
{ "type": "Feature", "properties": { "OBJECTID_1": 172, "OBJECTID": 172, "Id": 0, "X": "1463527.89451559", "Y": "11473038.6046757", "z": "7.13461e+02" }, "geometry": { "type": "Point", "coordinates": [ 74.431609389764347, 31.606756801244504, 713.46099853515625 ] } },
{ "type": "Feature", "properties": { "OBJECTID_1": 173, "OBJECTID": 173, "Id": 0, "X": "1463467.32677121", "Y": "11472983.6155394", "z": "7.13648e+02" }, "geometry": { "type": "Point", "coordinates": [ 74.431415696632484, 31.606604721136328, 713.64801025390625 ] } },
{ "type": "Feature", "properties": { "OBJECTID_1": 174, "OBJECTID": 174, "Id": 0, "X": "1461816.8557367", "Y": "11473146.1921164", "z": "7.15828e+02" }, "geometry": { "type": "Point", "coordinates": [ 74.426109786830011, 31.607028072758897, 715.8280029296875 ] } },
{ "type": "Feature", "properties": { "OBJECTID_1": 175, "OBJECTID": 175, "Id": 0, "X": "1461937.99122547", "Y": "11473143.8012844", "z": "7.15056e+02" }, "geometry": { "type": "Point", "coordinates": [ 74.426499052082633, 31.607023246341424, 715.0560302734375 ] } },
{ "type": "Feature", "properties": { "OBJECTID_1": 176, "OBJECTID": 176, "Id": 0, "X": "1461817.6526807", "Y": "11473197.9934768", "z": "7.15980e+02" }, "geometry": { "type": "Point", "coordinates": [ 74.426111473750467, 31.60717053209278, 715.97998046875 ] } },
{ "type": "Feature", "properties": { "OBJECTID_1": 177, "OBJECTID": 177, "Id": 0, "X": "1461768.24215239", "Y": "11473247.4040051", "z": "7.15962e+02" }, "geometry": { "type": "Point", "coordinates": [ 74.425951877030641, 31.607305692018812, 715.96197509765625 ] } },
{ "type": "Feature", "properties": { "OBJECTID_1": 178, "OBJECTID": 178, "Id": 0, "X": "1461918.06762535", "Y": "11473248.9978931", "z": "7.15355e+02" }, "geometry": { "type": "Point", "coordinates": [ 74.426433261389519, 31.607312237588928, 715.35498046875 ] } },
{ "type": "Feature", "properties": { "OBJECTID_1": 179, "OBJECTID": 179, "Id": 0, "X": "1462070.28393031", "Y": "11473246.6070611", "z": "7.14905e+02" }, "geometry": { "type": "Point", "coordinates": [ 74.426922395060004, 31.607307858284365, 714.905029296875 ] } },
{ "type": "Feature", "properties": { "OBJECTID_1": 180, "OBJECTID": 180, "Id": 0, "X": "1461840.76405685", "Y": "11473277.6878773", "z": "7.15787e+02" }, "geometry": { "type": "Point", "coordinates": [ 74.426184389785178, 31.607390016206683, 715.7869873046875 ] } },
{ "type": "Feature", "properties": { "OBJECTID_1": 181, "OBJECTID": 181, "Id": 0, "X": "1462000.15285787", "Y": "11473279.2817653", "z": "7.14904e+02" }, "geometry": { "type": "Point", "coordinates": [ 74.426696503016856, 31.607396698824381, 714.90399169921875 ] } },
{ "type": "Feature", "properties": { "OBJECTID_1": 182, "OBJECTID": 182, "Id": 0, "X": "1462138.82111475", "Y": "11473279.2817653", "z": "7.15019e+02" }, "geometry": { "type": "Point", "coordinates": [ 74.42714206496349, 31.607398697812936, 715.01898193359375 ] } },
{ "type": "Feature", "properties": { "OBJECTID_1": 183, "OBJECTID": 183, "Id": 0, "X": "1462263.14437954", "Y": "11473283.2664853", "z": "7.14354e+02" }, "geometry": { "type": "Point", "coordinates": [ 74.427541467286176, 31.607411446215902, 714.35400390625 ] } },
{ "type": "Feature", "properties": { "OBJECTID_1": 184, "OBJECTID": 184, "Id": 0, "X": "1462273.50465161", "Y": "11473245.8101171", "z": "7.14525e+02" }, "geometry": { "type": "Point", "coordinates": [ 74.427575386604275, 31.607308594638873, 714.5250244140625 ] } },
{ "type": "Feature", "properties": { "OBJECTID_1": 185, "OBJECTID": 185, "Id": 0, "X": "1462181.05914702", "Y": "11473247.4040051", "z": "7.14969e+02" }, "geometry": { "type": "Point", "coordinates": [ 74.427278318734295, 31.607311646174402, 714.968994140625 ] } },
{ "type": "Feature", "properties": { "OBJECTID_1": 186, "OBJECTID": 186, "Id": 0, "X": "1462055.14199422", "Y": "11473147.7860044", "z": "7.14695e+02" }, "geometry": { "type": "Point", "coordinates": [ 74.426875406464646, 31.607035893334942, 714.69500732421875 ] } },
{ "type": "Feature", "properties": { "OBJECTID_1": 187, "OBJECTID": 187, "Id": 0, "X": "1462180.26220301", "Y": "11473144.5982284", "z": "7.14571e+02" }, "geometry": { "type": "Point", "coordinates": [ 74.427277488618358, 31.607028930484983, 714.57098388671875 ] } },
{ "type": "Feature", "properties": { "OBJECTID_1": 188, "OBJECTID": 188, "Id": 0, "X": "1462263.14437954", "Y": "11473143.0043404", "z": "7.14142e+02" }, "geometry": { "type": "Point", "coordinates": [ 74.427543827299047, 31.60702574123464, 714.14202880859375 ] } },
{ "type": "Feature", "properties": { "OBJECTID_1": 189, "OBJECTID": 189, "Id": 0, "X": "1462259.95660352", "Y": "11473013.1024676", "z": "7.14399e+02" }, "geometry": { "type": "Point", "coordinates": [ 74.427535770227763, 31.606668479901973, 714.39898681640625 ] } },
{ "type": "Feature", "properties": { "OBJECTID_1": 190, "OBJECTID": 190, "Id": 0, "X": "1462121.28834663", "Y": "11473116.7051882", "z": "7.14449e+02" }, "geometry": { "type": "Point", "coordinates": [ 74.427088467184049, 31.606951378048269, 714.448974609375 ] } },
{ "type": "Feature", "properties": { "OBJECTID_1": 191, "OBJECTID": 191, "Id": 0, "X": "1461994.57424983", "Y": "11473118.2990762", "z": "7.14804e+02" }, "geometry": { "type": "Point", "coordinates": [ 74.426681290840335, 31.606953934310429, 714.80401611328125 ] } },
{ "type": "Feature", "properties": { "OBJECTID_1": 192, "OBJECTID": 192, "Id": 0, "X": "1461874.23570507", "Y": "11473117.5021322", "z": "7.14947e+02" }, "geometry": { "type": "Point", "coordinates": [ 74.426294640318076, 31.606950006766958, 714.947021484375 ] } },
{ "type": "Feature", "properties": { "OBJECTID_1": 193, "OBJECTID": 193, "Id": 0, "X": "1462381.8890363", "Y": "11473113.5174122", "z": "7.14618e+02" }, "geometry": { "type": "Point", "coordinates": [ 74.427925866068406, 31.606946364844376, 714.61798095703125 ] } },
{ "type": "Feature", "properties": { "OBJECTID_1": 194, "OBJECTID": 194, "Id": 0, "X": "1462431.29956461", "Y": "11473146.9890604", "z": "7.13921e+02" }, "geometry": { "type": "Point", "coordinates": [ 74.428084066138567, 31.607039119015074, 713.9210205078125 ] } },
{ "type": "Feature", "properties": { "OBJECTID_1": 195, "OBJECTID": 195, "Id": 0, "X": "1462565.98310147", "Y": "11473117.5021322", "z": "7.13151e+02" }, "geometry": { "type": "Point", "coordinates": [ 74.428517318321866, 31.606959970139911, 713.1510009765625 ] } },
{ "type": "Feature", "properties": { "OBJECTID_1": 196, "OBJECTID": 196, "Id": 0, "X": "1462636.11417392", "Y": "11473152.5676685", "z": "7.13420e+02" }, "geometry": { "type": "Point", "coordinates": [ 74.428742070248489, 31.6070574043611, 713.41998291015625 ] } },
{ "type": "Feature", "properties": { "OBJECTID_1": 197, "OBJECTID": 197, "Id": 0, "X": "1462755.65577467", "Y": "11473117.5021322", "z": "7.13250e+02" }, "geometry": { "type": "Point", "coordinates": [ 74.429126762482866, 31.606962695277062, 713.25 ] } },
{ "type": "Feature", "properties": { "OBJECTID_1": 198, "OBJECTID": 198, "Id": 0, "X": "1462804.26935899", "Y": "11473148.5829484", "z": "7.13006e+02" }, "geometry": { "type": "Point", "coordinates": [ 74.429282443207526, 31.607048862014778, 713.0059814453125 ] } },
{ "type": "Feature", "properties": { "OBJECTID_1": 199, "OBJECTID": 199, "Id": 0, "X": "1462780.36103884", "Y": "11473242.622341", "z": "7.13607e+02" }, "geometry": { "type": "Point", "coordinates": [ 74.429204044752893, 31.607307116497694, 713.60699462890625 ] } },
{ "type": "Feature", "properties": { "OBJECTID_1": 200, "OBJECTID": 200, "Id": 0, "X": "1462697.47886231", "Y": "11473278.4848213", "z": "7.13261e+02" }, "geometry": { "type": "Point", "coordinates": [ 74.42893713007912, 31.607404543961497, 713.260986328125 ] } },
{ "type": "Feature", "properties": { "OBJECTID_1": 201, "OBJECTID": 201, "Id": 0, "X": "1462620.97223782", "Y": "11473248.2009491", "z": "7.13979e+02" }, "geometry": { "type": "Point", "coordinates": [ 74.42869181122866, 31.607320167491004, 713.97900390625 ] } },
{ "type": "Feature", "properties": { "OBJECTID_1": 202, "OBJECTID": 202, "Id": 0, "X": "1462530.12062124", "Y": "11473276.8909332", "z": "7.14724e+02" }, "geometry": { "type": "Point", "coordinates": [ 74.428399409483546, 31.60739775573963, 714.7239990234375 ] } },
{ "type": "Feature", "properties": { "OBJECTID_1": 203, "OBJECTID": 203, "Id": 0, "X": "1462389.85847635", "Y": "11473281.6725973", "z": "7.14130e+02" }, "geometry": { "type": "Point", "coordinates": [ 74.42794864564236, 31.607408887235312, 714.1300048828125 ] } },
{ "type": "Feature", "properties": { "OBJECTID_1": 204, "OBJECTID": 204, "Id": 0, "X": "1462427.31484459", "Y": "11473245.8101171", "z": "7.15020e+02" }, "geometry": { "type": "Point", "coordinates": [ 74.428069601480246, 31.60731080840786, 715.02001953125 ] } },
{ "type": "Feature", "properties": { "OBJECTID_1": 205, "OBJECTID": 205, "Id": 0, "X": "1462911.05985566", "Y": "11473257.7642771", "z": "7.13075e+02" }, "geometry": { "type": "Point", "coordinates": [ 74.429623745622877, 31.607350631015787, 713.07501220703125 ] } },
{ "type": "Feature", "properties": { "OBJECTID_1": 206, "OBJECTID": 206, "Id": 0, "X": "1462869.6187674", "Y": "11473282.4695413", "z": "7.13251e+02" }, "geometry": { "type": "Point", "coordinates": [ 74.429490174912587, 31.60741797306164, 713.2509765625 ] } },
{ "type": "Feature", "properties": { "OBJECTID_1": 207, "OBJECTID": 207, "Id": 0, "X": "1462970.03371204", "Y": "11473172.4912686", "z": "7.12663e+02" }, "geometry": { "type": "Point", "coordinates": [ 74.429814666572398, 31.607116985817854, 712.66302490234375 ] } },
{ "type": "Feature", "properties": { "OBJECTID_1": 208, "OBJECTID": 208, "Id": 0, "X": "1463067.26088066", "Y": "11473170.8973806", "z": "7.12247e+02" }, "geometry": { "type": "Point", "coordinates": [ 74.430127098003979, 31.607113996920269, 712.24700927734375 ] } },
{ "type": "Feature", "properties": { "OBJECTID_1": 209, "OBJECTID": 209, "Id": 0, "X": "1463178.03609736", "Y": "11473242.622341", "z": "7.12355e+02" }, "geometry": { "type": "Point", "coordinates": [ 74.430481833928098, 31.607312819969707, 712.35498046875 ] } },
{ "type": "Feature", "properties": { "OBJECTID_1": 210, "OBJECTID": 210, "Id": 0, "X": "1463107.90502492", "Y": "11473239.434565", "z": "7.12793e+02" }, "geometry": { "type": "Point", "coordinates": [ 74.430256545706371, 31.607303049048888, 712.79302978515625 ] } },
{ "type": "Feature", "properties": { "OBJECTID_1": 211, "OBJECTID": 211, "Id": 0, "X": "1463179.62998537", "Y": "11473287.2512053", "z": "7.12536e+02" }, "geometry": { "type": "Point", "coordinates": [ 74.430486208272129, 31.607435567175902, 712.5360107421875 ] } },
{ "type": "Feature", "properties": { "OBJECTID_1": 212, "OBJECTID": 212, "Id": 0, "X": "1463038.57089648", "Y": "11473311.1595255", "z": "7.12712e+02" }, "geometry": { "type": "Point", "coordinates": [ 74.430032563250933, 31.607499290765158, 712.71197509765625 ] } },
{ "type": "Feature", "properties": { "OBJECTID_1": 213, "OBJECTID": 213, "Id": 0, "X": "1463001.91147224", "Y": "11473323.1136856", "z": "7.12470e+02" }, "geometry": { "type": "Point", "coordinates": [ 74.429914570515336, 31.607531637707659, 712.469970703125 ] } },
{ "type": "Feature", "properties": { "OBJECTID_1": 214, "OBJECTID": 214, "Id": 0, "X": "1463014.66257632", "Y": "11473409.9805821", "z": "7.11887e+02" }, "geometry": { "type": "Point", "coordinates": [ 74.429954086344182, 31.607770694748258, 711.88702392578125 ] } },
{ "type": "Feature", "properties": { "OBJECTID_1": 215, "OBJECTID": 215, "Id": 0, "X": "1462990.75425617", "Y": "11473461.7819424", "z": "7.10884e+02" }, "geometry": { "type": "Point", "coordinates": [ 74.429876396909577, 31.607912799799969, 710.88397216796875 ] } },
{ "type": "Feature", "properties": { "OBJECTID_1": 216, "OBJECTID": 216, "Id": 0, "X": "1462966.84593602", "Y": "11473521.5527428", "z": "7.09934e+02" }, "geometry": { "type": "Point", "coordinates": [ 74.429798573668577, 31.608076819860006, 709.93402099609375 ] } },
{ "type": "Feature", "properties": { "OBJECTID_1": 217, "OBJECTID": 217, "Id": 0, "X": "1462871.21265541", "Y": "11473540.6793989", "z": "7.10977e+02" }, "geometry": { "type": "Point", "coordinates": [ 74.429490966457195, 31.608128043922022, 710.97698974609375 ] } },
{ "type": "Feature", "properties": { "OBJECTID_1": 218, "OBJECTID": 218, "Id": 0, "X": "1462862.44627136", "Y": "11473599.6532553", "z": "7.10489e+02" }, "geometry": { "type": "Point", "coordinates": [ 74.429461809526416, 31.608290089552352, 710.489013671875 ] } },
{ "type": "Feature", "properties": { "OBJECTID_1": 219, "OBJECTID": 219, "Id": 0, "X": "1462866.43099138", "Y": "11473657.8301677", "z": "7.09250e+02" }, "geometry": { "type": "Point", "coordinates": [ 74.429473637548227, 31.608450126672622, 709.25 ] } },
{ "type": "Feature", "properties": { "OBJECTID_1": 220, "OBJECTID": 220, "Id": 0, "X": "1462780.36103884", "Y": "11473572.5571591", "z": "7.11091e+02" }, "geometry": { "type": "Point", "coordinates": [ 74.429198509325772, 31.608214399991752, 711.09100341796875 ] } },
{ "type": "Feature", "properties": { "OBJECTID_1": 221, "OBJECTID": 221, "Id": 0, "X": "1462616.19057379", "Y": "11473572.5571591", "z": "7.12116e+02" }, "geometry": { "type": "Point", "coordinates": [ 74.428671000168151, 31.608212041641778, 712.11602783203125 ] } },
{ "type": "Feature", "properties": { "OBJECTID_1": 222, "OBJECTID": 222, "Id": 0, "X": "1462469.55287686", "Y": "11473571.7602151", "z": "7.13521e+02" }, "geometry": { "type": "Point", "coordinates": [ 74.428199840386625, 31.608207741807195, 713.52099609375 ] } },
{ "type": "Feature", "properties": { "OBJECTID_1": 223, "OBJECTID": 223, "Id": 0, "X": "1462350.01127609", "Y": "11473571.7602151", "z": "7.14690e+02" }, "geometry": { "type": "Point", "coordinates": [ 74.427815731864925, 31.60820602177499, 714.69000244140625 ] } },
{ "type": "Feature", "properties": { "OBJECTID_1": 224, "OBJECTID": 224, "Id": 0, "X": "1462270.31687559", "Y": "11473566.1816071", "z": "7.14979e+02" }, "geometry": { "type": "Point", "coordinates": [ 74.427559753400345, 31.608189533908501, 714.97900390625 ] } },
{ "type": "Feature", "properties": { "OBJECTID_1": 225, "OBJECTID": 225, "Id": 0, "X": "1462267.92604357", "Y": "11473480.9085985", "z": "7.15089e+02" }, "geometry": { "type": "Point", "coordinates": [ 74.427553506034897, 31.607955008415082, 715.0889892578125 ] } },
{ "type": "Feature", "properties": { "OBJECTID_1": 226, "OBJECTID": 226, "Id": 0, "X": "1462265.53521155", "Y": "11473385.2753179", "z": "7.14737e+02" }, "geometry": { "type": "Point", "coordinates": [ 74.427547433012251, 31.60769199334284, 714.73699951171875 ] } },
{ "type": "Feature", "properties": { "OBJECTID_1": 227, "OBJECTID": 227, "Id": 0, "X": "1462789.12742289", "Y": "11473693.6926479", "z": "7.10411e+02" }, "geometry": { "type": "Point", "coordinates": [ 74.42922464499911, 31.6085476347465, 710.4110107421875 ] } },
{ "type": "Feature", "properties": { "OBJECTID_1": 228, "OBJECTID": 228, "Id": 0, "X": "1462813.03574304", "Y": "11473716.8040241", "z": "7.09494e+02" }, "geometry": { "type": "Point", "coordinates": [ 74.429301079308431, 31.608611531668991, 709.4940185546875 ] } },
{ "type": "Feature", "properties": { "OBJECTID_1": 229, "OBJECTID": 229, "Id": 0, "X": "1462824.98990312", "Y": "11473789.3259285", "z": "7.08734e+02" }, "geometry": { "type": "Point", "coordinates": [ 74.429338273859429, 31.608811130302769, 708.7340087890625 ] } },
{ "type": "Feature", "properties": { "OBJECTID_1": 230, "OBJECTID": 230, "Id": 0, "X": "1462789.9243669", "Y": "11473840.3303448", "z": "7.09005e+02" }, "geometry": { "type": "Point", "coordinates": [ 74.429224745554123, 31.608950883236808, 709.0050048828125 ] } },
{ "type": "Feature", "properties": { "OBJECTID_1": 231, "OBJECTID": 231, "Id": 0, "X": "1462749.28022264", "Y": "11473845.1120089", "z": "7.09254e+02" }, "geometry": { "type": "Point", "coordinates": [ 74.429094067349908, 31.608963448624472, 709.2540283203125 ] } },
{ "type": "Feature", "properties": { "OBJECTID_1": 232, "OBJECTID": 232, "Id": 0, "X": "1462814.62963105", "Y": "11473931.9789054", "z": "7.08462e+02" }, "geometry": { "type": "Point", "coordinates": [ 74.429302591208071, 31.609203261081895, 708.46197509765625 ] } },
{ "type": "Feature", "properties": { "OBJECTID_1": 233, "OBJECTID": 233, "Id": 0, "X": "1462771.59465478", "Y": "11473951.1055616", "z": "7.09285e+02" }, "geometry": { "type": "Point", "coordinates": [ 74.429163989704861, 31.609255239311928, 709.28497314453125 ] } },
{ "type": "Feature", "properties": { "OBJECTID_1": 234, "OBJECTID": 234, "Id": 0, "X": "1462717.40246244", "Y": "11473882.5683771", "z": "7.09582e+02" }, "geometry": { "type": "Point", "coordinates": [ 74.428991008884239, 31.609065991528581, 709.58197021484375 ] } },
{ "type": "Feature", "properties": { "OBJECTID_1": 235, "OBJECTID": 235, "Id": 0, "X": "1462640.09889394", "Y": "11473853.0814489", "z": "7.09857e+02" }, "geometry": { "type": "Point", "coordinates": [ 74.428743111523957, 31.608983795184244, 709.85699462890625 ] } },
{ "type": "Feature", "properties": { "OBJECTID_1": 236, "OBJECTID": 236, "Id": 0, "X": "1462577.93726154", "Y": "11473884.1622651", "z": "7.10020e+02" }, "geometry": { "type": "Point", "coordinates": [ 74.42854285133248, 31.609068370449702, 710.02001953125 ] } },
{ "type": "Feature", "properties": { "OBJECTID_1": 237, "OBJECTID": 237, "Id": 0, "X": "1462499.83674905", "Y": "11473853.0814489", "z": "7.10385e+02" }, "geometry": { "type": "Point", "coordinates": [ 74.428292420413925, 31.608981778768307, 710.385009765625 ] } },
{ "type": "Feature", "properties": { "OBJECTID_1": 238, "OBJECTID": 238, "Id": 0, "X": "1462424.12706856", "Y": "11473884.1622651", "z": "7.10566e+02" }, "geometry": { "type": "Point", "coordinates": [ 74.428048627131318, 31.609066158402005, 710.56597900390625 ] } },
{ "type": "Feature", "properties": { "OBJECTID_1": 239, "OBJECTID": 239, "Id": 0, "X": "1462354.79294013", "Y": "11473847.5028409", "z": "7.10943e+02" }, "geometry": { "type": "Point", "coordinates": [ 74.427826458705823, 31.608964351403074, 710.9429931640625 ] } },
{ "type": "Feature", "properties": { "OBJECTID_1": 240, "OBJECTID": 240, "Id": 0, "X": "1462281.47409166", "Y": "11473878.5836571", "z": "7.11227e+02" }, "geometry": { "type": "Point", "coordinates": [ 74.427590347302029, 31.609048764569966, 711.22698974609375 ] } },
{ "type": "Feature", "properties": { "OBJECTID_1": 241, "OBJECTID": 241, "Id": 0, "X": "1462265.53521155", "Y": "11473941.5422335", "z": "7.12186e+02" }, "geometry": { "type": "Point", "coordinates": [ 74.427538072964907, 31.6092216639376, 712.18597412109375 ] } },
{ "type": "Feature", "properties": { "OBJECTID_1": 242, "OBJECTID": 242, "Id": 0, "X": "1462325.30601194", "Y": "11473989.3588738", "z": "7.08037e+02" }, "geometry": { "type": "Point", "coordinates": [ 74.427729324945332, 31.609354014836342, 708.0369873046875 ] } },
{ "type": "Feature", "properties": { "OBJECTID_1": 243, "OBJECTID": 243, "Id": 0, "X": "1462792.31519891", "Y": "11474053.1143942", "z": "7.09360e+02" }, "geometry": { "type": "Point", "coordinates": [ 74.429228857814863, 31.609536049540264, 709.3599853515625 ] } },
{ "type": "Feature", "properties": { "OBJECTID_1": 244, "OBJECTID": 244, "Id": 0, "X": "1462832.16239917", "Y": "11474081.8043784", "z": "7.09360e+02" }, "geometry": { "type": "Point", "coordinates": [ 74.429356414592377, 31.609615515814262, 709.3599853515625 ] } },
{ "type": "Feature", "properties": { "OBJECTID_1": 245, "OBJECTID": 245, "Id": 0, "X": "1462875.99431944", "Y": "11474101.7279785", "z": "7.08623e+02" }, "geometry": { "type": "Point", "coordinates": [ 74.429496922423354, 31.609670932590415, 708.62298583984375 ] } },
{ "type": "Feature", "properties": { "OBJECTID_1": 246, "OBJECTID": 246, "Id": 0, "X": "1462871.21265541", "Y": "11474156.7171149", "z": "7.09544e+02" }, "geometry": { "type": "Point", "coordinates": [ 74.429480635647664, 31.609822077840462, 709.54400634765625 ] } },
{ "type": "Feature", "properties": { "OBJECTID_1": 247, "OBJECTID": 247, "Id": 0, "X": "1462899.90263959", "Y": "11474239.5992914", "z": "7.10157e+02" }, "geometry": { "type": "Point", "coordinates": [ 74.429571433552354, 31.610050406134299, 710.156982421875 ] } },
{ "type": "Feature", "properties": { "OBJECTID_1": 248, "OBJECTID": 248, "Id": 0, "X": "1462962.86121599", "Y": "11474261.1167795", "z": "7.09733e+02" }, "geometry": { "type": "Point", "coordinates": [ 74.42977337407639, 31.610110480075438, 709.73297119140625 ] } },
{ "type": "Feature", "properties": { "OBJECTID_1": 249, "OBJECTID": 249, "Id": 0, "X": "1463013.86563232", "Y": "11474260.3198355", "z": "7.09229e+02" }, "geometry": { "type": "Point", "coordinates": [ 74.429937277121766, 31.610109020119289, 709.22900390625 ] } },
{ "type": "Feature", "properties": { "OBJECTID_1": 250, "OBJECTID": 250, "Id": 0, "X": "1462796.29991893", "Y": "11474163.0926669", "z": "7.09742e+02" }, "geometry": { "type": "Point", "coordinates": [ 74.42923981646328, 31.609838534495903, 709.74200439453125 ] } },
{ "type": "Feature", "properties": { "OBJECTID_1": 251, "OBJECTID": 251, "Id": 0, "X": "1462682.33692621", "Y": "11474165.4834989", "z": "7.10039e+02" }, "geometry": { "type": "Point", "coordinates": [ 74.428873586417495, 31.609843472179062, 710.03900146484375 ] } },
{ "type": "Feature", "properties": { "OBJECTID_1": 252, "OBJECTID": 252, "Id": 0, "X": "1462601.8455817", "Y": "11474167.0773869", "z": "7.10183e+02" }, "geometry": { "type": "Point", "coordinates": [ 74.428614922019307, 31.609846698472008, 710.1829833984375 ] } },
{ "type": "Feature", "properties": { "OBJECTID_1": 253, "OBJECTID": 253, "Id": 0, "X": "1462432.89345262", "Y": "11474161.4987789", "z": "7.10340e+02" }, "geometry": { "type": "Point", "coordinates": [ 74.428072132888644, 31.609828928273362, 710.34002685546875 ] } },
{ "type": "Feature", "properties": { "OBJECTID_1": 254, "OBJECTID": 254, "Id": 0, "X": "1462285.45881168", "Y": "11474164.6865549", "z": "7.10844e+02" }, "geometry": { "type": "Point", "coordinates": [ 74.427598337214377, 31.60983557218227, 710.843994140625 ] } },
{ "type": "Feature", "properties": { "OBJECTID_1": 255, "OBJECTID": 255, "Id": 0, "X": "1462284.66186768", "Y": "11474234.8176273", "z": "7.10675e+02" }, "geometry": { "type": "Point", "coordinates": [ 74.427594596423347, 31.610028413117014, 710.67498779296875 ] } },
{ "type": "Feature", "properties": { "OBJECTID_1": 256, "OBJECTID": 256, "Id": 0, "X": "1462281.47409166", "Y": "11474313.7150839", "z": "7.10832e+02" }, "geometry": { "type": "Point", "coordinates": [ 74.427583025767404, 31.610245326167874, 710.83197021484375 ] } },
{ "type": "Feature", "properties": { "OBJECTID_1": 257, "OBJECTID": 257, "Id": 0, "X": "1462614.59668578", "Y": "11474214.0970832", "z": "7.10059e+02" }, "geometry": { "type": "Point", "coordinates": [ 74.428655104631829, 31.609976180548792, 710.05902099609375 ] } },
{ "type": "Feature", "properties": { "OBJECTID_1": 258, "OBJECTID": 258, "Id": 0, "X": "1462659.22555006", "Y": "11474285.0250997", "z": "7.10066e+02" }, "geometry": { "type": "Point", "coordinates": [ 74.428797316945506, 31.610171865870701, 710.06597900390625 ] } },
{ "type": "Feature", "properties": { "OBJECTID_1": 259, "OBJECTID": 259, "Id": 0, "X": "1463022.91891622", "Y": "11474338.0696927", "z": "7.10345e+02" }, "geometry": { "type": "Point", "coordinates": [ 74.429965064728393, 31.610322953221281, 710.344970703125 ] } },
{ "type": "Feature", "properties": { "OBJECTID_1": 260, "OBJECTID": 260, "Id": 0, "X": "1463071.88315589", "Y": "11474332.4592069", "z": "7.09931e+02" }, "geometry": { "type": "Point", "coordinates": [ 74.430122493180505, 31.610308227082065, 709.9310302734375 ] } },
{ "type": "Feature", "properties": { "OBJECTID_1": 261, "OBJECTID": 261, "Id": 0, "X": "1463145.3295154", "Y": "11474332.969251", "z": "7.09618e+02" }, "geometry": { "type": "Point", "coordinates": [ 74.430358486309672, 31.610310682370898, 709.61798095703125 ] } },
{ "type": "Feature", "properties": { "OBJECTID_1": 262, "OBJECTID": 262, "Id": 0, "X": "1463164.7111936", "Y": "11474403.3553456", "z": "7.10303e+02" }, "geometry": { "type": "Point", "coordinates": [ 74.43041958603979, 31.610504513873607, 710.302978515625 ] } },
{ "type": "Feature", "properties": { "OBJECTID_1": 263, "OBJECTID": 263, "Id": 0, "X": "1463191.23349009", "Y": "11474375.8129607", "z": "7.10181e+02" }, "geometry": { "type": "Point", "coordinates": [ 74.430505270127924, 31.610429155445313, 710.1810302734375 ] } },
{ "type": "Feature", "properties": { "OBJECTID_1": 264, "OBJECTID": 264, "Id": 0, "X": "1463229.04051369", "Y": "11474258.7259475", "z": "7.09903e+02" }, "geometry": { "type": "Point", "coordinates": [ 74.430628713480985, 31.610107721016632, 709.90301513671875 ] } },
{ "type": "Feature", "properties": { "OBJECTID_1": 265, "OBJECTID": 265, "Id": 0, "X": "1463230.6344017", "Y": "11474118.4638026", "z": "7.09453e+02" }, "geometry": { "type": "Point", "coordinates": [ 74.430636182546209, 31.609722038819999, 709.4530029296875 ] } },
{ "type": "Feature", "properties": { "OBJECTID_1": 266, "OBJECTID": 266, "Id": 0, "X": "1463390.02320271", "Y": "11474143.9660108", "z": "7.09647e+02" }, "geometry": { "type": "Point", "coordinates": [ 74.431147909366999, 31.609794448923687, 709.64697265625 ] } },
{ "type": "Feature", "properties": { "OBJECTID_1": 267, "OBJECTID": 267, "Id": 0, "X": "1463390.02320271", "Y": "11474251.5534515", "z": "7.10050e+02" }, "geometry": { "type": "Point", "coordinates": [ 74.431146110335931, 31.610090302236056, 710.04998779296875 ] } },
{ "type": "Feature", "properties": { "OBJECTID_1": 268, "OBJECTID": 268, "Id": 0, "X": "1463453.77872312", "Y": "11474337.623404", "z": "7.09426e+02" }, "geometry": { "type": "Point", "coordinates": [ 74.431349533729474, 31.610327897086091, 709.426025390625 ] } },
{ "type": "Feature", "properties": { "OBJECTID_1": 269, "OBJECTID": 269, "Id": 0, "X": "1463487.25037134", "Y": "11474356.7500601", "z": "7.10390e+02" }, "geometry": { "type": "Point", "coordinates": [ 74.431456766959201, 31.610380972008731, 710.3900146484375 ] } },
{ "type": "Feature", "properties": { "OBJECTID_1": 270, "OBJECTID": 270, "Id": 0, "X": "1463455.37261113", "Y": "11474399.7850364", "z": "7.10610e+02" }, "geometry": { "type": "Point", "coordinates": [ 74.431353616214679, 31.610498857350066, 710.6099853515625 ] } },
{ "type": "Feature", "properties": { "OBJECTID_1": 271, "OBJECTID": 271, "Id": 0, "X": "1463587.66531597", "Y": "11474314.5120279", "z": "7.10250e+02" }, "geometry": { "type": "Point", "coordinates": [ 74.431780131332232, 31.610266257979937, 710.25 ] } },
{ "type": "Feature", "properties": { "OBJECTID_1": 272, "OBJECTID": 272, "Id": 0, "X": "1463612.37058013", "Y": "11474345.5928441", "z": "7.10524e+02" }, "geometry": { "type": "Point", "coordinates": [ 74.431858996483555, 31.610352079845157, 710.52398681640625 ] } },
{ "type": "Feature", "properties": { "OBJECTID_1": 273, "OBJECTID": 273, "Id": 0, "X": "1463661.78110845", "Y": "11474291.4006517", "z": "7.10822e+02" }, "geometry": { "type": "Point", "coordinates": [ 74.432018669891761, 31.610203763525274, 710.822021484375 ] } },
{ "type": "Feature", "properties": { "OBJECTID_1": 274, "OBJECTID": 274, "Id": 0, "X": "1463665.76582847", "Y": "11474250.7565075", "z": "7.10127e+02" }, "geometry": { "type": "Point", "coordinates": [ 74.432032152373722, 31.610092053639761, 710.12701416015625 ] } },
{ "type": "Feature", "properties": { "OBJECTID_1": 275, "OBJECTID": 275, "Id": 0, "X": "1463667.35971648", "Y": "11474206.9245872", "z": "7.09275e+02" }, "geometry": { "type": "Point", "coordinates": [ 74.432038005721111, 31.609971543565322, 709.2750244140625 ] } },
{ "type": "Feature", "properties": { "OBJECTID_1": 276, "OBJECTID": 276, "Id": 0, "X": "1463765.3838291", "Y": "11474175.046827", "z": "7.10446e+02" }, "geometry": { "type": "Point", "coordinates": [ 74.432353512797846, 31.609885283476402, 710.44598388671875 ] } },
{ "type": "Feature", "properties": { "OBJECTID_1": 277, "OBJECTID": 277, "Id": 0, "X": "1463763.78994109", "Y": "11474124.8393546", "z": "7.09990e+02" }, "geometry": { "type": "Point", "coordinates": [ 74.432349229025206, 31.609747195805024, 709.989990234375 ] } },
{ "type": "Feature", "properties": { "OBJECTID_1": 278, "OBJECTID": 278, "Id": 0, "X": "1463759.00827706", "Y": "11474064.2716103", "z": "7.09312e+02" }, "geometry": { "type": "Point", "coordinates": [ 74.432334875082731, 31.609580573023081, 709.31201171875 ] } },
{ "type": "Feature", "properties": { "OBJECTID_1": 279, "OBJECTID": 279, "Id": 0, "X": "1463849.06294964", "Y": "11473971.8261057", "z": "7.10073e+02" }, "geometry": { "type": "Point", "coordinates": [ 74.432625783100335, 31.609327643917993, 710.072998046875 ] } },
{ "type": "Feature", "properties": { "OBJECTID_1": 280, "OBJECTID": 280, "Id": 0, "X": "1463832.32712553", "Y": "11473899.3042012", "z": "7.09711e+02" }, "geometry": { "type": "Point", "coordinates": [ 74.432573216827606, 31.609127977919371, 709.71099853515625 ] } },
{ "type": "Feature", "properties": { "OBJECTID_1": 281, "OBJECTID": 281, "Id": 0, "X": "1463802.04325333", "Y": "11473813.2342487", "z": "7.09544e+02" }, "geometry": { "type": "Point", "coordinates": [ 74.432477344109728, 31.608890862868169, 709.54400634765625 ] } },
{ "type": "Feature", "properties": { "OBJECTID_1": 282, "OBJECTID": 282, "Id": 0, "X": "1463750.24189301", "Y": "11473657.0332237", "z": "7.09792e+02" }, "geometry": { "type": "Point", "coordinates": [ 74.432313502188038, 31.608460587870479, 709.7919921875 ] } },
{ "type": "Feature", "properties": { "OBJECTID_1": 283, "OBJECTID": 283, "Id": 0, "X": "1463803.63714135", "Y": "11473709.631528", "z": "7.10518e+02" }, "geometry": { "type": "Point", "coordinates": [ 74.432484193848296, 31.608605989721376, 710.51800537109375 ] } },
{ "type": "Feature", "properties": { "OBJECTID_1": 284, "OBJECTID": 284, "Id": 0, "X": "1463839.49962158", "Y": "11473729.5551281", "z": "7.11235e+02" }, "geometry": { "type": "Point", "coordinates": [ 74.432599094701274, 31.608661289322168, 711.2349853515625 ] } },
{ "type": "Feature", "properties": { "OBJECTID_1": 285, "OBJECTID": 285, "Id": 0, "X": "1463771.75938114", "Y": "11473610.8104714", "z": "7.10559e+02" }, "geometry": { "type": "Point", "coordinates": [ 74.432383413152962, 31.608333787722128, 710.55902099609375 ] } },
{ "type": "Feature", "properties": { "OBJECTID_1": 286, "OBJECTID": 286, "Id": 0, "X": "1463830.73323752", "Y": "11473612.4043594", "z": "7.10942e+02" }, "geometry": { "type": "Point", "coordinates": [ 74.432572880511927, 31.608339012657051, 710.9420166015625 ] } },
{ "type": "Feature", "properties": { "OBJECTID_1": 287, "OBJECTID": 287, "Id": 0, "X": "1463930.35123815", "Y": "11473612.4043594", "z": "7.10762e+02" }, "geometry": { "type": "Point", "coordinates": [ 74.432892971664543, 31.608340434182161, 710.76202392578125 ] } },
{ "type": "Feature", "properties": { "OBJECTID_1": 288, "OBJECTID": 288, "Id": 0, "X": "1464069.01949504", "Y": "11473616.3890794", "z": "7.11336e+02" }, "geometry": { "type": "Point", "coordinates": [ 74.43333847221669, 31.608353369146837, 711.33599853515625 ] } },
{ "type": "Feature", "properties": { "OBJECTID_1": 289, "OBJECTID": 289, "Id": 0, "X": "1464163.05888764", "Y": "11473611.6074154", "z": "7.11281e+02" }, "geometry": { "type": "Point", "coordinates": [ 74.433640717952102, 31.608341560232205, 711.281005859375 ] } },
{ "type": "Feature", "properties": { "OBJECTID_1": 290, "OBJECTID": 290, "Id": 0, "X": "1464325.63546467", "Y": "11473613.9982474", "z": "7.11665e+02" }, "geometry": { "type": "Point", "coordinates": [ 74.434163067071651, 31.608350449903924, 711.66497802734375 ] } },
{ "type": "Feature", "properties": { "OBJECTID_1": 291, "OBJECTID": 291, "Id": 0, "X": "1464418.08096925", "Y": "11473610.0135274", "z": "7.12023e+02" }, "geometry": { "type": "Point", "coordinates": [ 74.43446017801719, 31.60834080786945, 712.02301025390625 ] } },
{ "type": "Feature", "properties": { "OBJECTID_1": 292, "OBJECTID": 292, "Id": 0, "X": "1464508.93258584", "Y": "11473613.9982474", "z": "7.11896e+02" }, "geometry": { "type": "Point", "coordinates": [ 74.434752035044056, 31.608353057559224, 711.89599609375 ] } },
{ "type": "Feature", "properties": { "OBJECTID_1": 293, "OBJECTID": 293, "Id": 0, "X": "1464579.86060229", "Y": "11473611.6074154", "z": "7.11935e+02" }, "geometry": { "type": "Point", "coordinates": [ 74.43497997976921, 31.608347491355719, 711.93499755859375 ] } },
{ "type": "Feature", "properties": { "OBJECTID_1": 294, "OBJECTID": 294, "Id": 0, "X": "1464459.52205752", "Y": "11473527.9282948", "z": "7.11957e+02" }, "geometry": { "type": "Point", "coordinates": [ 74.434594700165704, 31.608115672038615, 711.95697021484375 ] } },
{ "type": "Feature", "properties": { "OBJECTID_1": 295, "OBJECTID": 295, "Id": 0, "X": "1464502.5570338", "Y": "11473448.2338943", "z": "7.12320e+02" }, "geometry": { "type": "Point", "coordinates": [ 74.434734303372778, 31.607897133238847, 712.32000732421875 ] } },
{ "type": "Feature", "properties": { "OBJECTID_1": 296, "OBJECTID": 296, "Id": 0, "X": "1464539.21645803", "Y": "11473351.8036697", "z": "7.12284e+02" }, "geometry": { "type": "Point", "coordinates": [ 74.434853698226391, 31.607632481964743, 712.28399658203125 ] } },
{ "type": "Feature", "properties": { "OBJECTID_1": 297, "OBJECTID": 297, "Id": 0, "X": "1464585.43921033", "Y": "11473519.1619108", "z": "7.11848e+02" }, "geometry": { "type": "Point", "coordinates": [ 74.434999440146711, 31.608093355708156, 711.8480224609375 ] } },
{ "type": "Feature", "properties": { "OBJECTID_1": 298, "OBJECTID": 298, "Id": 0, "X": "1464587.03309834", "Y": "11473395.63559", "z": "7.12553e+02" }, "geometry": { "type": "Point", "coordinates": [ 74.435006612975783, 31.607753694594052, 712.552978515625 ] } },
{ "type": "Feature", "properties": { "OBJECTID_1": 299, "OBJECTID": 299, "Id": 0, "X": "1464586.23615433", "Y": "11473260.1551091", "z": "7.12630e+02" }, "geometry": { "type": "Point", "coordinates": [ 74.435006302134838, 31.607381126856765, 712.6300048828125 ] } },
{ "type": "Feature", "properties": { "OBJECTID_1": 300, "OBJECTID": 300, "Id": 0, "X": "1464583.04837831", "Y": "11473173.2882126", "z": "7.13531e+02" }, "geometry": { "type": "Point", "coordinates": [ 74.434997501888901, 31.607142207135407, 713.531005859375 ] } },
{ "type": "Feature", "properties": { "OBJECTID_1": 301, "OBJECTID": 301, "Id": 0, "X": "1464587.03309833", "Y": "11473062.5129959", "z": "7.13061e+02" }, "geometry": { "type": "Point", "coordinates": [ 74.435012144917252, 31.606837644085438, 713.06097412109375 ] } },
{ "type": "Feature", "properties": { "OBJECTID_1": 302, "OBJECTID": 302, "Id": 0, "X": "1464587.03309833", "Y": "11472969.2705473", "z": "7.14062e+02" }, "geometry": { "type": "Point", "coordinates": [ 74.435013693286351, 31.606581237579633, 714.06201171875 ] } },
{ "type": "Feature", "properties": { "OBJECTID_1": 303, "OBJECTID": 303, "Id": 0, "X": "1464343.96517679", "Y": "11472958.1133312", "z": "7.13157e+02" }, "geometry": { "type": "Point", "coordinates": [ 74.434232870841782, 31.60654709967061, 713.156982421875 ] } },
{ "type": "Feature", "properties": { "OBJECTID_1": 304, "OBJECTID": 304, "Id": 0, "X": "1464351.13767283", "Y": "11473036.2138437", "z": "7.12827e+02" }, "geometry": { "type": "Point", "coordinates": [ 74.434254618308344, 31.60676196955875, 712.8270263671875 ] } },
{ "type": "Feature", "properties": { "OBJECTID_1": 305, "OBJECTID": 305, "Id": 0, "X": "1464354.32544885", "Y": "11473136.6287884", "z": "7.12574e+02" }, "geometry": { "type": "Point", "coordinates": [ 74.434263191358212, 31.607038144962281, 712.573974609375 ] } },
{ "type": "Feature", "properties": { "OBJECTID_1": 306, "OBJECTID": 306, "Id": 0, "X": "1464347.94989681", "Y": "11473227.4804049", "z": "7.12673e+02" }, "geometry": { "type": "Point", "coordinates": [ 74.434241195051328, 31.607287886160709, 712.6729736328125 ] } },
{ "type": "Feature", "properties": { "OBJECTID_1": 307, "OBJECTID": 307, "Id": 0, "X": "1464325.63546467", "Y": "11473304.7839734", "z": "7.11849e+02" }, "geometry": { "type": "Point", "coordinates": [ 74.434168209778363, 31.607500144855042, 711.8489990234375 ] } },
{ "type": "Feature", "properties": { "OBJECTID_1": 308, "OBJECTID": 308, "Id": 0, "X": "1464290.56992845", "Y": "11473378.8997659", "z": "7.12031e+02" }, "geometry": { "type": "Point", "coordinates": [ 74.434054305792444, 31.607703455943543, 712.031005859375 ] } },
{ "type": "Feature", "properties": { "OBJECTID_1": 309, "OBJECTID": 309, "Id": 0, "X": "1464236.3777361", "Y": "11473464.9697184", "z": "7.11454e+02" }, "geometry": { "type": "Point", "coordinates": [ 74.433878745159902, 31.607939367171131, 711.4539794921875 ] } },
{ "type": "Feature", "properties": { "OBJECTID_1": 310, "OBJECTID": 310, "Id": 0, "X": "1464154.29250358", "Y": "11473547.054951", "z": "7.11369e+02" }, "geometry": { "type": "Point", "coordinates": [ 74.433613624594187, 31.608163923224655, 711.3690185546875 ] } },
{ "type": "Feature", "properties": { "OBJECTID_1": 311, "OBJECTID": 311, "Id": 0, "X": "1463883.36341962", "Y": "11473885.6605198", "z": "7.10050e+02" }, "geometry": { "type": "Point", "coordinates": [ 74.432737434805645, 31.609091187712803, 710.04998779296875 ] } },
{ "type": "Feature", "properties": { "OBJECTID_1": 312, "OBJECTID": 312, "Id": 0, "X": "1463941.50845422", "Y": "11473855.05787", "z": "7.10175e+02" }, "geometry": { "type": "Point", "coordinates": [ 74.432924777221928, 31.609007863434112, 710.17498779296875 ] } },
{ "type": "Feature", "properties": { "OBJECTID_1": 313, "OBJECTID": 313, "Id": 0, "X": "1464047.08759601", "Y": "11473883.110299", "z": "7.09979e+02" }, "geometry": { "type": "Point", "coordinates": [ 74.433263557756945, 31.609086510142699, 709.97900390625 ] } },
{ "type": "Feature", "properties": { "OBJECTID_1": 314, "OBJECTID": 314, "Id": 0, "X": "1464111.86320475", "Y": "11473854.0377817", "z": "7.10478e+02" }, "geometry": { "type": "Point", "coordinates": [ 74.433472179647794, 31.609007487277456, 710.47802734375 ] } },
{ "type": "Feature", "properties": { "OBJECTID_1": 315, "OBJECTID": 315, "Id": 0, "X": "1464160.31740026", "Y": "11473886.170564", "z": "7.10320e+02" }, "geometry": { "type": "Point", "coordinates": [ 74.433627338169273, 31.609096539297358, 710.32000732421875 ] } },
{ "type": "Feature", "properties": { "OBJECTID_1": 316, "OBJECTID": 316, "Id": 0, "X": "1464225.09300899", "Y": "11473851.9976051", "z": "7.10678e+02" }, "geometry": { "type": "Point", "coordinates": [ 74.433836044666009, 31.609003490187622, 710.677978515625 ] } },
{ "type": "Feature", "properties": { "OBJECTID_1": 317, "OBJECTID": 317, "Id": 0, "X": "1464329.14201829", "Y": "11473885.1504757", "z": "7.10333e+02" }, "geometry": { "type": "Point", "coordinates": [ 74.434169824518463, 31.609096138356126, 710.3330078125 ] } },
{ "type": "Feature", "properties": { "OBJECTID_1": 318, "OBJECTID": 318, "Id": 0, "X": "1464363.82502139", "Y": "11473854.5478259", "z": "7.10125e+02" }, "geometry": { "type": "Point", "coordinates": [ 74.434281777271394, 31.609012478094094, 710.125 ] } },
{ "type": "Feature", "properties": { "OBJECTID_1": 319, "OBJECTID": 319, "Id": 0, "X": "1464497.96663633", "Y": "11473885.1504757", "z": "7.10519e+02" }, "geometry": { "type": "Point", "coordinates": [ 74.434712293949943, 31.60909854024057, 710.51898193359375 ] } },
{ "type": "Feature", "properties": { "OBJECTID_1": 320, "OBJECTID": 320, "Id": 0, "X": "1464542.8505227", "Y": "11473850.9775168", "z": "7.10780e+02" }, "geometry": { "type": "Point", "coordinates": [ 74.434857083120519, 31.609005206568849, 710.780029296875 ] } },
{ "type": "Feature", "properties": { "OBJECTID_1": 321, "OBJECTID": 321, "Id": 0, "X": "1464645.87944367", "Y": "11473883.6203432", "z": "7.10532e+02" }, "geometry": { "type": "Point", "coordinates": [ 74.435187594739531, 31.60909643502232, 710.531982421875 ] } },
{ "type": "Feature", "properties": { "OBJECTID_1": 322, "OBJECTID": 322, "Id": 0, "X": "1464651.48992946", "Y": "11473849.9574284", "z": "7.10890e+02" }, "geometry": { "type": "Point", "coordinates": [ 74.435206181287853, 31.609003945444375, 710.8900146484375 ] } },
{ "type": "Feature", "properties": { "OBJECTID_1": 323, "OBJECTID": 323, "Id": 0, "X": "1464598.44533648", "Y": "11473933.6046712", "z": "7.10158e+02" }, "geometry": { "type": "Point", "coordinates": [ 74.435034348762159, 31.609233212339301, 710.15802001953125 ] } },
{ "type": "Feature", "properties": { "OBJECTID_1": 324, "OBJECTID": 324, "Id": 0, "X": "1464598.98725841", "Y": "11474022.033578", "z": "7.10387e+02" }, "geometry": { "type": "Point", "coordinates": [ 74.435034621545782, 31.609476389735157, 710.38702392578125 ] } },
{ "type": "Feature", "properties": { "OBJECTID_1": 325, "OBJECTID": 325, "Id": 0, "X": "1464599.78420242", "Y": "11474101.7279785", "z": "7.10638e+02" }, "geometry": { "type": "Point", "coordinates": [ 74.435035858821365, 31.609695551823318, 710.63800048828125 ] } },
{ "type": "Feature", "properties": { "OBJECTID_1": 326, "OBJECTID": 326, "Id": 0, "X": "1464596.59642639", "Y": "11474187.000987", "z": "7.10708e+02" }, "geometry": { "type": "Point", "coordinates": [ 74.435024199580539, 31.609929997823272, 710.7080078125 ] } },
{ "type": "Feature", "properties": { "OBJECTID_1": 327, "OBJECTID": 327, "Id": 0, "X": "1464508.13564183", "Y": "11474186.204043", "z": "7.10643e+02" }, "geometry": { "type": "Point", "coordinates": [ 74.434739966943525, 31.609926548727451, 710.64300537109375 ] } },
{ "type": "Feature", "properties": { "OBJECTID_1": 328, "OBJECTID": 328, "Id": 0, "X": "1464426.84735331", "Y": "11474182.219323", "z": "7.10894e+02" }, "geometry": { "type": "Point", "coordinates": [ 74.434478834289934, 31.609914435011692, 710.89398193359375 ] } },
{ "type": "Feature", "properties": { "OBJECTID_1": 329, "OBJECTID": 329, "Id": 0, "X": "1464427.64429732", "Y": "11474120.0576906", "z": "7.10547e+02" }, "geometry": { "type": "Point", "coordinates": [ 74.434482428405133, 31.609743508778092, 710.5469970703125 ] } },
{ "type": "Feature", "properties": { "OBJECTID_1": 330, "OBJECTID": 330, "Id": 0, "X": "1464430.03512933", "Y": "11474039.5663461", "z": "7.10185e+02" }, "geometry": { "type": "Point", "coordinates": [ 74.434491448724657, 31.609522200543733, 710.18499755859375 ] } },
{ "type": "Feature", "properties": { "OBJECTID_1": 331, "OBJECTID": 331, "Id": 0, "X": "1464426.84735331", "Y": "11473937.5575135", "z": "7.10134e+02" }, "geometry": { "type": "Point", "coordinates": [ 74.434482901386005, 31.609241642236892, 710.13397216796875 ] } },
{ "type": "Feature", "properties": { "OBJECTID_1": 332, "OBJECTID": 332, "Id": 0, "X": "1464259.48911225", "Y": "11473937.5575135", "z": "7.10313e+02" }, "geometry": { "type": "Point", "coordinates": [ 74.433945142934334, 31.609239260249318, 710.31298828125 ] } },
{ "type": "Feature", "properties": { "OBJECTID_1": 333, "OBJECTID": 333, "Id": 0, "X": "1464260.28605625", "Y": "11474028.40913", "z": "7.10168e+02" }, "geometry": { "type": "Point", "coordinates": [ 74.433946192018325, 31.609489103427503, 710.16802978515625 ] } },
{ "type": "Feature", "properties": { "OBJECTID_1": 334, "OBJECTID": 334, "Id": 0, "X": "1464256.30133623", "Y": "11474144.7629548", "z": "7.10705e+02" }, "geometry": { "type": "Point", "coordinates": [ 74.433931452142147, 31.609809006733499, 710.70501708984375 ] } },
{ "type": "Feature", "properties": { "OBJECTID_1": 335, "OBJECTID": 335, "Id": 0, "X": "1464087.34920715", "Y": "11474194.1734831", "z": "7.10541e+02" }, "geometry": { "type": "Point", "coordinates": [ 74.433387745976688, 31.609942473094694, 710.541015625 ] } },
{ "type": "Feature", "properties": { "OBJECTID_1": 336, "OBJECTID": 336, "Id": 0, "X": "1464089.74003917", "Y": "11474077.8196583", "z": "7.09979e+02" }, "geometry": { "type": "Point", "coordinates": [ 74.433397366210301, 31.609622547161685, 709.97900390625 ] } },
{ "type": "Feature", "properties": { "OBJECTID_1": 337, "OBJECTID": 337, "Id": 0, "X": "1464088.94309517", "Y": "11473940.7452895", "z": "7.09994e+02" }, "geometry": { "type": "Point", "coordinates": [ 74.433397088437786, 31.609245596590149, 709.9940185546875 ] } },
{ "type": "Feature", "properties": { "OBJECTID_1": 338, "OBJECTID": 338, "Id": 0, "X": "1464037.14173484", "Y": "11474141.5751788", "z": "7.09821e+02" }, "geometry": { "type": "Point", "coordinates": [ 74.433227293564713, 31.609797117887766, 709.82098388671875 ] } },
{ "type": "Feature", "properties": { "OBJECTID_1": 339, "OBJECTID": 339, "Id": 0, "X": "1463982.94954249", "Y": "11474243.5840114", "z": "7.10221e+02" }, "geometry": { "type": "Point", "coordinates": [ 74.433051461218923, 31.610076857964874, 710.22100830078125 ] } },
{ "type": "Feature", "properties": { "OBJECTID_1": 340, "OBJECTID": 340, "Id": 0, "X": "1464342.37128877", "Y": "11474182.219323", "z": "7.10846e+02" }, "geometry": { "type": "Point", "coordinates": [ 74.43420739234972, 31.609913232926598, 710.84600830078125 ] } },
{ "type": "Feature", "properties": { "OBJECTID_1": 341, "OBJECTID": 341, "Id": 0, "X": "1464175.01304771", "Y": "11474208.5184752", "z": "7.11127e+02" }, "geometry": { "type": "Point", "coordinates": [ 74.433669192249965, 31.609983169464147, 711.12701416015625 ] } },
{ "type": "Feature", "properties": { "OBJECTID_1": 342, "OBJECTID": 342, "Id": 0, "X": "1464026.78146277", "Y": "11474270.6801076", "z": "7.10981e+02" }, "geometry": { "type": "Point", "coordinates": [ 74.433191852487695, 31.610151994266719, 710.98101806640625 ] } },
{ "type": "Feature", "properties": { "OBJECTID_1": 343, "OBJECTID": 343, "Id": 0, "X": "1463948.68095027", "Y": "11474320.8875799", "z": "7.10961e+02" }, "geometry": { "type": "Point", "coordinates": [ 74.432940059239655, 31.610288945305314, 710.96099853515625 ] } },
{ "type": "Feature", "properties": { "OBJECTID_1": 344, "OBJECTID": 344, "Id": 0, "X": "1463887.31626188", "Y": "11474393.4094844", "z": "7.10594e+02" }, "geometry": { "type": "Point", "coordinates": [ 74.432741669678052, 31.610487496854201, 710.593994140625 ] } },
{ "type": "Feature", "properties": { "OBJECTID_1": 345, "OBJECTID": 345, "Id": 0, "X": "1463821.96685346", "Y": "11474481.0733249", "z": "7.11009e+02" }, "geometry": { "type": "Point", "coordinates": [ 74.432530222716821, 31.610727629813809, 711.00897216796875 ] } },
{ "type": "Feature", "properties": { "OBJECTID_1": 346, "OBJECTID": 346, "Id": 0, "X": "1463889.70709389", "Y": "11474524.1083012", "z": "7.10923e+02" }, "geometry": { "type": "Point", "coordinates": [ 74.432747172642493, 31.610846938018152, 710.9229736328125 ] } },
{ "type": "Feature", "properties": { "OBJECTID_1": 347, "OBJECTID": 347, "Id": 0, "X": "1463967.80760639", "Y": "11474555.1891174", "z": "7.11159e+02" }, "geometry": { "type": "Point", "coordinates": [ 74.43299761279097, 31.610933521047606, 711.15899658203125 ] } },
{ "type": "Feature", "properties": { "OBJECTID_1": 348, "OBJECTID": 348, "Id": 0, "X": "1464021.99979874", "Y": "11474494.621373", "z": "7.11202e+02" }, "geometry": { "type": "Point", "coordinates": [ 74.433172756435269, 31.610767739442103, 711.2020263671875 ] } },
{ "type": "Feature", "properties": { "OBJECTID_1": 349, "OBJECTID": 349, "Id": 0, "X": "1464126.3994634", "Y": "11474414.1300285", "z": "7.11561e+02" }, "geometry": { "type": "Point", "coordinates": [ 74.433509561098546, 31.610547885533155, 711.56097412109375 ] } },
{ "type": "Feature", "properties": { "OBJECTID_1": 350, "OBJECTID": 350, "Id": 0, "X": "1464244.34717615", "Y": "11474367.9072762", "z": "7.11434e+02" }, "geometry": { "type": "Point", "coordinates": [ 74.433889327243463, 31.61042245845848, 711.43402099609375 ] } },
{ "type": "Feature", "properties": { "OBJECTID_1": 351, "OBJECTID": 351, "Id": 0, "X": "1464359.10711289", "Y": "11474358.3439481", "z": "7.11220e+02" }, "geometry": { "type": "Point", "coordinates": [ 74.434258239591614, 31.610397794196505, 711.219970703125 ] } },
{ "type": "Feature", "properties": { "OBJECTID_1": 352, "OBJECTID": 352, "Id": 0, "X": "1464509.72952984", "Y": "11474354.3592281", "z": "7.10918e+02" }, "geometry": { "type": "Point", "coordinates": [ 74.434742294425874, 31.610388979434767, 710.91802978515625 ] } },
{ "type": "Feature", "properties": { "OBJECTID_1": 353, "OBJECTID": 353, "Id": 0, "X": "1464602.97197843", "Y": "11474355.9531161", "z": "7.11476e+02" }, "geometry": { "type": "Point", "coordinates": [ 74.435041879951314, 31.610394688009322, 711.47601318359375 ] } },
{ "type": "Feature", "properties": { "OBJECTID_1": 354, "OBJECTID": 354, "Id": 0, "X": "1464598.19031441", "Y": "11474261.9137235", "z": "7.10847e+02" }, "geometry": { "type": "Point", "coordinates": [ 74.435028077012518, 31.610136022178047, 710.84698486328125 ] } },
{ "type": "Feature", "properties": { "OBJECTID_1": 355, "OBJECTID": 355, "Id": 0, "X": "1464602.97197843", "Y": "11474442.8200127", "z": "7.11430e+02" }, "geometry": { "type": "Point", "coordinates": [ 74.435040437311386, 31.610633562305065, 711.42999267578125 ] } },
{ "type": "Feature", "properties": { "OBJECTID_1": 356, "OBJECTID": 356, "Id": 0, "X": "1464595.79948239", "Y": "11474531.2807972", "z": "7.11741e+02" }, "geometry": { "type": "Point", "coordinates": [ 74.435015920986245, 31.610876717663, 711.74102783203125 ] } },
{ "type": "Feature", "properties": { "OBJECTID_1": 357, "OBJECTID": 357, "Id": 0, "X": "1463748.648005", "Y": "11474442.0230687", "z": "7.10690e+02" }, "geometry": { "type": "Point", "coordinates": [ 74.432295281312165, 31.610619199105752, 710.69000244140625 ] } },
{ "type": "Feature", "properties": { "OBJECTID_1": 358, "OBJECTID": 358, "Id": 0, "X": "1463688.08026061", "Y": "11474389.4247643", "z": "7.10901e+02" }, "geometry": { "type": "Point", "coordinates": [ 74.43210153924025, 31.610473694540396, 710.9010009765625 ] } },
{ "type": "Feature", "properties": { "OBJECTID_1": 359, "OBJECTID": 359, "Id": 0, "X": "1463605.99502809", "Y": "11474408.5514205", "z": "7.10670e+02" }, "geometry": { "type": "Point", "coordinates": [ 74.431837458704322, 31.610525117703283, 710.66998291015625 ] } },
{ "type": "Feature", "properties": { "OBJECTID_1": 360, "OBJECTID": 360, "Id": 0, "X": "1463610.77669212", "Y": "11474490.636653", "z": "7.11104e+02" }, "geometry": { "type": "Point", "coordinates": [ 74.431851452506237, 31.610750911170335, 711.10400390625 ] } },
{ "type": "Feature", "properties": { "OBJECTID_1": 361, "OBJECTID": 361, "Id": 0, "X": "1463605.99502809", "Y": "11474587.8638216", "z": "7.11131e+02" }, "geometry": { "type": "Point", "coordinates": [ 74.431834463853534, 31.61101820655221, 711.1309814453125 ] } },
{ "type": "Feature", "properties": { "OBJECTID_1": 362, "OBJECTID": 362, "Id": 0, "X": "1463649.82694837", "Y": "11474418.1147485", "z": "7.04659e+02" }, "geometry": { "type": "Point", "coordinates": [ 74.431978142397867, 31.610552042196169, 704.65899658203125 ] } },
{ "type": "Feature", "properties": { "OBJECTID_1": 363, "OBJECTID": 363, "Id": 0, "X": "1463702.4252527", "Y": "11474481.0733249", "z": "6.97954e+02" }, "geometry": { "type": "Point", "coordinates": [ 74.432146103559148, 31.610725922681702, 697.9539794921875 ] } },
{ "type": "Feature", "properties": { "OBJECTID_1": 364, "OBJECTID": 364, "Id": 0, "X": "1463782.91659721", "Y": "11474535.2655173", "z": "6.96895e+02" }, "geometry": { "type": "Point", "coordinates": [ 74.432403839582221, 31.610876094699382, 696.89501953125 ] } },
{ "type": "Feature", "properties": { "OBJECTID_1": 365, "OBJECTID": 365, "Id": 0, "X": "1463875.3621018", "Y": "11474587.0668776", "z": "6.97009e+02" }, "geometry": { "type": "Point", "coordinates": [ 74.432700028349402, 31.611019862296075, 697.00897216796875 ] } },
{ "type": "Feature", "properties": { "OBJECTID_1": 366, "OBJECTID": 366, "Id": 0, "X": "1463981.35565448", "Y": "11474606.9904777", "z": "6.97345e+02" }, "geometry": { "type": "Point", "coordinates": [ 74.433040283044406, 31.611076162205773, 697.344970703125 ] } },
{ "type": "Feature", "properties": { "OBJECTID_1": 367, "OBJECTID": 367, "Id": 0, "X": "1464055.47144695", "Y": "11474552.7982854", "z": "6.97466e+02" }, "geometry": { "type": "Point", "coordinates": [ 74.433279340666942, 31.610928196667444, 697.46600341796875 ] } },
{ "type": "Feature", "properties": { "OBJECTID_1": 368, "OBJECTID": 368, "Id": 0, "X": "1464175.01304771", "Y": "11474449.9925087", "z": "6.98533e+02" }, "geometry": { "type": "Point", "coordinates": [ 74.433665172254251, 31.610647196039135, 698.53302001953125 ] } },
{ "type": "Feature", "properties": { "OBJECTID_1": 369, "OBJECTID": 369, "Id": 0, "X": "1464277.02188036", "Y": "11474428.4750206", "z": "6.96937e+02" }, "geometry": { "type": "Point", "coordinates": [ 74.43399331175938, 31.61058947827734, 696.93701171875 ] } },
{ "type": "Feature", "properties": { "OBJECTID_1": 370, "OBJECTID": 370, "Id": 0, "X": "1464399.75125714", "Y": "11474420.5055805", "z": "6.97613e+02" }, "geometry": { "type": "Point", "coordinates": [ 74.434387806151747, 31.610569310137073, 697.61297607421875 ] } },
{ "type": "Feature", "properties": { "OBJECTID_1": 371, "OBJECTID": 371, "Id": 0, "X": "1464504.94786581", "Y": "11474417.3178045", "z": "6.97795e+02" }, "geometry": { "type": "Point", "coordinates": [ 74.434725883544687, 31.610562040506736, 697.79498291015625 ] } },
{ "type": "Feature", "properties": { "OBJECTID_1": 372, "OBJECTID": 372, "Id": 0, "X": "1464546.38895408", "Y": "11474474.6977729", "z": "6.96950e+02" }, "geometry": { "type": "Point", "coordinates": [ 74.434858091426037, 31.610720418268684, 696.95001220703125 ] } },
{ "type": "Feature", "properties": { "OBJECTID_1": 373, "OBJECTID": 373, "Id": 0, "X": "1463466.5298272", "Y": "11474584.6760456", "z": "7.02078e+02" }, "geometry": { "type": "Point", "coordinates": [ 74.431386376785994, 31.611007446305475, 702.0780029296875 ] } },
{ "type": "Feature", "properties": { "OBJECTID_1": 374, "OBJECTID": 374, "Id": 0, "X": "1463526.30062758", "Y": "11474494.621373", "z": "7.02128e+02" }, "geometry": { "type": "Point", "coordinates": [ 74.431579941680369, 31.610760661002971, 702.12799072265625 ] } },
{ "type": "Feature", "properties": { "OBJECTID_1": 375, "OBJECTID": 375, "Id": 0, "X": "1463841.02975407", "Y": "11473018.0753982", "z": "7.09574e+02" }, "geometry": { "type": "Point", "coordinates": [ 74.432615876735355, 31.606704821059701, 709.573974609375 ] } },
{ "type": "Feature", "properties": { "OBJECTID_1": 376, "OBJECTID": 376, "Id": 0, "X": "1463888.46386125", "Y": "11473182.8196629", "z": "7.11818e+02" }, "geometry": { "type": "Point", "coordinates": [ 74.432765542059116, 31.607158526415802, 711.8179931640625 ] } },
{ "type": "Feature", "properties": { "OBJECTID_1": 377, "OBJECTID": 377, "Id": 0, "X": "1463881.32324296", "Y": "11473118.5540983", "z": "7.12253e+02" }, "geometry": { "type": "Point", "coordinates": [ 74.432743669700798, 31.606981701354247, 712.25299072265625 ] } },
{ "type": "Feature", "properties": { "OBJECTID_1": 378, "OBJECTID": 378, "Id": 0, "X": "1463895.09443537", "Y": "11473059.3889754", "z": "7.12458e+02" }, "geometry": { "type": "Point", "coordinates": [ 74.432788904821834, 31.606819200316281, 712.4580078125 ] } },
{ "type": "Feature", "properties": { "OBJECTID_1": 379, "OBJECTID": 379, "Id": 0, "X": "1464001.2792546", "Y": "11472950.9408352", "z": "7.07554e+02" }, "geometry": { "type": "Point", "coordinates": [ 74.433131897722504, 31.606522494483734, 707.55401611328125 ] } },
{ "type": "Feature", "properties": { "OBJECTID_1": 380, "OBJECTID": 380, "Id": 0, "X": "1464030.76618279", "Y": "11473037.8077317", "z": "7.08858e+02" }, "geometry": { "type": "Point", "coordinates": [ 74.433225195814728, 31.606761789268248, 708.85797119140625 ] } },
{ "type": "Feature", "properties": { "OBJECTID_1": 381, "OBJECTID": 381, "Id": 0, "X": "1464039.53256685", "Y": "11473139.0196204", "z": "7.09428e+02" }, "geometry": { "type": "Point", "coordinates": [ 74.43325167740602, 31.607040235743895, 709.427978515625 ] } },
{ "type": "Feature", "properties": { "OBJECTID_1": 382, "OBJECTID": 382, "Id": 0, "X": "1464024.39063075", "Y": "11473213.1354128", "z": "7.09559e+02" }, "geometry": { "type": "Point", "coordinates": [ 74.433201789502846, 31.607243830090134, 709.55902099609375 ] } },
{ "type": "Feature", "properties": { "OBJECTID_1": 383, "OBJECTID": 383, "Id": 0, "X": "1463983.7464865", "Y": "11473279.2817653", "z": "7.09911e+02" }, "geometry": { "type": "Point", "coordinates": [ 74.433070091615051, 31.607425145672966, 709.9110107421875 ] } },
{ "type": "Feature", "properties": { "OBJECTID_1": 384, "OBJECTID": 384, "Id": 0, "X": "1463923.17874211", "Y": "11473335.0678456", "z": "7.10014e+02" }, "geometry": { "type": "Point", "coordinates": [ 74.432874548180791, 31.607577687299436, 710.01397705078125 ] } },
{ "type": "Feature", "properties": { "OBJECTID_1": 385, "OBJECTID": 385, "Id": 0, "X": "1463835.51490155", "Y": "11473375.7119899", "z": "7.09792e+02" }, "geometry": { "type": "Point", "coordinates": [ 74.432592192416777, 31.607688203261372, 709.7919921875 ] } },
{ "type": "Feature", "properties": { "OBJECTID_1": 386, "OBJECTID": 386, "Id": 0, "X": "1463735.09995691", "Y": "11473375.7119899", "z": "7.09989e+02" }, "geometry": { "type": "Point", "coordinates": [ 74.432269542801166, 31.607686769627463, 709.989013671875 ] } },
{ "type": "Feature", "properties": { "OBJECTID_1": 387, "OBJECTID": 387, "Id": 0, "X": "1463643.45139633", "Y": "11473336.6617336", "z": "7.09531e+02" }, "geometry": { "type": "Point", "coordinates": [ 74.431975713001208, 31.607578076591562, 709.531005859375 ] } },
{ "type": "Feature", "properties": { "OBJECTID_1": 388, "OBJECTID": 388, "Id": 0, "X": "1463566.94477184", "Y": "11473245.810117", "z": "7.10728e+02" }, "geometry": { "type": "Point", "coordinates": [ 74.431731402511829, 31.607327151381085, 710.72802734375 ] } },
{ "type": "Feature", "properties": { "OBJECTID_1": 389, "OBJECTID": 389, "Id": 0, "X": "1463538.25478766", "Y": "11473195.6026447", "z": "7.10142e+02" }, "geometry": { "type": "Point", "coordinates": [ 74.431640056007438, 31.607188676288516, 710.14202880859375 ] } },
{ "type": "Feature", "properties": { "OBJECTID_1": 390, "OBJECTID": 390, "Id": 0, "X": "1463480.07787528", "Y": "11473120.6899083", "z": "7.09768e+02" }, "geometry": { "type": "Point", "coordinates": [ 74.43145437695695, 31.606981842739863, 709.76800537109375 ] } },
{ "type": "Feature", "properties": { "OBJECTID_1": 391, "OBJECTID": 391, "Id": 0, "X": "1463410.74374684", "Y": "11473047.3710598", "z": "7.10348e+02" }, "geometry": { "type": "Point", "coordinates": [ 74.431232822479174, 31.606779232318825, 710.3480224609375 ] } },
{ "type": "Feature", "properties": { "OBJECTID_1": 392, "OBJECTID": 392, "Id": 0, "X": "1463510.36174748", "Y": "11472910.2966909", "z": "7.11072e+02" }, "geometry": { "type": "Point", "coordinates": [ 74.431555198380167, 31.606403717879619, 711.072021484375 ] } },
{ "type": "Feature", "properties": { "OBJECTID_1": 393, "OBJECTID": 393, "Id": 0, "X": "1463592.44698", "Y": "11472981.2247074", "z": "7.10321e+02" }, "geometry": { "type": "Point", "coordinates": [ 74.431817763516932, 31.606599935475217, 710.32098388671875 ] } },
{ "type": "Feature", "properties": { "OBJECTID_1": 394, "OBJECTID": 394, "Id": 0, "X": "1463661.78110845", "Y": "11473069.6854919", "z": "7.09646e+02" }, "geometry": { "type": "Point", "coordinates": [ 74.432039066090411, 31.606844183538392, 709.64599609375 ] } },
{ "type": "Feature", "properties": { "OBJECTID_1": 395, "OBJECTID": 395, "Id": 0, "X": "1463746.25717298", "Y": "11473182.8515407", "z": "7.09595e+02" }, "geometry": { "type": "Point", "coordinates": [ 74.432308610794337, 31.607156584187674, 709.594970703125 ] } },
{ "type": "Feature", "properties": { "OBJECTID_1": 396, "OBJECTID": 396, "Id": 0, "X": "1463821.16990946", "Y": "11472961.3011072", "z": "7.09758e+02" }, "geometry": { "type": "Point", "coordinates": [ 74.432553011367133, 31.606548414595164, 709.75799560546875 ] } },
{ "type": "Feature", "properties": { "OBJECTID_1": 397, "OBJECTID": 397, "Id": 0, "X": "1463753.42966902", "Y": "11472852.1197785", "z": "7.09941e+02" }, "geometry": { "type": "Point", "coordinates": [ 74.432337175177182, 31.606247210961669, 709.94097900390625 ] } },
{ "type": "Feature", "properties": { "OBJECTID_1": 398, "OBJECTID": 398, "Id": 0, "X": "1463686.4863726", "Y": "11472770.83149", "z": "7.09574e+02" }, "geometry": { "type": "Point", "coordinates": [ 74.43212343548791, 31.606022721120585, 709.573974609375 ] } },
{ "type": "Feature", "properties": { "OBJECTID_1": 399, "OBJECTID": 399, "Id": 0, "X": "1463471.31149123", "Y": "11472663.2440494", "z": "7.04685e+02" }, "geometry": { "type": "Point", "coordinates": [ 74.431433853687039, 31.605723792141621, 704.68499755859375 ] } },
{ "type": "Feature", "properties": { "OBJECTID_1": 400, "OBJECTID": 400, "Id": 0, "X": "1463360.53627453", "Y": "11472605.864081", "z": "7.04813e+02" }, "geometry": { "type": "Point", "coordinates": [ 74.431078881809199, 31.605564418869154, 704.81298828125 ] } },
{ "type": "Feature", "properties": { "OBJECTID_1": 401, "OBJECTID": 401, "Id": 0, "X": "1463225.85273767", "Y": "11472543.7024486", "z": "7.08839e+02" }, "geometry": { "type": "Point", "coordinates": [ 74.43064717172561, 31.605391553207266, 708.8389892578125 ] } },
{ "type": "Feature", "properties": { "OBJECTID_1": 402, "OBJECTID": 402, "Id": 0, "X": "1463406.75902682", "Y": "11472817.8511863", "z": "7.05501e+02" }, "geometry": { "type": "Point", "coordinates": [ 74.431223855956134, 31.606148021223863, 705.5009765625 ] } },
{ "type": "Feature", "properties": { "OBJECTID_1": 403, "OBJECTID": 403, "Id": 0, "X": "1463296.78075412", "Y": "11472770.034546", "z": "7.04273e+02" }, "geometry": { "type": "Point", "coordinates": [ 74.430871283544846, 31.606014956859589, 704.27301025390625 ] } },
{ "type": "Feature", "properties": { "OBJECTID_1": 404, "OBJECTID": 404, "Id": 0, "X": "1463196.36580948", "Y": "11472723.8117937", "z": "7.04505e+02" }, "geometry": { "type": "Point", "coordinates": [ 74.430549413404748, 31.605886411531483, 704.5050048828125 ] } },
{ "type": "Feature", "properties": { "OBJECTID_1": 405, "OBJECTID": 405, "Id": 0, "X": "1463086.38753678", "Y": "11472695.1218095", "z": "7.03982e+02" }, "geometry": { "type": "Point", "coordinates": [ 74.430196522652651, 31.605805941493237, 703.98199462890625 ] } },
{ "type": "Feature", "properties": { "OBJECTID_1": 406, "OBJECTID": 406, "Id": 0, "X": "1462979.5970401", "Y": "11472663.2440493", "z": "7.05099e+02" }, "geometry": { "type": "Point", "coordinates": [ 74.429853928564739, 31.605716750175027, 705.0989990234375 ] } },
{ "type": "Feature", "properties": { "OBJECTID_1": 407, "OBJECTID": 407, "Id": 0, "X": "1463025.81979239", "Y": "11472505.4491363", "z": "7.08393e+02" }, "geometry": { "type": "Point", "coordinates": [ 74.430005090046961, 31.605283494567516, 708.39300537109375 ] } },
{ "type": "Feature", "properties": { "OBJECTID_1": 408, "OBJECTID": 408, "Id": 0, "X": "1462939.74983985", "Y": "11472507.0430243", "z": "7.07622e+02" }, "geometry": { "type": "Point", "coordinates": [ 74.429728513750447, 31.605286643285119, 707.62200927734375 ] } },
{ "type": "Feature", "properties": { "OBJECTID_1": 409, "OBJECTID": 409, "Id": 0, "X": "1462811.44185503", "Y": "11472496.6827523", "z": "7.05830e+02" }, "geometry": { "type": "Point", "coordinates": [ 74.429316423798809, 31.605256312567281, 705.83001708984375 ] } },
{ "type": "Feature", "properties": { "OBJECTID_1": 410, "OBJECTID": 410, "Id": 0, "X": "1462698.27580631", "Y": "11472495.0888643", "z": "7.05983e+02" }, "geometry": { "type": "Point", "coordinates": [ 74.428952839213579, 31.605250304599508, 705.98297119140625 ] } },
{ "type": "Feature", "properties": { "OBJECTID_1": 411, "OBJECTID": 411, "Id": 0, "X": "1462573.95254152", "Y": "11472499.8705283", "z": "7.02361e+02" }, "geometry": { "type": "Point", "coordinates": [ 74.428553298619036, 31.605261667285653, 702.36102294921875 ] } },
{ "type": "Feature", "properties": { "OBJECTID_1": 412, "OBJECTID": 412, "Id": 0, "X": "1462489.47647698", "Y": "11472501.4644163", "z": "7.04083e+02" }, "geometry": { "type": "Point", "coordinates": [ 74.428281843675265, 31.605264835781007, 704.0830078125 ] } },
{ "type": "Feature", "properties": { "OBJECTID_1": 413, "OBJECTID": 413, "Id": 0, "X": "1462483.89786894", "Y": "11472656.8684973", "z": "7.04781e+02" }, "geometry": { "type": "Point", "coordinates": [ 74.428261307852637, 31.605692099314258, 704.781005859375 ] } },
{ "type": "Feature", "properties": { "OBJECTID_1": 414, "OBJECTID": 414, "Id": 0, "X": "1462572.35865351", "Y": "11472656.8684973", "z": "7.04912e+02" }, "geometry": { "type": "Point", "coordinates": [ 74.428545540540568, 31.605693371167536, 704.9119873046875 ] } },
{ "type": "Feature", "properties": { "OBJECTID_1": 415, "OBJECTID": 415, "Id": 0, "X": "1462674.36748616", "Y": "11472656.8684973", "z": "7.04993e+02" }, "geometry": { "type": "Point", "coordinates": [ 74.42887330438316, 31.605694837024082, 704.99298095703125 ] } },
{ "type": "Feature", "properties": { "OBJECTID_1": 416, "OBJECTID": 416, "Id": 0, "X": "1462790.7213109", "Y": "11472652.0868333", "z": "7.06405e+02" }, "geometry": { "type": "Point", "coordinates": [ 74.429247240255947, 31.605683358949548, 706.405029296875 ] } },
{ "type": "Feature", "properties": { "OBJECTID_1": 417, "OBJECTID": 417, "Id": 0, "X": "1462491.07036499", "Y": "11472826.6175704", "z": "7.06025e+02" }, "geometry": { "type": "Point", "coordinates": [ 74.428281501431002, 31.606158993303616, 706.0250244140625 ] } },
{ "type": "Feature", "properties": { "OBJECTID_1": 418, "OBJECTID": 418, "Id": 0, "X": "1462599.45474968", "Y": "11472822.6328504", "z": "7.05060e+02" }, "geometry": { "type": "Point", "coordinates": [ 74.428629819147275, 31.606149593956786, 705.05999755859375 ] } },
{ "type": "Feature", "properties": { "OBJECTID_1": 419, "OBJECTID": 419, "Id": 0, "X": "1462697.47886231", "Y": "11472827.4145144", "z": "7.05391e+02" }, "geometry": { "type": "Point", "coordinates": [ 74.428944701000091, 31.606164151418259, 705.3909912109375 ] } },
{ "type": "Feature", "properties": { "OBJECTID_1": 420, "OBJECTID": 420, "Id": 0, "X": "1462807.45713501", "Y": "11472823.4297944", "z": "7.05753e+02" }, "geometry": { "type": "Point", "coordinates": [ 74.429298140033993, 31.606154773143206, 705.75299072265625 ] } },
{ "type": "Feature", "properties": { "OBJECTID_1": 421, "OBJECTID": 421, "Id": 0, "X": "1462971.62760005", "Y": "11472836.9778425", "z": "7.04227e+02" }, "geometry": { "type": "Point", "coordinates": [ 74.429825410612892, 31.606194384382405, 704.22698974609375 ] } },
{ "type": "Feature", "properties": { "OBJECTID_1": 422, "OBJECTID": 422, "Id": 0, "X": "1463068.05782467", "Y": "11472856.1044986", "z": "7.04157e+02" }, "geometry": { "type": "Point", "coordinates": [ 74.430134931247892, 31.606248363177741, 704.156982421875 ] } },
{ "type": "Feature", "properties": { "OBJECTID_1": 423, "OBJECTID": 423, "Id": 0, "X": "1463175.64526535", "Y": "11472893.5608668", "z": "7.04875e+02" }, "geometry": { "type": "Point", "coordinates": [ 74.430479994848383, 31.606352905726805, 704.875 ] } },
{ "type": "Feature", "properties": { "OBJECTID_1": 424, "OBJECTID": 424, "Id": 0, "X": "1463272.87243397", "Y": "11472942.1744511", "z": "7.04980e+02" }, "geometry": { "type": "Point", "coordinates": [ 74.430791583776781, 31.606487980117866, 704.97998046875 ] } },
{ "type": "Feature", "properties": { "OBJECTID_1": 425, "OBJECTID": 425, "Id": 0, "X": "1462967.64288003", "Y": "11473021.8688516", "z": "7.04423e+02" }, "geometry": { "type": "Point", "coordinates": [ 74.429809508760883, 31.606702756789023, 704.4229736328125 ] } },
{ "type": "Feature", "properties": { "OBJECTID_1": 426, "OBJECTID": 426, "Id": 0, "X": "1463073.6364327", "Y": "11473051.3557798", "z": "7.04153e+02" }, "geometry": { "type": "Point", "coordinates": [ 74.430149585757832, 31.606785362311271, 704.15301513671875 ] } },
{ "type": "Feature", "properties": { "OBJECTID_1": 427, "OBJECTID": 427, "Id": 0, "X": "1463195.56886548", "Y": "11473119.8929642", "z": "7.04817e+02" }, "geometry": { "type": "Point", "coordinates": [ 74.430540223527217, 31.60697557909215, 704.8170166015625 ] } },
{ "type": "Feature", "properties": { "OBJECTID_1": 428, "OBJECTID": 428, "Id": 0, "X": "1463292.79603409", "Y": "11473177.2729326", "z": "7.05351e+02" }, "geometry": { "type": "Point", "coordinates": [ 74.430851667956588, 31.607134759924385, 705.35101318359375 ] } },
{ "type": "Feature", "properties": { "OBJECTID_1": 429, "OBJECTID": 429, "Id": 0, "X": "1463374.88126662", "Y": "11473254.5765011", "z": "7.10228e+02" }, "geometry": { "type": "Point", "coordinates": [ 74.431114127016869, 31.607348511005753, 710.22802734375 ] } },
{ "type": "Feature", "properties": { "OBJECTID_1": 430, "OBJECTID": 430, "Id": 0, "X": "1463401.97736279", "Y": "11473330.2861816", "z": "7.11770e+02" }, "geometry": { "type": "Point", "coordinates": [ 74.431199925121717, 31.60755709187832, 711.77001953125 ] } },
{ "type": "Feature", "properties": { "OBJECTID_1": 431, "OBJECTID": 431, "Id": 0, "X": "1462797.89380695", "Y": "11473076.857988", "z": "6.72113e+02" }, "geometry": { "type": "Point", "coordinates": [ 74.429263160855172, 31.606851534916139, 672.11297607421875 ] } },
{ "type": "Feature", "properties": { "OBJECTID_1": 432, "OBJECTID": 432, "Id": 0, "X": "1462797.89380695", "Y": "11472974.0522113", "z": "6.68865e+02" }, "geometry": { "type": "Point", "coordinates": [ 74.429264885401821, 31.606568830589371, 668.864990234375 ] } },
{ "type": "Feature", "properties": { "OBJECTID_1": 433, "OBJECTID": 433, "Id": 0, "X": "1462715.80857442", "Y": "11473084.030484", "z": "6.91732e+02" }, "geometry": { "type": "Point", "coordinates": [ 74.428999289733952, 31.606870079748528, 691.73199462890625 ] } },
{ "type": "Feature", "properties": { "OBJECTID_1": 434, "OBJECTID": 434, "Id": 0, "X": "1462707.04219037", "Y": "11473016.2902436", "z": "7.00912e+02" }, "geometry": { "type": "Point", "coordinates": [ 74.428972259087516, 31.606683675799786, 700.9119873046875 ] } },
{ "type": "Feature", "properties": { "OBJECTID_1": 435, "OBJECTID": 435, "Id": 0, "X": "1462732.70378733", "Y": "11472948.1993478", "z": "6.97707e+02" }, "geometry": { "type": "Point", "coordinates": [ 74.429055855679508, 31.606496802064104, 697.70697021484375 ] } },
{ "type": "Feature", "properties": { "OBJECTID_1": 436, "OBJECTID": 436, "Id": 0, "X": "1462622.02420391", "Y": "11472950.7495686", "z": "7.06269e+02" }, "geometry": { "type": "Point", "coordinates": [ 74.428700186030582, 31.606502224863245, 706.26898193359375 ] } },
{ "type": "Feature", "properties": { "OBJECTID_1": 437, "OBJECTID": 437, "Id": 0, "X": "1462637.83557297", "Y": "11473020.625619", "z": "7.05694e+02" }, "geometry": { "type": "Point", "coordinates": [ 74.428749816658495, 31.606694603337832, 705.6939697265625 ] } },
{ "type": "Feature", "properties": { "OBJECTID_1": 438, "OBJECTID": 438, "Id": 0, "X": "1462625.08446889", "Y": "11473074.6903003", "z": "7.05867e+02" }, "geometry": { "type": "Point", "coordinates": [ 74.428707937930611, 31.606843091886002, 705.86700439453125 ] } },
{ "type": "Feature", "properties": { "OBJECTID_1": 439, "OBJECTID": 439, "Id": 0, "X": "1462558.2686835", "Y": "11473072.1400795", "z": "7.05789e+02" }, "geometry": { "type": "Point", "coordinates": [ 74.428493292819951, 31.606835118716539, 705.78900146484375 ] } },
{ "type": "Feature", "properties": { "OBJECTID_1": 440, "OBJECTID": 440, "Id": 0, "X": "1462554.18833019", "Y": "11473012.4649124", "z": "7.05551e+02" }, "geometry": { "type": "Point", "coordinates": [ 74.428481184521601, 31.606670960081139, 705.551025390625 ] } },
{ "type": "Feature", "properties": { "OBJECTID_1": 441, "OBJECTID": 441, "Id": 0, "X": "1462526.13590121", "Y": "11472931.8779346", "z": "7.12581e+02" }, "geometry": { "type": "Point", "coordinates": [ 74.428392402417103, 31.606448951667097, 712.58099365234375 ] } },
{ "type": "Feature", "properties": { "OBJECTID_1": 442, "OBJECTID": 442, "Id": 0, "X": "1462459.32011583", "Y": "11472952.2797011", "z": "7.05407e+02" }, "geometry": { "type": "Point", "coordinates": [ 74.428177372501267, 31.606504093352918, 705.406982421875 ] } },
{ "type": "Feature", "properties": { "OBJECTID_1": 443, "OBJECTID": 443, "Id": 0, "X": "1462447.58910007", "Y": "11473012.9749565", "z": "7.04363e+02" }, "geometry": { "type": "Point", "coordinates": [ 74.428138659184071, 31.606670829711565, 704.36297607421875 ] } },
{ "type": "Feature", "properties": { "OBJECTID_1": 444, "OBJECTID": 444, "Id": 0, "X": "1462441.46857012", "Y": "11473069.0798145", "z": "7.03615e+02" }, "geometry": { "type": "Point", "coordinates": [ 74.428118050112019, 31.606825023687794, 703.614990234375 ] } },
{ "type": "Feature", "properties": { "OBJECTID_1": 445, "OBJECTID": 445, "Id": 0, "X": "1462346.09031159", "Y": "11473069.5898587", "z": "7.03038e+02" }, "geometry": { "type": "Point", "coordinates": [ 74.42781157867941, 31.606825053845551, 703.03802490234375 ] } },
{ "type": "Feature", "properties": { "OBJECTID_1": 446, "OBJECTID": 446, "Id": 0, "X": "1462358.84141567", "Y": "11473011.9548682", "z": "7.03564e+02" }, "geometry": { "type": "Point", "coordinates": [ 74.427853518855812, 31.606666747661304, 703.56402587890625 ] } },
{ "type": "Feature", "properties": { "OBJECTID_1": 447, "OBJECTID": 447, "Id": 0, "X": "1462337.92960498", "Y": "11472945.649127", "z": "7.05481e+02" }, "geometry": { "type": "Point", "coordinates": [ 74.427787441718607, 31.606484113394561, 705.48101806640625 ] } },
{ "type": "Feature", "properties": { "OBJECTID_1": 448, "OBJECTID": 448, "Id": 0, "X": "1462302.73655771", "Y": "11473015.5251774", "z": "7.02304e+02" }, "geometry": { "type": "Point", "coordinates": [ 74.427673186840906, 31.606675758029095, 702.30401611328125 ] } },
{ "type": "Feature", "properties": { "OBJECTID_1": 449, "OBJECTID": 449, "Id": 0, "X": "1462171.49581896", "Y": "11473038.6046757", "z": "7.04578e+02" }, "geometry": { "type": "Point", "coordinates": [ 74.427251105324885, 31.606737333947372, 704.5780029296875 ] } },
{ "type": "Feature", "properties": { "OBJECTID_1": 450, "OBJECTID": 450, "Id": 0, "X": "1462071.87781833", "Y": "11473035.4168997", "z": "7.04397e+02" }, "geometry": { "type": "Point", "coordinates": [ 74.426931073664477, 31.606727132327578, 704.39697265625 ] } },
{ "type": "Feature", "properties": { "OBJECTID_1": 451, "OBJECTID": 451, "Id": 0, "X": "1461920.45845736", "Y": "11473063.3099399", "z": "7.15886e+02" }, "geometry": { "type": "Point", "coordinates": [ 74.426444073803935, 31.60680165136958, 715.885986328125 ] } },
{ "type": "Feature", "properties": { "OBJECTID_1": 452, "OBJECTID": 452, "Id": 0, "X": "1461877.35972557", "Y": "11473197.6109436", "z": "7.16425e+02" }, "geometry": { "type": "Point", "coordinates": [ 74.426303327419078, 31.607170341947874, 716.42498779296875 ] } },
{ "type": "Feature", "properties": { "OBJECTID_1": 453, "OBJECTID": 453, "Id": 0, "X": "1461954.37639422", "Y": "11473197.1008995", "z": "7.17135e+02" }, "geometry": { "type": "Point", "coordinates": [ 74.426550801524016, 31.607170050573846, 717.135009765625 ] } },
{ "type": "Feature", "properties": { "OBJECTID_1": 454, "OBJECTID": 454, "Id": 0, "X": "1462031.39306287", "Y": "11473198.631032", "z": "7.15963e+02" }, "geometry": { "type": "Point", "coordinates": [ 74.426798241263171, 31.607175368973881, 715.9630126953125 ] } },
{ "type": "Feature", "properties": { "OBJECTID_1": 455, "OBJECTID": 455, "Id": 0, "X": "1462105.8595107", "Y": "11473198.1209878", "z": "7.16147e+02" }, "geometry": { "type": "Point", "coordinates": [ 74.427037521172082, 31.607175039886183, 716.14697265625 ] } },
{ "type": "Feature", "properties": { "OBJECTID_1": 456, "OBJECTID": 456, "Id": 0, "X": "1462184.91635601", "Y": "11473199.6511203", "z": "7.15589e+02" }, "geometry": { "type": "Point", "coordinates": [ 74.427291516346784, 31.607180386735145, 715.5889892578125 ] } },
{ "type": "Feature", "properties": { "OBJECTID_1": 457, "OBJECTID": 457, "Id": 0, "X": "1462259.38280384", "Y": "11473199.6511203", "z": "7.15597e+02" }, "geometry": { "type": "Point", "coordinates": [ 74.427530787699766, 31.607181459287091, 715.59698486328125 ] } },
{ "type": "Feature", "properties": { "OBJECTID_1": 458, "OBJECTID": 458, "Id": 0, "X": "1462342.52000245", "Y": "11473201.1812528", "z": "7.15644e+02" }, "geometry": { "type": "Point", "coordinates": [ 74.427797893696763, 31.60718686388666, 715.64398193359375 ] } },
{ "type": "Feature", "properties": { "OBJECTID_1": 459, "OBJECTID": 459, "Id": 0, "X": "1462426.16724522", "Y": "11473194.5506786", "z": "7.15522e+02" }, "geometry": { "type": "Point", "coordinates": [ 74.4280667757629, 31.607169834246637, 715.52197265625 ] } },
{ "type": "Feature", "properties": { "OBJECTID_1": 460, "OBJECTID": 460, "Id": 0, "X": "1462521.54550375", "Y": "11473197.1008995", "z": "7.15249e+02" }, "geometry": { "type": "Point", "coordinates": [ 74.428373196918386, 31.607178218872679, 715.2490234375 ] } },
{ "type": "Feature", "properties": { "OBJECTID_1": 461, "OBJECTID": 461, "Id": 0, "X": "1462609.27309982", "Y": "11473206.2816944", "z": "7.14786e+02" }, "geometry": { "type": "Point", "coordinates": [ 74.428654924113189, 31.60720472614226, 714.7860107421875 ] } },
{ "type": "Feature", "properties": { "OBJECTID_1": 462, "OBJECTID": 462, "Id": 0, "X": "1462700.57100504", "Y": "11473196.0808111", "z": "7.14808e+02" }, "geometry": { "type": "Point", "coordinates": [ 74.428948448711012, 31.607177986649734, 714.8079833984375 ] } },
{ "type": "Feature", "properties": { "OBJECTID_1": 463, "OBJECTID": 463, "Id": 0, "X": "1462786.76846863", "Y": "11473193.0205462", "z": "7.14196e+02" }, "geometry": { "type": "Point", "coordinates": [ 74.429225464910331, 31.607170809147934, 714.19598388671875 ] } },
{ "type": "Feature", "properties": { "OBJECTID_1": 464, "OBJECTID": 464, "Id": 0, "X": "1462880.61659467", "Y": "11473203.2214294", "z": "7.14590e+02" }, "geometry": { "type": "Point", "coordinates": [ 74.429526841399849, 31.607200207499286, 714.59002685546875 ] } },
{ "type": "Feature", "properties": { "OBJECTID_1": 465, "OBJECTID": 465, "Id": 0, "X": "1462964.77388161", "Y": "11473226.1734168", "z": "7.14162e+02" }, "geometry": { "type": "Point", "coordinates": [ 74.429796866306091, 31.607264530251054, 714.1619873046875 ] } },
{ "type": "Feature", "properties": { "OBJECTID_1": 466, "OBJECTID": 466, "Id": 0, "X": "1463018.32851875", "Y": "11473232.2939467", "z": "7.14078e+02" }, "geometry": { "type": "Point", "coordinates": [ 74.429968842701484, 31.607282129048826, 714.0780029296875 ] } },
{ "type": "Feature", "properties": { "OBJECTID_1": 467, "OBJECTID": 467, "Id": 0, "X": "1463093.30501074", "Y": "11473284.3184514", "z": "7.13960e+02" }, "geometry": { "type": "Point", "coordinates": [ 74.43020888199662, 31.607426265446822, 713.96002197265625 ] } },
{ "type": "Feature", "properties": { "OBJECTID_1": 468, "OBJECTID": 468, "Id": 0, "X": "1463142.77929458", "Y": "11473319.0014545", "z": "7.13735e+02" }, "geometry": { "type": "Point", "coordinates": [ 74.430367269754655, 31.60752234882289, 713.7349853515625 ] } },
{ "type": "Feature", "properties": { "OBJECTID_1": 469, "OBJECTID": 469, "Id": 0, "X": "1462359.57460415", "Y": "11473331.0831256", "z": "7.04230e+02" }, "geometry": { "type": "Point", "coordinates": [ 74.427850508053353, 31.607544324769027, 704.22998046875 ] } },
{ "type": "Feature", "properties": { "OBJECTID_1": 470, "OBJECTID": 470, "Id": 0, "X": "1462355.58988413", "Y": "11473409.1836381", "z": "7.04809e+02" }, "geometry": { "type": "Point", "coordinates": [ 74.427836391082508, 31.60775903496215, 704.80902099609375 ] } },
{ "type": "Feature", "properties": { "OBJECTID_1": 471, "OBJECTID": 471, "Id": 0, "X": "1462369.13793221", "Y": "11473469.7513825", "z": "7.03899e+02" }, "geometry": { "type": "Point", "coordinates": [ 74.427878904650356, 31.60792578436493, 703.89898681640625 ] } },
{ "type": "Feature", "properties": { "OBJECTID_1": 472, "OBJECTID": 472, "Id": 0, "X": "1462553.23199739", "Y": "11473514.3802468", "z": "7.10969e+02" }, "geometry": { "type": "Point", "coordinates": [ 74.428469680302854, 31.608051156738124, 710.968994140625 ] } },
{ "type": "Feature", "properties": { "OBJECTID_1": 473, "OBJECTID": 473, "Id": 0, "X": "1462475.9284289", "Y": "11473387.66615", "z": "7.13514e+02" }, "geometry": { "type": "Point", "coordinates": [ 74.428223420106079, 31.607701595720179, 713.51397705078125 ] } },
{ "type": "Feature", "properties": { "OBJECTID_1": 474, "OBJECTID": 474, "Id": 0, "X": "1462625.75390185", "Y": "11473421.9347422", "z": "7.04271e+02" }, "geometry": { "type": "Point", "coordinates": [ 74.428704258128121, 31.607797984494432, 704.27099609375 ] } },
{ "type": "Feature", "properties": { "OBJECTID_1": 475, "OBJECTID": 475, "Id": 0, "X": "1462746.88939062", "Y": "11473515.1771908", "z": "7.03667e+02" }, "geometry": { "type": "Point", "coordinates": [ 74.429091921792264, 31.60805613091842, 703.6669921875 ] } },
{ "type": "Feature", "properties": { "OBJECTID_1": 476, "OBJECTID": 476, "Id": 0, "X": "1462707.83913438", "Y": "11473405.1989181", "z": "7.03502e+02" }, "geometry": { "type": "Point", "coordinates": [ 74.428968292430838, 31.607753142234703, 703.50201416015625 ] } },
{ "type": "Feature", "properties": { "OBJECTID_1": 477, "OBJECTID": 477, "Id": 0, "X": "1462852.8829433", "Y": "11473462.5788864", "z": "7.07498e+02" }, "geometry": { "type": "Point", "coordinates": [ 74.429433379652437, 31.607913013264294, 707.49798583984375 ] } },
{ "type": "Feature", "properties": { "OBJECTID_1": 478, "OBJECTID": 478, "Id": 0, "X": "1462774.7824308", "Y": "11473399.62031", "z": "7.02430e+02" }, "geometry": { "type": "Point", "coordinates": [ 74.429183485798077, 31.607738763099814, 702.42999267578125 ] } },
{ "type": "Feature", "properties": { "OBJECTID_1": 479, "OBJECTID": 479, "Id": 0, "X": "1462691.90025427", "Y": "11473327.0984056", "z": "7.06644e+02" }, "geometry": { "type": "Point", "coordinates": [ 74.428918389164807, 31.607538145691205, 706.64398193359375 ] } },
{ "type": "Feature", "properties": { "OBJECTID_1": 480, "OBJECTID": 480, "Id": 0, "X": "1462858.46155133", "Y": "11473398.026422", "z": "7.08216e+02" }, "geometry": { "type": "Point", "coordinates": [ 74.429452387210603, 31.607735581336549, 708.21600341796875 ] } },
{ "type": "Feature", "properties": { "OBJECTID_1": 481, "OBJECTID": 481, "Id": 0, "X": "1462898.30875158", "Y": "11473351.0067257", "z": "7.13820e+02" }, "geometry": { "type": "Point", "coordinates": [ 74.429581211111582, 31.607606854295081, 713.82000732421875 ] } },
{ "type": "Feature", "properties": { "OBJECTID_1": 482, "OBJECTID": 482, "Id": 0, "X": "1463067.26088066", "Y": "11473417.1530781", "z": "7.11371e+02" }, "geometry": { "type": "Point", "coordinates": [ 74.430122973225238, 31.607791172423568, 711.3709716796875 ] } },
{ "type": "Feature", "properties": { "OBJECTID_1": 483, "OBJECTID": 483, "Id": 0, "X": "1462578.73420555", "Y": "11473370.1333818", "z": "7.07229e+02" }, "geometry": { "type": "Point", "coordinates": [ 74.428554046161096, 31.607654860814378, 707.22900390625 ] } },
{ "type": "Feature", "properties": { "OBJECTID_1": 484, "OBJECTID": 484, "Id": 0, "X": "1462287.8496437", "Y": "11473664.2057197", "z": "7.05978e+02" }, "geometry": { "type": "Point", "coordinates": [ 74.42761444011316, 31.608459341507402, 705.97802734375 ] } },
{ "type": "Feature", "properties": { "OBJECTID_1": 485, "OBJECTID": 485, "Id": 0, "X": "1462312.55490786", "Y": "11473755.0573363", "z": "7.06627e+02" }, "geometry": { "type": "Point", "coordinates": [ 74.427692294425839, 31.608709528791728, 706.62701416015625 ] } },
{ "type": "Feature", "properties": { "OBJECTID_1": 486, "OBJECTID": 486, "Id": 0, "X": "1462406.59430045", "Y": "11473770.9962164", "z": "7.08148e+02" }, "geometry": { "type": "Point", "coordinates": [ 74.42799419342559, 31.608754712396401, 708.14801025390625 ] } },
{ "type": "Feature", "properties": { "OBJECTID_1": 487, "OBJECTID": 487, "Id": 0, "X": "1462373.91959625", "Y": "11473677.7537678", "z": "7.05839e+02" }, "geometry": { "type": "Point", "coordinates": [ 74.427890771156186, 31.608497836081348, 705.8389892578125 ] } },
{ "type": "Feature", "properties": { "OBJECTID_1": 488, "OBJECTID": 488, "Id": 0, "X": "1462479.11620492", "Y": "11473673.7690478", "z": "7.05025e+02" }, "geometry": { "type": "Point", "coordinates": [ 74.428228854681066, 31.608488392057591, 705.0250244140625 ] } },
{ "type": "Feature", "properties": { "OBJECTID_1": 489, "OBJECTID": 489, "Id": 0, "X": "1462476.7253729", "Y": "11473763.0267763", "z": "7.09057e+02" }, "geometry": { "type": "Point", "coordinates": [ 74.428219672357372, 31.608733806269676, 709.0570068359375 ] } },
{ "type": "Feature", "properties": { "OBJECTID_1": 490, "OBJECTID": 490, "Id": 0, "X": "1462563.59226946", "Y": "11473764.6206644", "z": "7.08336e+02" }, "geometry": { "type": "Point", "coordinates": [ 74.428498766032376, 31.608739438421225, 708.33599853515625 ] } },
{ "type": "Feature", "properties": { "OBJECTID_1": 491, "OBJECTID": 491, "Id": 0, "X": "1462659.22555006", "Y": "11473795.7014806", "z": "7.07497e+02" }, "geometry": { "type": "Point", "coordinates": [ 74.428805532800368, 31.608826281632314, 707.49700927734375 ] } },
{ "type": "Feature", "properties": { "OBJECTID_1": 492, "OBJECTID": 492, "Id": 0, "X": "1462698.27580631", "Y": "11473681.7384878", "z": "7.06221e+02" }, "geometry": { "type": "Point", "coordinates": [ 74.428932922066096, 31.608513457372009, 706.22100830078125 ] } },
{ "type": "Feature", "properties": { "OBJECTID_1": 493, "OBJECTID": 493, "Id": 0, "X": "1462605.83030172", "Y": "11473672.1751598", "z": "7.06471e+02" }, "geometry": { "type": "Point", "coordinates": [ 74.428636037741782, 31.608485830941564, 706.47100830078125 ] } },
{ "type": "Feature", "properties": { "OBJECTID_1": 494, "OBJECTID": 494, "Id": 0, "X": "1462718.19940644", "Y": "11473617.9829674", "z": "7.05078e+02" }, "geometry": { "type": "Point", "coordinates": [ 74.428998010431073, 31.608338423109377, 705.0780029296875 ] } },
{ "type": "Feature", "properties": { "OBJECTID_1": 495, "OBJECTID": 495, "Id": 0, "X": "1462550.84116537", "Y": "11473626.7493515", "z": "7.07861e+02" }, "geometry": { "type": "Point", "coordinates": [ 74.428460110412885, 31.608360124653096, 707.86102294921875 ] } },
{ "type": "Feature", "properties": { "OBJECTID_1": 496, "OBJECTID": 496, "Id": 0, "X": "1462439.26900466", "Y": "11473950.3086175", "z": "7.02687e+02" }, "geometry": { "type": "Point", "coordinates": [ 74.428096169357261, 31.609248271178348, 702.68701171875 ] } },
{ "type": "Feature", "properties": { "OBJECTID_1": 497, "OBJECTID": 497, "Id": 0, "X": "1462357.98071614", "Y": "11474065.8654983", "z": "7.03802e+02" }, "geometry": { "type": "Point", "coordinates": [ 74.427833029153419, 31.609564869651432, 703.802001953125 ] } },
{ "type": "Feature", "properties": { "OBJECTID_1": 498, "OBJECTID": 498, "Id": 0, "X": "1462283.06797967", "Y": "11474093.7585385", "z": "7.04194e+02" }, "geometry": { "type": "Point", "coordinates": [ 74.427591848342459, 31.60964049383437, 704.1939697265625 ] } },
{ "type": "Feature", "properties": { "OBJECTID_1": 499, "OBJECTID": 499, "Id": 0, "X": "1462463.17732481", "Y": "11474095.3524265", "z": "7.03891e+02" }, "geometry": { "type": "Point", "coordinates": [ 74.428170553920424, 31.609647469037863, 703.8909912109375 ] } },
{ "type": "Feature", "properties": { "OBJECTID_1": 500, "OBJECTID": 500, "Id": 0, "X": "1462503.82146907", "Y": "11474021.236634", "z": "7.03495e+02" }, "geometry": { "type": "Point", "coordinates": [ 74.428302398346204, 31.609444243668172, 703.4949951171875 ] } },
{ "type": "Feature", "properties": { "OBJECTID_1": 501, "OBJECTID": 501, "Id": 0, "X": "1462590.68836563", "Y": "11473928.7911294", "z": "7.03120e+02" }, "geometry": { "type": "Point", "coordinates": [ 74.428583073685502, 31.609191278043884, 703.1199951171875 ] } },
{ "type": "Feature", "properties": { "OBJECTID_1": 502, "OBJECTID": 502, "Id": 0, "X": "1462628.14473386", "Y": "11474092.1646504", "z": "7.01869e+02" }, "geometry": { "type": "Point", "coordinates": [ 74.428700685422143, 31.609641074982758, 701.8690185546875 ] } },
{ "type": "Feature", "properties": { "OBJECTID_1": 503, "OBJECTID": 503, "Id": 0, "X": "1462658.42860606", "Y": "11474027.612186", "z": "7.01314e+02" }, "geometry": { "type": "Point", "coordinates": [ 74.42879907827718, 31.609463998251314, 701.31402587890625 ] } },
{ "type": "Feature", "properties": { "OBJECTID_1": 504, "OBJECTID": 504, "Id": 0, "X": "1462707.83913438", "Y": "11473924.8064094", "z": "7.05273e+02" }, "geometry": { "type": "Point", "coordinates": [ 74.428959570936172, 31.609182003945079, 705.27301025390625 ] } },
{ "type": "Feature", "properties": { "OBJECTID_1": 505, "OBJECTID": 505, "Id": 0, "X": "1462735.73217455", "Y": "11474069.0532743", "z": "7.01239e+02" }, "geometry": { "type": "Point", "coordinates": [ 74.429046776326771, 31.609579067076748, 701.239013671875 ] } },
{ "type": "Feature", "properties": { "OBJECTID_1": 506, "OBJECTID": 506, "Id": 0, "X": "1462498.24286104", "Y": "11474224.4573553", "z": "7.04802e+02" }, "geometry": { "type": "Point", "coordinates": [ 74.428281057793654, 31.610002997211918, 704.802001953125 ] } },
{ "type": "Feature", "properties": { "OBJECTID_1": 507, "OBJECTID": 507, "Id": 0, "X": "1462407.39124446", "Y": "11474229.2390193", "z": "7.03778e+02" }, "geometry": { "type": "Point", "coordinates": [ 74.427989049307186, 31.610014839240904, 703.77801513671875 ] } },
{ "type": "Feature", "properties": { "OBJECTID_1": 508, "OBJECTID": 508, "Id": 0, "X": "1462338.85406002", "Y": "11474247.5687314", "z": "7.03999e+02" }, "geometry": { "type": "Point", "coordinates": [ 74.427768514515378, 31.610064257424664, 703.9990234375 ] } },
{ "type": "Feature", "properties": { "OBJECTID_1": 509, "OBJECTID": 509, "Id": 0, "X": "1462350.01127609", "Y": "11474328.8570199", "z": "7.03995e+02" }, "geometry": { "type": "Point", "coordinates": [ 74.427802998085482, 31.610287951506781, 703.9949951171875 ] } },
{ "type": "Feature", "properties": { "OBJECTID_1": 510, "OBJECTID": 510, "Id": 0, "X": "1462448.83233272", "Y": "11474310.5273078", "z": "7.03878e+02" }, "geometry": { "type": "Point", "coordinates": [ 74.428120842995966, 31.610238968988703, 703.87799072265625 ] } },
{ "type": "Feature", "properties": { "OBJECTID_1": 511, "OBJECTID": 511, "Id": 0, "X": "1462555.6228294", "Y": "11474328.8570199", "z": "7.04635e+02" }, "geometry": { "type": "Point", "coordinates": [ 74.428463679464102, 31.610290909486551, 704.635009765625 ] } },
{ "type": "Feature", "properties": { "OBJECTID_1": 512, "OBJECTID": 512, "Id": 0, "X": "1462573.15559752", "Y": "11474206.9245872", "z": "7.11241e+02" }, "geometry": { "type": "Point", "coordinates": [ 74.428522064968561, 31.609955861301561, 711.24102783203125 ] } },
{ "type": "Feature", "properties": { "OBJECTID_1": 513, "OBJECTID": 513, "Id": 0, "X": "1462587.5005896", "Y": "11474250.7565074", "z": "7.11657e+02" }, "geometry": { "type": "Point", "coordinates": [ 74.428567422593432, 31.610076600297081, 711.656982421875 ] } },
{ "type": "Feature", "properties": { "OBJECTID_1": 514, "OBJECTID": 514, "Id": 0, "X": "1462538.8870053", "Y": "11474443.6169567", "z": "7.05768e+02" }, "geometry": { "type": "Point", "coordinates": [ 74.428407974828318, 31.610606245539433, 705.76800537109375 ] } },
{ "type": "Feature", "properties": { "OBJECTID_1": 515, "OBJECTID": 515, "Id": 0, "X": "1462538.09006129", "Y": "11474508.1694211", "z": "7.08968e+02" }, "geometry": { "type": "Point", "coordinates": [ 74.42840432938533, 31.610783745961399, 708.968017578125 ] } },
{ "type": "Feature", "properties": { "OBJECTID_1": 516, "OBJECTID": 516, "Id": 0, "X": "1462547.65338935", "Y": "11474591.0515976", "z": "7.05416e+02" }, "geometry": { "type": "Point", "coordinates": [ 74.428433666334826, 31.611011799958813, 705.416015625 ] } },
{ "type": "Feature", "properties": { "OBJECTID_1": 517, "OBJECTID": 517, "Id": 0, "X": "1462377.10737226", "Y": "11474614.1629738", "z": "7.07551e+02" }, "geometry": { "type": "Point", "coordinates": [ 74.427885266381963, 31.61107290013118, 707.551025390625 ] } },
{ "type": "Feature", "properties": { "OBJECTID_1": 518, "OBJECTID": 518, "Id": 0, "X": "1462376.31042826", "Y": "11474532.8746852", "z": "7.07513e+02" }, "geometry": { "type": "Point", "coordinates": [ 74.427884072700522, 31.610849355209986, 707.51300048828125 ] } },
{ "type": "Feature", "properties": { "OBJECTID_1": 519, "OBJECTID": 519, "Id": 0, "X": "1462367.5440442", "Y": "11474435.6475166", "z": "7.07899e+02" }, "geometry": { "type": "Point", "coordinates": [ 74.427857539191123, 31.610581865486154, 707.89898681640625 ] } },
{ "type": "Feature", "properties": { "OBJECTID_1": 520, "OBJECTID": 520, "Id": 0, "X": "1462757.24966268", "Y": "11474226.0512433", "z": "7.02778e+02" }, "geometry": { "type": "Point", "coordinates": [ 74.429113282270976, 31.610011102656024, 702.77801513671875 ] } },
{ "type": "Feature", "properties": { "OBJECTID_1": 521, "OBJECTID": 521, "Id": 0, "X": "1462821.8021271", "Y": "11474311.3242518", "z": "7.02212e+02" }, "geometry": { "type": "Point", "coordinates": [ 74.429319274429034, 31.610246520619537, 702.21197509765625 ] } },
{ "type": "Feature", "properties": { "OBJECTID_1": 522, "OBJECTID": 522, "Id": 0, "X": "1462918.23235171", "Y": "11474387.8308763", "z": "7.01500e+02" }, "geometry": { "type": "Point", "coordinates": [ 74.429627846060271, 31.610458289143338, 701.5 ] } },
{ "type": "Feature", "properties": { "OBJECTID_1": 523, "OBJECTID": 523, "Id": 0, "X": "1463027.4136804", "Y": "11474434.0536286", "z": "7.01550e+02" }, "geometry": { "type": "Point", "coordinates": [ 74.429977899209788, 31.61058696258609, 701.54998779296875 ] } },
{ "type": "Feature", "properties": { "OBJECTID_1": 524, "OBJECTID": 524, "Id": 0, "X": "1463125.43779303", "Y": "11474520.1235812", "z": "6.96876e+02" }, "geometry": { "type": "Point", "coordinates": [ 74.430291434899431, 31.610825050447094, 696.8759765625 ] } },
{ "type": "Feature", "properties": { "OBJECTID_1": 525, "OBJECTID": 525, "Id": 0, "X": "1462946.9223359", "Y": "11474469.1191648", "z": "7.03130e+02" }, "geometry": { "type": "Point", "coordinates": [ 74.429718671638426, 31.610682234311042, 703.1300048828125 ] } },
{ "type": "Feature", "properties": { "OBJECTID_1": 526, "OBJECTID": 526, "Id": 0, "X": "1462950.49264504", "Y": "11474611.4533641", "z": "7.07214e+02" }, "geometry": { "type": "Point", "coordinates": [ 74.42972775791506, 31.611073688352771, 707.2139892578125 ] } },
{ "type": "Feature", "properties": { "OBJECTID_1": 527, "OBJECTID": 527, "Id": 0, "X": "1462857.66460732", "Y": "11474595.6419951", "z": "7.07385e+02" }, "geometry": { "type": "Point", "coordinates": [ 74.429429740824915, 31.611028876791867, 707.385009765625 ] } },
{ "type": "Feature", "properties": { "OBJECTID_1": 528, "OBJECTID": 528, "Id": 0, "X": "1462728.5596785", "Y": "11474593.4424296", "z": "7.08023e+02" }, "geometry": { "type": "Point", "coordinates": [ 74.42901492794357, 31.611020974400507, 708.02301025390625 ] } },
{ "type": "Feature", "properties": { "OBJECTID_1": 529, "OBJECTID": 529, "Id": 0, "X": "1462746.88939062", "Y": "11474517.7327492", "z": "7.07803e+02" }, "geometry": { "type": "Point", "coordinates": [ 74.429075097011491, 31.610813044717048, 707.802978515625 ] } },
{ "type": "Feature", "properties": { "OBJECTID_1": 530, "OBJECTID": 530, "Id": 0, "X": "1463783.16564221", "Y": "11474344.9951361", "z": "7.02349e+02" }, "geometry": { "type": "Point", "coordinates": [ 74.432407814492194, 31.610352876134463, 702.3489990234375 ] } },
{ "type": "Feature", "properties": { "OBJECTID_1": 531, "OBJECTID": 531, "Id": 0, "X": "1463867.84094276", "Y": "11474220.4726353", "z": "7.01083e+02" }, "geometry": { "type": "Point", "coordinates": [ 74.432681974436377, 31.610011662008599, 701.0830078125 ] } },
{ "type": "Feature", "properties": { "OBJECTID_1": 532, "OBJECTID": 532, "Id": 0, "X": "1463941.30921822", "Y": "11474090.9692344", "z": "7.01321e+02" }, "geometry": { "type": "Point", "coordinates": [ 74.432920204629781, 31.609656590465356, 701.32098388671875 ] } },
{ "type": "Feature", "properties": { "OBJECTID_1": 533, "OBJECTID": 533, "Id": 0, "X": "1463991.11821854", "Y": "11474000.0678089", "z": "7.04275e+02" }, "geometry": { "type": "Point", "coordinates": [ 74.433081767289693, 31.609407332164249, 704.2750244140625 ] } },
{ "type": "Feature", "properties": { "OBJECTID_1": 534, "OBJECTID": 534, "Id": 0, "X": "1464167.84055166", "Y": "11473957.4811136", "z": "7.05548e+02" }, "geometry": { "type": "Point", "coordinates": [ 74.433650324511177, 31.609292742548337, 705.5479736328125 ] } },
{ "type": "Feature", "properties": { "OBJECTID_1": 535, "OBJECTID": 535, "Id": 0, "X": "1464175.01304771", "Y": "11474048.3327302", "z": "7.08666e+02" }, "geometry": { "type": "Point", "coordinates": [ 74.433671858906536, 31.60954267654936, 708.666015625 ] } },
{ "type": "Feature", "properties": { "OBJECTID_1": 536, "OBJECTID": 536, "Id": 0, "X": "1464171.02832769", "Y": "11474129.6210187", "z": "7.08830e+02" }, "geometry": { "type": "Point", "coordinates": [ 74.433657701841739, 31.609766153501198, 708.83001708984375 ] } },
{ "type": "Feature", "properties": { "OBJECTID_1": 537, "OBJECTID": 537, "Id": 0, "X": "1464346.3560088", "Y": "11473938.3544575", "z": "7.06003e+02" }, "geometry": { "type": "Point", "coordinates": [ 74.434224251916618, 31.60924268840429, 706.00299072265625 ] } },
{ "type": "Feature", "properties": { "OBJECTID_1": 538, "OBJECTID": 538, "Id": 0, "X": "1464342.37128877", "Y": "11474026.815242", "z": "7.07675e+02" }, "geometry": { "type": "Point", "coordinates": [ 74.434209976939925, 31.609485889009953, 707.67498779296875 ] } },
{ "type": "Feature", "properties": { "OBJECTID_1": 539, "OBJECTID": 539, "Id": 0, "X": "1464340.77740077", "Y": "11474136.7935147", "z": "7.07665e+02" }, "geometry": { "type": "Point", "coordinates": [ 74.434203026311963, 31.609788294329171, 707.66497802734375 ] } },
{ "type": "Feature", "properties": { "OBJECTID_1": 540, "OBJECTID": 540, "Id": 0, "X": "1464509.72952984", "Y": "11474142.3721228", "z": "7.04804e+02" }, "geometry": { "type": "Point", "coordinates": [ 74.434745816790766, 31.609806038484688, 704.80401611328125 ] } },
{ "type": "Feature", "properties": { "OBJECTID_1": 541, "OBJECTID": 541, "Id": 0, "X": "1464514.51119388", "Y": "11474038.7694021", "z": "7.04390e+02" }, "geometry": { "type": "Point", "coordinates": [ 74.434762902784882, 31.609521210504386, 704.3900146484375 ] } },
{ "type": "Feature", "properties": { "OBJECTID_1": 542, "OBJECTID": 542, "Id": 0, "X": "1464516.10508188", "Y": "11473955.0902816", "z": "7.04356e+02" }, "geometry": { "type": "Point", "coordinates": [ 74.434769414618771, 31.609291124872406, 704.35601806640625 ] } },
{ "type": "Feature", "properties": { "OBJECTID_1": 543, "OBJECTID": 543, "Id": 0, "X": "1464657.96111478", "Y": "11473956.6841696", "z": "7.04156e+02" }, "geometry": { "type": "Point", "coordinates": [ 74.435225202778369, 31.609297524113845, 704.156005859375 ] } },
{ "type": "Feature", "properties": { "OBJECTID_1": 544, "OBJECTID": 544, "Id": 0, "X": "1464653.17945076", "Y": "11474061.0838342", "z": "7.03693e+02" }, "geometry": { "type": "Point", "coordinates": [ 74.435208105011824, 31.609584543690588, 703.6929931640625 ] } },
{ "type": "Feature", "properties": { "OBJECTID_1": 545, "OBJECTID": 545, "Id": 0, "X": "1464653.97639476", "Y": "11474153.5293388", "z": "7.05609e+02" }, "geometry": { "type": "Point", "coordinates": [ 74.435209130996299, 31.60983876989976, 705.6090087890625 ] } },
{ "type": "Feature", "properties": { "OBJECTID_1": 546, "OBJECTID": 546, "Id": 0, "X": "1464540.01340203", "Y": "11474262.7106675", "z": "7.03582e+02" }, "geometry": { "type": "Point", "coordinates": [ 74.434841126880002, 31.610137386694827, 703.58197021484375 ] } },
{ "type": "Feature", "properties": { "OBJECTID_1": 547, "OBJECTID": 547, "Id": 0, "X": "1464422.86263329", "Y": "11474261.1167795", "z": "7.03224e+02" }, "geometry": { "type": "Point", "coordinates": [ 74.434464718826646, 31.610131337540349, 703.2239990234375 ] } },
{ "type": "Feature", "properties": { "OBJECTID_1": 548, "OBJECTID": 548, "Id": 0, "X": "1464334.40184873", "Y": "11474268.2892756", "z": "6.98867e+02" }, "geometry": { "type": "Point", "coordinates": [ 74.43418035306658, 31.610149802263695, 698.86700439453125 ] } },
{ "type": "Feature", "properties": { "OBJECTID_1": 549, "OBJECTID": 549, "Id": 0, "X": "1464223.62663202", "Y": "11474282.6342677", "z": "6.97708e+02" }, "geometry": { "type": "Point", "coordinates": [ 74.433824165998828, 31.610187672109866, 697.7080078125 ] } },
{ "type": "Feature", "properties": { "OBJECTID_1": 550, "OBJECTID": 550, "Id": 0, "X": "1464153.49555957", "Y": "11474302.5578678", "z": "6.97046e+02" }, "geometry": { "type": "Point", "coordinates": [ 74.433598485617523, 31.610241460701847, 697.0460205078125 ] } },
{ "type": "Feature", "properties": { "OBJECTID_1": 551, "OBJECTID": 551, "Id": 0, "X": "1464081.77059912", "Y": "11474340.81118", "z": "6.97175e+02" }, "geometry": { "type": "Point", "coordinates": [ 74.433367378106865, 31.610345630826298, 697.17498779296875 ] } },
{ "type": "Feature", "properties": { "OBJECTID_1": 552, "OBJECTID": 552, "Id": 0, "X": "1464032.3600708", "Y": "11474378.2675483", "z": "6.96915e+02" }, "geometry": { "type": "Point", "coordinates": [ 74.433207985405403, 31.610447927212256, 696.91497802734375 ] } },
{ "type": "Feature", "properties": { "OBJECTID_1": 553, "OBJECTID": 553, "Id": 0, "X": "1463984.5434305", "Y": "11474405.3636444", "z": "6.97004e+02" }, "geometry": { "type": "Point", "coordinates": [ 74.433053886599851, 31.610521756541594, 697.0040283203125 ] } },
{ "type": "Feature", "properties": { "OBJECTID_1": 554, "OBJECTID": 554, "Id": 0, "X": "1463944.69623025", "Y": "11474461.9466688", "z": "6.96235e+02" }, "geometry": { "type": "Point", "coordinates": [ 74.432924903923706, 31.610676785113409, 696.2349853515625 ] } },
{ "type": "Feature", "properties": { "OBJECTID_1": 555, "OBJECTID": 555, "Id": 0, "X": "1464131.18112743", "Y": "11474527.2960772", "z": "6.98799e+02" }, "geometry": { "type": "Point", "coordinates": [ 74.433523041375295, 31.610859147622048, 698.79901123046875 ] } },
{ "type": "Feature", "properties": { "OBJECTID_1": 556, "OBJECTID": 556, "Id": 0, "X": "1464247.53495217", "Y": "11474494.621373", "z": "6.97028e+02" }, "geometry": { "type": "Point", "coordinates": [ 74.433897461726218, 31.610770953444231, 697.02801513671875 ] } },
{ "type": "Feature", "properties": { "OBJECTID_1": 557, "OBJECTID": 557, "Id": 0, "X": "1464411.70541722", "Y": "11474489.839709", "z": "6.97603e+02" }, "geometry": { "type": "Point", "coordinates": [ 74.434425065290512, 31.610760141337717, 697.60302734375 ] } },
{ "type": "Feature", "properties": { "OBJECTID_1": 558, "OBJECTID": 558, "Id": 0, "X": "1464516.90202589", "Y": "11474489.839709", "z": "6.96943e+02" }, "geometry": { "type": "Point", "coordinates": [ 74.434763090404601, 31.610761637645496, 696.9429931640625 ] } },
{ "type": "Feature", "properties": { "OBJECTID_1": 559, "OBJECTID": 559, "Id": 0, "X": "1463712.18781677", "Y": "11474586.5687876", "z": "6.96969e+02" }, "geometry": { "type": "Point", "coordinates": [ 74.432175712368078, 31.611016162759583, 696.968994140625 ] } },
{ "type": "Feature", "properties": { "OBJECTID_1": 560, "OBJECTID": 560, "Id": 0, "X": "1463905.19769299", "Y": "11473731.0992071", "z": "7.04311e+02" }, "geometry": { "type": "Point", "coordinates": [ 74.432810169799339, 31.608666472918223, 704.31097412109375 ] } },
{ "type": "Feature", "properties": { "OBJECTID_1": 561, "OBJECTID": 561, "Id": 0, "X": "1464080.77441911", "Y": "11473729.8539821", "z": "7.03512e+02" }, "geometry": { "type": "Point", "coordinates": [ 74.433374353208407, 31.608665552562279, 703.51202392578125 ] } },
{ "type": "Feature", "properties": { "OBJECTID_1": 562, "OBJECTID": 562, "Id": 0, "X": "1464248.87979518", "Y": "11473729.8539821", "z": "7.01741e+02" }, "geometry": { "type": "Point", "coordinates": [ 74.43391450900188, 31.608667947553606, 701.74102783203125 ] } },
{ "type": "Feature", "properties": { "OBJECTID_1": 563, "OBJECTID": 563, "Id": 0, "X": "1464362.1952709", "Y": "11473713.666057", "z": "7.05980e+02" }, "geometry": { "type": "Point", "coordinates": [ 74.434278883238235, 31.608625045667299, 705.97998046875 ] } },
{ "type": "Feature", "properties": { "OBJECTID_1": 564, "OBJECTID": 564, "Id": 0, "X": "1464540.26244704", "Y": "11473719.8921821", "z": "7.10459e+02" }, "geometry": { "type": "Point", "coordinates": [ 74.434850944680264, 31.608644699613119, 710.458984375 ] } },
{ "type": "Feature", "properties": { "OBJECTID_1": 566, "OBJECTID": 566, "Id": 0, "X": "1464242.65367014", "Y": "11473559.2581561", "z": "7.11008e+02" }, "geometry": { "type": "Point", "coordinates": [ 74.433897341909059, 31.608198739299322, 711.00799560546875 ] } },
{ "type": "Feature", "properties": { "OBJECTID_1": 567, "OBJECTID": 567, "Id": 0, "X": "1464346.0073458", "Y": "11473483.2994306", "z": "7.09402e+02" }, "geometry": { "type": "Point", "coordinates": [ 74.434230699233026, 31.607991332577416, 709.4019775390625 ] } },
{ "type": "Feature", "properties": { "OBJECTID_1": 568, "OBJECTID": 568, "Id": 0, "X": "1464425.70174631", "Y": "11473391.15278", "z": "7.09997e+02" }, "geometry": { "type": "Point", "coordinates": [ 74.434488302939698, 31.607739073414628, 709.99700927734375 ] } },
{ "type": "Feature", "properties": { "OBJECTID_1": 569, "OBJECTID": 569, "Id": 0, "X": "1464466.79417156", "Y": "11473265.3850542", "z": "7.09633e+02" }, "geometry": { "type": "Point", "coordinates": [ 74.434622429730354, 31.607393810520623, 709.63299560546875 ] } },
{ "type": "Feature", "properties": { "OBJECTID_1": 570, "OBJECTID": 570, "Id": 0, "X": "1464481.73687166", "Y": "11473133.3912033", "z": "7.09080e+02" }, "geometry": { "type": "Point", "coordinates": [ 74.434672636169864, 31.607031054463178, 709.08001708984375 ] } },
{ "type": "Feature", "properties": { "OBJECTID_1": 571, "OBJECTID": 571, "Id": 0, "X": "1464463.05849654", "Y": "11473013.8496026", "z": "7.09759e+02" }, "geometry": { "type": "Point", "coordinates": [ 74.434614606402164, 31.606702062575597, 709.75897216796875 ] } },
{ "type": "Feature", "properties": { "OBJECTID_1": 572, "OBJECTID": 572, "Id": 0, "X": "1464235.18232009", "Y": "11472982.7189774", "z": "7.09269e+02" }, "geometry": { "type": "Point", "coordinates": [ 74.433882928510528, 31.606613213885758, 709.26898193359375 ] } },
{ "type": "Feature", "properties": { "OBJECTID_1": 573, "OBJECTID": 573, "Id": 0, "X": "1464250.12502019", "Y": "11473076.110853", "z": "7.10295e+02" }, "geometry": { "type": "Point", "coordinates": [ 74.43392938748282, 31.606870244027199, 710.29498291015625 ] } },
{ "type": "Feature", "properties": { "OBJECTID_1": 574, "OBJECTID": 574, "Id": 0, "X": "1464232.69187008", "Y": "11473176.9740786", "z": "7.09837e+02" }, "geometry": { "type": "Point", "coordinates": [ 74.433871694080949, 31.607147358522024, 709.83697509765625 ] } },
{ "type": "Feature", "properties": { "OBJECTID_1": 575, "OBJECTID": 575, "Id": 0, "X": "1464207.78736992", "Y": "11473265.3850542", "z": "7.09603e+02" }, "geometry": { "type": "Point", "coordinates": [ 74.433790200951734, 31.607390124253257, 709.60302734375 ] } },
{ "type": "Feature", "properties": { "OBJECTID_1": 576, "OBJECTID": 576, "Id": 0, "X": "1464181.63764476", "Y": "11473333.8724296", "z": "7.10001e+02" }, "geometry": { "type": "Point", "coordinates": [ 74.43370503790608, 31.607578084485286, 710.0009765625 ] } },
{ "type": "Feature", "properties": { "OBJECTID_1": 577, "OBJECTID": 577, "Id": 0, "X": "1464143.03566951", "Y": "11473402.3598051", "z": "7.09890e+02" }, "geometry": { "type": "Point", "coordinates": [ 74.433579863358375, 31.607765867234807, 709.8900146484375 ] } },
{ "type": "Feature", "properties": { "OBJECTID_1": 578, "OBJECTID": 578, "Id": 0, "X": "1464083.26486913", "Y": "11473480.8089805", "z": "7.03723e+02" }, "geometry": { "type": "Point", "coordinates": [ 74.433386503298465, 31.607980741989973, 703.7230224609375 ] } },
{ "type": "Feature", "properties": { "OBJECTID_1": 579, "OBJECTID": 579, "Id": 0, "X": "1464009.79659366", "Y": "11473511.9396057", "z": "7.03413e+02" }, "geometry": { "type": "Point", "coordinates": [ 74.433149918277536, 31.608065300374886, 703.41302490234375 ] } },
{ "type": "Feature", "properties": { "OBJECTID_1": 580, "OBJECTID": 580, "Id": 0, "X": "1463900.21679296", "Y": "11473529.3727559", "z": "7.10290e+02" }, "geometry": { "type": "Point", "coordinates": [ 74.432797528387923, 31.60811167659536, 710.28997802734375 ] } },
{ "type": "Feature", "properties": { "OBJECTID_1": 581, "OBJECTID": 581, "Id": 0, "X": "1463779.42996719", "Y": "11473516.9205058", "z": "7.10848e+02" }, "geometry": { "type": "Point", "coordinates": [ 74.432409626567761, 31.608075710315006, 710.8480224609375 ] } },
{ "type": "Feature", "properties": { "OBJECTID_1": 582, "OBJECTID": 582, "Id": 0, "X": "1463934.36783594", "Y": "11473574.0235361", "z": "7.10402e+02" }, "geometry": { "type": "Point", "coordinates": [ 74.432906517501962, 31.608234948491791, 710.4019775390625 ] } },
{ "type": "Feature", "properties": { "OBJECTID_1": 583, "OBJECTID": 583, "Id": 0, "X": "1463243.25799474", "Y": "11473444.4723186", "z": "7.13153e+02" }, "geometry": { "type": "Point", "coordinates": [ 74.430688023978277, 31.607868818969429, 713.15301513671875 ] } },
{ "type": "Feature", "properties": { "OBJECTID_1": 584, "OBJECTID": 584, "Id": 0, "X": "1463267.23007041", "Y": "11473489.356205", "z": "7.13111e+02" }, "geometry": { "type": "Point", "coordinates": [ 74.430764299324295, 31.607992587900149, 713.11102294921875 ] } },
{ "type": "Feature", "properties": { "OBJECTID_1": 585, "OBJECTID": 585, "Id": 0, "X": "1463282.02135115", "Y": "11473531.6898706", "z": "7.12762e+02" }, "geometry": { "type": "Point", "coordinates": [ 74.430811118015654, 31.608109212517146, 712.76202392578125 ] } },
{ "type": "Feature", "properties": { "OBJECTID_1": 586, "OBJECTID": 586, "Id": 0, "X": "1463296.81263188", "Y": "11473582.6942869", "z": "7.12350e+02" }, "geometry": { "type": "Point", "coordinates": [ 74.430857791769071, 31.608249680706823, 712.3499755859375 ] } },
{ "type": "Feature", "properties": { "OBJECTID_1": 587, "OBJECTID": 587, "Id": 0, "X": "1463307.01351515", "Y": "11473632.1685707", "z": "7.11725e+02" }, "geometry": { "type": "Point", "coordinates": [ 74.430889741452205, 31.608385875469711, 711.7249755859375 ] } },
{ "type": "Feature", "properties": { "OBJECTID_1": 588, "OBJECTID": 588, "Id": 0, "X": "1463460.65236516", "Y": "11473536.8441059", "z": "7.04336e+02" }, "geometry": { "type": "Point", "coordinates": [ 74.431385004952858, 31.608125942438207, 704.33599853515625 ] } },
{ "type": "Feature", "properties": { "OBJECTID_1": 589, "OBJECTID": 589, "Id": 0, "X": "1463567.74171585", "Y": "11473600.3505813", "z": "7.09258e+02" }, "geometry": { "type": "Point", "coordinates": [ 74.431728041317356, 31.608302109436789, 709.25799560546875 ] } },
{ "type": "Feature", "properties": { "OBJECTID_1": 590, "OBJECTID": 590, "Id": 0, "X": "1463648.68134136", "Y": "11473691.2520069", "z": "7.10231e+02" }, "geometry": { "type": "Point", "coordinates": [ 74.431986597556858, 31.608553234956876, 710.23101806640625 ] } },
{ "type": "Feature", "properties": { "OBJECTID_1": 591, "OBJECTID": 591, "Id": 0, "X": "1463667.35971648", "Y": "11473773.4368574", "z": "7.09662e+02" }, "geometry": { "type": "Point", "coordinates": [ 74.432045242757667, 31.608779500969586, 709.6619873046875 ] } },
{ "type": "Feature", "properties": { "OBJECTID_1": 592, "OBJECTID": 592, "Id": 0, "X": "1463663.62404146", "Y": "11473863.093058", "z": "7.04934e+02" }, "geometry": { "type": "Point", "coordinates": [ 74.432031742486259, 31.609025992101643, 704.93402099609375 ] } },
{ "type": "Feature", "properties": { "OBJECTID_1": 593, "OBJECTID": 593, "Id": 0, "X": "1463643.70044133", "Y": "11473955.2397086", "z": "7.04557e+02" }, "geometry": { "type": "Point", "coordinates": [ 74.431966185225946, 31.609279100374465, 704.5570068359375 ] } },
{ "type": "Feature", "properties": { "OBJECTID_1": 594, "OBJECTID": 594, "Id": 0, "X": "1463606.34369109", "Y": "11474037.4245591", "z": "7.04424e+02" }, "geometry": { "type": "Point", "coordinates": [ 74.431844777313017, 31.609504565616547, 704.42401123046875 ] } },
{ "type": "Feature", "properties": { "OBJECTID_1": 595, "OBJECTID": 595, "Id": 0, "X": "1463576.4582909", "Y": "11474095.9501345", "z": "7.04495e+02" }, "geometry": { "type": "Point", "coordinates": [ 74.431747771195845, 31.609665077190233, 704.4949951171875 ] } },
{ "type": "Feature", "properties": { "OBJECTID_1": 596, "OBJECTID": 596, "Id": 0, "X": "1463516.68749052", "Y": "11474170.6636349", "z": "7.04693e+02" }, "geometry": { "type": "Point", "coordinates": [ 74.431554465398065, 31.609869676327037, 704.6929931640625 ] } },
{ "type": "Feature", "properties": { "OBJECTID_1": 597, "OBJECTID": 597, "Id": 0, "X": "1463455.67146513", "Y": "11474211.7560602", "z": "7.03823e+02" }, "geometry": { "type": "Point", "coordinates": [ 74.431357719530681, 31.609981803179583, 703.822998046875 ] } },
{ "type": "Feature", "properties": { "OBJECTID_1": 598, "OBJECTID": 598, "Id": 0, "X": "1463140.62953813", "Y": "11474186.85156", "z": "7.01434e+02" }, "geometry": { "type": "Point", "coordinates": [ 74.430345830876888, 31.609908807935064, 701.43402099609375 ] } },
{ "type": "Feature", "properties": { "OBJECTID_1": 599, "OBJECTID": 599, "Id": 0, "X": "1463043.50198751", "Y": "11474120.8546346", "z": "7.01817e+02" }, "geometry": { "type": "Point", "coordinates": [ 74.430034842634498, 31.609725931612594, 701.8170166015625 ] } },
{ "type": "Feature", "properties": { "OBJECTID_1": 600, "OBJECTID": 600, "Id": 0, "X": "1462992.44776218", "Y": "11474008.7843839", "z": "7.01705e+02" }, "geometry": { "type": "Point", "coordinates": [ 74.429872671732511, 31.609417018998744, 701.70501708984375 ] } },
{ "type": "Feature", "properties": { "OBJECTID_1": 601, "OBJECTID": 601, "Id": 0, "X": "1462970.03371204", "Y": "11473917.8829583", "z": "7.00873e+02" }, "geometry": { "type": "Point", "coordinates": [ 74.429802174001608, 31.609166728890834, 700.87298583984375 ] } },
{ "type": "Feature", "properties": { "OBJECTID_1": 602, "OBJECTID": 602, "Id": 0, "X": "1462951.35533692", "Y": "11473812.0388327", "z": "7.01110e+02" }, "geometry": { "type": "Point", "coordinates": [ 74.429743930595251, 31.608875401593643, 701.1099853515625 ] } },
{ "type": "Feature", "properties": { "OBJECTID_1": 603, "OBJECTID": 603, "Id": 0, "X": "1462966.29803702", "Y": "11473736.0801072", "z": "7.02482e+02" }, "geometry": { "type": "Point", "coordinates": [ 74.429793217633474, 31.608666738033723, 702.48199462890625 ] } },
{ "type": "Feature", "properties": { "OBJECTID_1": 604, "OBJECTID": 604, "Id": 0, "X": "1462999.91911223", "Y": "11473665.1022817", "z": "7.02189e+02" }, "geometry": { "type": "Point", "coordinates": [ 74.429902438116031, 31.608472039238993, 702.18902587890625 ] } },
{ "type": "Feature", "properties": { "OBJECTID_1": 605, "OBJECTID": 605, "Id": 0, "X": "1463044.74721252", "Y": "11473614.0480564", "z": "7.02722e+02" }, "geometry": { "type": "Point", "coordinates": [ 74.430047334576216, 31.608332288676944, 702.72198486328125 ] } },
{ "type": "Feature", "properties": { "OBJECTID_1": 606, "OBJECTID": 606, "Id": 0, "X": "1463110.74413794", "Y": "11473549.296356", "z": "7.02298e+02" }, "geometry": { "type": "Point", "coordinates": [ 74.430260479220607, 31.608155174835687, 702.2979736328125 ] } }
]
}
