{
  "type": "FeatureCollection",
  "crs": {
    "type": "name",
    "properties": {
      "name": "urn:ogc:def:crs:OGC:1.3:CRS84"
    }
  },
  "features": [
    {
      "type": "Feature",
      "properties": {
        "Id": 0,
        "layer": "Builtup"
      },
      "geometry": {
        "type": "Polygon",
        "coordinates": [
          [
            [
              74.42877167213041,
              31.611013462803587
            ],
            [
              74.42873044970553,
              31.611012543388938
            ],
            [
              74.4287298207637,
              31.61106864954873
            ],
            [
              74.4287719095886,
              31.611068347751726
            ],
            [
              74.42877167213041,
              31.611013462803587
            ]
          ]
        ]
      }
    },
    {
      "type": "Feature",
      "properties": {
        "Id": 0,
        "layer": "Builtup"
      },
      "geometry": {
        "type": "Polygon",
        "coordinates": [
          [
            [
              74.4335892357283,
              31.610935585569873
            ],
            [
              74.43342499595208,
              31.610931866207704
            ],
            [
              74.43342206938269,
              31.611068838074196
            ],
            [
              74.4335849295673,
              31.61106956038842
            ],
            [
              74.4335892357283,
              31.610935585569873
            ]
          ]
        ]
      }
    },
    {
      "type": "Feature",
      "properties": {
        "Id": 0,
        "layer": "Builtup"
      },
      "geometry": {
        "type": "Polygon",
        "coordinates": [
          [
            [
              74.43360594581516,
              31.610729944549902
            ],
            [
              74.43356679131792,
              31.61071850011622
            ],
            [
              74.43354939241753,
              31.61075493055734
            ],
            [
              74.43359054359264,
              31.61076760893783
            ],
            [
              74.43360594581516,
              31.610729944549902
            ]
          ]
        ]
      }
    },
    {
      "type": "Feature",
      "properties": {
        "Id": 0,
        "layer": "Builtup"
      },
      "geometry": {
        "type": "Polygon",
        "coordinates": [
          [
            [
              74.4278554267068,
              31.608408747370774
            ],
            [
              74.4277011055342,
              31.6084069075239
            ],
            [
              74.42769718501785,
              31.608535906946706
            ],
            [
              74.4278519537318,
              31.608537748804455
            ],
            [
              74.4278554267068,
              31.608408747370774
            ]
          ]
        ]
      }
    },
    {
      "type": "Feature",
      "properties": {
        "Id": 0,
        "layer": "Builtup"
      },
      "geometry": {
        "type": "Polygon",
        "coordinates": [
          [
            [
              74.42803050314997,
              31.608454706541444
            ],
            [
              74.42792314902871,
              31.60845346010371
            ],
            [
              74.42791880743452,
              31.608651368799443
            ],
            [
              74.42797024796162,
              31.60865198201633
            ],
            [
              74.42796881000075,
              31.608667672005407
            ],
            [
              74.42799027946961,
              31.60866815099063
            ],
            [
              74.4279883169383,
              31.60869647234167
            ],
            [
              74.42802364426637,
              31.608698544737393
            ],
            [
              74.42803050314997,
              31.608454706541444
            ]
          ]
        ]
      }
    },
    {
      "type": "Feature",
      "properties": {
        "Id": 0,
        "layer": "Builtup"
      },
      "geometry": {
        "type": "Polygon",
        "coordinates": [
          [
            [
              74.4281460433215,
              31.608580412452646
            ],
            [
              74.42808342428826,
              31.608578983576923
            ],
            [
              74.4280816259353,
              31.608653629272492
            ],
            [
              74.42814290771071,
              31.608654286483112
            ],
            [
              74.4281460433215,
              31.608580412452646
            ]
          ]
        ]
      }
    },
    {
      "type": "Feature",
      "properties": {
        "Id": 0,
        "layer": "Builtup"
      },
      "geometry": {
        "type": "Polygon",
        "coordinates": [
          [
            [
              74.42829102284563,
              31.608646909868664
            ],
            [
              74.42822572680808,
              31.608644320561446
            ],
            [
              74.42822454435918,
              31.608691404555486
            ],
            [
              74.42828984276902,
              31.608693611034422
            ],
            [
              74.42829102284563,
              31.608646909868664
            ]
          ]
        ]
      }
    },
    {
      "type": "Feature",
      "properties": {
        "Id": 0,
        "layer": "Builtup"
      },
      "geometry": {
        "type": "Polygon",
        "coordinates": [
          [
            [
              74.42786783749268,
              31.60857380688494
            ],
            [
              74.42769874951028,
              31.608572666569728
            ],
            [
              74.42769627399062,
              31.60861170512984
            ],
            [
              74.42771803898995,
              31.608610555506417
            ],
            [
              74.42771776367951,
              31.60862560814329
            ],
            [
              74.42776192019083,
              31.608625962780696
            ],
            [
              74.42776164485707,
              31.608611064488006
            ],
            [
              74.42780066240249,
              31.608612807389942
            ],
            [
              74.42780056937228,
              31.60862801765477
            ],
            [
              74.42784436806448,
              31.608626959360425
            ],
            [
              74.42784464431357,
              31.608611749916218
            ],
            [
              74.42786607696016,
              31.60861262997332
            ],
            [
              74.42786783749268,
              31.60857380688494
            ]
          ]
        ]
      }
    },
    {
      "type": "Feature",
      "properties": {
        "Id": 0,
        "layer": "Builtup"
      },
      "geometry": {
        "type": "Polygon",
        "coordinates": [
          [
            [
              74.42756242765996,
              31.60856228564645
            ],
            [
              74.42751033029472,
              31.608560827074395
            ],
            [
              74.42750578996844,
              31.608647787908097
            ],
            [
              74.42755788888117,
              31.608649001471832
            ],
            [
              74.42756242765996,
              31.60856228564645
            ]
          ]
        ]
      }
    },
    {
      "type": "Feature",
      "properties": {
        "Id": 0,
        "layer": "Builtup"
      },
      "geometry": {
        "type": "Polygon",
        "coordinates": [
          [
            [
              74.42828534305542,
              31.607892690124192
            ],
            [
              74.42812341116046,
              31.60789196524882
            ],
            [
              74.42811987774226,
              31.60803092026634
            ],
            [
              74.42828361088031,
              31.60802973901114
            ],
            [
              74.42828534305542,
              31.607892690124192
            ]
          ]
        ]
      }
    },
    {
      "type": "Feature",
      "properties": {
        "Id": 0,
        "layer": "Builtup"
      },
      "geometry": {
        "type": "Polygon",
        "coordinates": [
          [
            [
              74.4284100463492,
              31.607909710319397
            ],
            [
              74.42831253167044,
              31.607908891082516
            ],
            [
              74.42830822501662,
              31.607954812581113
            ],
            [
              74.42840842837698,
              31.607954878173494
            ],
            [
              74.4284100463492,
              31.607909710319397
            ]
          ]
        ]
      }
    },
    {
      "type": "Feature",
      "properties": {
        "Id": 0,
        "layer": "Builtup"
      },
      "geometry": {
        "type": "Polygon",
        "coordinates": [
          [
            [
              74.42831359189874,
              31.607808591804513
            ],
            [
              74.42818431957296,
              31.60780724749353
            ],
            [
              74.42818319795684,
              31.60784437793129
            ],
            [
              74.42831248904847,
              31.60784265960948
            ],
            [
              74.42831359189874,
              31.607808591804513
            ]
          ]
        ]
      }
    },
    {
      "type": "Feature",
      "properties": {
        "Id": 0,
        "layer": "Builtup"
      },
      "geometry": {
        "type": "Polygon",
        "coordinates": [
          [
            [
              74.42846030991713,
              31.60781001404507
            ],
            [
              74.42833058558111,
              31.6078094335392
            ],
            [
              74.42832904242931,
              31.60784235085446
            ],
            [
              74.42845742483459,
              31.607842925357858
            ],
            [
              74.42846030991713,
              31.60781001404507
            ]
          ]
        ]
      }
    },
    {
      "type": "Feature",
      "properties": {
        "Id": 0,
        "layer": "Builtup"
      },
      "geometry": {
        "type": "Polygon",
        "coordinates": [
          [
            [
              74.42851758558848,
              31.607734085188042
            ],
            [
              74.42847911096612,
              31.60773467872806
            ],
            [
              74.42847307187104,
              31.60784452672774
            ],
            [
              74.42851333817894,
              31.60784355836609
            ],
            [
              74.42851758558848,
              31.607734085188042
            ]
          ]
        ]
      }
    },
    {
      "type": "Feature",
      "properties": {
        "Id": 0,
        "layer": "Builtup"
      },
      "geometry": {
        "type": "Polygon",
        "coordinates": [
          [
            [
              74.42855415469846,
              31.6078257475024
            ],
            [
              74.42853536937069,
              31.607825280621757
            ],
            [
              74.42853381927533,
              31.60785934642825
            ],
            [
              74.42855394892487,
              31.607859436483476
            ],
            [
              74.42855415469846,
              31.6078257475024
            ]
          ]
        ]
      }
    },
    {
      "type": "Feature",
      "properties": {
        "Id": 0,
        "layer": "Builtup"
      },
      "geometry": {
        "type": "Polygon",
        "coordinates": [
          [
            [
              74.42846937441846,
              31.607644284971556
            ],
            [
              74.42842466067833,
              31.60764102218142
            ],
            [
              74.42841369393528,
              31.60775199664907
            ],
            [
              74.42846065136928,
              31.607754120963197
            ],
            [
              74.42846937441846,
              31.607644284971556
            ]
          ]
        ]
      }
    },
    {
      "type": "Feature",
      "properties": {
        "Id": 0,
        "layer": "Builtup"
      },
      "geometry": {
        "type": "Polygon",
        "coordinates": [
          [
            [
              74.42836787151987,
              31.6076373224975
            ],
            [
              74.42832984192236,
              31.607638300824192
            ],
            [
              74.42832782390663,
              31.607748932492964
            ],
            [
              74.42836675053823,
              31.607747575341797
            ],
            [
              74.42836787151987,
              31.6076373224975
            ]
          ]
        ]
      }
    },
    {
      "type": "Feature",
      "properties": {
        "Id": 0,
        "layer": "Builtup"
      },
      "geometry": {
        "type": "Polygon",
        "coordinates": [
          [
            [
              74.42837535093248,
              31.607511401673754
            ],
            [
              74.42832390400937,
              31.607511937115316
            ],
            [
              74.42832501960181,
              31.607622199970713
            ],
            [
              74.42837333297575,
              31.607622033346114
            ],
            [
              74.42837535093248,
              31.607511401673754
            ]
          ]
        ]
      }
    },
    {
      "type": "Feature",
      "properties": {
        "Id": 0,
        "layer": "Builtup"
      },
      "geometry": {
        "type": "Polygon",
        "coordinates": [
          [
            [
              74.42831540485592,
              31.607511899077444
            ],
            [
              74.42827470774205,
              31.607510185570938
            ],
            [
              74.42827313933023,
              31.607620436413153
            ],
            [
              74.42831384117056,
              31.607621384262035
            ],
            [
              74.42831540485592,
              31.607511899077444
            ]
          ]
        ]
      }
    },
    {
      "type": "Feature",
      "properties": {
        "Id": 0,
        "layer": "Builtup"
      },
      "geometry": {
        "type": "Polygon",
        "coordinates": [
          [
            [
              74.42852179186899,
              31.60748487529418
            ],
            [
              74.42848063808387,
              31.60748469116946
            ],
            [
              74.42847773028139,
              31.60759455318385
            ],
            [
              74.4285211160593,
              31.60759551297525
            ],
            [
              74.42852179186899,
              31.60748487529418
            ]
          ]
        ]
      }
    },
    {
      "type": "Feature",
      "properties": {
        "Id": 0,
        "layer": "Builtup"
      },
      "geometry": {
        "type": "Polygon",
        "coordinates": [
          [
            [
              74.42817064741604,
              31.607482538145312
            ],
            [
              74.4281312899494,
              31.6074812134301
            ],
            [
              74.42813105866223,
              31.60759223593569
            ],
            [
              74.42817176048815,
              31.607593183829685
            ],
            [
              74.42817064741604,
              31.607482538145312
            ]
          ]
        ]
      }
    },
    {
      "type": "Feature",
      "properties": {
        "Id": 0,
        "layer": "Builtup"
      },
      "geometry": {
        "type": "Polygon",
        "coordinates": [
          [
            [
              74.42817168327218,
              31.60760581719722
            ],
            [
              74.42813053879655,
              31.607604101641815
            ],
            [
              74.42812315498884,
              31.60771432644374
            ],
            [
              74.42816653613686,
              31.607716052014784
            ],
            [
              74.42817168327218,
              31.60760581719722
            ]
          ]
        ]
      }
    },
    {
      "type": "Feature",
      "properties": {
        "Id": 0,
        "layer": "Builtup"
      },
      "geometry": {
        "type": "Polygon",
        "coordinates": [
          [
            [
              74.42817092748894,
              31.607729471066044
            ],
            [
              74.42813065654825,
              31.607731204978915
            ],
            [
              74.42812327506829,
              31.60784104694924
            ],
            [
              74.4281639840221,
              31.607840846359075
            ],
            [
              74.42817092748894,
              31.607729471066044
            ]
          ]
        ]
      }
    },
    {
      "type": "Feature",
      "properties": {
        "Id": 0,
        "layer": "Builtup"
      },
      "geometry": {
        "type": "Polygon",
        "coordinates": [
          [
            [
              74.42802374852853,
              31.607803465866628
            ],
            [
              74.42798975415124,
              31.607802930801334
            ],
            [
              74.42798537478428,
              31.607860719996015
            ],
            [
              74.4280242944442,
              31.60786051143771
            ],
            [
              74.42802374852853,
              31.607803465866628
            ]
          ]
        ]
      }
    },
    {
      "type": "Feature",
      "properties": {
        "Id": 0,
        "layer": "Builtup"
      },
      "geometry": {
        "type": "Polygon",
        "coordinates": [
          [
            [
              74.42798535814065,
              31.607790277402877
            ],
            [
              74.42801666388118,
              31.60779156610947
            ],
            [
              74.42801879489778,
              31.607735681044062
            ],
            [
              74.42798973048168,
              31.60773363669541
            ],
            [
              74.42798535814065,
              31.607790277402877
            ]
          ]
        ]
      }
    },
    {
      "type": "Feature",
      "properties": {
        "Id": 0,
        "layer": "Builtup"
      },
      "geometry": {
        "type": "Polygon",
        "coordinates": [
          [
            [
              74.42798935805715,
              31.60772138415469
            ],
            [
              74.42802469437937,
              31.60772192522885
            ],
            [
              74.42802816034124,
              31.607667194659605
            ],
            [
              74.42799103240073,
              31.60766702840334
            ],
            [
              74.42798935805715,
              31.60772138415469
            ]
          ]
        ]
      }
    },
    {
      "type": "Feature",
      "properties": {
        "Id": 0,
        "layer": "Builtup"
      },
      "geometry": {
        "type": "Polygon",
        "coordinates": [
          [
            [
              74.42804055406171,
              31.607615566784023
            ],
            [
              74.42799179336822,
              31.60761573127966
            ],
            [
              74.4279902220141,
              31.607653242542103
            ],
            [
              74.42803853306218,
              31.60765345887366
            ],
            [
              74.42804055406171,
              31.607615566784023
            ]
          ]
        ]
      }
    },
    {
      "type": "Feature",
      "properties": {
        "Id": 0,
        "layer": "Builtup"
      },
      "geometry": {
        "type": "Polygon",
        "coordinates": [
          [
            [
              74.42796265408651,
              31.60762593746298
            ],
            [
              74.42789645710118,
              31.607624492476997
            ],
            [
              74.42789494891609,
              31.60765166734676
            ],
            [
              74.42796293287792,
              31.607653503176053
            ],
            [
              74.42796265408651,
              31.60762593746298
            ]
          ]
        ]
      }
    },
    {
      "type": "Feature",
      "properties": {
        "Id": 0,
        "layer": "Builtup"
      },
      "geometry": {
        "type": "Polygon",
        "coordinates": [
          [
            [
              74.42788304205216,
              31.607623666713234
            ],
            [
              74.42781593871493,
              31.607624131824984
            ],
            [
              74.42781487080693,
              31.607652457185157
            ],
            [
              74.42788196948234,
              31.607652757732822
            ],
            [
              74.42788304205216,
              31.607623666713234
            ]
          ]
        ]
      }
    },
    {
      "type": "Feature",
      "properties": {
        "Id": 0,
        "layer": "Builtup"
      },
      "geometry": {
        "type": "Polygon",
        "coordinates": [
          [
            [
              74.42780251898404,
              31.60762407171138
            ],
            [
              74.42773720494426,
              31.607624544796987
            ],
            [
              74.42773613467074,
              31.607653252985497
            ],
            [
              74.42780056110577,
              31.60765162740515
            ],
            [
              74.42780251898404,
              31.60762407171138
            ]
          ]
        ]
      }
    },
    {
      "type": "Feature",
      "properties": {
        "Id": 0,
        "layer": "Builtup"
      },
      "geometry": {
        "type": "Polygon",
        "coordinates": [
          [
            [
              74.42772354401676,
              31.607663916091653
            ],
            [
              74.42768014651021,
              31.607664870175473
            ],
            [
              74.42768080465005,
              31.607776662337734
            ],
            [
              74.4277224175916,
              31.607774934579314
            ],
            [
              74.42772354401676,
              31.607663916091653
            ]
          ]
        ]
      }
    },
    {
      "type": "Feature",
      "properties": {
        "Id": 0,
        "layer": "Builtup"
      },
      "geometry": {
        "type": "Polygon",
        "coordinates": [
          [
            [
              74.42771787877176,
              31.607785633758045
            ],
            [
              74.42768969026315,
              31.60778665598349
            ],
            [
              74.42769114467718,
              31.607841408586534
            ],
            [
              74.42772022551132,
              31.607840773198497
            ],
            [
              74.42771787877176,
              31.607785633758045
            ]
          ]
        ]
      }
    },
    {
      "type": "Feature",
      "properties": {
        "Id": 0,
        "layer": "Builtup"
      },
      "geometry": {
        "type": "Polygon",
        "coordinates": [
          [
            [
              74.4277228181359,
              31.607855715564835
            ],
            [
              74.42768926638436,
              31.607855948082037
            ],
            [
              74.42768904159016,
              31.60796582208626
            ],
            [
              74.42772393301733,
              31.607965978411194
            ],
            [
              74.4277228181359,
              31.607855715564835
            ]
          ]
        ]
      }
    },
    {
      "type": "Feature",
      "properties": {
        "Id": 0,
        "layer": "Builtup"
      },
      "geometry": {
        "type": "Polygon",
        "coordinates": [
          [
            [
              74.42781496718243,
              31.607856128376696
            ],
            [
              74.42778052780415,
              31.60785520842245
            ],
            [
              74.42777985344964,
              31.6079654632535
            ],
            [
              74.42781608451386,
              31.60796600839426
            ],
            [
              74.42781496718243,
              31.607856128376696
            ]
          ]
        ]
      }
    },
    {
      "type": "Feature",
      "properties": {
        "Id": 0,
        "layer": "Builtup"
      },
      "geometry": {
        "type": "Polygon",
        "coordinates": [
          [
            [
              74.42781645457477,
              31.607978643764056
            ],
            [
              74.42778111347474,
              31.607978868289695
            ],
            [
              74.42777899167443,
              31.608033222030222
            ],
            [
              74.42781343814235,
              31.608032993497815
            ],
            [
              74.42781645457477,
              31.607978643764056
            ]
          ]
        ]
      }
    },
    {
      "type": "Feature",
      "properties": {
        "Id": 0,
        "layer": "Builtup"
      },
      "geometry": {
        "type": "Polygon",
        "coordinates": [
          [
            [
              74.42772296108765,
              31.60797860776878
            ],
            [
              74.42768941397581,
              31.60797807462695
            ],
            [
              74.42768594077572,
              31.608033953669622
            ],
            [
              74.42772307120165,
              31.608033737187043
            ],
            [
              74.42772296108765,
              31.60797860776878
            ]
          ]
        ]
      }
    },
    {
      "type": "Feature",
      "properties": {
        "Id": 0,
        "layer": "Builtup"
      },
      "geometry": {
        "type": "Polygon",
        "coordinates": [
          [
            [
              74.42772436166213,
              31.608042165443166
            ],
            [
              74.42768902522205,
              31.608041624284507
            ],
            [
              74.42768644667201,
              31.608097507335092
            ],
            [
              74.42772313213827,
              31.60809690601929
            ],
            [
              74.42772436166213,
              31.608042165443166
            ]
          ]
        ]
      }
    },
    {
      "type": "Feature",
      "properties": {
        "Id": 0,
        "layer": "Builtup"
      },
      "geometry": {
        "type": "Polygon",
        "coordinates": [
          [
            [
              74.42802354753341,
              31.607909511584122
            ],
            [
              74.42799089743545,
              31.60790859969856
            ],
            [
              74.42798920670063,
              31.607965635252807
            ],
            [
              74.42802589211465,
              31.607965033849375
            ],
            [
              74.42802354753341,
              31.607909511584122
            ]
          ]
        ]
      }
    },
    {
      "type": "Feature",
      "properties": {
        "Id": 0,
        "layer": "Builtup"
      },
      "geometry": {
        "type": "Polygon",
        "coordinates": [
          [
            [
              74.4280280632107,
              31.60797576308463
            ],
            [
              74.42799137545182,
              31.60797674731791
            ],
            [
              74.42799058404937,
              31.60803302121933
            ],
            [
              74.42802771915665,
              31.60803203898961
            ],
            [
              74.4280280632107,
              31.60797576308463
            ]
          ]
        ]
      }
    },
    {
      "type": "Feature",
      "properties": {
        "Id": 0,
        "layer": "Builtup"
      },
      "geometry": {
        "type": "Polygon",
        "coordinates": [
          [
            [
              74.42802897219656,
              31.60804659251148
            ],
            [
              74.42799318140334,
              31.60804719792175
            ],
            [
              74.42799328933535,
              31.608102710170336
            ],
            [
              74.42802997714362,
              31.608101725937118
            ],
            [
              74.42802897219656,
              31.60804659251148
            ]
          ]
        ]
      }
    },
    {
      "type": "Feature",
      "properties": {
        "Id": 0,
        "layer": "Builtup"
      },
      "geometry": {
        "type": "Polygon",
        "coordinates": [
          [
            [
              74.42929059434354,
              31.6075124314387
            ],
            [
              74.42927715954991,
              31.607588173699284
            ],
            [
              74.42914888259037,
              31.607570372701513
            ],
            [
              74.42914508909445,
              31.607605577012173
            ],
            [
              74.42931315929809,
              31.607626618523856
            ],
            [
              74.42932501493594,
              31.607516413619756
            ],
            [
              74.42929059434354,
              31.6075124314387
            ]
          ]
        ]
      }
    },
    {
      "type": "Feature",
      "properties": {
        "Id": 0,
        "layer": "Builtup"
      },
      "geometry": {
        "type": "Polygon",
        "coordinates": [
          [
            [
              74.42934414026168,
              31.607502500502363
            ],
            [
              74.4293203608584,
              31.607619376741496
            ],
            [
              74.42934808563467,
              31.60762103196273
            ],
            [
              74.42949512142921,
              31.60771701587019
            ],
            [
              74.42961317940303,
              31.60779679094265
            ],
            [
              74.42967244963165,
              31.607833808216583
            ],
            [
              74.42976044277479,
              31.607782134852027
            ],
            [
              74.42981897069801,
              31.60772075890731
            ],
            [
              74.42982608823469,
              31.607727298955353
            ],
            [
              74.4298512970807,
              31.60770137836889
            ],
            [
              74.42984749569604,
              31.607696813264038
            ],
            [
              74.42991229267767,
              31.60763437799177
            ],
            [
              74.42985527459744,
              31.607603819817815
            ],
            [
              74.42972902817925,
              31.607560186775636
            ],
            [
              74.42959294196383,
              31.60752548247864
            ],
            [
              74.42947180957056,
              31.607505201322756
            ],
            [
              74.42939032032093,
              31.607502678110976
            ],
            [
              74.42934414026168,
              31.607502500502363
            ]
          ]
        ]
      }
    },
    {
      "type": "Feature",
      "properties": {
        "Id": 0,
        "layer": "Builtup"
      },
      "geometry": {
        "type": "Polygon",
        "coordinates": [
          [
            [
              74.42913344809301,
              31.607973816886723
            ],
            [
              74.42909998619699,
              31.608032624664894
            ],
            [
              74.42914552239036,
              31.60804775892925
            ],
            [
              74.42917317369438,
              31.60798815949301
            ],
            [
              74.42913344809301,
              31.607973816886723
            ]
          ]
        ]
      }
    },
    {
      "type": "Feature",
      "properties": {
        "Id": 0,
        "layer": "Builtup"
      },
      "geometry": {
        "type": "Polygon",
        "coordinates": [
          [
            [
              74.42916227664143,
              31.6079181105281
            ],
            [
              74.42915001350465,
              31.607945968115192
            ],
            [
              74.42917342513029,
              31.607952815621015
            ],
            [
              74.42918404306577,
              31.607924323434894
            ],
            [
              74.42916227664143,
              31.6079181105281
            ]
          ]
        ]
      }
    },
    {
      "type": "Feature",
      "properties": {
        "Id": 0,
        "layer": "Builtup"
      },
      "geometry": {
        "type": "Polygon",
        "coordinates": [
          [
            [
              74.43078006895912,
              31.60739082619875
            ],
            [
              74.43068927389255,
              31.607315002106663
            ],
            [
              74.43066004180251,
              31.60734052209052
            ],
            [
              74.43075576907549,
              31.60741445398365
            ],
            [
              74.43078006895912,
              31.60739082619875
            ]
          ]
        ]
      }
    },
    {
      "type": "Feature",
      "properties": {
        "Id": 0,
        "layer": "Builtup"
      },
      "geometry": {
        "type": "Polygon",
        "coordinates": [
          [
            [
              74.43094864704476,
              31.60740191398495
            ],
            [
              74.43079566705288,
              31.60740046670339
            ],
            [
              74.43079590009702,
              31.607435689011215
            ],
            [
              74.43094529689976,
              31.607437886009862
            ],
            [
              74.43094864704476,
              31.60740191398495
            ]
          ]
        ]
      }
    },
    {
      "type": "Feature",
      "properties": {
        "Id": 0,
        "layer": "Builtup"
      },
      "geometry": {
        "type": "Polygon",
        "coordinates": [
          [
            [
              74.4285920272017,
              31.60648816735404
            ],
            [
              74.42846005320115,
              31.60648708689469
            ],
            [
              74.42845901624078,
              31.606516239339317
            ],
            [
              74.42859012394786,
              31.606518541012473
            ],
            [
              74.4285920272017,
              31.60648816735404
            ]
          ]
        ]
      }
    },
    {
      "type": "Feature",
      "properties": {
        "Id": 0,
        "layer": "Builtup"
      },
      "geometry": {
        "type": "Polygon",
        "coordinates": [
          [
            [
              74.4277650473419,
              31.606890214339522
            ],
            [
              74.42766488194493,
              31.60688413017893
            ],
            [
              74.42766298737307,
              31.606913033753408
            ],
            [
              74.42776229694158,
              31.60691862404679
            ],
            [
              74.4277650473419,
              31.606890214339522
            ]
          ]
        ]
      }
    },
    {
      "type": "Feature",
      "properties": {
        "Id": 0,
        "layer": "Builtup"
      },
      "geometry": {
        "type": "Polygon",
        "coordinates": [
          [
            [
              74.42662603433931,
              31.606600442370738
            ],
            [
              74.4264198858262,
              31.606588797355904
            ],
            [
              74.426423079482,
              31.606651597423426
            ],
            [
              74.42662528202486,
              31.606650208168496
            ],
            [
              74.42662603433931,
              31.606600442370738
            ]
          ]
        ]
      }
    },
    {
      "type": "Feature",
      "properties": {
        "Id": 0,
        "layer": "Builtup"
      },
      "geometry": {
        "type": "Polygon",
        "coordinates": [
          [
            [
              74.42666623133168,
              31.606683699033496
            ],
            [
              74.42666674282226,
              31.606819226618068
            ],
            [
              74.42664616373668,
              31.606819517089527
            ],
            [
              74.42664640695082,
              31.60685282524322
            ],
            [
              74.4267130530269,
              31.60685389004883
            ],
            [
              74.42671453483067,
              31.606685064347666
            ],
            [
              74.42666623133168,
              31.606683699033496
            ]
          ]
        ]
      }
    },
    {
      "type": "Feature",
      "properties": {
        "Id": 0,
        "layer": "Builtup"
      },
      "geometry": {
        "type": "Polygon",
        "coordinates": [
          [
            [
              74.43003709265402,
              31.6051065528665
            ],
            [
              74.43003709264907,
              31.6051065528665
            ],
            [
              74.43003897241366,
              31.60516513577322
            ],
            [
              74.430147674084,
              31.60516485505691
            ],
            [
              74.43014802381921,
              31.60510743061705
            ],
            [
              74.43003709265402,
              31.6051065528665
            ]
          ]
        ]
      }
    },
    {
      "type": "Feature",
      "properties": {
        "Id": 0,
        "layer": "Builtup"
      },
      "geometry": {
        "type": "Polygon",
        "coordinates": [
          [
            [
              74.43017205279583,
              31.605128211167827
            ],
            [
              74.43017077780853,
              31.60526411367941
            ],
            [
              74.43033358818582,
              31.605266754043505
            ],
            [
              74.43033710649236,
              31.605129713012715
            ],
            [
              74.43017205279583,
              31.605128211167827
            ]
          ]
        ]
      }
    },
    {
      "type": "Feature",
      "properties": {
        "Id": 0,
        "layer": "Builtup"
      },
      "geometry": {
        "type": "Polygon",
        "coordinates": [
          [
            [
              74.43080509332162,
              31.605150666727592
            ],
            [
              74.43074307356073,
              31.60513533648005
            ],
            [
              74.43073375461357,
              31.605162740574368
            ],
            [
              74.43079717424683,
              31.60517812244516
            ],
            [
              74.43080509332162,
              31.605150666727592
            ]
          ]
        ]
      }
    },
    {
      "type": "Feature",
      "properties": {
        "Id": 0,
        "layer": "Builtup"
      },
      "geometry": {
        "type": "Polygon",
        "coordinates": [
          [
            [
              74.43095536593795,
              31.609001992717392
            ],
            [
              74.43089196570638,
              31.6090324452466
            ],
            [
              74.43089104317752,
              31.60903290766033
            ],
            [
              74.4308900414944,
              31.609033227463378
            ],
            [
              74.43088899048277,
              31.609033395133377
            ],
            [
              74.43088792143723,
              31.60903340567786
            ],
            [
              74.4308868661893,
              31.60903325878284
            ],
            [
              74.43088585615969,
              31.609032958822233
            ],
            [
              74.43088492142272,
              31.609032514727552
            ],
            [
              74.43088408981077,
              31.609031939722033
            ],
            [
              74.43082435301207,
              31.609002349858656
            ],
            [
              74.43081493688973,
              31.609014068738446
            ],
            [
              74.43084641517768,
              31.609027269911543
            ],
            [
              74.43087577305444,
              31.609043663504526
            ],
            [
              74.43087712623925,
              31.609044406217585
            ],
            [
              74.43087832727225,
              31.60904532068832
            ],
            [
              74.4308793466749,
              31.609046384471657
            ],
            [
              74.4308801594266,
              31.609047571457715
            ],
            [
              74.43088074557886,
              31.60904885251269
            ],
            [
              74.43088109074498,
              31.609050196193923
            ],
            [
              74.43088118645302,
              31.609051569521608
            ],
            [
              74.43088103035392,
              31.609052938788334
            ],
            [
              74.43088122898932,
              31.60911064618656
            ],
            [
              74.43088983869691,
              31.609111007509245
            ],
            [
              74.43089845233382,
              31.60911072292502
            ],
            [
              74.43089973953529,
              31.609049729112012
            ],
            [
              74.43090009009798,
              31.60904811254717
            ],
            [
              74.43090072253074,
              31.609046560017276
            ],
            [
              74.43090162226068,
              31.60904510729654
            ],
            [
              74.43090276855573,
              31.609043787859314
            ],
            [
              74.43090413500234,
              31.60904263210879
            ],
            [
              74.43090569011413,
              31.609041666676344
            ],
            [
              74.43093390794367,
              31.609026841697833
            ],
            [
              74.43096341383554,
              31.609013983854645
            ],
            [
              74.43095536593795,
              31.609001992717392
            ]
          ]
        ]
      }
    },
    {
      "type": "Feature",
      "properties": {
        "Id": 0,
        "layer": "Builtup"
      },
      "geometry": {
        "type": "Polygon",
        "coordinates": [
          [
            [
              74.43452766503445,
              31.60751811208027
            ],
            [
              74.4342785759511,
              31.607445226651286
            ],
            [
              74.43418233302046,
              31.607641005860447
            ],
            [
              74.43424790726881,
              31.60766223287233
            ],
            [
              74.43422673271789,
              31.607696235771627
            ],
            [
              74.43425044622867,
              31.607704715426994
            ],
            [
              74.43423912564063,
              31.60772739641004
            ],
            [
              74.43440442865678,
              31.60778555445262
            ],
            [
              74.43452766503445,
              31.60751811208027
            ]
          ]
        ]
      }
    },
    {
      "type": "Feature",
      "properties": {
        "Id": 0,
        "layer": "Builtup"
      },
      "geometry": {
        "type": "Polygon",
        "coordinates": [
          [
            [
              74.43413948520065,
              31.607699007730034
            ],
            [
              74.43411189502132,
              31.607749037539723
            ],
            [
              74.4341422460037,
              31.607760274354803
            ],
            [
              74.43416805613064,
              31.60770870529349
            ],
            [
              74.43413948520065,
              31.607699007730034
            ]
          ]
        ]
      }
    },
    {
      "type": "Feature",
      "properties": {
        "Id": 0,
        "layer": "Builtup"
      },
      "geometry": {
        "type": "Polygon",
        "coordinates": [
          [
            [
              74.43488953352191,
              31.608017788340412
            ],
            [
              74.43478216352777,
              31.608019227480455
            ],
            [
              74.43478272512851,
              31.608074358920714
            ],
            [
              74.4348914279174,
              31.608074457036913
            ],
            [
              74.43488953352191,
              31.608017788340412
            ]
          ]
        ]
      }
    },
    {
      "type": "Feature",
      "properties": {
        "Id": 0,
        "layer": "Builtup"
      },
      "geometry": {
        "type": "Polygon",
        "coordinates": [
          [
            [
              74.43488799832305,
              31.60812382821977
            ],
            [
              74.43472738700615,
              31.608126563116024
            ],
            [
              74.43472568044895,
              31.608260932388497
            ],
            [
              74.43488626424706,
              31.60826279145386
            ],
            [
              74.43488799832305,
              31.60812382821977
            ]
          ]
        ]
      }
    },
    {
      "type": "Feature",
      "properties": {
        "Id": 0,
        "layer": "Builtup"
      },
      "geometry": {
        "type": "Polygon",
        "coordinates": [
          [
            [
              74.43466585525853,
              31.608236608124347
            ],
            [
              74.43464678938548,
              31.60823824866373
            ],
            [
              74.43464907750612,
              31.608253783104104
            ],
            [
              74.43466723009739,
              31.608251668088617
            ],
            [
              74.43466585525853,
              31.608236608124347
            ]
          ]
        ]
      }
    },
    {
      "type": "Feature",
      "properties": {
        "Id": 0,
        "layer": "Builtup"
      },
      "geometry": {
        "type": "Polygon",
        "coordinates": [
          [
            [
              74.4352193335587,
              31.607999339301866
            ],
            [
              74.4352193335587,
              31.607999339301067
            ],
            [
              74.43516924683259,
              31.607996820792497
            ],
            [
              74.43516636996975,
              31.608102854745145
            ],
            [
              74.43521378665577,
              31.608103064409633
            ],
            [
              74.4352193335587,
              31.607999339301866
            ]
          ]
        ]
      }
    },
    {
      "type": "Feature",
      "properties": {
        "Id": 0,
        "layer": "Builtup"
      },
      "geometry": {
        "type": "Polygon",
        "coordinates": [
          [
            [
              74.42933074378955,
              31.611119159266053
            ],
            [
              74.42932429467226,
              31.611119030093054
            ],
            [
              74.42932390307365,
              31.611125551685536
            ],
            [
              74.42933094036717,
              31.61112538240913
            ],
            [
              74.42933074378955,
              31.611119159266053
            ]
          ]
        ]
      }
    },
    {
      "type": "Feature",
      "properties": {
        "Id": 0,
        "layer": "Builtup"
      },
      "geometry": {
        "type": "Polygon",
        "coordinates": [
          [
            [
              74.42935220747204,
              31.611118653006194
            ],
            [
              74.42934505413565,
              31.611118621047122
            ],
            [
              74.42934466315073,
              31.611125042283312
            ],
            [
              74.42935216829105,
              31.611125075814158
            ],
            [
              74.42935220747204,
              31.611118653006194
            ]
          ]
        ]
      }
    },
    {
      "type": "Feature",
      "properties": {
        "Id": 0,
        "layer": "Builtup"
      },
      "geometry": {
        "type": "Polygon",
        "coordinates": [
          [
            [
              74.42932911362,
              31.611078807620597
            ],
            [
              74.42932207816666,
              31.611078675827844
            ],
            [
              74.42932180689708,
              31.611084696162415
            ],
            [
              74.42932907872307,
              31.61108452793394
            ],
            [
              74.42932911362,
              31.611078807620597
            ]
          ]
        ]
      }
    },
    {
      "type": "Feature",
      "properties": {
        "Id": 0,
        "layer": "Builtup"
      },
      "geometry": {
        "type": "Polygon",
        "coordinates": [
          [
            [
              74.42934389792866,
              31.61107746864648
            ],
            [
              74.42934362298719,
              31.611084091119363
            ],
            [
              74.429350540561,
              31.611084322743412
            ],
            [
              74.42935057974204,
              31.611077899935434
            ],
            [
              74.42934389792866,
              31.61107746864648
            ]
          ]
        ]
      }
    },
    {
      "type": "Feature",
      "properties": {
        "Id": 0,
        "layer": "Builtup"
      },
      "geometry": {
        "type": "Polygon",
        "coordinates": [
          [
            [
              74.4293281677989,
              31.6110608391141
            ],
            [
              74.42932113234694,
              31.61106070732129
            ],
            [
              74.42932121104387,
              31.61106703029683
            ],
            [
              74.42932836437629,
              31.611067062257188
            ],
            [
              74.4293281677989,
              31.6110608391141
            ]
          ]
        ]
      }
    },
    {
      "type": "Feature",
      "properties": {
        "Id": 0,
        "layer": "Builtup"
      },
      "geometry": {
        "type": "Polygon",
        "coordinates": [
          [
            [
              74.42934998633224,
              31.61105983264437
            ],
            [
              74.42934318296692,
              31.61106010332615
            ],
            [
              74.42934302712986,
              31.611066425253863
            ],
            [
              74.42935006197013,
              31.611066657401825
            ],
            [
              74.42934998633224,
              31.61105983264437
            ]
          ]
        ]
      }
    },
    {
      "type": "Feature",
      "properties": {
        "Id": 0,
        "layer": "Builtup"
      },
      "geometry": {
        "type": "Polygon",
        "coordinates": [
          [
            [
              74.42932642220008,
              31.611020185875176
            ],
            [
              74.42931844860968,
              31.611020049890744
            ],
            [
              74.4293179397435,
              31.611026570959368
            ],
            [
              74.4293265015096,
              31.611026408494403
            ],
            [
              74.42932642220008,
              31.611020185875176
            ]
          ]
        ]
      }
    },
    {
      "type": "Feature",
      "properties": {
        "Id": 0,
        "layer": "Builtup"
      },
      "geometry": {
        "type": "Polygon",
        "coordinates": [
          [
            [
              74.42934859252698,
              31.611019180977422
            ],
            [
              74.42934143858601,
              31.61101924937462
            ],
            [
              74.4293409278848,
              31.611026071512473
            ],
            [
              74.42934854967265,
              31.611026205923718
            ],
            [
              74.42934859252698,
              31.611019180977422
            ]
          ]
        ]
      }
    },
    {
      "type": "Feature",
      "properties": {
        "Id": 0,
        "layer": "Builtup"
      },
      "geometry": {
        "type": "Polygon",
        "coordinates": [
          [
            [
              74.42797438630649,
              31.61053284590716
            ],
            [
              74.4279300148439,
              31.61053191213295
            ],
            [
              74.42792635476258,
              31.61066224497017
            ],
            [
              74.42797187746744,
              31.610662203832458
            ],
            [
              74.42797438630649,
              31.61053284590716
            ]
          ]
        ]
      }
    },
    {
      "type": "Feature",
      "properties": {
        "Id": 0,
        "layer": "Builtup"
      },
      "geometry": {
        "type": "Polygon",
        "coordinates": [
          [
            [
              74.4278585164687,
              31.610621817076282
            ],
            [
              74.42784220958205,
              31.61062284798126
            ],
            [
              74.42784416509721,
              31.61064824759451
            ],
            [
              74.4278603498107,
              31.610648019014903
            ],
            [
              74.4278585164687,
              31.610621817076282
            ]
          ]
        ]
      }
    },
    {
      "type": "Feature",
      "properties": {
        "Id": 0,
        "layer": "Builtup"
      },
      "geometry": {
        "type": "Polygon",
        "coordinates": [
          [
            [
              74.42895782749369,
              31.61058208457143
            ],
            [
              74.42879321858115,
              31.610579434344707
            ],
            [
              74.42879057833224,
              31.610718776163374
            ],
            [
              74.42895385949375,
              31.61071912342143
            ],
            [
              74.42895782749369,
              31.61058208457143
            ]
          ]
        ]
      }
    },
    {
      "type": "Feature",
      "properties": {
        "Id": 0,
        "layer": "Builtup"
      },
      "geometry": {
        "type": "Polygon",
        "coordinates": [
          [
            [
              74.42885384150154,
              31.610749054702012
            ],
            [
              74.42878750929248,
              31.61074922850966
            ],
            [
              74.42878675730584,
              31.61084237094575
            ],
            [
              74.42885235091504,
              31.610843134702932
            ],
            [
              74.42885384150154,
              31.610749054702012
            ]
          ]
        ]
      }
    },
    {
      "type": "Feature",
      "properties": {
        "Id": 0,
        "layer": "Builtup"
      },
      "geometry": {
        "type": "Polygon",
        "coordinates": [
          [
            [
              74.42855013522595,
              31.610768679586386
            ],
            [
              74.42851690229273,
              31.610772206160256
            ],
            [
              74.4285182544486,
              31.6107851981298
            ],
            [
              74.42855119659899,
              31.61078240530675
            ],
            [
              74.42855013522595,
              31.610768679586386
            ]
          ]
        ]
      }
    },
    {
      "type": "Feature",
      "properties": {
        "Id": 0,
        "layer": "Green Belt"
      },
      "geometry": {
        "type": "Polygon",
        "coordinates": [
          [
            [
              74.43077823383626,
              31.6110012259348
            ],
            [
              74.43077844043364,
              31.6110012259348
            ],
            [
              74.43097544630126,
              31.61100000287864
            ],
            [
              74.43097763881165,
              31.61085516631426
            ],
            [
              74.43097659377726,
              31.610710319834627
            ],
            [
              74.43097222983276,
              31.61069652264636
            ],
            [
              74.43096516293001,
              31.610683570521807
            ],
            [
              74.43095560156479,
              31.610671850538022
            ],
            [
              74.43094383144282,
              31.610661708614042
            ],
            [
              74.43093020073174,
              31.610653447640747
            ],
            [
              74.43091511488312,
              31.610647312120204
            ],
            [
              74.43089902189551,
              31.610643484491263
            ],
            [
              74.43088239970238,
              31.610642078757923
            ],
            [
              74.43086476989318,
              31.610644445210635
            ],
            [
              74.43084780353665,
              31.610649182935365
            ],
            [
              74.43083193466191,
              31.610656171164944
            ],
            [
              74.43081756918039,
              31.61066523216755
            ],
            [
              74.43080507011037,
              31.610676133887317
            ],
            [
              74.43079475857633,
              31.61068859897096
            ],
            [
              74.43078689690857,
              31.61070231010566
            ],
            [
              74.43078168543659,
              31.61071691722243
            ],
            [
              74.43077925715737,
              31.610732047396738
            ],
            [
              74.43077823383626,
              31.6110012259348
            ]
          ]
        ]
      }
    },
    {
      "type": "Feature",
      "properties": {
        "Id": 0,
        "layer": "Green Belt"
      },
      "geometry": {
        "type": "Polygon",
        "coordinates": [
          [
            [
              74.43078462319919,
              31.609745175495377
            ],
            [
              74.43078422602184,
              31.609834448970354
            ],
            [
              74.4307824840056,
              31.61022599594
            ],
            [
              74.43078445434045,
              31.610289935780376
            ],
            [
              74.43078974689276,
              31.610304101609266
            ],
            [
              74.43079783190073,
              31.610317266692885
            ],
            [
              74.4308084640512,
              31.610329031157903
            ],
            [
              74.43082131975497,
              31.610339038088405
            ],
            [
              74.43083601079141,
              31.610346983511274
            ],
            [
              74.4308520895135,
              31.610352627246137
            ],
            [
              74.43086906885061,
              31.610355797505463
            ],
            [
              74.43088643281241,
              31.610356397257092
            ],
            [
              74.43090365543198,
              31.610354409721996
            ],
            [
              74.43092021344398,
              31.610349893919615
            ],
            [
              74.4309356052444,
              31.610342987458957
            ],
            [
              74.43094936252541,
              31.610333900274917
            ],
            [
              74.4309610682356,
              31.61032290839277
            ],
            [
              74.43097036718258,
              31.610310344050788
            ],
            [
              74.43097697766767,
              31.610296589436548
            ],
            [
              74.43098069789897,
              31.61028206227993
            ],
            [
              74.43098534347199,
              31.610010373255665
            ],
            [
              74.43098360996963,
              31.60973865941103
            ],
            [
              74.430980805112,
              31.60972575694779
            ],
            [
              74.43097559213872,
              31.609713413957557
            ],
            [
              74.43096811137666,
              31.609701958569747
            ],
            [
              74.43095855813583,
              31.60969169209226
            ],
            [
              74.43094718694262,
              31.6096828863235
            ],
            [
              74.43093429788442,
              31.60967577537181
            ],
            [
              74.43092023244773,
              31.60967054661478
            ],
            [
              74.43090536298709,
              31.609667338847967
            ],
            [
              74.43089008116729,
              31.60966623591782
            ],
            [
              74.4308712443807,
              31.609668092656367
            ],
            [
              74.43085305930771,
              31.60967268962107
            ],
            [
              74.43083606654089,
              31.609679891182008
            ],
            [
              74.43082077131315,
              31.609689482156735
            ],
            [
              74.43080762761909,
              31.60970117856632
            ],
            [
              74.43079702658568,
              31.609714632996535
            ],
            [
              74.43078928164762,
              31.609729445358436
            ],
            [
              74.43078462319919,
              31.609745175495377
            ]
          ]
        ]
      }
    },
    {
      "type": "Feature",
      "properties": {
        "Id": 0,
        "layer": "Green Belt"
      },
      "geometry": {
        "type": "Polygon",
        "coordinates": [
          [
            [
              74.430900152793,
              31.609407948678047
            ],
            [
              74.43092926858199,
              31.609407247894612
            ],
            [
              74.43098670426733,
              31.609398925493924
            ],
            [
              74.43104222860997,
              31.609383844168836
            ],
            [
              74.43109475922918,
              31.609362296832405
            ],
            [
              74.43113918762359,
              31.60933908579188
            ],
            [
              74.43117985082259,
              31.60931127741451
            ],
            [
              74.43121610307175,
              31.609279310914452
            ],
            [
              74.4312473688232,
              31.60924369619169
            ],
            [
              74.4312731502136,
              31.609204997625273
            ],
            [
              74.43129303867673,
              31.60916383141781
            ],
            [
              74.43130671714478,
              31.60912085026742
            ],
            [
              74.43131396956305,
              31.609076738898928
            ],
            [
              74.43131538145529,
              31.60903073484054
            ],
            [
              74.43131009352375,
              31.608984937333872
            ],
            [
              74.43129818788991,
              31.608940059494966
            ],
            [
              74.43127985008468,
              31.60889679865942
            ],
            [
              74.43125536595092,
              31.608855825542115
            ],
            [
              74.43122511429635,
              31.60881777879136
            ],
            [
              74.43118793492171,
              31.608781882743532
            ],
            [
              74.43114554556026,
              31.60875049982822
            ],
            [
              74.431098687155,
              31.608724179181348
            ],
            [
              74.43104817919372,
              31.608703381872168
            ],
            [
              74.43099490606522,
              31.608688470918214
            ],
            [
              74.43093979916056,
              31.608679707597176
            ],
            [
              74.43089026460426,
              31.608677231366087
            ],
            [
              74.43084070262908,
              31.60867926246826
            ],
            [
              74.43079167104042,
              31.608685779931708
            ],
            [
              74.43074372375102,
              31.608696709537135
            ],
            [
              74.43068869321566,
              31.608718536105147
            ],
            [
              74.43063766244178,
              31.60874658953312
            ],
            [
              74.43059158658056,
              31.608780345384673
            ],
            [
              74.43055133077989,
              31.608819171459185
            ],
            [
              74.43051764798047,
              31.60886233851905
            ],
            [
              74.43049117037222,
              31.608909038295376
            ],
            [
              74.43047365543947,
              31.60895631394489
            ],
            [
              74.43046374866744,
              31.609005178936645
            ],
            [
              74.43046162944806,
              31.60905474087787
            ],
            [
              74.43046733915091,
              31.609104094128018
            ],
            [
              74.43048077152432,
              31.609152337800147
            ],
            [
              74.43050168208327,
              31.60919859204299
            ],
            [
              74.43052968908579,
              31.60924201067628
            ],
            [
              74.43056472431329,
              31.60928185176932
            ],
            [
              74.43060573975053,
              31.609317267974316
            ],
            [
              74.43065197926559,
              31.609347607221522
            ],
            [
              74.43070259127873,
              31.60937230994442
            ],
            [
              74.43075664554755,
              31.609390922688288
            ],
            [
              74.43081314579612,
              31.609403101775786
            ],
            [
              74.43087103792969,
              31.609408649432584
            ],
            [
              74.430900152793,
              31.609407948678047
            ]
          ]
        ]
      }
    },
    {
      "type": "Feature",
      "properties": {
        "Id": 0,
        "layer": "Green Belt"
      },
      "geometry": {
        "type": "Polygon",
        "coordinates": [
          [
            [
              74.42795397812372,
              31.609015652950387
            ],
            [
              74.42795279865759,
              31.609015962541687
            ],
            [
              74.42795169724135,
              31.609016438490404
            ],
            [
              74.42795070663792,
              31.609017067409948
            ],
            [
              74.427949855421,
              31.609017831383937
            ],
            [
              74.42794916797514,
              31.609018707966296
            ],
            [
              74.42794866448457,
              31.60901967198518
            ],
            [
              74.42794835988464,
              31.60902069463672
            ],
            [
              74.42794826173127,
              31.609021747083727
            ],
            [
              74.42794837442884,
              31.60902279867062
            ],
            [
              74.42794869394812,
              31.609023818703974
            ],
            [
              74.4279492120431,
              31.609024776471486
            ],
            [
              74.42794991200661,
              31.609025645734057
            ],
            [
              74.42795077396325,
              31.609026401140643
            ],
            [
              74.42795177275019,
              31.6090270200231
            ],
            [
              74.4279528810686,
              31.60902748421487
            ],
            [
              74.42795406420156,
              31.609027781831603
            ],
            [
              74.4287028933297,
              31.609030013594694
            ],
            [
              74.4290086099756,
              31.609032456923657
            ],
            [
              74.4290405387196,
              31.60903446813839
            ],
            [
              74.42907181894107,
              31.60904030816006
            ],
            [
              74.42910182514807,
              31.60904985961201
            ],
            [
              74.42912996181151,
              31.609062932172534
            ],
            [
              74.42914847974963,
              31.60907530492637
            ],
            [
              74.42916502734508,
              31.609089577060054
            ],
            [
              74.42916517519464,
              31.609089707639946
            ],
            [
              74.4291653453145,
              31.609089816666206
            ],
            [
              74.42916553350994,
              31.609089900511186
            ],
            [
              74.42916573452642,
              31.60908995644471
            ],
            [
              74.42916594520139,
              31.609089984452723
            ],
            [
              74.4291661571067,
              31.609089983595272
            ],
            [
              74.42916636603108,
              31.60908995295138
            ],
            [
              74.42916656669802,
              31.60908989339966
            ],
            [
              74.4291667538255,
              31.609089806720906
            ],
            [
              74.429166922126,
              31.60908969559819
            ],
            [
              74.4291670663065,
              31.609089563616735
            ],
            [
              74.4291671842476,
              31.60908941257141
            ],
            [
              74.42916727275916,
              31.609089246959144
            ],
            [
              74.42916732865106,
              31.609089071276653
            ],
            [
              74.42916885139691,
              31.608969266432343
            ],
            [
              74.42916870412004,
              31.60896904202447
            ],
            [
              74.42916851452658,
              31.608968841787302
            ],
            [
              74.42916828890868,
              31.608968671162337
            ],
            [
              74.42916803355851,
              31.60896853559092
            ],
            [
              74.42916775372505,
              31.608968438705414
            ],
            [
              74.4291674599338,
              31.608968383259448
            ],
            [
              74.4291671595531,
              31.608968371090448
            ],
            [
              74.42916686101657,
              31.60896840223611
            ],
            [
              74.42916657170908,
              31.60896847582719
            ],
            [
              74.42916630218917,
              31.608968589204213
            ],
            [
              74.42916605773881,
              31.608968740586338
            ],
            [
              74.42916584682466,
              31.60896892459815
            ],
            [
              74.42913361519788,
              31.60898994655173
            ],
            [
              74.4290988842223,
              31.609007819417055
            ],
            [
              74.42908596767695,
              31.609013197540467
            ],
            [
              74.42907233916979,
              31.609017079311926
            ],
            [
              74.42905823314112,
              31.609019399015075
            ],
            [
              74.42904389336505,
              31.609020116237495
            ],
            [
              74.42888840519544,
              31.609020290857327
            ],
            [
              74.428648603506,
              31.609019864428905
            ],
            [
              74.42849108578864,
              31.609019375379827
            ],
            [
              74.42831067376005,
              31.609018136781714
            ],
            [
              74.42811239595177,
              31.609017034472853
            ],
            [
              74.42795397812372,
              31.609015652950387
            ]
          ]
        ]
      }
    },
    {
      "type": "Feature",
      "properties": {
        "Id": 0,
        "layer": "Green Belt"
      },
      "geometry": {
        "type": "Polygon",
        "coordinates": [
          [
            [
              74.43077587571906,
              31.608359846907483
            ],
            [
              74.43078158748013,
              31.60837665539672
            ],
            [
              74.43079023151245,
              31.608392518798304
            ],
            [
              74.43080160449462,
              31.608407067199067
            ],
            [
              74.43081544178585,
              31.608419959283314
            ],
            [
              74.43083803860121,
              31.608428520961777
            ],
            [
              74.43086198186518,
              31.60843375674911
            ],
            [
              74.43088660828974,
              31.608435522943577
            ],
            [
              74.43090307654586,
              31.608432535094835
            ],
            [
              74.43091889661457,
              31.608427614514518
            ],
            [
              74.43093376324597,
              31.608420856380153
            ],
            [
              74.43094738466986,
              31.60841239292028
            ],
            [
              74.43095949738202,
              31.608402388969346
            ],
            [
              74.43096568515648,
              31.60839640596702
            ],
            [
              74.43097072413175,
              31.608389679833458
            ],
            [
              74.4309744942129,
              31.608382369726083
            ],
            [
              74.43097690472368,
              31.608374651173374
            ],
            [
              74.43097790078669,
              31.608366707080954
            ],
            [
              74.43097745595476,
              31.608358725894313
            ],
            [
              74.43096247115517,
              31.608276587187586
            ],
            [
              74.43094165928947,
              31.608195384281785
            ],
            [
              74.43091509971745,
              31.60811541796599
            ],
            [
              74.43088288973006,
              31.608036987303965
            ],
            [
              74.43084479817986,
              31.607954247603413
            ],
            [
              74.43080079512065,
              31.607873683860138
            ],
            [
              74.43075104946008,
              31.607795606281222
            ],
            [
              74.43074129621591,
              31.60778515303807
            ],
            [
              74.43072970914751,
              31.607776175768148
            ],
            [
              74.43071658835218,
              31.60776890587377
            ],
            [
              74.43070227530355,
              31.60776353163516
            ],
            [
              74.43068713917472,
              31.607760193638754
            ],
            [
              74.43067157372522,
              31.60775897664322
            ],
            [
              74.4306559814608,
              31.60775991402007
            ],
            [
              74.43064076735249,
              31.607762980507786
            ],
            [
              74.43062632615896,
              31.607768096666664
            ],
            [
              74.43061302977097,
              31.6077751297244
            ],
            [
              74.43060122613528,
              31.607783897180106
            ],
            [
              74.43059049257242,
              31.607794389029994
            ],
            [
              74.43058181727777,
              31.60780619375761
            ],
            [
              74.43057541710131,
              31.607819017305182
            ],
            [
              74.43057145105045,
              31.607832542801496
            ],
            [
              74.43057001605672,
              31.607846433249865
            ],
            [
              74.43057114900698,
              31.607860344168017
            ],
            [
              74.4305748203744,
              31.60787393077739
            ],
            [
              74.43058094050492,
              31.60788685434687
            ],
            [
              74.43062923427736,
              31.607960450523215
            ],
            [
              74.43067235151486,
              31.608036364861356
            ],
            [
              74.4307105009408,
              31.608126205315326
            ],
            [
              74.4307430913621,
              31.60821763414677
            ],
            [
              74.4307700336295,
              31.608310400146312
            ],
            [
              74.43077587571906,
              31.608359846907483
            ]
          ]
        ]
      }
    },
    {
      "type": "Feature",
      "properties": {
        "Id": 0,
        "layer": "Green Belt"
      },
      "geometry": {
        "type": "Polygon",
        "coordinates": [
          [
            [
              74.42622213582615,
              31.607086391504357
            ],
            [
              74.42621372492196,
              31.607088531666474
            ],
            [
              74.42620934027435,
              31.607090396286782
            ],
            [
              74.42619800893631,
              31.607095215063648
            ],
            [
              74.42618386178982,
              31.607104103305986
            ],
            [
              74.42617170255758,
              31.607114933927107
            ],
            [
              74.42616189058131,
              31.60712738645065
            ],
            [
              74.42615471486108,
              31.60714109316875
            ],
            [
              74.4261503887235,
              31.607155649042838
            ],
            [
              74.42614903920239,
              31.607170624286546
            ],
            [
              74.42615070696658,
              31.607185576094295
            ],
            [
              74.42615534096595,
              31.60720006215063
            ],
            [
              74.42616280572169,
              31.60721365509808
            ],
            [
              74.42617288125994,
              31.60722595336386
            ],
            [
              74.42618526831052,
              31.607236592911946
            ],
            [
              74.4261996019392,
              31.607245259033185
            ],
            [
              74.4262154578065,
              31.60725169720018
            ],
            [
              74.42623236690953,
              31.607255715840193
            ],
            [
              74.42665741161099,
              31.607258381312963
            ],
            [
              74.42733928648799,
              31.607261966068997
            ],
            [
              74.42789400215202,
              31.607264451735084
            ],
            [
              74.42843827301982,
              31.60726741424929
            ],
            [
              74.42894629914322,
              31.607270212415123
            ],
            [
              74.42933821573942,
              31.607273540976976
            ],
            [
              74.42940613397131,
              31.60727305945471
            ],
            [
              74.42947384987619,
              31.60727757798039
            ],
            [
              74.42954085975371,
              31.60728706362955
            ],
            [
              74.42965023817672,
              31.607305217462134
            ],
            [
              74.42975796066024,
              31.60732956835394
            ],
            [
              74.42986354822608,
              31.607360006807504
            ],
            [
              74.42995618320359,
              31.607395912547577
            ],
            [
              74.4300461436982,
              31.607436494205942
            ],
            [
              74.43013310907338,
              31.607481606003123
            ],
            [
              74.43021330137857,
              31.60753050029749
            ],
            [
              74.43028861686923,
              31.60758477977624
            ],
            [
              74.43030209362189,
              31.607592273247292
            ],
            [
              74.43031680196113,
              31.60759781891024
            ],
            [
              74.43033235797158,
              31.607601273404416
            ],
            [
              74.43034836160075,
              31.60760254652821
            ],
            [
              74.43036439558293,
              31.60760160484305
            ],
            [
              74.43037944170068,
              31.607598769508595
            ],
            [
              74.43039378094284,
              31.60759394704546
            ],
            [
              74.43040705730715,
              31.60758725766563
            ],
            [
              74.43041894192572,
              31.6075788668131
            ],
            [
              74.430429140461,
              31.607568982490108
            ],
            [
              74.43043739734436,
              31.607557851667153
            ],
            [
              74.43044400568415,
              31.607542178048988
            ],
            [
              74.43044782757532,
              31.607525838801163
            ],
            [
              74.43044877858505,
              31.607509196238624
            ],
            [
              74.4304468375097,
              31.607492616566994
            ],
            [
              74.43044673113737,
              31.607489136242343
            ],
            [
              74.43044601088471,
              31.60748571002013
            ],
            [
              74.4304446910325,
              31.607482416456943
            ],
            [
              74.43044280484781,
              31.607479332389488
            ],
            [
              74.43044039407506,
              31.60747652747458
            ],
            [
              74.43043751523372,
              31.60747406872829
            ],
            [
              74.4303251888466,
              31.607389783459123
            ],
            [
              74.43022480115523,
              31.60733326474035
            ],
            [
              74.430121406141,
              31.607280864679545
            ],
            [
              74.43005167927576,
              31.60724874773305
            ],
            [
              74.42997996148551,
              31.60722002141733
            ],
            [
              74.42990647570613,
              31.607194776043496
            ],
            [
              74.4297786327578,
              31.60715900451906
            ],
            [
              74.4296485630434,
              31.60712969362368
            ],
            [
              74.42952978860062,
              31.60711466460964
            ],
            [
              74.42941018018173,
              31.6071057081904
            ],
            [
              74.42929016030205,
              31.607102856926552
            ],
            [
              74.4288710704133,
              31.607098964643527
            ],
            [
              74.4284798869905,
              31.60709654195525
            ],
            [
              74.42809027744364,
              31.6070937885888
            ],
            [
              74.42763047122604,
              31.607093143768736
            ],
            [
              74.427170697985,
              31.60708832198256
            ],
            [
              74.42679916579829,
              31.607086991851165
            ],
            [
              74.42635844055029,
              31.607085013398162
            ],
            [
              74.42624797618849,
              31.607082499017377
            ],
            [
              74.42623054678957,
              31.6070842513265
            ],
            [
              74.42622213582615,
              31.607086391504357
            ]
          ]
        ]
      }
    },
    {
      "type": "Feature",
      "properties": {
        "Id": 0,
        "layer": "Green Belt"
      },
      "geometry": {
        "type": "Polygon",
        "coordinates": [
          [
            [
              74.42609821502431,
              31.607082425323
            ],
            [
              74.42608099864533,
              31.607082447215102
            ],
            [
              74.42606402453704,
              31.607084907080456
            ],
            [
              74.42604775907625,
              31.607089736641758
            ],
            [
              74.42603265216616,
              31.607096803490595
            ],
            [
              74.4260191193098,
              31.607105911908985
            ],
            [
              74.4260075352355,
              31.60711681096061
            ],
            [
              74.4259979821902,
              31.607130184895794
            ],
            [
              74.42599127438606,
              31.607144771563917
            ],
            [
              74.42598761377056,
              31.607160130689046
            ],
            [
              74.42598710860247,
              31.607175799920764
            ],
            [
              74.42598977548263,
              31.607191307474555
            ],
            [
              74.42599553503729,
              31.607206188351896
            ],
            [
              74.42600473579996,
              31.60721844751342
            ],
            [
              74.42601606400525,
              31.607229324113796
            ],
            [
              74.42602923981491,
              31.607238551643334
            ],
            [
              74.42604393993074,
              31.607245902192517
            ],
            [
              74.42605980281047,
              31.607251195497444
            ],
            [
              74.42607643603577,
              31.607254300777587
            ],
            [
              74.42609343315172,
              31.60725514132243
            ],
            [
              74.42607998217429,
              31.60723182354923
            ],
            [
              74.42607106426466,
              31.60720696440512
            ],
            [
              74.42606691269138,
              31.607181203708517
            ],
            [
              74.42606763195757,
              31.607155205960765
            ],
            [
              74.42607320529147,
              31.607129642335494
            ],
            [
              74.42608348738385,
              31.607105171699555
            ],
            [
              74.42609821502431,
              31.607082425323
            ]
          ]
        ]
      }
    },
    {
      "type": "Feature",
      "properties": {
        "Id": 0,
        "layer": "Green Belt"
      },
      "geometry": {
        "type": "Polygon",
        "coordinates": [
          [
            [
              74.43378500234878,
              31.609042736428016
            ],
            [
              74.43343399398489,
              31.60903988801483
            ],
            [
              74.43310185012928,
              31.60903841433683
            ],
            [
              74.43275888573535,
              31.609037106470787
            ],
            [
              74.4327257648025,
              31.60903331803437
            ],
            [
              74.4326936395636,
              31.60902544877403
            ],
            [
              74.43266319107805,
              31.60901366862557
            ],
            [
              74.43263506725343,
              31.608998224968907
            ],
            [
              74.43262002882445,
              31.608988467459547
            ],
            [
              74.43261800068025,
              31.608991043301742
            ],
            [
              74.43261533022965,
              31.609099350684026
            ],
            [
              74.43262239374303,
              31.60909636685134
            ],
            [
              74.43266455107168,
              31.609074158377044
            ],
            [
              74.432702891501,
              31.60905882406847
            ],
            [
              74.43272380761519,
              31.609053748161354
            ],
            [
              74.4327469748391,
              31.609051051469166
            ],
            [
              74.43278648126557,
              31.609051011279174
            ],
            [
              74.43291732680441,
              31.609051377522075
            ],
            [
              74.4331578770095,
              31.60905287560271
            ],
            [
              74.43340270803499,
              31.60905374623207
            ],
            [
              74.4337114508091,
              31.609055115383992
            ],
            [
              74.43378492675447,
              31.609055226383145
            ],
            [
              74.4337861294606,
              31.609054906014244
            ],
            [
              74.43378725305763,
              31.609054418384538
            ],
            [
              74.43378826478889,
              31.60905377597984
            ],
            [
              74.43378913607626,
              31.60905299762006
            ],
            [
              74.43378984254205,
              31.609052104850328
            ],
            [
              74.43379036399816,
              31.60905112374546
            ],
            [
              74.43379068552188,
              31.609050081305785
            ],
            [
              74.43379079744531,
              31.609049007261625
            ],
            [
              74.43379069852853,
              31.60904793228286
            ],
            [
              74.43379038964014,
              31.60904688704874
            ],
            [
              74.4337898800877,
              31.609045901373598
            ],
            [
              74.4337891844663,
              31.60904500238872
            ],
            [
              74.43378832264736,
              31.609044216346458
            ],
            [
              74.43378731874644,
              31.609043565006882
            ],
            [
              74.43378500234878,
              31.609042736428016
            ]
          ]
        ]
      }
    },
    {
      "type": "Feature",
      "properties": {
        "Id": 0,
        "layer": "Green Belt"
      },
      "geometry": {
        "type": "Polygon",
        "coordinates": [
          [
            [
              74.4350090745074,
              31.609054900724242
            ],
            [
              74.4350090745074,
              31.609054900723844
            ],
            [
              74.4350090194963,
              31.609053710456656
            ],
            [
              74.43500872712646,
              31.609052546205806
            ],
            [
              74.4350082035106,
              31.609051443185045
            ],
            [
              74.43500746637949,
              31.60905043305042
            ],
            [
              74.43500653663185,
              31.609049546569743
            ],
            [
              74.43500544256769,
              31.60904881093469
            ],
            [
              74.43500421673643,
              31.60904824794243
            ],
            [
              74.43500289488834,
              31.6090478730888
            ],
            [
              74.43441551190072,
              31.60904493795199
            ],
            [
              74.43419450314524,
              31.60904395916005
            ],
            [
              74.43411906743044,
              31.609043624986786
            ],
            [
              74.434117985142,
              31.609044429480548
            ],
            [
              74.43411707067432,
              31.609045375463648
            ],
            [
              74.43411634949199,
              31.609046435982354
            ],
            [
              74.43411584073435,
              31.609047584054977
            ],
            [
              74.43411555935121,
              31.609048788170146
            ],
            [
              74.43411551081553,
              31.609050014970084
            ],
            [
              74.43411569848632,
              31.60905123198986
            ],
            [
              74.43411611624036,
              31.609052405820346
            ],
            [
              74.43411675266698,
              31.60905350573561
            ],
            [
              74.43411759213325,
              31.609054501893173
            ],
            [
              74.43411860950206,
              31.60905536711524
            ],
            [
              74.4341197785603,
              31.609056077828026
            ],
            [
              74.43437140265517,
              31.60905719232486
            ],
            [
              74.43463482222097,
              31.609058358535265
            ],
            [
              74.43488840324984,
              31.609060825880782
            ],
            [
              74.43500478374936,
              31.609060668564542
            ],
            [
              74.4350059546732,
              31.609060024147652
            ],
            [
              74.43500697792996,
              31.609059217580725
            ],
            [
              74.43500782491454,
              31.60905827219491
            ],
            [
              74.4350084669946,
              31.609057215832312
            ],
            [
              74.43500888816097,
              31.609056080901873
            ],
            [
              74.4350090745074,
              31.609054900724242
            ]
          ]
        ]
      }
    },
    {
      "type": "Feature",
      "properties": {
        "Id": 0,
        "layer": "Light Poles"
      },
      "geometry": {
        "type": "Point",
        "coordinates": [
          74.43168147987721,
          31.610425150629702
        ]
      }
    },
    {
      "type": "Feature",
      "properties": {
        "Id": 0,
        "layer": "Light Poles"
      },
      "geometry": {
        "type": "Point",
        "coordinates": [
          74.43158498988718,
          31.610473175917242
        ]
      }
    },
    {
      "type": "Feature",
      "properties": {
        "Id": 0,
        "layer": "Light Poles"
      },
      "geometry": {
        "type": "Point",
        "coordinates": [
          74.4312498946821,
          31.610556832704905
        ]
      }
    },
    {
      "type": "Feature",
      "properties": {
        "Id": 0,
        "layer": "Light Poles"
      },
      "geometry": {
        "type": "Point",
        "coordinates": [
          74.43087734745382,
          31.61065223938458
        ]
      }
    },
    {
      "type": "Feature",
      "properties": {
        "Id": 0,
        "layer": "Light Poles"
      },
      "geometry": {
        "type": "Point",
        "coordinates": [
          74.43097344076052,
          31.610739402889486
        ]
      }
    },
    {
      "type": "Feature",
      "properties": {
        "Id": 0,
        "layer": "Light Poles"
      },
      "geometry": {
        "type": "Point",
        "coordinates": [
          74.4305326639668,
          31.61055554815277
        ]
      }
    },
    {
      "type": "Feature",
      "properties": {
        "Id": 0,
        "layer": "Light Poles"
      },
      "geometry": {
        "type": "Point",
        "coordinates": [
          74.43019051305126,
          31.610464345881518
        ]
      }
    },
    {
      "type": "Feature",
      "properties": {
        "Id": 0,
        "layer": "Light Poles"
      },
      "geometry": {
        "type": "Point",
        "coordinates": [
          74.42987847657088,
          31.610317658167762
        ]
      }
    },
    {
      "type": "Feature",
      "properties": {
        "Id": 0,
        "layer": "Light Poles"
      },
      "geometry": {
        "type": "Point",
        "coordinates": [
          74.42960654090716,
          31.610121165227422
        ]
      }
    },
    {
      "type": "Feature",
      "properties": {
        "Id": 0,
        "layer": "Light Poles"
      },
      "geometry": {
        "type": "Point",
        "coordinates": [
          74.42936401469474,
          31.60989099069899
        ]
      }
    },
    {
      "type": "Feature",
      "properties": {
        "Id": 0,
        "layer": "Light Poles"
      },
      "geometry": {
        "type": "Point",
        "coordinates": [
          74.43089336695675,
          31.61033821804267
        ]
      }
    },
    {
      "type": "Feature",
      "properties": {
        "Id": 0,
        "layer": "Light Poles"
      },
      "geometry": {
        "type": "Point",
        "coordinates": [
          74.43097681328157,
          31.61016402960358
        ]
      }
    },
    {
      "type": "Feature",
      "properties": {
        "Id": 0,
        "layer": "Light Poles"
      },
      "geometry": {
        "type": "Point",
        "coordinates": [
          74.43097943803154,
          31.609826652293457
        ]
      }
    },
    {
      "type": "Feature",
      "properties": {
        "Id": 0,
        "layer": "Light Poles"
      },
      "geometry": {
        "type": "Point",
        "coordinates": [
          74.43089281759839,
          31.609675531654922
        ]
      }
    },
    {
      "type": "Feature",
      "properties": {
        "Id": 0,
        "layer": "Light Poles"
      },
      "geometry": {
        "type": "Point",
        "coordinates": [
          74.43079406831437,
          31.60982390542879
        ]
      }
    },
    {
      "type": "Feature",
      "properties": {
        "Id": 0,
        "layer": "Light Poles"
      },
      "geometry": {
        "type": "Point",
        "coordinates": [
          74.43079107464825,
          31.610162930347595
        ]
      }
    },
    {
      "type": "Feature",
      "properties": {
        "Id": 0,
        "layer": "Light Poles"
      },
      "geometry": {
        "type": "Point",
        "coordinates": [
          74.43029911564223,
          31.610260975838987
        ]
      }
    },
    {
      "type": "Feature",
      "properties": {
        "Id": 0,
        "layer": "Light Poles"
      },
      "geometry": {
        "type": "Point",
        "coordinates": [
          74.43002275162854,
          31.610133313918407
        ]
      }
    },
    {
      "type": "Feature",
      "properties": {
        "Id": 0,
        "layer": "Light Poles"
      },
      "geometry": {
        "type": "Point",
        "coordinates": [
          74.42977527474935,
          31.6099636373723
        ]
      }
    },
    {
      "type": "Feature",
      "properties": {
        "Id": 0,
        "layer": "Light Poles"
      },
      "geometry": {
        "type": "Point",
        "coordinates": [
          74.42967313720148,
          31.60985782387435
        ]
      }
    },
    {
      "type": "Feature",
      "properties": {
        "Id": 0,
        "layer": "Light Poles"
      },
      "geometry": {
        "type": "Point",
        "coordinates": [
          74.42959899695859,
          31.609761936020437
        ]
      }
    },
    {
      "type": "Feature",
      "properties": {
        "Id": 0,
        "layer": "Light Poles"
      },
      "geometry": {
        "type": "Point",
        "coordinates": [
          74.42945125724823,
          31.60952850963688
        ]
      }
    },
    {
      "type": "Feature",
      "properties": {
        "Id": 0,
        "layer": "Light Poles"
      },
      "geometry": {
        "type": "Point",
        "coordinates": [
          74.42937232268842,
          31.609279954379232
        ]
      }
    },
    {
      "type": "Feature",
      "properties": {
        "Id": 0,
        "layer": "Light Poles"
      },
      "geometry": {
        "type": "Point",
        "coordinates": [
          74.4293520739095,
          31.609032396312276
        ]
      }
    },
    {
      "type": "Feature",
      "properties": {
        "Id": 0,
        "layer": "Light Poles"
      },
      "geometry": {
        "type": "Point",
        "coordinates": [
          74.42938428974723,
          31.608773066762012
        ]
      }
    },
    {
      "type": "Feature",
      "properties": {
        "Id": 0,
        "layer": "Light Poles"
      },
      "geometry": {
        "type": "Point",
        "coordinates": [
          74.42947660097755,
          31.608518170919417
        ]
      }
    },
    {
      "type": "Feature",
      "properties": {
        "Id": 0,
        "layer": "Light Poles"
      },
      "geometry": {
        "type": "Point",
        "coordinates": [
          74.42961821872355,
          31.608299757763827
        ]
      }
    },
    {
      "type": "Feature",
      "properties": {
        "Id": 0,
        "layer": "Light Poles"
      },
      "geometry": {
        "type": "Point",
        "coordinates": [
          74.42981754823296,
          31.608100958447103
        ]
      }
    },
    {
      "type": "Feature",
      "properties": {
        "Id": 0,
        "layer": "Light Poles"
      },
      "geometry": {
        "type": "Point",
        "coordinates": [
          74.43001338290144,
          31.60795874225255
        ]
      }
    },
    {
      "type": "Feature",
      "properties": {
        "Id": 0,
        "layer": "Light Poles"
      },
      "geometry": {
        "type": "Point",
        "coordinates": [
          74.43025430877996,
          31.607840003543945
        ]
      }
    },
    {
      "type": "Feature",
      "properties": {
        "Id": 0,
        "layer": "Light Poles"
      },
      "geometry": {
        "type": "Point",
        "coordinates": [
          74.4303088280359,
          31.60874695840658
        ]
      }
    },
    {
      "type": "Feature",
      "properties": {
        "Id": 0,
        "layer": "Light Poles"
      },
      "geometry": {
        "type": "Point",
        "coordinates": [
          74.4302241183876,
          31.608936792527576
        ]
      }
    },
    {
      "type": "Feature",
      "properties": {
        "Id": 0,
        "layer": "Light Poles"
      },
      "geometry": {
        "type": "Point",
        "coordinates": [
          74.4302152110596,
          31.609105638424946
        ]
      }
    },
    {
      "type": "Feature",
      "properties": {
        "Id": 0,
        "layer": "Light Poles"
      },
      "geometry": {
        "type": "Point",
        "coordinates": [
          74.43040078095179,
          31.60944392370555
        ]
      }
    },
    {
      "type": "Feature",
      "properties": {
        "Id": 0,
        "layer": "Light Poles"
      },
      "geometry": {
        "type": "Point",
        "coordinates": [
          74.43062584986785,
          31.60851031295404
        ]
      }
    },
    {
      "type": "Feature",
      "properties": {
        "Id": 0,
        "layer": "Light Poles"
      },
      "geometry": {
        "type": "Point",
        "coordinates": [
          74.43088832580294,
          31.60842597157055
        ]
      }
    },
    {
      "type": "Feature",
      "properties": {
        "Id": 0,
        "layer": "Light Poles"
      },
      "geometry": {
        "type": "Point",
        "coordinates": [
          74.43077094812067,
          31.608284073454644
        ]
      }
    },
    {
      "type": "Feature",
      "properties": {
        "Id": 0,
        "layer": "Light Poles"
      },
      "geometry": {
        "type": "Point",
        "coordinates": [
          74.43072871426315,
          31.608120213551977
        ]
      }
    },
    {
      "type": "Feature",
      "properties": {
        "Id": 0,
        "layer": "Light Poles"
      },
      "geometry": {
        "type": "Point",
        "coordinates": [
          74.43063893425023,
          31.607959816973064
        ]
      }
    },
    {
      "type": "Feature",
      "properties": {
        "Id": 0,
        "layer": "Light Poles"
      },
      "geometry": {
        "type": "Point",
        "coordinates": [
          74.43061938612597,
          31.607784787339703
        ]
      }
    },
    {
      "type": "Feature",
      "properties": {
        "Id": 0,
        "layer": "Light Poles"
      },
      "geometry": {
        "type": "Point",
        "coordinates": [
          74.43081188238968,
          31.607908644037707
        ]
      }
    },
    {
      "type": "Feature",
      "properties": {
        "Id": 0,
        "layer": "Light Poles"
      },
      "geometry": {
        "type": "Point",
        "coordinates": [
          74.43093680214614,
          31.6082225780076
        ]
      }
    },
    {
      "type": "Feature",
      "properties": {
        "Id": 0,
        "layer": "Light Poles"
      },
      "geometry": {
        "type": "Point",
        "coordinates": [
          74.43025492576653,
          31.607550640622616
        ]
      }
    },
    {
      "type": "Feature",
      "properties": {
        "Id": 0,
        "layer": "Light Poles"
      },
      "geometry": {
        "type": "Point",
        "coordinates": [
          74.430004395308,
          31.607413293191275
        ]
      }
    },
    {
      "type": "Feature",
      "properties": {
        "Id": 0,
        "layer": "Light Poles"
      },
      "geometry": {
        "type": "Point",
        "coordinates": [
          74.4293007127443,
          31.607267551031594
        ]
      }
    },
    {
      "type": "Feature",
      "properties": {
        "Id": 0,
        "layer": "Light Poles"
      },
      "geometry": {
        "type": "Point",
        "coordinates": [
          74.42966066112848,
          31.607301991044014
        ]
      }
    },
    {
      "type": "Feature",
      "properties": {
        "Id": 0,
        "layer": "Light Poles"
      },
      "geometry": {
        "type": "Point",
        "coordinates": [
          74.4289296823659,
          31.607266382842333
        ]
      }
    },
    {
      "type": "Feature",
      "properties": {
        "Id": 0,
        "layer": "Light Poles"
      },
      "geometry": {
        "type": "Point",
        "coordinates": [
          74.4285627140921,
          31.607263879250937
        ]
      }
    },
    {
      "type": "Feature",
      "properties": {
        "Id": 0,
        "layer": "Light Poles"
      },
      "geometry": {
        "type": "Point",
        "coordinates": [
          74.42819314967893,
          31.607262695878905
        ]
      }
    },
    {
      "type": "Feature",
      "properties": {
        "Id": 0,
        "layer": "Light Poles"
      },
      "geometry": {
        "type": "Point",
        "coordinates": [
          74.42782249362426,
          31.607260252058293
        ]
      }
    },
    {
      "type": "Feature",
      "properties": {
        "Id": 0,
        "layer": "Light Poles"
      },
      "geometry": {
        "type": "Point",
        "coordinates": [
          74.42745439793501,
          31.60725860269428
        ]
      }
    },
    {
      "type": "Feature",
      "properties": {
        "Id": 0,
        "layer": "Light Poles"
      },
      "geometry": {
        "type": "Point",
        "coordinates": [
          74.4270842877797,
          31.607256786423182
        ]
      }
    },
    {
      "type": "Feature",
      "properties": {
        "Id": 0,
        "layer": "Light Poles"
      },
      "geometry": {
        "type": "Point",
        "coordinates": [
          74.42671555020955,
          31.60725523985875
        ]
      }
    },
    {
      "type": "Feature",
      "properties": {
        "Id": 0,
        "layer": "Light Poles"
      },
      "geometry": {
        "type": "Point",
        "coordinates": [
          74.4263462437617,
          31.607253091832494
        ]
      }
    },
    {
      "type": "Feature",
      "properties": {
        "Id": 0,
        "layer": "Light Poles"
      },
      "geometry": {
        "type": "Point",
        "coordinates": [
          74.42617756544838,
          31.607168048199686
        ]
      }
    },
    {
      "type": "Feature",
      "properties": {
        "Id": 0,
        "layer": "Light Poles"
      },
      "geometry": {
        "type": "Point",
        "coordinates": [
          74.42634493446091,
          31.60709308955832
        ]
      }
    },
    {
      "type": "Feature",
      "properties": {
        "Id": 0,
        "layer": "Light Poles"
      },
      "geometry": {
        "type": "Point",
        "coordinates": [
          74.4267093719152,
          31.607095460748937
        ]
      }
    },
    {
      "type": "Feature",
      "properties": {
        "Id": 0,
        "layer": "Light Poles"
      },
      "geometry": {
        "type": "Point",
        "coordinates": [
          74.42708612720219,
          31.60709666105995
        ]
      }
    },
    {
      "type": "Feature",
      "properties": {
        "Id": 0,
        "layer": "Light Poles"
      },
      "geometry": {
        "type": "Point",
        "coordinates": [
          74.42745256572655,
          31.607099529140164
        ]
      }
    },
    {
      "type": "Feature",
      "properties": {
        "Id": 0,
        "layer": "Light Poles"
      },
      "geometry": {
        "type": "Point",
        "coordinates": [
          74.42782358936161,
          31.607101681655124
        ]
      }
    },
    {
      "type": "Feature",
      "properties": {
        "Id": 0,
        "layer": "Light Poles"
      },
      "geometry": {
        "type": "Point",
        "coordinates": [
          74.42819118358875,
          31.607102837670908
        ]
      }
    },
    {
      "type": "Feature",
      "properties": {
        "Id": 0,
        "layer": "Light Poles"
      },
      "geometry": {
        "type": "Point",
        "coordinates": [
          74.42855933993886,
          31.60710571026595
        ]
      }
    },
    {
      "type": "Feature",
      "properties": {
        "Id": 0,
        "layer": "Light Poles"
      },
      "geometry": {
        "type": "Point",
        "coordinates": [
          74.42893379761333,
          31.60710811993612
        ]
      }
    },
    {
      "type": "Feature",
      "properties": {
        "Id": 0,
        "layer": "Light Poles"
      },
      "geometry": {
        "type": "Point",
        "coordinates": [
          74.42928105515662,
          31.607110897018206
        ]
      }
    },
    {
      "type": "Feature",
      "properties": {
        "Id": 0,
        "layer": "Light Poles"
      },
      "geometry": {
        "type": "Point",
        "coordinates": [
          74.42965563788111,
          31.607139767022716
        ]
      }
    },
    {
      "type": "Feature",
      "properties": {
        "Id": 0,
        "layer": "Light Poles"
      },
      "geometry": {
        "type": "Point",
        "coordinates": [
          74.43032343397546,
          31.607395850087386
        ]
      }
    },
    {
      "type": "Feature",
      "properties": {
        "Id": 0,
        "layer": "Light Poles"
      },
      "geometry": {
        "type": "Point",
        "coordinates": [
          74.42607002096163,
          31.607093540368993
        ]
      }
    },
    {
      "type": "Feature",
      "properties": {
        "Id": 0,
        "layer": "Light Poles"
      },
      "geometry": {
        "type": "Point",
        "coordinates": [
          74.42607290769092,
          31.607250207692086
        ]
      }
    },
    {
      "type": "Feature",
      "properties": {
        "Id": 0,
        "layer": "Light Poles"
      },
      "geometry": {
        "type": "Point",
        "coordinates": [
          74.4314807668495,
          31.60751591953316
        ]
      }
    },
    {
      "type": "Feature",
      "properties": {
        "Id": 0,
        "layer": "Light Poles"
      },
      "geometry": {
        "type": "Point",
        "coordinates": [
          74.43121671897099,
          31.60752969012105
        ]
      }
    },
    {
      "type": "Feature",
      "properties": {
        "Id": 0,
        "layer": "Light Poles"
      },
      "geometry": {
        "type": "Point",
        "coordinates": [
          74.43087761289915,
          31.6075044129967
        ]
      }
    },
    {
      "type": "Feature",
      "properties": {
        "Id": 0,
        "layer": "Light Poles"
      },
      "geometry": {
        "type": "Point",
        "coordinates": [
          74.42963392540206,
          31.60652173587461
        ]
      }
    },
    {
      "type": "Feature",
      "properties": {
        "Id": 0,
        "layer": "Light Poles"
      },
      "geometry": {
        "type": "Point",
        "coordinates": [
          74.43186640957343,
          31.607751137060614
        ]
      }
    },
    {
      "type": "Feature",
      "properties": {
        "Id": 0,
        "layer": "Light Poles"
      },
      "geometry": {
        "type": "Point",
        "coordinates": [
          74.43210573013434,
          31.607849228216367
        ]
      }
    },
    {
      "type": "Feature",
      "properties": {
        "Id": 0,
        "layer": "Light Poles"
      },
      "geometry": {
        "type": "Point",
        "coordinates": [
          74.43235640809588,
          31.608151714019407
        ]
      }
    },
    {
      "type": "Feature",
      "properties": {
        "Id": 0,
        "layer": "Light Poles"
      },
      "geometry": {
        "type": "Point",
        "coordinates": [
          74.43214216478229,
          31.60828201458008
        ]
      }
    },
    {
      "type": "Feature",
      "properties": {
        "Id": 0,
        "layer": "Light Poles"
      },
      "geometry": {
        "type": "Point",
        "coordinates": [
          74.43194567286804,
          31.60808789864579
        ]
      }
    },
    {
      "type": "Feature",
      "properties": {
        "Id": 0,
        "layer": "Light Poles"
      },
      "geometry": {
        "type": "Point",
        "coordinates": [
          74.431708147947,
          31.607929785886196
        ]
      }
    },
    {
      "type": "Feature",
      "properties": {
        "Id": 0,
        "layer": "Light Poles"
      },
      "geometry": {
        "type": "Point",
        "coordinates": [
          74.43145030373373,
          31.607817645541928
        ]
      }
    },
    {
      "type": "Feature",
      "properties": {
        "Id": 0,
        "layer": "Light Poles"
      },
      "geometry": {
        "type": "Point",
        "coordinates": [
          74.43116214069637,
          31.60774800271471
        ]
      }
    },
    {
      "type": "Feature",
      "properties": {
        "Id": 0,
        "layer": "Light Poles"
      },
      "geometry": {
        "type": "Point",
        "coordinates": [
          74.43148758257276,
          31.608772595681593
        ]
      }
    },
    {
      "type": "Feature",
      "properties": {
        "Id": 0,
        "layer": "Light Poles"
      },
      "geometry": {
        "type": "Point",
        "coordinates": [
          74.43119693002001,
          31.608531961188756
        ]
      }
    },
    {
      "type": "Feature",
      "properties": {
        "Id": 0,
        "layer": "Light Poles"
      },
      "geometry": {
        "type": "Point",
        "coordinates": [
          74.4313912412714,
          31.60943327299737
        ]
      }
    },
    {
      "type": "Feature",
      "properties": {
        "Id": 0,
        "layer": "Light Poles"
      },
      "geometry": {
        "type": "Point",
        "coordinates": [
          74.43156367747058,
          31.60908979095017
        ]
      }
    },
    {
      "type": "Feature",
      "properties": {
        "Id": 0,
        "layer": "Light Poles"
      },
      "geometry": {
        "type": "Point",
        "coordinates": [
          74.43148846063153,
          31.609312177078564
        ]
      }
    },
    {
      "type": "Feature",
      "properties": {
        "Id": 0,
        "layer": "Light Poles"
      },
      "geometry": {
        "type": "Point",
        "coordinates": [
          74.43119205344044,
          31.609561755355337
        ]
      }
    },
    {
      "type": "Feature",
      "properties": {
        "Id": 0,
        "layer": "Light Poles"
      },
      "geometry": {
        "type": "Point",
        "coordinates": [
          74.43229290421752,
          31.608505497426734
        ]
      }
    },
    {
      "type": "Feature",
      "properties": {
        "Id": 0,
        "layer": "Light Poles"
      },
      "geometry": {
        "type": "Point",
        "coordinates": [
          74.43242118817584,
          31.608983301321
        ]
      }
    },
    {
      "type": "Feature",
      "properties": {
        "Id": 0,
        "layer": "Light Poles"
      },
      "geometry": {
        "type": "Point",
        "coordinates": [
          74.43239687149011,
          31.60928618706599
        ]
      }
    },
    {
      "type": "Feature",
      "properties": {
        "Id": 0,
        "layer": "Light Poles"
      },
      "geometry": {
        "type": "Point",
        "coordinates": [
          74.43232208257646,
          31.609520918348863
        ]
      }
    },
    {
      "type": "Feature",
      "properties": {
        "Id": 0,
        "layer": "Light Poles"
      },
      "geometry": {
        "type": "Point",
        "coordinates": [
          74.4321828724061,
          31.609756128893046
        ]
      }
    },
    {
      "type": "Feature",
      "properties": {
        "Id": 0,
        "layer": "Light Poles"
      },
      "geometry": {
        "type": "Point",
        "coordinates": [
          74.43199869908845,
          31.609955152395806
        ]
      }
    },
    {
      "type": "Feature",
      "properties": {
        "Id": 0,
        "layer": "Light Poles"
      },
      "geometry": {
        "type": "Point",
        "coordinates": [
          74.4317551803482,
          31.610129027035274
        ]
      }
    },
    {
      "type": "Feature",
      "properties": {
        "Id": 0,
        "layer": "Light Poles"
      },
      "geometry": {
        "type": "Point",
        "coordinates": [
          74.43150032772327,
          31.61025384726851
        ]
      }
    },
    {
      "type": "Feature",
      "properties": {
        "Id": 0,
        "layer": "Light Poles"
      },
      "geometry": {
        "type": "Point",
        "coordinates": [
          74.43126459776767,
          31.610323623213613
        ]
      }
    },
    {
      "type": "Feature",
      "properties": {
        "Id": 0,
        "layer": "Light Poles"
      },
      "geometry": {
        "type": "Point",
        "coordinates": [
          74.4291192544399,
          31.60932390965199
        ]
      }
    },
    {
      "type": "Feature",
      "properties": {
        "Id": 0,
        "layer": "Light Poles"
      },
      "geometry": {
        "type": "Point",
        "coordinates": [
          74.42909172344262,
          31.609024693064963
        ]
      }
    },
    {
      "type": "Feature",
      "properties": {
        "Id": 0,
        "layer": "Light Poles"
      },
      "geometry": {
        "type": "Point",
        "coordinates": [
          74.42913025557566,
          31.60874532574859
        ]
      }
    },
    {
      "type": "Feature",
      "properties": {
        "Id": 0,
        "layer": "Light Poles"
      },
      "geometry": {
        "type": "Point",
        "coordinates": [
          74.42923864867078,
          31.60843607423867
        ]
      }
    },
    {
      "type": "Feature",
      "properties": {
        "Id": 0,
        "layer": "Light Poles"
      },
      "geometry": {
        "type": "Point",
        "coordinates": [
          74.42963759485936,
          31.607939178558315
        ]
      }
    },
    {
      "type": "Feature",
      "properties": {
        "Id": 0,
        "layer": "Light Poles"
      },
      "geometry": {
        "type": "Point",
        "coordinates": [
          74.42921953577208,
          31.609613880341335
        ]
      }
    },
    {
      "type": "Feature",
      "properties": {
        "Id": 0,
        "layer": "Light Poles"
      },
      "geometry": {
        "type": "Point",
        "coordinates": [
          74.4319687058766,
          31.61029012344264
        ]
      }
    },
    {
      "type": "Feature",
      "properties": {
        "Id": 0,
        "layer": "Light Poles"
      },
      "geometry": {
        "type": "Point",
        "coordinates": [
          74.43217590259003,
          31.610125945060076
        ]
      }
    },
    {
      "type": "Feature",
      "properties": {
        "Id": 0,
        "layer": "Light Poles"
      },
      "geometry": {
        "type": "Point",
        "coordinates": [
          74.4323961408306,
          31.60988585451646
        ]
      }
    },
    {
      "type": "Feature",
      "properties": {
        "Id": 0,
        "layer": "Light Poles"
      },
      "geometry": {
        "type": "Point",
        "coordinates": [
          74.43256416274777,
          31.609611434949223
        ]
      }
    },
    {
      "type": "Feature",
      "properties": {
        "Id": 0,
        "layer": "Light Poles"
      },
      "geometry": {
        "type": "Point",
        "coordinates": [
          74.43265700319411,
          31.609322946853833
        ]
      }
    },
    {
      "type": "Feature",
      "properties": {
        "Id": 0,
        "layer": "Light Poles"
      },
      "geometry": {
        "type": "Point",
        "coordinates": [
          74.43325935552913,
          31.60914975957136
        ]
      }
    },
    {
      "type": "Feature",
      "properties": {
        "Id": 0,
        "layer": "Light Poles"
      },
      "geometry": {
        "type": "Point",
        "coordinates": [
          74.43377282501575,
          31.609151408916414
        ]
      }
    },
    {
      "type": "Feature",
      "properties": {
        "Id": 0,
        "layer": "Light Poles"
      },
      "geometry": {
        "type": "Point",
        "coordinates": [
          74.434335953703,
          31.60916424065775
        ]
      }
    },
    {
      "type": "Feature",
      "properties": {
        "Id": 0,
        "layer": "Light Poles"
      },
      "geometry": {
        "type": "Point",
        "coordinates": [
          74.43255166339658,
          31.608445512466773
        ]
      }
    },
    {
      "type": "Feature",
      "properties": {
        "Id": 0,
        "layer": "Light Poles"
      },
      "geometry": {
        "type": "Point",
        "coordinates": [
          74.4326400036945,
          31.608699157246523
        ]
      }
    },
    {
      "type": "Feature",
      "properties": {
        "Id": 0,
        "layer": "Light Poles"
      },
      "geometry": {
        "type": "Point",
        "coordinates": [
          74.43269401630721,
          31.609047083726566
        ]
      }
    },
    {
      "type": "Feature",
      "properties": {
        "Id": 0,
        "layer": "Manholes"
      },
      "geometry": {
        "type": "Point",
        "coordinates": [
          74.42979542599548,
          31.605436049025055
        ]
      }
    },
    {
      "type": "Feature",
      "properties": {
        "Id": 0,
        "layer": "Manholes"
      },
      "geometry": {
        "type": "Point",
        "coordinates": [
          74.43089678447154,
          31.605714021440104
        ]
      }
    },
    {
      "type": "Feature",
      "properties": {
        "Id": 0,
        "layer": "Manholes"
      },
      "geometry": {
        "type": "Point",
        "coordinates": [
          74.43050617319498,
          31.605582684130763
        ]
      }
    },
    {
      "type": "Feature",
      "properties": {
        "Id": 0,
        "layer": "Manholes"
      },
      "geometry": {
        "type": "Point",
        "coordinates": [
          74.43070365405711,
          31.6056426684138
        ]
      }
    },
    {
      "type": "Feature",
      "properties": {
        "Id": 0,
        "layer": "Manholes"
      },
      "geometry": {
        "type": "Point",
        "coordinates": [
          74.42893931197334,
          31.605501074593544
        ]
      }
    },
    {
      "type": "Feature",
      "properties": {
        "Id": 0,
        "layer": "Manholes"
      },
      "geometry": {
        "type": "Point",
        "coordinates": [
          74.42949666176042,
          31.605545752320367
        ]
      }
    },
    {
      "type": "Feature",
      "properties": {
        "Id": 0,
        "layer": "Manholes"
      },
      "geometry": {
        "type": "Point",
        "coordinates": [
          74.43108642509587,
          31.605793551283504
        ]
      }
    },
    {
      "type": "Feature",
      "properties": {
        "Id": 0,
        "layer": "Manholes"
      },
      "geometry": {
        "type": "Point",
        "coordinates": [
          74.43126969505391,
          31.60588316296709
        ]
      }
    },
    {
      "type": "Feature",
      "properties": {
        "Id": 0,
        "layer": "Manholes"
      },
      "geometry": {
        "type": "Point",
        "coordinates": [
          74.43153543049424,
          31.606024378271755
        ]
      }
    },
    {
      "type": "Feature",
      "properties": {
        "Id": 0,
        "layer": "Manholes"
      },
      "geometry": {
        "type": "Point",
        "coordinates": [
          74.43156963385829,
          31.605581852276558
        ]
      }
    },
    {
      "type": "Feature",
      "properties": {
        "Id": 0,
        "layer": "Manholes"
      },
      "geometry": {
        "type": "Point",
        "coordinates": [
          74.43140525218102,
          31.605496128981542
        ]
      }
    },
    {
      "type": "Feature",
      "properties": {
        "Id": 0,
        "layer": "Manholes"
      },
      "geometry": {
        "type": "Point",
        "coordinates": [
          74.43119732263582,
          31.605400646086245
        ]
      }
    },
    {
      "type": "Feature",
      "properties": {
        "Id": 0,
        "layer": "Manholes"
      },
      "geometry": {
        "type": "Point",
        "coordinates": [
          74.4309843846042,
          31.605315333276742
        ]
      }
    },
    {
      "type": "Feature",
      "properties": {
        "Id": 0,
        "layer": "Manholes"
      },
      "geometry": {
        "type": "Point",
        "coordinates": [
          74.43076184991229,
          31.605241424572434
        ]
      }
    },
    {
      "type": "Feature",
      "properties": {
        "Id": 0,
        "layer": "Manholes"
      },
      "geometry": {
        "type": "Point",
        "coordinates": [
          74.43137850550853,
          31.60522409917579
        ]
      }
    },
    {
      "type": "Feature",
      "properties": {
        "Id": 0,
        "layer": "Manholes"
      },
      "geometry": {
        "type": "Point",
        "coordinates": [
          74.43160232604185,
          31.605225158010462
        ]
      }
    },
    {
      "type": "Feature",
      "properties": {
        "Id": 0,
        "layer": "Manholes"
      },
      "geometry": {
        "type": "Point",
        "coordinates": [
          74.43138128962654,
          31.60539911295187
        ]
      }
    },
    {
      "type": "Feature",
      "properties": {
        "Id": 0,
        "layer": "Manholes"
      },
      "geometry": {
        "type": "Point",
        "coordinates": [
          74.43148853191397,
          31.60545024032162
        ]
      }
    },
    {
      "type": "Feature",
      "properties": {
        "Id": 0,
        "layer": "Manholes"
      },
      "geometry": {
        "type": "Point",
        "coordinates": [
          74.43160974931472,
          31.605512004746082
        ]
      }
    },
    {
      "type": "Feature",
      "properties": {
        "Id": 0,
        "layer": "Manholes"
      },
      "geometry": {
        "type": "Point",
        "coordinates": [
          74.43164256879973,
          31.60609275428894
        ]
      }
    },
    {
      "type": "Feature",
      "properties": {
        "Id": 0,
        "layer": "Manholes"
      },
      "geometry": {
        "type": "Point",
        "coordinates": [
          74.43173244826747,
          31.606167012266866
        ]
      }
    },
    {
      "type": "Feature",
      "properties": {
        "Id": 0,
        "layer": "Manholes"
      },
      "geometry": {
        "type": "Point",
        "coordinates": [
          74.4318947292855,
          31.606293408521044
        ]
      }
    },
    {
      "type": "Feature",
      "properties": {
        "Id": 0,
        "layer": "Manholes"
      },
      "geometry": {
        "type": "Point",
        "coordinates": [
          74.43204658517999,
          31.60642432534558
        ]
      }
    },
    {
      "type": "Feature",
      "properties": {
        "Id": 0,
        "layer": "Manholes"
      },
      "geometry": {
        "type": "Point",
        "coordinates": [
          74.43220411856116,
          31.606582150556072
        ]
      }
    },
    {
      "type": "Feature",
      "properties": {
        "Id": 0,
        "layer": "Manholes"
      },
      "geometry": {
        "type": "Point",
        "coordinates": [
          74.43246745435917,
          31.60690807691949
        ]
      }
    },
    {
      "type": "Feature",
      "properties": {
        "Id": 0,
        "layer": "Manholes"
      },
      "geometry": {
        "type": "Point",
        "coordinates": [
          74.43291451169303,
          31.606729729452745
        ]
      }
    },
    {
      "type": "Feature",
      "properties": {
        "Id": 0,
        "layer": "Manholes"
      },
      "geometry": {
        "type": "Point",
        "coordinates": [
          74.43298095530683,
          31.606680472050414
        ]
      }
    },
    {
      "type": "Feature",
      "properties": {
        "Id": 0,
        "layer": "Manholes"
      },
      "geometry": {
        "type": "Point",
        "coordinates": [
          74.43302659235826,
          31.606768959361844
        ]
      }
    },
    {
      "type": "Feature",
      "properties": {
        "Id": 0,
        "layer": "Manholes"
      },
      "geometry": {
        "type": "Point",
        "coordinates": [
          74.43305565287585,
          31.60685843156092
        ]
      }
    },
    {
      "type": "Feature",
      "properties": {
        "Id": 0,
        "layer": "Manholes"
      },
      "geometry": {
        "type": "Point",
        "coordinates": [
          74.43303193260058,
          31.607134951133066
        ]
      }
    },
    {
      "type": "Feature",
      "properties": {
        "Id": 0,
        "layer": "Manholes"
      },
      "geometry": {
        "type": "Point",
        "coordinates": [
          74.43298380457887,
          31.607218911823136
        ]
      }
    },
    {
      "type": "Feature",
      "properties": {
        "Id": 0,
        "layer": "Manholes"
      },
      "geometry": {
        "type": "Point",
        "coordinates": [
          74.43292317237916,
          31.607297223917413
        ]
      }
    },
    {
      "type": "Feature",
      "properties": {
        "Id": 0,
        "layer": "Manholes"
      },
      "geometry": {
        "type": "Point",
        "coordinates": [
          74.43284771457233,
          31.607364430644452
        ]
      }
    },
    {
      "type": "Feature",
      "properties": {
        "Id": 0,
        "layer": "Manholes"
      },
      "geometry": {
        "type": "Point",
        "coordinates": [
          74.43275954980248,
          31.607419236717103
        ]
      }
    },
    {
      "type": "Feature",
      "properties": {
        "Id": 0,
        "layer": "Manholes"
      },
      "geometry": {
        "type": "Point",
        "coordinates": [
          74.43268430537799,
          31.607451218215676
        ]
      }
    },
    {
      "type": "Feature",
      "properties": {
        "Id": 0,
        "layer": "Manholes"
      },
      "geometry": {
        "type": "Point",
        "coordinates": [
          74.43244902668022,
          31.607496840076475
        ]
      }
    },
    {
      "type": "Feature",
      "properties": {
        "Id": 0,
        "layer": "Manholes"
      },
      "geometry": {
        "type": "Point",
        "coordinates": [
          74.43223399950715,
          31.60747099541692
        ]
      }
    },
    {
      "type": "Feature",
      "properties": {
        "Id": 0,
        "layer": "Manholes"
      },
      "geometry": {
        "type": "Point",
        "coordinates": [
          74.43203521115773,
          31.607416620232712
        ]
      }
    },
    {
      "type": "Feature",
      "properties": {
        "Id": 0,
        "layer": "Manholes"
      },
      "geometry": {
        "type": "Point",
        "coordinates": [
          74.43177884859571,
          31.607554778636313
        ]
      }
    },
    {
      "type": "Feature",
      "properties": {
        "Id": 0,
        "layer": "Manholes"
      },
      "geometry": {
        "type": "Point",
        "coordinates": [
          74.4317113515592,
          31.607679519633262
        ]
      }
    },
    {
      "type": "Feature",
      "properties": {
        "Id": 0,
        "layer": "Manholes"
      },
      "geometry": {
        "type": "Point",
        "coordinates": [
          74.43235916197744,
          31.607889748414326
        ]
      }
    },
    {
      "type": "Feature",
      "properties": {
        "Id": 0,
        "layer": "Manholes"
      },
      "geometry": {
        "type": "Point",
        "coordinates": [
          74.43250254591578,
          31.607889243930895
        ]
      }
    },
    {
      "type": "Feature",
      "properties": {
        "Id": 0,
        "layer": "Manholes"
      },
      "geometry": {
        "type": "Point",
        "coordinates": [
          74.43264464492987,
          31.607873409986084
        ]
      }
    },
    {
      "type": "Feature",
      "properties": {
        "Id": 0,
        "layer": "Manholes"
      },
      "geometry": {
        "type": "Point",
        "coordinates": [
          74.43278189285252,
          31.60784171640693
        ]
      }
    },
    {
      "type": "Feature",
      "properties": {
        "Id": 0,
        "layer": "Manholes"
      },
      "geometry": {
        "type": "Point",
        "coordinates": [
          74.4329104352493,
          31.607795243775044
        ]
      }
    },
    {
      "type": "Feature",
      "properties": {
        "Id": 0,
        "layer": "Manholes"
      },
      "geometry": {
        "type": "Point",
        "coordinates": [
          74.43303631752784,
          31.607734175760417
        ]
      }
    },
    {
      "type": "Feature",
      "properties": {
        "Id": 0,
        "layer": "Manholes"
      },
      "geometry": {
        "type": "Point",
        "coordinates": [
          74.43314706233012,
          31.607661436413416
        ]
      }
    },
    {
      "type": "Feature",
      "properties": {
        "Id": 0,
        "layer": "Manholes"
      },
      "geometry": {
        "type": "Point",
        "coordinates": [
          74.43325037361195,
          31.607575648653647
        ]
      }
    },
    {
      "type": "Feature",
      "properties": {
        "Id": 0,
        "layer": "Manholes"
      },
      "geometry": {
        "type": "Point",
        "coordinates": [
          74.43340992423649,
          31.607370776917254
        ]
      }
    },
    {
      "type": "Feature",
      "properties": {
        "Id": 0,
        "layer": "Manholes"
      },
      "geometry": {
        "type": "Point",
        "coordinates": [
          74.43346316747893,
          31.60726234287565
        ]
      }
    },
    {
      "type": "Feature",
      "properties": {
        "Id": 0,
        "layer": "Manholes"
      },
      "geometry": {
        "type": "Point",
        "coordinates": [
          74.43350217519568,
          31.607144593812862
        ]
      }
    },
    {
      "type": "Feature",
      "properties": {
        "Id": 0,
        "layer": "Manholes"
      },
      "geometry": {
        "type": "Point",
        "coordinates": [
          74.4335217820538,
          31.60702330885162
        ]
      }
    },
    {
      "type": "Feature",
      "properties": {
        "Id": 0,
        "layer": "Manholes"
      },
      "geometry": {
        "type": "Point",
        "coordinates": [
          74.43352398933591,
          31.606900849045214
        ]
      }
    },
    {
      "type": "Feature",
      "properties": {
        "Id": 0,
        "layer": "Manholes"
      },
      "geometry": {
        "type": "Point",
        "coordinates": [
          74.43350546397424,
          31.606783001630276
        ]
      }
    },
    {
      "type": "Feature",
      "properties": {
        "Id": 0,
        "layer": "Manholes"
      },
      "geometry": {
        "type": "Point",
        "coordinates": [
          74.43359857741063,
          31.607092175915188
        ]
      }
    },
    {
      "type": "Feature",
      "properties": {
        "Id": 0,
        "layer": "Manholes"
      },
      "geometry": {
        "type": "Point",
        "coordinates": [
          74.4332650226871,
          31.60766791865947
        ]
      }
    },
    {
      "type": "Feature",
      "properties": {
        "Id": 0,
        "layer": "Manholes"
      },
      "geometry": {
        "type": "Point",
        "coordinates": [
          74.43307180192511,
          31.607804898311993
        ]
      }
    },
    {
      "type": "Feature",
      "properties": {
        "Id": 0,
        "layer": "Manholes"
      },
      "geometry": {
        "type": "Point",
        "coordinates": [
          74.43284319116063,
          31.607902733342723
        ]
      }
    },
    {
      "type": "Feature",
      "properties": {
        "Id": 0,
        "layer": "Manholes"
      },
      "geometry": {
        "type": "Point",
        "coordinates": [
          74.43259865702903,
          31.60795604124589
        ]
      }
    },
    {
      "type": "Feature",
      "properties": {
        "Id": 0,
        "layer": "Manholes"
      },
      "geometry": {
        "type": "Point",
        "coordinates": [
          74.43236235575709,
          31.60797361270448
        ]
      }
    },
    {
      "type": "Feature",
      "properties": {
        "Id": 0,
        "layer": "Manholes"
      },
      "geometry": {
        "type": "Point",
        "coordinates": [
          74.43227325895452,
          31.607983262457324
        ]
      }
    },
    {
      "type": "Feature",
      "properties": {
        "Id": 0,
        "layer": "Manholes"
      },
      "geometry": {
        "type": "Point",
        "coordinates": [
          74.43370439675917,
          31.60804033386979
        ]
      }
    },
    {
      "type": "Feature",
      "properties": {
        "Id": 0,
        "layer": "Manholes"
      },
      "geometry": {
        "type": "Point",
        "coordinates": [
          74.43356112457774,
          31.60815534689575
        ]
      }
    },
    {
      "type": "Feature",
      "properties": {
        "Id": 0,
        "layer": "Manholes"
      },
      "geometry": {
        "type": "Point",
        "coordinates": [
          74.43383480450632,
          31.607920245699827
        ]
      }
    },
    {
      "type": "Feature",
      "properties": {
        "Id": 0,
        "layer": "Manholes"
      },
      "geometry": {
        "type": "Point",
        "coordinates": [
          74.4339483141338,
          31.60778416616858
        ]
      }
    },
    {
      "type": "Feature",
      "properties": {
        "Id": 0,
        "layer": "Manholes"
      },
      "geometry": {
        "type": "Point",
        "coordinates": [
          74.43404263989488,
          31.607638906482222
        ]
      }
    },
    {
      "type": "Feature",
      "properties": {
        "Id": 0,
        "layer": "Manholes"
      },
      "geometry": {
        "type": "Point",
        "coordinates": [
          74.43411915390664,
          31.607486717122775
        ]
      }
    },
    {
      "type": "Feature",
      "properties": {
        "Id": 0,
        "layer": "Manholes"
      },
      "geometry": {
        "type": "Point",
        "coordinates": [
          74.43417508130487,
          31.60732819347429
        ]
      }
    },
    {
      "type": "Feature",
      "properties": {
        "Id": 0,
        "layer": "Manholes"
      },
      "geometry": {
        "type": "Point",
        "coordinates": [
          74.43421425896746,
          31.60716515588839
        ]
      }
    },
    {
      "type": "Feature",
      "properties": {
        "Id": 0,
        "layer": "Manholes"
      },
      "geometry": {
        "type": "Point",
        "coordinates": [
          74.43422974064691,
          31.606998690895054
        ]
      }
    },
    {
      "type": "Feature",
      "properties": {
        "Id": 0,
        "layer": "Manholes"
      },
      "geometry": {
        "type": "Point",
        "coordinates": [
          74.43422566010699,
          31.60682508274442
        ]
      }
    },
    {
      "type": "Feature",
      "properties": {
        "Id": 0,
        "layer": "Manholes"
      },
      "geometry": {
        "type": "Point",
        "coordinates": [
          74.43430311708664,
          31.606742159005996
        ]
      }
    },
    {
      "type": "Feature",
      "properties": {
        "Id": 0,
        "layer": "Manholes"
      },
      "geometry": {
        "type": "Point",
        "coordinates": [
          74.43431836062733,
          31.606978697912837
        ]
      }
    },
    {
      "type": "Feature",
      "properties": {
        "Id": 0,
        "layer": "Manholes"
      },
      "geometry": {
        "type": "Point",
        "coordinates": [
          74.43429220616187,
          31.60721332855294
        ]
      }
    },
    {
      "type": "Feature",
      "properties": {
        "Id": 0,
        "layer": "Manholes"
      },
      "geometry": {
        "type": "Point",
        "coordinates": [
          74.43422923587542,
          31.607445757571895
        ]
      }
    },
    {
      "type": "Feature",
      "properties": {
        "Id": 0,
        "layer": "Manholes"
      },
      "geometry": {
        "type": "Point",
        "coordinates": [
          74.4339868324767,
          31.607868387682405
        ]
      }
    },
    {
      "type": "Feature",
      "properties": {
        "Id": 0,
        "layer": "Manholes"
      },
      "geometry": {
        "type": "Point",
        "coordinates": [
          74.43394657200385,
          31.60801153475179
        ]
      }
    },
    {
      "type": "Feature",
      "properties": {
        "Id": 0,
        "layer": "Manholes"
      },
      "geometry": {
        "type": "Point",
        "coordinates": [
          74.43376950670655,
          31.6081736768439
        ]
      }
    },
    {
      "type": "Feature",
      "properties": {
        "Id": 0,
        "layer": "Manholes"
      },
      "geometry": {
        "type": "Point",
        "coordinates": [
          74.43361152377277,
          31.60824056206904
        ]
      }
    },
    {
      "type": "Feature",
      "properties": {
        "Id": 0,
        "layer": "Manholes"
      },
      "geometry": {
        "type": "Point",
        "coordinates": [
          74.43459582894567,
          31.608036854575552
        ]
      }
    },
    {
      "type": "Feature",
      "properties": {
        "Id": 0,
        "layer": "Manholes"
      },
      "geometry": {
        "type": "Point",
        "coordinates": [
          74.43481754432885,
          31.60760391873598
        ]
      }
    },
    {
      "type": "Feature",
      "properties": {
        "Id": 0,
        "layer": "Manholes"
      },
      "geometry": {
        "type": "Point",
        "coordinates": [
          74.43486663687301,
          31.607454381185473
        ]
      }
    },
    {
      "type": "Feature",
      "properties": {
        "Id": 0,
        "layer": "Manholes"
      },
      "geometry": {
        "type": "Point",
        "coordinates": [
          74.43490439401486,
          31.607300716372034
        ]
      }
    },
    {
      "type": "Feature",
      "properties": {
        "Id": 0,
        "layer": "Manholes"
      },
      "geometry": {
        "type": "Point",
        "coordinates": [
          74.43493418559076,
          31.606831472812033
        ]
      }
    },
    {
      "type": "Feature",
      "properties": {
        "Id": 0,
        "layer": "Manholes"
      },
      "geometry": {
        "type": "Point",
        "coordinates": [
          74.43493696469255,
          31.606987561332804
        ]
      }
    },
    {
      "type": "Feature",
      "properties": {
        "Id": 0,
        "layer": "Manholes"
      },
      "geometry": {
        "type": "Point",
        "coordinates": [
          74.43491594858153,
          31.606675070888418
        ]
      }
    },
    {
      "type": "Feature",
      "properties": {
        "Id": 0,
        "layer": "Manholes"
      },
      "geometry": {
        "type": "Point",
        "coordinates": [
          74.43488135115807,
          31.606572990496314
        ]
      }
    },
    {
      "type": "Feature",
      "properties": {
        "Id": 0,
        "layer": "Manholes"
      },
      "geometry": {
        "type": "Point",
        "coordinates": [
          74.43505227738524,
          31.607756691623486
        ]
      }
    },
    {
      "type": "Feature",
      "properties": {
        "Id": 0,
        "layer": "Manholes"
      },
      "geometry": {
        "type": "Point",
        "coordinates": [
          74.43504856301577,
          31.608324380937603
        ]
      }
    },
    {
      "type": "Feature",
      "properties": {
        "Id": 0,
        "layer": "Manholes"
      },
      "geometry": {
        "type": "Point",
        "coordinates": [
          74.43504857495716,
          31.608032251431634
        ]
      }
    },
    {
      "type": "Feature",
      "properties": {
        "Id": 0,
        "layer": "Manholes"
      },
      "geometry": {
        "type": "Point",
        "coordinates": [
          74.4350700345459,
          31.60657211977769
        ]
      }
    },
    {
      "type": "Feature",
      "properties": {
        "Id": 0,
        "layer": "Manholes"
      },
      "geometry": {
        "type": "Point",
        "coordinates": [
          74.43268226984107,
          31.608920605586743
        ]
      }
    },
    {
      "type": "Feature",
      "properties": {
        "Id": 0,
        "layer": "Manholes"
      },
      "geometry": {
        "type": "Point",
        "coordinates": [
          74.43287988881296,
          31.608935125722095
        ]
      }
    },
    {
      "type": "Feature",
      "properties": {
        "Id": 0,
        "layer": "Manholes"
      },
      "geometry": {
        "type": "Point",
        "coordinates": [
          74.43305631625795,
          31.60893920195523
        ]
      }
    },
    {
      "type": "Feature",
      "properties": {
        "Id": 0,
        "layer": "Manholes"
      },
      "geometry": {
        "type": "Point",
        "coordinates": [
          74.43345007352171,
          31.608940478612443
        ]
      }
    },
    {
      "type": "Feature",
      "properties": {
        "Id": 0,
        "layer": "Manholes"
      },
      "geometry": {
        "type": "Point",
        "coordinates": [
          74.43384511055667,
          31.608942230161812
        ]
      }
    },
    {
      "type": "Feature",
      "properties": {
        "Id": 0,
        "layer": "Manholes"
      },
      "geometry": {
        "type": "Point",
        "coordinates": [
          74.43423997293384,
          31.608942568414847
        ]
      }
    },
    {
      "type": "Feature",
      "properties": {
        "Id": 0,
        "layer": "Manholes"
      },
      "geometry": {
        "type": "Point",
        "coordinates": [
          74.43463427238599,
          31.608945098312695
        ]
      }
    },
    {
      "type": "Feature",
      "properties": {
        "Id": 0,
        "layer": "Manholes"
      },
      "geometry": {
        "type": "Point",
        "coordinates": [
          74.43507897252802,
          31.608945654552237
        ]
      }
    },
    {
      "type": "Feature",
      "properties": {
        "Id": 0,
        "layer": "Manholes"
      },
      "geometry": {
        "type": "Point",
        "coordinates": [
          74.43510387623408,
          31.608948273670634
        ]
      }
    },
    {
      "type": "Feature",
      "properties": {
        "Id": 0,
        "layer": "Manholes"
      },
      "geometry": {
        "type": "Point",
        "coordinates": [
          74.4351199784781,
          31.609156776408316
        ]
      }
    },
    {
      "type": "Feature",
      "properties": {
        "Id": 0,
        "layer": "Manholes"
      },
      "geometry": {
        "type": "Point",
        "coordinates": [
          74.43508198368701,
          31.609285242583788
        ]
      }
    },
    {
      "type": "Feature",
      "properties": {
        "Id": 0,
        "layer": "Manholes"
      },
      "geometry": {
        "type": "Point",
        "coordinates": [
          74.4350808252148,
          31.609477086189035
        ]
      }
    },
    {
      "type": "Feature",
      "properties": {
        "Id": 0,
        "layer": "Manholes"
      },
      "geometry": {
        "type": "Point",
        "coordinates": [
          74.43507938339641,
          31.60966843850033
        ]
      }
    },
    {
      "type": "Feature",
      "properties": {
        "Id": 0,
        "layer": "Manholes"
      },
      "geometry": {
        "type": "Point",
        "coordinates": [
          74.4350762293284,
          31.610249527682452
        ]
      }
    },
    {
      "type": "Feature",
      "properties": {
        "Id": 0,
        "layer": "Manholes"
      },
      "geometry": {
        "type": "Point",
        "coordinates": [
          74.43509076931852,
          31.610269193389147
        ]
      }
    },
    {
      "type": "Feature",
      "properties": {
        "Id": 0,
        "layer": "Manholes"
      },
      "geometry": {
        "type": "Point",
        "coordinates": [
          74.43508471422162,
          31.610331263844074
        ]
      }
    },
    {
      "type": "Feature",
      "properties": {
        "Id": 0,
        "layer": "Manholes"
      },
      "geometry": {
        "type": "Point",
        "coordinates": [
          74.43507595611482,
          31.610446481338663
        ]
      }
    },
    {
      "type": "Feature",
      "properties": {
        "Id": 0,
        "layer": "Manholes"
      },
      "geometry": {
        "type": "Point",
        "coordinates": [
          74.43508719231336,
          31.610527759232685
        ]
      }
    },
    {
      "type": "Feature",
      "properties": {
        "Id": 0,
        "layer": "Manholes"
      },
      "geometry": {
        "type": "Point",
        "coordinates": [
          74.43507564971262,
          31.61083098102342
        ]
      }
    },
    {
      "type": "Feature",
      "properties": {
        "Id": 0,
        "layer": "Manholes"
      },
      "geometry": {
        "type": "Point",
        "coordinates": [
          74.43508536044807,
          31.610922131270776
        ]
      }
    },
    {
      "type": "Feature",
      "properties": {
        "Id": 0,
        "layer": "Manholes"
      },
      "geometry": {
        "type": "Point",
        "coordinates": [
          74.43497176306721,
          31.610920687936584
        ]
      }
    },
    {
      "type": "Feature",
      "properties": {
        "Id": 0,
        "layer": "Manholes"
      },
      "geometry": {
        "type": "Point",
        "coordinates": [
          74.43405022622133,
          31.61044350871326
        ]
      }
    },
    {
      "type": "Feature",
      "properties": {
        "Id": 0,
        "layer": "Manholes"
      },
      "geometry": {
        "type": "Point",
        "coordinates": [
          74.4336510369237,
          31.6105212426081
        ]
      }
    },
    {
      "type": "Feature",
      "properties": {
        "Id": 0,
        "layer": "Manholes"
      },
      "geometry": {
        "type": "Point",
        "coordinates": [
          74.43318060257788,
          31.610835287156192
        ]
      }
    },
    {
      "type": "Feature",
      "properties": {
        "Id": 0,
        "layer": "Manholes"
      },
      "geometry": {
        "type": "Point",
        "coordinates": [
          74.4331034202031,
          31.610932637974507
        ]
      }
    },
    {
      "type": "Feature",
      "properties": {
        "Id": 0,
        "layer": "Manholes"
      },
      "geometry": {
        "type": "Point",
        "coordinates": [
          74.43295811803509,
          31.610962257550348
        ]
      }
    },
    {
      "type": "Feature",
      "properties": {
        "Id": 0,
        "layer": "Manholes"
      },
      "geometry": {
        "type": "Point",
        "coordinates": [
          74.43274326310213,
          31.61088854315764
        ]
      }
    },
    {
      "type": "Feature",
      "properties": {
        "Id": 0,
        "layer": "Manholes"
      },
      "geometry": {
        "type": "Point",
        "coordinates": [
          74.43253913670794,
          31.61079825408689
        ]
      }
    },
    {
      "type": "Feature",
      "properties": {
        "Id": 0,
        "layer": "Manholes"
      },
      "geometry": {
        "type": "Point",
        "coordinates": [
          74.43223928117344,
          31.61063070174046
        ]
      }
    },
    {
      "type": "Feature",
      "properties": {
        "Id": 0,
        "layer": "Manholes"
      },
      "geometry": {
        "type": "Point",
        "coordinates": [
          74.43208723882498,
          31.61053311652092
        ]
      }
    },
    {
      "type": "Feature",
      "properties": {
        "Id": 0,
        "layer": "Manholes"
      },
      "geometry": {
        "type": "Point",
        "coordinates": [
          74.43188660922132,
          31.610862939034398
        ]
      }
    },
    {
      "type": "Feature",
      "properties": {
        "Id": 0,
        "layer": "Manholes"
      },
      "geometry": {
        "type": "Point",
        "coordinates": [
          74.43188635783905,
          31.61105518837864
        ]
      }
    },
    {
      "type": "Feature",
      "properties": {
        "Id": 0,
        "layer": "Manholes"
      },
      "geometry": {
        "type": "Point",
        "coordinates": [
          74.43178852077122,
          31.610540569427876
        ]
      }
    },
    {
      "type": "Feature",
      "properties": {
        "Id": 0,
        "layer": "Manholes"
      },
      "geometry": {
        "type": "Point",
        "coordinates": [
          74.43117812450063,
          31.6106678490192
        ]
      }
    },
    {
      "type": "Feature",
      "properties": {
        "Id": 0,
        "layer": "Manholes"
      },
      "geometry": {
        "type": "Point",
        "coordinates": [
          74.4311784221549,
          31.6110106394925
        ]
      }
    },
    {
      "type": "Feature",
      "properties": {
        "Id": 0,
        "layer": "Manholes"
      },
      "geometry": {
        "type": "Point",
        "coordinates": [
          74.43113464649322,
          31.611067994221017
        ]
      }
    },
    {
      "type": "Feature",
      "properties": {
        "Id": 0,
        "layer": "Manholes"
      },
      "geometry": {
        "type": "Point",
        "coordinates": [
          74.43060841116696,
          31.611065022183908
        ]
      }
    },
    {
      "type": "Feature",
      "properties": {
        "Id": 0,
        "layer": "Manholes"
      },
      "geometry": {
        "type": "Point",
        "coordinates": [
          74.43059049275054,
          31.611028562123916
        ]
      }
    },
    {
      "type": "Feature",
      "properties": {
        "Id": 0,
        "layer": "Manholes"
      },
      "geometry": {
        "type": "Point",
        "coordinates": [
          74.43003092591664,
          31.611000221925195
        ]
      }
    },
    {
      "type": "Feature",
      "properties": {
        "Id": 0,
        "layer": "Manholes"
      },
      "geometry": {
        "type": "Point",
        "coordinates": [
          74.4292524845542,
          31.61059230413157
        ]
      }
    },
    {
      "type": "Feature",
      "properties": {
        "Id": 0,
        "layer": "Manholes"
      },
      "geometry": {
        "type": "Point",
        "coordinates": [
          74.42904649003904,
          31.6104094986609
        ]
      }
    },
    {
      "type": "Feature",
      "properties": {
        "Id": 0,
        "layer": "Manholes"
      },
      "geometry": {
        "type": "Point",
        "coordinates": [
          74.4287899777647,
          31.610104902663277
        ]
      }
    },
    {
      "type": "Feature",
      "properties": {
        "Id": 0,
        "layer": "Manholes"
      },
      "geometry": {
        "type": "Point",
        "coordinates": [
          74.42869147080991,
          31.609942946640306
        ]
      }
    },
    {
      "type": "Feature",
      "properties": {
        "Id": 0,
        "layer": "Manholes"
      },
      "geometry": {
        "type": "Point",
        "coordinates": [
          74.42869666792207,
          31.609902042180828
        ]
      }
    },
    {
      "type": "Feature",
      "properties": {
        "Id": 0,
        "layer": "Manholes"
      },
      "geometry": {
        "type": "Point",
        "coordinates": [
          74.42872320891802,
          31.60987660067431
        ]
      }
    },
    {
      "type": "Feature",
      "properties": {
        "Id": 0,
        "layer": "Manholes"
      },
      "geometry": {
        "type": "Point",
        "coordinates": [
          74.42888792464137,
          31.60987843493951
        ]
      }
    },
    {
      "type": "Feature",
      "properties": {
        "Id": 0,
        "layer": "Manholes"
      },
      "geometry": {
        "type": "Point",
        "coordinates": [
          74.42912136255218,
          31.609878694423944
        ]
      }
    },
    {
      "type": "Feature",
      "properties": {
        "Id": 0,
        "layer": "Manholes"
      },
      "geometry": {
        "type": "Point",
        "coordinates": [
          74.42920615047473,
          31.609886757092436
        ]
      }
    },
    {
      "type": "Feature",
      "properties": {
        "Id": 0,
        "layer": "Manholes"
      },
      "geometry": {
        "type": "Point",
        "coordinates": [
          74.42940974990046,
          31.609882335183176
        ]
      }
    },
    {
      "type": "Feature",
      "properties": {
        "Id": 0,
        "layer": "Manholes"
      },
      "geometry": {
        "type": "Point",
        "coordinates": [
          74.42940431057328,
          31.609932960882663
        ]
      }
    },
    {
      "type": "Feature",
      "properties": {
        "Id": 0,
        "layer": "Manholes"
      },
      "geometry": {
        "type": "Point",
        "coordinates": [
          74.429523103777,
          31.61001362199064
        ]
      }
    },
    {
      "type": "Feature",
      "properties": {
        "Id": 0,
        "layer": "Manholes"
      },
      "geometry": {
        "type": "Point",
        "coordinates": [
          74.42974528969792,
          31.610206550971036
        ]
      }
    },
    {
      "type": "Feature",
      "properties": {
        "Id": 0,
        "layer": "Manholes"
      },
      "geometry": {
        "type": "Point",
        "coordinates": [
          74.43000645350656,
          31.61036478263488
        ]
      }
    },
    {
      "type": "Feature",
      "properties": {
        "Id": 0,
        "layer": "Manholes"
      },
      "geometry": {
        "type": "Point",
        "coordinates": [
          74.43026892245364,
          31.61047057606484
        ]
      }
    },
    {
      "type": "Feature",
      "properties": {
        "Id": 0,
        "layer": "Manholes"
      },
      "geometry": {
        "type": "Point",
        "coordinates": [
          74.43059427890289,
          31.610545777128255
        ]
      }
    },
    {
      "type": "Feature",
      "properties": {
        "Id": 0,
        "layer": "Manholes"
      },
      "geometry": {
        "type": "Point",
        "coordinates": [
          74.43061540371362,
          31.610555917012697
        ]
      }
    },
    {
      "type": "Feature",
      "properties": {
        "Id": 0,
        "layer": "Manholes"
      },
      "geometry": {
        "type": "Point",
        "coordinates": [
          74.43058269867964,
          31.610660883682346
        ]
      }
    },
    {
      "type": "Feature",
      "properties": {
        "Id": 0,
        "layer": "Manholes"
      },
      "geometry": {
        "type": "Point",
        "coordinates": [
          74.42873715272326,
          31.611103866834004
        ]
      }
    },
    {
      "type": "Feature",
      "properties": {
        "Id": 0,
        "layer": "Manholes"
      },
      "geometry": {
        "type": "Point",
        "coordinates": [
          74.42819807018259,
          31.611104277248614
        ]
      }
    },
    {
      "type": "Feature",
      "properties": {
        "Id": 0,
        "layer": "Manholes"
      },
      "geometry": {
        "type": "Point",
        "coordinates": [
          74.42807876578485,
          31.61110719294427
        ]
      }
    },
    {
      "type": "Feature",
      "properties": {
        "Id": 0,
        "layer": "Manholes"
      },
      "geometry": {
        "type": "Point",
        "coordinates": [
          74.42818201250755,
          31.61078728902608
        ]
      }
    },
    {
      "type": "Feature",
      "properties": {
        "Id": 0,
        "layer": "Manholes"
      },
      "geometry": {
        "type": "Point",
        "coordinates": [
          74.4281801138595,
          31.61098015771446
        ]
      }
    },
    {
      "type": "Feature",
      "properties": {
        "Id": 0,
        "layer": "Manholes"
      },
      "geometry": {
        "type": "Point",
        "coordinates": [
          74.42818450751786,
          31.610595207698577
        ]
      }
    },
    {
      "type": "Feature",
      "properties": {
        "Id": 0,
        "layer": "Manholes"
      },
      "geometry": {
        "type": "Point",
        "coordinates": [
          74.4286447781523,
          31.61059773783697
        ]
      }
    },
    {
      "type": "Feature",
      "properties": {
        "Id": 0,
        "layer": "Manholes"
      },
      "geometry": {
        "type": "Point",
        "coordinates": [
          74.42763737830208,
          31.610593541200387
        ]
      }
    },
    {
      "type": "Feature",
      "properties": {
        "Id": 0,
        "layer": "Manholes"
      },
      "geometry": {
        "type": "Point",
        "coordinates": [
          74.42763786634713,
          31.610785176349623
        ]
      }
    },
    {
      "type": "Feature",
      "properties": {
        "Id": 0,
        "layer": "Manholes"
      },
      "geometry": {
        "type": "Point",
        "coordinates": [
          74.42763739211904,
          31.61097820515202
        ]
      }
    },
    {
      "type": "Feature",
      "properties": {
        "Id": 0,
        "layer": "Manholes"
      },
      "geometry": {
        "type": "Point",
        "coordinates": [
          74.42766119063224,
          31.61109442726908
        ]
      }
    },
    {
      "type": "Feature",
      "properties": {
        "Id": 0,
        "layer": "Manholes"
      },
      "geometry": {
        "type": "Point",
        "coordinates": [
          74.4276642699537,
          31.610510865439373
        ]
      }
    },
    {
      "type": "Feature",
      "properties": {
        "Id": 0,
        "layer": "Manholes"
      },
      "geometry": {
        "type": "Point",
        "coordinates": [
          74.42809575871135,
          31.610594165421706
        ]
      }
    },
    {
      "type": "Feature",
      "properties": {
        "Id": 0,
        "layer": "Manholes"
      },
      "geometry": {
        "type": "Point",
        "coordinates": [
          74.42795291693776,
          31.610485461407723
        ]
      }
    },
    {
      "type": "Feature",
      "properties": {
        "Id": 0,
        "layer": "Manholes"
      },
      "geometry": {
        "type": "Point",
        "coordinates": [
          74.42765599491428,
          31.609787546909967
        ]
      }
    },
    {
      "type": "Feature",
      "properties": {
        "Id": 0,
        "layer": "Manholes"
      },
      "geometry": {
        "type": "Point",
        "coordinates": [
          74.42930008636763,
          31.60976378606716
        ]
      }
    },
    {
      "type": "Feature",
      "properties": {
        "Id": 0,
        "layer": "Manholes"
      },
      "geometry": {
        "type": "Point",
        "coordinates": [
          74.42782140091357,
          31.609799453104255
        ]
      }
    },
    {
      "type": "Feature",
      "properties": {
        "Id": 0,
        "layer": "Manholes"
      },
      "geometry": {
        "type": "Point",
        "coordinates": [
          74.42803211621187,
          31.60980014528983
        ]
      }
    },
    {
      "type": "Feature",
      "properties": {
        "Id": 0,
        "layer": "Manholes"
      },
      "geometry": {
        "type": "Point",
        "coordinates": [
          74.42925619579012,
          31.60963716097376
        ]
      }
    },
    {
      "type": "Feature",
      "properties": {
        "Id": 0,
        "layer": "Manholes"
      },
      "geometry": {
        "type": "Point",
        "coordinates": [
          74.42916257998574,
          31.609401770933374
        ]
      }
    },
    {
      "type": "Feature",
      "properties": {
        "Id": 0,
        "layer": "Manholes"
      },
      "geometry": {
        "type": "Point",
        "coordinates": [
          74.42911896042855,
          31.60913695717153
        ]
      }
    },
    {
      "type": "Feature",
      "properties": {
        "Id": 0,
        "layer": "Manholes"
      },
      "geometry": {
        "type": "Point",
        "coordinates": [
          74.42870525462628,
          31.609137312658945
        ]
      }
    },
    {
      "type": "Feature",
      "properties": {
        "Id": 0,
        "layer": "Manholes"
      },
      "geometry": {
        "type": "Point",
        "coordinates": [
          74.42833509221384,
          31.609133451378465
        ]
      }
    },
    {
      "type": "Feature",
      "properties": {
        "Id": 0,
        "layer": "Manholes"
      },
      "geometry": {
        "type": "Point",
        "coordinates": [
          74.42785497716027,
          31.609131791758372
        ]
      }
    },
    {
      "type": "Feature",
      "properties": {
        "Id": 0,
        "layer": "Manholes"
      },
      "geometry": {
        "type": "Point",
        "coordinates": [
          74.42764111238867,
          31.609131568676908
        ]
      }
    },
    {
      "type": "Feature",
      "properties": {
        "Id": 0,
        "layer": "Manholes"
      },
      "geometry": {
        "type": "Point",
        "coordinates": [
          74.42785485833001,
          31.608917155976783
        ]
      }
    },
    {
      "type": "Feature",
      "properties": {
        "Id": 0,
        "layer": "Manholes"
      },
      "geometry": {
        "type": "Point",
        "coordinates": [
          74.42833698231179,
          31.60891784451045
        ]
      }
    },
    {
      "type": "Feature",
      "properties": {
        "Id": 0,
        "layer": "Manholes"
      },
      "geometry": {
        "type": "Point",
        "coordinates": [
          74.42871861498593,
          31.608918571853668
        ]
      }
    },
    {
      "type": "Feature",
      "properties": {
        "Id": 0,
        "layer": "Manholes"
      },
      "geometry": {
        "type": "Point",
        "coordinates": [
          74.42881879909588,
          31.608921960094527
        ]
      }
    },
    {
      "type": "Feature",
      "properties": {
        "Id": 0,
        "layer": "Manholes"
      },
      "geometry": {
        "type": "Point",
        "coordinates": [
          74.42915330291183,
          31.60872815695278
        ]
      }
    },
    {
      "type": "Feature",
      "properties": {
        "Id": 0,
        "layer": "Manholes"
      },
      "geometry": {
        "type": "Point",
        "coordinates": [
          74.42912170083726,
          31.608922461557793
        ]
      }
    },
    {
      "type": "Feature",
      "properties": {
        "Id": 0,
        "layer": "Manholes"
      },
      "geometry": {
        "type": "Point",
        "coordinates": [
          74.42921396205895,
          31.608535128861572
        ]
      }
    },
    {
      "type": "Feature",
      "properties": {
        "Id": 0,
        "layer": "Manholes"
      },
      "geometry": {
        "type": "Point",
        "coordinates": [
          74.4292809560828,
          31.608394298156153
        ]
      }
    },
    {
      "type": "Feature",
      "properties": {
        "Id": 0,
        "layer": "Manholes"
      },
      "geometry": {
        "type": "Point",
        "coordinates": [
          74.4295222741313,
          31.608070727996722
        ]
      }
    },
    {
      "type": "Feature",
      "properties": {
        "Id": 0,
        "layer": "Manholes"
      },
      "geometry": {
        "type": "Point",
        "coordinates": [
          74.4297145293078,
          31.607905219614988
        ]
      }
    },
    {
      "type": "Feature",
      "properties": {
        "Id": 0,
        "layer": "Manholes"
      },
      "geometry": {
        "type": "Point",
        "coordinates": [
          74.42990741722733,
          31.60777671140042
        ]
      }
    },
    {
      "type": "Feature",
      "properties": {
        "Id": 0,
        "layer": "Manholes"
      },
      "geometry": {
        "type": "Point",
        "coordinates": [
          74.43012019253632,
          31.607673283400654
        ]
      }
    },
    {
      "type": "Feature",
      "properties": {
        "Id": 0,
        "layer": "Manholes"
      },
      "geometry": {
        "type": "Point",
        "coordinates": [
          74.43013428332165,
          31.607663055529418
        ]
      }
    },
    {
      "type": "Feature",
      "properties": {
        "Id": 0,
        "layer": "Manholes"
      },
      "geometry": {
        "type": "Point",
        "coordinates": [
          74.43016446442056,
          31.607643343754724
        ]
      }
    },
    {
      "type": "Feature",
      "properties": {
        "Id": 0,
        "layer": "Manholes"
      },
      "geometry": {
        "type": "Point",
        "coordinates": [
          74.42982391384535,
          31.607521763512583
        ]
      }
    },
    {
      "type": "Feature",
      "properties": {
        "Id": 0,
        "layer": "Manholes"
      },
      "geometry": {
        "type": "Point",
        "coordinates": [
          74.42906151008508,
          31.607432358944656
        ]
      }
    },
    {
      "type": "Feature",
      "properties": {
        "Id": 0,
        "layer": "Manholes"
      },
      "geometry": {
        "type": "Point",
        "coordinates": [
          74.42910186985398,
          31.607386721062024
        ]
      }
    },
    {
      "type": "Feature",
      "properties": {
        "Id": 0,
        "layer": "Manholes"
      },
      "geometry": {
        "type": "Point",
        "coordinates": [
          74.42890805659714,
          31.60738536465977
        ]
      }
    },
    {
      "type": "Feature",
      "properties": {
        "Id": 0,
        "layer": "Manholes"
      },
      "geometry": {
        "type": "Point",
        "coordinates": [
          74.42860029966828,
          31.607383743329628
        ]
      }
    },
    {
      "type": "Feature",
      "properties": {
        "Id": 0,
        "layer": "Manholes"
      },
      "geometry": {
        "type": "Point",
        "coordinates": [
          74.42845973130748,
          31.6073833594679
        ]
      }
    },
    {
      "type": "Feature",
      "properties": {
        "Id": 0,
        "layer": "Manholes"
      },
      "geometry": {
        "type": "Point",
        "coordinates": [
          74.42813714066739,
          31.607381364475447
        ]
      }
    },
    {
      "type": "Feature",
      "properties": {
        "Id": 0,
        "layer": "Manholes"
      },
      "geometry": {
        "type": "Point",
        "coordinates": [
          74.42809698104666,
          31.607428654559712
        ]
      }
    },
    {
      "type": "Feature",
      "properties": {
        "Id": 0,
        "layer": "Manholes"
      },
      "geometry": {
        "type": "Point",
        "coordinates": [
          74.42774756020181,
          31.607378936068894
        ]
      }
    },
    {
      "type": "Feature",
      "properties": {
        "Id": 0,
        "layer": "Manholes"
      },
      "geometry": {
        "type": "Point",
        "coordinates": [
          74.42601975450633,
          31.607372438376476
        ]
      }
    },
    {
      "type": "Feature",
      "properties": {
        "Id": 0,
        "layer": "Manholes"
      },
      "geometry": {
        "type": "Point",
        "coordinates": [
          74.42592228152498,
          31.607371686723667
        ]
      }
    },
    {
      "type": "Feature",
      "properties": {
        "Id": 0,
        "layer": "Manholes"
      },
      "geometry": {
        "type": "Point",
        "coordinates": [
          74.42728768493774,
          31.607376149767802
        ]
      }
    },
    {
      "type": "Feature",
      "properties": {
        "Id": 0,
        "layer": "Manholes"
      },
      "geometry": {
        "type": "Point",
        "coordinates": [
          74.42709729671304,
          31.607376521096604
        ]
      }
    },
    {
      "type": "Feature",
      "properties": {
        "Id": 0,
        "layer": "Manholes"
      },
      "geometry": {
        "type": "Point",
        "coordinates": [
          74.4262498878673,
          31.607372717616087
        ]
      }
    },
    {
      "type": "Feature",
      "properties": {
        "Id": 0,
        "layer": "Manholes"
      },
      "geometry": {
        "type": "Point",
        "coordinates": [
          74.42759853268412,
          31.606919360416445
        ]
      }
    },
    {
      "type": "Feature",
      "properties": {
        "Id": 0,
        "layer": "Manholes"
      },
      "geometry": {
        "type": "Point",
        "coordinates": [
          74.42758604402785,
          31.606948461533456
        ]
      }
    },
    {
      "type": "Feature",
      "properties": {
        "Id": 0,
        "layer": "Manholes"
      },
      "geometry": {
        "type": "Point",
        "coordinates": [
          74.42747753732147,
          31.60694871030083
        ]
      }
    },
    {
      "type": "Feature",
      "properties": {
        "Id": 0,
        "layer": "Manholes"
      },
      "geometry": {
        "type": "Point",
        "coordinates": [
          74.42783200043152,
          31.606934127371908
        ]
      }
    },
    {
      "type": "Feature",
      "properties": {
        "Id": 0,
        "layer": "Manholes"
      },
      "geometry": {
        "type": "Point",
        "coordinates": [
          74.42831388288849,
          31.606935187262067
        ]
      }
    },
    {
      "type": "Feature",
      "properties": {
        "Id": 0,
        "layer": "Manholes"
      },
      "geometry": {
        "type": "Point",
        "coordinates": [
          74.42879666522474,
          31.6069389151487
        ]
      }
    },
    {
      "type": "Feature",
      "properties": {
        "Id": 0,
        "layer": "Manholes"
      },
      "geometry": {
        "type": "Point",
        "coordinates": [
          74.42927634432034,
          31.60694074561111
        ]
      }
    },
    {
      "type": "Feature",
      "properties": {
        "Id": 0,
        "layer": "Manholes"
      },
      "geometry": {
        "type": "Point",
        "coordinates": [
          74.42955514150076,
          31.606953124555947
        ]
      }
    },
    {
      "type": "Feature",
      "properties": {
        "Id": 0,
        "layer": "Manholes"
      },
      "geometry": {
        "type": "Point",
        "coordinates": [
          74.42965606349819,
          31.60698917135617
        ]
      }
    },
    {
      "type": "Feature",
      "properties": {
        "Id": 0,
        "layer": "Manholes"
      },
      "geometry": {
        "type": "Point",
        "coordinates": [
          74.42981101462568,
          31.60699895816709
        ]
      }
    },
    {
      "type": "Feature",
      "properties": {
        "Id": 0,
        "layer": "Manholes"
      },
      "geometry": {
        "type": "Point",
        "coordinates": [
          74.42998332303767,
          31.607046927372497
        ]
      }
    },
    {
      "type": "Feature",
      "properties": {
        "Id": 0,
        "layer": "Manholes"
      },
      "geometry": {
        "type": "Point",
        "coordinates": [
          74.43014766994423,
          31.607108503405026
        ]
      }
    },
    {
      "type": "Feature",
      "properties": {
        "Id": 0,
        "layer": "Manholes"
      },
      "geometry": {
        "type": "Point",
        "coordinates": [
          74.43029710914813,
          31.607180989525055
        ]
      }
    },
    {
      "type": "Feature",
      "properties": {
        "Id": 0,
        "layer": "Manholes"
      },
      "geometry": {
        "type": "Point",
        "coordinates": [
          74.43044025884954,
          31.607263326533825
        ]
      }
    },
    {
      "type": "Feature",
      "properties": {
        "Id": 0,
        "layer": "Manholes"
      },
      "geometry": {
        "type": "Point",
        "coordinates": [
          74.43058711907265,
          31.607368260738564
        ]
      }
    },
    {
      "type": "Feature",
      "properties": {
        "Id": 0,
        "layer": "Manholes"
      },
      "geometry": {
        "type": "Point",
        "coordinates": [
          74.43076077141879,
          31.607526786797678
        ]
      }
    },
    {
      "type": "Feature",
      "properties": {
        "Id": 0,
        "layer": "Manholes"
      },
      "geometry": {
        "type": "Point",
        "coordinates": [
          74.43121467363147,
          31.60754966464315
        ]
      }
    },
    {
      "type": "Feature",
      "properties": {
        "Id": 0,
        "layer": "Manholes"
      },
      "geometry": {
        "type": "Point",
        "coordinates": [
          74.4314885408699,
          31.607529400695334
        ]
      }
    },
    {
      "type": "Feature",
      "properties": {
        "Id": 0,
        "layer": "Manholes"
      },
      "geometry": {
        "type": "Point",
        "coordinates": [
          74.43160340549188,
          31.607472362150006
        ]
      }
    },
    {
      "type": "Feature",
      "properties": {
        "Id": 0,
        "layer": "Manholes"
      },
      "geometry": {
        "type": "Point",
        "coordinates": [
          74.4316058153436,
          31.60749793310295
        ]
      }
    },
    {
      "type": "Feature",
      "properties": {
        "Id": 0,
        "layer": "Manholes"
      },
      "geometry": {
        "type": "Point",
        "coordinates": [
          74.43163986737001,
          31.607502632147277
        ]
      }
    },
    {
      "type": "Feature",
      "properties": {
        "Id": 0,
        "layer": "Manholes"
      },
      "geometry": {
        "type": "Point",
        "coordinates": [
          74.43167794175416,
          31.607508760379893
        ]
      }
    },
    {
      "type": "Feature",
      "properties": {
        "Id": 0,
        "layer": "Manholes"
      },
      "geometry": {
        "type": "Point",
        "coordinates": [
          74.43201060767143,
          31.607310305722084
        ]
      }
    },
    {
      "type": "Feature",
      "properties": {
        "Id": 0,
        "layer": "Manholes"
      },
      "geometry": {
        "type": "Point",
        "coordinates": [
          74.43198283618932,
          31.607327431466747
        ]
      }
    },
    {
      "type": "Feature",
      "properties": {
        "Id": 0,
        "layer": "Manholes"
      },
      "geometry": {
        "type": "Point",
        "coordinates": [
          74.43196340367486,
          31.607238589894276
        ]
      }
    },
    {
      "type": "Feature",
      "properties": {
        "Id": 0,
        "layer": "Manholes"
      },
      "geometry": {
        "type": "Point",
        "coordinates": [
          74.43183052816897,
          31.607063311219033
        ]
      }
    },
    {
      "type": "Feature",
      "properties": {
        "Id": 0,
        "layer": "Manholes"
      },
      "geometry": {
        "type": "Point",
        "coordinates": [
          74.43168348404667,
          31.606898005286943
        ]
      }
    },
    {
      "type": "Feature",
      "properties": {
        "Id": 0,
        "layer": "Manholes"
      },
      "geometry": {
        "type": "Point",
        "coordinates": [
          74.43151951728427,
          31.60674360066113
        ]
      }
    },
    {
      "type": "Feature",
      "properties": {
        "Id": 0,
        "layer": "Manholes"
      },
      "geometry": {
        "type": "Point",
        "coordinates": [
          74.43135938276536,
          31.606621986434686
        ]
      }
    },
    {
      "type": "Feature",
      "properties": {
        "Id": 0,
        "layer": "Manholes"
      },
      "geometry": {
        "type": "Point",
        "coordinates": [
          74.431342661657,
          31.606599644801044
        ]
      }
    },
    {
      "type": "Feature",
      "properties": {
        "Id": 0,
        "layer": "Manholes"
      },
      "geometry": {
        "type": "Point",
        "coordinates": [
          74.43126139278296,
          31.606555689460983
        ]
      }
    },
    {
      "type": "Feature",
      "properties": {
        "Id": 0,
        "layer": "Manholes"
      },
      "geometry": {
        "type": "Point",
        "coordinates": [
          74.4310279220645,
          31.606773087800846
        ]
      }
    },
    {
      "type": "Feature",
      "properties": {
        "Id": 0,
        "layer": "Manholes"
      },
      "geometry": {
        "type": "Point",
        "coordinates": [
          74.43098306235198,
          31.606828242343166
        ]
      }
    },
    {
      "type": "Feature",
      "properties": {
        "Id": 0,
        "layer": "Manholes"
      },
      "geometry": {
        "type": "Point",
        "coordinates": [
          74.43104601682384,
          31.606900969553283
        ]
      }
    },
    {
      "type": "Feature",
      "properties": {
        "Id": 0,
        "layer": "Manholes"
      },
      "geometry": {
        "type": "Point",
        "coordinates": [
          74.43119899617095,
          31.60702412041907
        ]
      }
    },
    {
      "type": "Feature",
      "properties": {
        "Id": 0,
        "layer": "Manholes"
      },
      "geometry": {
        "type": "Point",
        "coordinates": [
          74.43133490089541,
          31.607152997105143
        ]
      }
    },
    {
      "type": "Feature",
      "properties": {
        "Id": 0,
        "layer": "Manholes"
      },
      "geometry": {
        "type": "Point",
        "coordinates": [
          74.43145372332718,
          31.607288854121045
        ]
      }
    },
    {
      "type": "Feature",
      "properties": {
        "Id": 0,
        "layer": "Manholes"
      },
      "geometry": {
        "type": "Point",
        "coordinates": [
          74.43266134286726,
          31.608936632830964
        ]
      }
    },
    {
      "type": "Feature",
      "properties": {
        "Id": 0,
        "layer": "Manholes"
      },
      "geometry": {
        "type": "Point",
        "coordinates": [
          74.43260691613332,
          31.608656200815442
        ]
      }
    },
    {
      "type": "Feature",
      "properties": {
        "Id": 0,
        "layer": "Manholes"
      },
      "geometry": {
        "type": "Point",
        "coordinates": [
          74.43265798226278,
          31.609173306769108
        ]
      }
    },
    {
      "type": "Feature",
      "properties": {
        "Id": 0,
        "layer": "Manholes"
      },
      "geometry": {
        "type": "Point",
        "coordinates": [
          74.43269524746316,
          31.609147035874987
        ]
      }
    },
    {
      "type": "Feature",
      "properties": {
        "Id": 0,
        "layer": "Manholes"
      },
      "geometry": {
        "type": "Point",
        "coordinates": [
          74.43261672565285,
          31.609395295574174
        ]
      }
    },
    {
      "type": "Feature",
      "properties": {
        "Id": 0,
        "layer": "Manholes"
      },
      "geometry": {
        "type": "Point",
        "coordinates": [
          74.432519690008,
          31.609646801278423
        ]
      }
    },
    {
      "type": "Feature",
      "properties": {
        "Id": 0,
        "layer": "Manholes"
      },
      "geometry": {
        "type": "Point",
        "coordinates": [
          74.43237762331086,
          31.609875800399784
        ]
      }
    },
    {
      "type": "Feature",
      "properties": {
        "Id": 0,
        "layer": "Manholes"
      },
      "geometry": {
        "type": "Point",
        "coordinates": [
          74.43218394837022,
          31.61008663466173
        ]
      }
    },
    {
      "type": "Feature",
      "properties": {
        "Id": 0,
        "layer": "Manholes"
      },
      "geometry": {
        "type": "Point",
        "coordinates": [
          74.43207068657951,
          31.610181001869122
        ]
      }
    },
    {
      "type": "Feature",
      "properties": {
        "Id": 0,
        "layer": "Manholes"
      },
      "geometry": {
        "type": "Point",
        "coordinates": [
          74.43188968626451,
          31.610295923591046
        ]
      }
    },
    {
      "type": "Feature",
      "properties": {
        "Id": 0,
        "layer": "Manholes"
      },
      "geometry": {
        "type": "Point",
        "coordinates": [
          74.43194742638538,
          31.61029241692406
        ]
      }
    },
    {
      "type": "Feature",
      "properties": {
        "Id": 0,
        "layer": "Manholes"
      },
      "geometry": {
        "type": "Point",
        "coordinates": [
          74.43183598650575,
          31.61035825238865
        ]
      }
    },
    {
      "type": "Feature",
      "properties": {
        "Id": 0,
        "layer": "Manholes"
      },
      "geometry": {
        "type": "Point",
        "coordinates": [
          74.43268248333302,
          31.610456572088083
        ]
      }
    },
    {
      "type": "Feature",
      "properties": {
        "Id": 0,
        "layer": "Manholes"
      },
      "geometry": {
        "type": "Point",
        "coordinates": [
          74.43255902123626,
          31.610571123057657
        ]
      }
    },
    {
      "type": "Feature",
      "properties": {
        "Id": 0,
        "layer": "Manholes"
      },
      "geometry": {
        "type": "Point",
        "coordinates": [
          74.43247843354708,
          31.61062564892449
        ]
      }
    },
    {
      "type": "Feature",
      "properties": {
        "Id": 0,
        "layer": "Manholes"
      },
      "geometry": {
        "type": "Point",
        "coordinates": [
          74.43317585504366,
          31.609803787190216
        ]
      }
    },
    {
      "type": "Feature",
      "properties": {
        "Id": 0,
        "layer": "Manholes"
      },
      "geometry": {
        "type": "Point",
        "coordinates": [
          74.43402413361356,
          31.609153307369205
        ]
      }
    },
    {
      "type": "Feature",
      "properties": {
        "Id": 0,
        "layer": "Manholes"
      },
      "geometry": {
        "type": "Point",
        "coordinates": [
          74.43400650081949,
          31.609766047432572
        ]
      }
    },
    {
      "type": "Feature",
      "properties": {
        "Id": 0,
        "layer": "Manholes"
      },
      "geometry": {
        "type": "Point",
        "coordinates": [
          74.43403108527457,
          31.609882039842596
        ]
      }
    },
    {
      "type": "Feature",
      "properties": {
        "Id": 0,
        "layer": "Manholes"
      },
      "geometry": {
        "type": "Point",
        "coordinates": [
          74.43444203472322,
          31.609858927099754
        ]
      }
    },
    {
      "type": "Feature",
      "properties": {
        "Id": 0,
        "layer": "Manholes"
      },
      "geometry": {
        "type": "Point",
        "coordinates": [
          74.4345361440238,
          31.609476881220445
        ]
      }
    },
    {
      "type": "Feature",
      "properties": {
        "Id": 0,
        "layer": "Manholes"
      },
      "geometry": {
        "type": "Point",
        "coordinates": [
          74.43441367950845,
          31.609154248779387
        ]
      }
    },
    {
      "type": "Feature",
      "properties": {
        "Id": 0,
        "layer": "Manholes"
      },
      "geometry": {
        "type": "Point",
        "coordinates": [
          74.43456814767863,
          31.6091536781666
        ]
      }
    },
    {
      "type": "Feature",
      "properties": {
        "Id": 0,
        "layer": "Manholes"
      },
      "geometry": {
        "type": "Point",
        "coordinates": [
          74.43453806738599,
          31.609279934849148
        ]
      }
    },
    {
      "type": "Feature",
      "properties": {
        "Id": 0,
        "layer": "Manholes"
      },
      "geometry": {
        "type": "Point",
        "coordinates": [
          74.43453368525745,
          31.60966782248237
        ]
      }
    },
    {
      "type": "Feature",
      "properties": {
        "Id": 0,
        "layer": "Manholes"
      },
      "geometry": {
        "type": "Point",
        "coordinates": [
          74.43453079795582,
          31.609845991136964
        ]
      }
    },
    {
      "type": "Feature",
      "properties": {
        "Id": 0,
        "layer": "Manholes"
      },
      "geometry": {
        "type": "Point",
        "coordinates": [
          74.43497437313411,
          31.609881825313558
        ]
      }
    },
    {
      "type": "Feature",
      "properties": {
        "Id": 0,
        "layer": "Manholes"
      },
      "geometry": {
        "type": "Point",
        "coordinates": [
          74.43497818470404,
          31.609675478621146
        ]
      }
    },
    {
      "type": "Feature",
      "properties": {
        "Id": 0,
        "layer": "Manholes"
      },
      "geometry": {
        "type": "Point",
        "coordinates": [
          74.43012101429126,
          31.607914384285483
        ]
      }
    },
    {
      "type": "Feature",
      "properties": {
        "Id": 0,
        "layer": "Manholes"
      },
      "geometry": {
        "type": "Point",
        "coordinates": [
          74.42939801827481,
          31.608775333247028
        ]
      }
    },
    {
      "type": "Feature",
      "properties": {
        "Id": 0,
        "layer": "Manholes"
      },
      "geometry": {
        "type": "Point",
        "coordinates": [
          74.42938474685383,
          31.60926138855754
        ]
      }
    },
    {
      "type": "Feature",
      "properties": {
        "Id": 0,
        "layer": "Manholes"
      },
      "geometry": {
        "type": "Point",
        "coordinates": [
          74.4301127100689,
          31.61020066387018
        ]
      }
    },
    {
      "type": "Feature",
      "properties": {
        "Id": 0,
        "layer": "Manholes"
      },
      "geometry": {
        "type": "Point",
        "coordinates": [
          74.43042604796717,
          31.610289718922303
        ]
      }
    },
    {
      "type": "Feature",
      "properties": {
        "Id": 0,
        "layer": "Manholes"
      },
      "geometry": {
        "type": "Point",
        "coordinates": [
          74.43062057458167,
          31.610270828005827
        ]
      }
    },
    {
      "type": "Feature",
      "properties": {
        "Id": 0,
        "layer": "Manholes"
      },
      "geometry": {
        "type": "Point",
        "coordinates": [
          74.43031319675215,
          31.60935912949905
        ]
      }
    },
    {
      "type": "Feature",
      "properties": {
        "Id": 0,
        "layer": "Manholes"
      },
      "geometry": {
        "type": "Point",
        "coordinates": [
          74.43022432085256,
          31.60890354946197
        ]
      }
    },
    {
      "type": "Feature",
      "properties": {
        "Id": 0,
        "layer": "Manholes"
      },
      "geometry": {
        "type": "Point",
        "coordinates": [
          74.43034250846101,
          31.60869238151557
        ]
      }
    },
    {
      "type": "Feature",
      "properties": {
        "Id": 0,
        "layer": "Manholes"
      },
      "geometry": {
        "type": "Point",
        "coordinates": [
          74.4306045306529,
          31.608511492012422
        ]
      }
    },
    {
      "type": "Feature",
      "properties": {
        "Id": 0,
        "layer": "Manholes"
      },
      "geometry": {
        "type": "Point",
        "coordinates": [
          74.43021519754718,
          31.609137941465185
        ]
      }
    },
    {
      "type": "Feature",
      "properties": {
        "Id": 0,
        "layer": "Manholes"
      },
      "geometry": {
        "type": "Point",
        "coordinates": [
          74.43117979211904,
          31.608517681306388
        ]
      }
    },
    {
      "type": "Feature",
      "properties": {
        "Id": 0,
        "layer": "Manholes"
      },
      "geometry": {
        "type": "Point",
        "coordinates": [
          74.43115566748325,
          31.608483026406567
        ]
      }
    },
    {
      "type": "Feature",
      "properties": {
        "Id": 0,
        "layer": "Manholes"
      },
      "geometry": {
        "type": "Point",
        "coordinates": [
          74.43111875217353,
          31.608433123453043
        ]
      }
    },
    {
      "type": "Feature",
      "properties": {
        "Id": 0,
        "layer": "Manholes"
      },
      "geometry": {
        "type": "Point",
        "coordinates": [
          74.43110951443414,
          31.608351491485287
        ]
      }
    },
    {
      "type": "Feature",
      "properties": {
        "Id": 0,
        "layer": "Manholes"
      },
      "geometry": {
        "type": "Point",
        "coordinates": [
          74.43117585001967,
          31.608318464527876
        ]
      }
    },
    {
      "type": "Feature",
      "properties": {
        "Id": 0,
        "layer": "Manholes"
      },
      "geometry": {
        "type": "Point",
        "coordinates": [
          74.43109397535581,
          31.60827032148601
        ]
      }
    },
    {
      "type": "Feature",
      "properties": {
        "Id": 0,
        "layer": "Manholes"
      },
      "geometry": {
        "type": "Point",
        "coordinates": [
          74.431073001273,
          31.60818839222421
        ]
      }
    },
    {
      "type": "Feature",
      "properties": {
        "Id": 0,
        "layer": "Manholes"
      },
      "geometry": {
        "type": "Point",
        "coordinates": [
          74.43105029608033,
          31.608108660405122
        ]
      }
    },
    {
      "type": "Feature",
      "properties": {
        "Id": 0,
        "layer": "Manholes"
      },
      "geometry": {
        "type": "Point",
        "coordinates": [
          74.43102013549085,
          31.608030855512343
        ]
      }
    },
    {
      "type": "Feature",
      "properties": {
        "Id": 0,
        "layer": "Manholes"
      },
      "geometry": {
        "type": "Point",
        "coordinates": [
          74.43098796347844,
          31.607954266739277
        ]
      }
    },
    {
      "type": "Feature",
      "properties": {
        "Id": 0,
        "layer": "Manholes"
      },
      "geometry": {
        "type": "Point",
        "coordinates": [
          74.43089849926888,
          31.607788971393102
        ]
      }
    },
    {
      "type": "Feature",
      "properties": {
        "Id": 0,
        "layer": "Manholes"
      },
      "geometry": {
        "type": "Point",
        "coordinates": [
          74.43112035345364,
          31.607753569629995
        ]
      }
    },
    {
      "type": "Feature",
      "properties": {
        "Id": 0,
        "layer": "Manholes"
      },
      "geometry": {
        "type": "Point",
        "coordinates": [
          74.43225082204009,
          31.608396977730745
        ]
      }
    },
    {
      "type": "Feature",
      "properties": {
        "Id": 0,
        "layer": "Manholes"
      },
      "geometry": {
        "type": "Point",
        "coordinates": [
          74.43229490532859,
          31.608469777254047
        ]
      }
    },
    {
      "type": "Feature",
      "properties": {
        "Id": 0,
        "layer": "Manholes"
      },
      "geometry": {
        "type": "Point",
        "coordinates": [
          74.4323338459878,
          31.608544592453043
        ]
      }
    },
    {
      "type": "Feature",
      "properties": {
        "Id": 0,
        "layer": "Manholes"
      },
      "geometry": {
        "type": "Point",
        "coordinates": [
          74.43236870530797,
          31.60862770049684
        ]
      }
    },
    {
      "type": "Feature",
      "properties": {
        "Id": 0,
        "layer": "Manholes"
      },
      "geometry": {
        "type": "Point",
        "coordinates": [
          74.43239424678461,
          31.608706376411558
        ]
      }
    },
    {
      "type": "Feature",
      "properties": {
        "Id": 0,
        "layer": "Manholes"
      },
      "geometry": {
        "type": "Point",
        "coordinates": [
          74.43241776805526,
          31.608785827399757
        ]
      }
    },
    {
      "type": "Feature",
      "properties": {
        "Id": 0,
        "layer": "Manholes"
      },
      "geometry": {
        "type": "Point",
        "coordinates": [
          74.43238472544787,
          31.608795873298746
        ]
      }
    },
    {
      "type": "Feature",
      "properties": {
        "Id": 0,
        "layer": "Manholes"
      },
      "geometry": {
        "type": "Point",
        "coordinates": [
          74.43243263175971,
          31.608865566081597
        ]
      }
    },
    {
      "type": "Feature",
      "properties": {
        "Id": 0,
        "layer": "Manholes"
      },
      "geometry": {
        "type": "Point",
        "coordinates": [
          74.43244207977354,
          31.60912762703021
        ]
      }
    },
    {
      "type": "Feature",
      "properties": {
        "Id": 0,
        "layer": "Manholes"
      },
      "geometry": {
        "type": "Point",
        "coordinates": [
          74.43243582265609,
          31.60919251906203
        ]
      }
    },
    {
      "type": "Feature",
      "properties": {
        "Id": 0,
        "layer": "Manholes"
      },
      "geometry": {
        "type": "Point",
        "coordinates": [
          74.43238806860613,
          31.60927165332627
        ]
      }
    },
    {
      "type": "Feature",
      "properties": {
        "Id": 0,
        "layer": "Manholes"
      },
      "geometry": {
        "type": "Point",
        "coordinates": [
          74.43242323971104,
          31.609273220914567
        ]
      }
    },
    {
      "type": "Feature",
      "properties": {
        "Id": 0,
        "layer": "Manholes"
      },
      "geometry": {
        "type": "Point",
        "coordinates": [
          74.4324027693942,
          31.609355299016794
        ]
      }
    },
    {
      "type": "Feature",
      "properties": {
        "Id": 0,
        "layer": "Manholes"
      },
      "geometry": {
        "type": "Point",
        "coordinates": [
          74.43237828325258,
          31.609434850289734
        ]
      }
    },
    {
      "type": "Feature",
      "properties": {
        "Id": 0,
        "layer": "Manholes"
      },
      "geometry": {
        "type": "Point",
        "coordinates": [
          74.43234666164632,
          31.609512644923015
        ]
      }
    },
    {
      "type": "Feature",
      "properties": {
        "Id": 0,
        "layer": "Manholes"
      },
      "geometry": {
        "type": "Point",
        "coordinates": [
          74.43230917288263,
          31.609591040715923
        ]
      }
    },
    {
      "type": "Feature",
      "properties": {
        "Id": 0,
        "layer": "Manholes"
      },
      "geometry": {
        "type": "Point",
        "coordinates": [
          74.43226695342878,
          31.609663927078437
        ]
      }
    },
    {
      "type": "Feature",
      "properties": {
        "Id": 0,
        "layer": "Manholes"
      },
      "geometry": {
        "type": "Point",
        "coordinates": [
          74.43222144626715,
          31.609735073888558
        ]
      }
    },
    {
      "type": "Feature",
      "properties": {
        "Id": 0,
        "layer": "Manholes"
      },
      "geometry": {
        "type": "Point",
        "coordinates": [
          74.43216568109666,
          31.60980570464549
        ]
      }
    },
    {
      "type": "Feature",
      "properties": {
        "Id": 0,
        "layer": "Manholes"
      },
      "geometry": {
        "type": "Point",
        "coordinates": [
          74.43211085102246,
          31.609873203310652
        ]
      }
    },
    {
      "type": "Feature",
      "properties": {
        "Id": 0,
        "layer": "Manholes"
      },
      "geometry": {
        "type": "Point",
        "coordinates": [
          74.43204871742356,
          31.60993643557458
        ]
      }
    },
    {
      "type": "Feature",
      "properties": {
        "Id": 0,
        "layer": "Manholes"
      },
      "geometry": {
        "type": "Point",
        "coordinates": [
          74.43191188906681,
          31.610049358381854
        ]
      }
    },
    {
      "type": "Feature",
      "properties": {
        "Id": 0,
        "layer": "Manholes"
      },
      "geometry": {
        "type": "Point",
        "coordinates": [
          74.4318364413983,
          31.610102338597386
        ]
      }
    },
    {
      "type": "Feature",
      "properties": {
        "Id": 0,
        "layer": "Manholes"
      },
      "geometry": {
        "type": "Point",
        "coordinates": [
          74.43167792924602,
          31.61019524967519
        ]
      }
    },
    {
      "type": "Feature",
      "properties": {
        "Id": 0,
        "layer": "Manholes"
      },
      "geometry": {
        "type": "Point",
        "coordinates": [
          74.43159174987916,
          31.61023516666687
        ]
      }
    },
    {
      "type": "Feature",
      "properties": {
        "Id": 0,
        "layer": "Manholes"
      },
      "geometry": {
        "type": "Point",
        "coordinates": [
          74.43151018166704,
          31.61027008616568
        ]
      }
    },
    {
      "type": "Feature",
      "properties": {
        "Id": 0,
        "layer": "Manholes"
      },
      "geometry": {
        "type": "Point",
        "coordinates": [
          74.43144370848422,
          31.61026336103718
        ]
      }
    },
    {
      "type": "Feature",
      "properties": {
        "Id": 0,
        "layer": "Manholes"
      },
      "geometry": {
        "type": "Point",
        "coordinates": [
          74.4313271531186,
          31.610326664306893
        ]
      }
    },
    {
      "type": "Feature",
      "properties": {
        "Id": 0,
        "layer": "Manholes"
      },
      "geometry": {
        "type": "Point",
        "coordinates": [
          74.43116767006816,
          31.610338028621506
        ]
      }
    },
    {
      "type": "Feature",
      "properties": {
        "Id": 0,
        "layer": "Manholes"
      },
      "geometry": {
        "type": "Point",
        "coordinates": [
          74.43114554095327,
          31.610270814897042
        ]
      }
    },
    {
      "type": "Feature",
      "properties": {
        "Id": 0,
        "layer": "Manholes"
      },
      "geometry": {
        "type": "Point",
        "coordinates": [
          74.43111590695759,
          31.610172205512594
        ]
      }
    },
    {
      "type": "Feature",
      "properties": {
        "Id": 0,
        "layer": "Manholes"
      },
      "geometry": {
        "type": "Point",
        "coordinates": [
          74.43111567752842,
          31.61008940820119
        ]
      }
    },
    {
      "type": "Feature",
      "properties": {
        "Id": 0,
        "layer": "Manholes"
      },
      "geometry": {
        "type": "Point",
        "coordinates": [
          74.4311154471449,
          31.610006767695626
        ]
      }
    },
    {
      "type": "Feature",
      "properties": {
        "Id": 0,
        "layer": "Manholes"
      },
      "geometry": {
        "type": "Point",
        "coordinates": [
          74.43111686105084,
          31.60992491856811
        ]
      }
    },
    {
      "type": "Feature",
      "properties": {
        "Id": 0,
        "layer": "Manholes"
      },
      "geometry": {
        "type": "Point",
        "coordinates": [
          74.4311184686708,
          31.609841345379497
        ]
      }
    },
    {
      "type": "Feature",
      "properties": {
        "Id": 0,
        "layer": "Manholes"
      },
      "geometry": {
        "type": "Point",
        "coordinates": [
          74.43111805982134,
          31.60975792002008
        ]
      }
    },
    {
      "type": "Feature",
      "properties": {
        "Id": 0,
        "layer": "Manholes"
      },
      "geometry": {
        "type": "Point",
        "coordinates": [
          74.43111745630058,
          31.609676375526565
        ]
      }
    },
    {
      "type": "Feature",
      "properties": {
        "Id": 0,
        "layer": "Manholes"
      },
      "geometry": {
        "type": "Point",
        "coordinates": [
          74.43111943132175,
          31.609592647159822
        ]
      }
    },
    {
      "type": "Feature",
      "properties": {
        "Id": 0,
        "layer": "Manholes"
      },
      "geometry": {
        "type": "Point",
        "coordinates": [
          74.43114058756032,
          31.609608892932545
        ]
      }
    },
    {
      "type": "Feature",
      "properties": {
        "Id": 0,
        "layer": "Manholes"
      },
      "geometry": {
        "type": "Point",
        "coordinates": [
          74.4311724843331,
          31.609576418259984
        ]
      }
    },
    {
      "type": "Feature",
      "properties": {
        "Id": 0,
        "layer": "Manholes"
      },
      "geometry": {
        "type": "Point",
        "coordinates": [
          74.43156934320946,
          31.60912798008586
        ]
      }
    },
    {
      "type": "Feature",
      "properties": {
        "Id": 0,
        "layer": "Manholes"
      },
      "geometry": {
        "type": "Point",
        "coordinates": [
          74.43146343812576,
          31.609362650247217
        ]
      }
    },
    {
      "type": "Feature",
      "properties": {
        "Id": 0,
        "layer": "Manholes"
      },
      "geometry": {
        "type": "Point",
        "coordinates": [
          74.43141351141513,
          31.60865951873778
        ]
      }
    },
    {
      "type": "Feature",
      "properties": {
        "Id": 0,
        "layer": "Manholes"
      },
      "geometry": {
        "type": "Point",
        "coordinates": [
          74.43117002750728,
          31.610547362400776
        ]
      }
    },
    {
      "type": "Feature",
      "properties": {
        "Id": 0,
        "layer": "Manholes"
      },
      "geometry": {
        "type": "Point",
        "coordinates": [
          74.43113963833876,
          31.61055408754932
        ]
      }
    },
    {
      "type": "Feature",
      "properties": {
        "Id": 0,
        "layer": "Manholes"
      },
      "geometry": {
        "type": "Point",
        "coordinates": [
          74.43148969057964,
          31.610476015417106
        ]
      }
    },
    {
      "type": "Feature",
      "properties": {
        "Id": 0,
        "layer": "Manholes"
      },
      "geometry": {
        "type": "Point",
        "coordinates": [
          74.43205028499811,
          31.607220266680176
        ]
      }
    },
    {
      "type": "Feature",
      "properties": {
        "Id": 0,
        "layer": "Manholes"
      },
      "geometry": {
        "type": "Point",
        "coordinates": [
          74.4319398492925,
          31.607066639632745
        ]
      }
    },
    {
      "type": "Feature",
      "properties": {
        "Id": 0,
        "layer": "Manholes"
      },
      "geometry": {
        "type": "Point",
        "coordinates": [
          74.43181565770284,
          31.606921886468527
        ]
      }
    },
    {
      "type": "Feature",
      "properties": {
        "Id": 0,
        "layer": "Manholes"
      },
      "geometry": {
        "type": "Point",
        "coordinates": [
          74.43168419707357,
          31.606782507179222
        ]
      }
    },
    {
      "type": "Feature",
      "properties": {
        "Id": 0,
        "layer": "Manholes"
      },
      "geometry": {
        "type": "Point",
        "coordinates": [
          74.43153754620363,
          31.606652485356758
        ]
      }
    },
    {
      "type": "Feature",
      "properties": {
        "Id": 0,
        "layer": "Manholes"
      },
      "geometry": {
        "type": "Point",
        "coordinates": [
          74.43141112961705,
          31.606537744524335
        ]
      }
    },
    {
      "type": "Feature",
      "properties": {
        "Id": 0,
        "layer": "Manholes"
      },
      "geometry": {
        "type": "Point",
        "coordinates": [
          74.4315026878212,
          31.60621661287903
        ]
      }
    },
    {
      "type": "Feature",
      "properties": {
        "Id": 0,
        "layer": "Manholes"
      },
      "geometry": {
        "type": "Point",
        "coordinates": [
          74.43157968027995,
          31.606173173453527
        ]
      }
    },
    {
      "type": "Feature",
      "properties": {
        "Id": 0,
        "layer": "Manholes"
      },
      "geometry": {
        "type": "Point",
        "coordinates": [
          74.43217772070193,
          31.60667730545995
        ]
      }
    },
    {
      "type": "Feature",
      "properties": {
        "Id": 0,
        "layer": "Manholes"
      },
      "geometry": {
        "type": "Point",
        "coordinates": [
          74.43201963008089,
          31.606518292247564
        ]
      }
    },
    {
      "type": "Feature",
      "properties": {
        "Id": 0,
        "layer": "Manholes"
      },
      "geometry": {
        "type": "Point",
        "coordinates": [
          74.43186160643538,
          31.606373381957685
        ]
      }
    },
    {
      "type": "Feature",
      "properties": {
        "Id": 0,
        "layer": "Manholes"
      },
      "geometry": {
        "type": "Point",
        "coordinates": [
          74.4314771922251,
          31.606110651337133
        ]
      }
    },
    {
      "type": "Feature",
      "properties": {
        "Id": 0,
        "layer": "Manholes"
      },
      "geometry": {
        "type": "Point",
        "coordinates": [
          74.4313840089106,
          31.606037033283673
        ]
      }
    },
    {
      "type": "Feature",
      "properties": {
        "Id": 0,
        "layer": "Manholes"
      },
      "geometry": {
        "type": "Point",
        "coordinates": [
          74.43118350712626,
          31.605925118246706
        ]
      }
    },
    {
      "type": "Feature",
      "properties": {
        "Id": 0,
        "layer": "Manholes"
      },
      "geometry": {
        "type": "Point",
        "coordinates": [
          74.43097229796832,
          31.605826484156967
        ]
      }
    },
    {
      "type": "Feature",
      "properties": {
        "Id": 0,
        "layer": "Manholes"
      },
      "geometry": {
        "type": "Point",
        "coordinates": [
          74.43075405723972,
          31.605739265606996
        ]
      }
    },
    {
      "type": "Feature",
      "properties": {
        "Id": 0,
        "layer": "Manholes"
      },
      "geometry": {
        "type": "Point",
        "coordinates": [
          74.43053004833573,
          31.60566660441815
        ]
      }
    },
    {
      "type": "Feature",
      "properties": {
        "Id": 0,
        "layer": "Manholes"
      },
      "geometry": {
        "type": "Point",
        "coordinates": [
          74.43030029121643,
          31.605605207612555
        ]
      }
    },
    {
      "type": "Feature",
      "properties": {
        "Id": 0,
        "layer": "Manholes"
      },
      "geometry": {
        "type": "Point",
        "coordinates": [
          74.43006550340876,
          31.605557587340417
        ]
      }
    },
    {
      "type": "Feature",
      "properties": {
        "Id": 0,
        "layer": "Manholes"
      },
      "geometry": {
        "type": "Point",
        "coordinates": [
          74.42983172343337,
          31.60552502501666
        ]
      }
    },
    {
      "type": "Feature",
      "properties": {
        "Id": 0,
        "layer": "Manholes"
      },
      "geometry": {
        "type": "Point",
        "coordinates": [
          74.429675518009,
          31.605510998742812
        ]
      }
    },
    {
      "type": "Feature",
      "properties": {
        "Id": 0,
        "layer": "Manholes"
      },
      "geometry": {
        "type": "Point",
        "coordinates": [
          74.42974162623878,
          31.60590207730397
        ]
      }
    },
    {
      "type": "Feature",
      "properties": {
        "Id": 0,
        "layer": "Manholes"
      },
      "geometry": {
        "type": "Point",
        "coordinates": [
          74.4299767040992,
          31.605943554427867
        ]
      }
    },
    {
      "type": "Feature",
      "properties": {
        "Id": 0,
        "layer": "Manholes"
      },
      "geometry": {
        "type": "Point",
        "coordinates": [
          74.4301820177273,
          31.605983428246464
        ]
      }
    },
    {
      "type": "Feature",
      "properties": {
        "Id": 0,
        "layer": "Manholes"
      },
      "geometry": {
        "type": "Point",
        "coordinates": [
          74.4303817793049,
          31.606038441621262
        ]
      }
    },
    {
      "type": "Feature",
      "properties": {
        "Id": 0,
        "layer": "Manholes"
      },
      "geometry": {
        "type": "Point",
        "coordinates": [
          74.43057173939822,
          31.606101941493623
        ]
      }
    },
    {
      "type": "Feature",
      "properties": {
        "Id": 0,
        "layer": "Manholes"
      },
      "geometry": {
        "type": "Point",
        "coordinates": [
          74.43095688898842,
          31.606251217197403
        ]
      }
    },
    {
      "type": "Feature",
      "properties": {
        "Id": 0,
        "layer": "Manholes"
      },
      "geometry": {
        "type": "Point",
        "coordinates": [
          74.43077456057192,
          31.606163845033354
        ]
      }
    },
    {
      "type": "Feature",
      "properties": {
        "Id": 0,
        "layer": "Manholes"
      },
      "geometry": {
        "type": "Point",
        "coordinates": [
          74.43094618966082,
          31.606263087188932
        ]
      }
    },
    {
      "type": "Feature",
      "properties": {
        "Id": 0,
        "layer": "Manholes"
      },
      "geometry": {
        "type": "Point",
        "coordinates": [
          74.43111548490553,
          31.606354478158963
        ]
      }
    },
    {
      "type": "Feature",
      "properties": {
        "Id": 0,
        "layer": "Manholes"
      },
      "geometry": {
        "type": "Point",
        "coordinates": [
          74.43120704446028,
          31.60639346145427
        ]
      }
    },
    {
      "type": "Feature",
      "properties": {
        "Id": 0,
        "layer": "Manholes"
      },
      "geometry": {
        "type": "Point",
        "coordinates": [
          74.4298114843249,
          31.60599549582129
        ]
      }
    },
    {
      "type": "Feature",
      "properties": {
        "Id": 0,
        "layer": "Manholes"
      },
      "geometry": {
        "type": "Point",
        "coordinates": [
          74.42963162709391,
          31.606006453710414
        ]
      }
    },
    {
      "type": "Feature",
      "properties": {
        "Id": 0,
        "layer": "Manholes"
      },
      "geometry": {
        "type": "Point",
        "coordinates": [
          74.43004906586484,
          31.606048989849615
        ]
      }
    },
    {
      "type": "Feature",
      "properties": {
        "Id": 0,
        "layer": "Manholes"
      },
      "geometry": {
        "type": "Point",
        "coordinates": [
          74.43028815369298,
          31.606090239277254
        ]
      }
    },
    {
      "type": "Feature",
      "properties": {
        "Id": 0,
        "layer": "Manholes"
      },
      "geometry": {
        "type": "Point",
        "coordinates": [
          74.43045760035875,
          31.60614342865097
        ]
      }
    },
    {
      "type": "Feature",
      "properties": {
        "Id": 0,
        "layer": "Manholes"
      },
      "geometry": {
        "type": "Point",
        "coordinates": [
          74.43062587524861,
          31.606201022894123
        ]
      }
    },
    {
      "type": "Feature",
      "properties": {
        "Id": 0,
        "layer": "Manholes"
      },
      "geometry": {
        "type": "Point",
        "coordinates": [
          74.43084058205862,
          31.60629704655054
        ]
      }
    },
    {
      "type": "Feature",
      "properties": {
        "Id": 0,
        "layer": "Manholes"
      },
      "geometry": {
        "type": "Point",
        "coordinates": [
          74.43104833655237,
          31.606406514848484
        ]
      }
    },
    {
      "type": "Feature",
      "properties": {
        "Id": 0,
        "layer": "Manholes"
      },
      "geometry": {
        "type": "Point",
        "coordinates": [
          74.43112536956055,
          31.606450226043172
        ]
      }
    },
    {
      "type": "Feature",
      "properties": {
        "Id": 0,
        "layer": "Manholes"
      },
      "geometry": {
        "type": "Point",
        "coordinates": [
          74.431140635247,
          31.60648214631101
        ]
      }
    },
    {
      "type": "Feature",
      "properties": {
        "Id": 0,
        "layer": "Manholes"
      },
      "geometry": {
        "type": "Point",
        "coordinates": [
          74.4311318709338,
          31.606511019353352
        ]
      }
    },
    {
      "type": "Feature",
      "properties": {
        "Id": 0,
        "layer": "Manholes"
      },
      "geometry": {
        "type": "Point",
        "coordinates": [
          74.43079417685479,
          31.606734254925584
        ]
      }
    },
    {
      "type": "Feature",
      "properties": {
        "Id": 0,
        "layer": "Manholes"
      },
      "geometry": {
        "type": "Point",
        "coordinates": [
          74.4306190305439,
          31.60664079890574
        ]
      }
    },
    {
      "type": "Feature",
      "properties": {
        "Id": 0,
        "layer": "Manholes"
      },
      "geometry": {
        "type": "Point",
        "coordinates": [
          74.43043318324966,
          31.60655952620934
        ]
      }
    },
    {
      "type": "Feature",
      "properties": {
        "Id": 0,
        "layer": "Manholes"
      },
      "geometry": {
        "type": "Point",
        "coordinates": [
          74.43024848255332,
          31.60649311622234
        ]
      }
    },
    {
      "type": "Feature",
      "properties": {
        "Id": 0,
        "layer": "Manholes"
      },
      "geometry": {
        "type": "Point",
        "coordinates": [
          74.43004812117762,
          31.606439053583895
        ]
      }
    },
    {
      "type": "Feature",
      "properties": {
        "Id": 0,
        "layer": "Manholes"
      },
      "geometry": {
        "type": "Point",
        "coordinates": [
          74.42984481209403,
          31.60639894347559
        ]
      }
    },
    {
      "type": "Feature",
      "properties": {
        "Id": 0,
        "layer": "Manholes"
      },
      "geometry": {
        "type": "Point",
        "coordinates": [
          74.4297315974698,
          31.60637320128926
        ]
      }
    },
    {
      "type": "Feature",
      "properties": {
        "Id": 0,
        "layer": "Manholes"
      },
      "geometry": {
        "type": "Point",
        "coordinates": [
          74.42965514175674,
          31.606375800152193
        ]
      }
    },
    {
      "type": "Feature",
      "properties": {
        "Id": 0,
        "layer": "Manholes"
      },
      "geometry": {
        "type": "Point",
        "coordinates": [
          74.4295013940185,
          31.605860821746447
        ]
      }
    },
    {
      "type": "Feature",
      "properties": {
        "Id": 0,
        "layer": "Manholes"
      },
      "geometry": {
        "type": "Point",
        "coordinates": [
          74.42938733562697,
          31.605879668685517
        ]
      }
    },
    {
      "type": "Feature",
      "properties": {
        "Id": 0,
        "layer": "Manholes"
      },
      "geometry": {
        "type": "Point",
        "coordinates": [
          74.4291611621251,
          31.605880373290663
        ]
      }
    },
    {
      "type": "Feature",
      "properties": {
        "Id": 0,
        "layer": "Manholes"
      },
      "geometry": {
        "type": "Point",
        "coordinates": [
          74.42894065894251,
          31.605890168493847
        ]
      }
    },
    {
      "type": "Feature",
      "properties": {
        "Id": 0,
        "layer": "Manholes"
      },
      "geometry": {
        "type": "Point",
        "coordinates": [
          74.42871508192536,
          31.605886954694743
        ]
      }
    },
    {
      "type": "Feature",
      "properties": {
        "Id": 0,
        "layer": "Manholes"
      },
      "geometry": {
        "type": "Point",
        "coordinates": [
          74.42848891590306,
          31.605886433055055
        ]
      }
    },
    {
      "type": "Feature",
      "properties": {
        "Id": 0,
        "layer": "Manholes"
      },
      "geometry": {
        "type": "Point",
        "coordinates": [
          74.42823015263704,
          31.605879394655883
        ]
      }
    },
    {
      "type": "Feature",
      "properties": {
        "Id": 0,
        "layer": "Manholes"
      },
      "geometry": {
        "type": "Point",
        "coordinates": [
          74.4289441898624,
          31.605968344876167
        ]
      }
    },
    {
      "type": "Feature",
      "properties": {
        "Id": 0,
        "layer": "Manholes"
      },
      "geometry": {
        "type": "Point",
        "coordinates": [
          74.42916749327235,
          31.605968852918952
        ]
      }
    },
    {
      "type": "Feature",
      "properties": {
        "Id": 0,
        "layer": "Manholes"
      },
      "geometry": {
        "type": "Point",
        "coordinates": [
          74.42849586387685,
          31.605967564945484
        ]
      }
    },
    {
      "type": "Feature",
      "properties": {
        "Id": 0,
        "layer": "Manholes"
      },
      "geometry": {
        "type": "Point",
        "coordinates": [
          74.42946636932415,
          31.60597067820083
        ]
      }
    },
    {
      "type": "Feature",
      "properties": {
        "Id": 0,
        "layer": "Manholes"
      },
      "geometry": {
        "type": "Point",
        "coordinates": [
          74.42951365470643,
          31.60600984717836
        ]
      }
    },
    {
      "type": "Feature",
      "properties": {
        "Id": 0,
        "layer": "Manholes"
      },
      "geometry": {
        "type": "Point",
        "coordinates": [
          74.42952612117911,
          31.60603121938056
        ]
      }
    },
    {
      "type": "Feature",
      "properties": {
        "Id": 0,
        "layer": "Manholes"
      },
      "geometry": {
        "type": "Point",
        "coordinates": [
          74.42953679052539,
          31.606296630835192
        ]
      }
    },
    {
      "type": "Feature",
      "properties": {
        "Id": 0,
        "layer": "Manholes"
      },
      "geometry": {
        "type": "Point",
        "coordinates": [
          74.4295186349903,
          31.606329323300322
        ]
      }
    },
    {
      "type": "Feature",
      "properties": {
        "Id": 0,
        "layer": "Manholes"
      },
      "geometry": {
        "type": "Point",
        "coordinates": [
          74.42945397748188,
          31.60635584924259
        ]
      }
    },
    {
      "type": "Feature",
      "properties": {
        "Id": 0,
        "layer": "Manholes"
      },
      "geometry": {
        "type": "Point",
        "coordinates": [
          74.42916883775922,
          31.606362259092656
        ]
      }
    },
    {
      "type": "Feature",
      "properties": {
        "Id": 0,
        "layer": "Manholes"
      },
      "geometry": {
        "type": "Point",
        "coordinates": [
          74.42849311164318,
          31.606360021710042
        ]
      }
    },
    {
      "type": "Feature",
      "properties": {
        "Id": 0,
        "layer": "Manholes"
      },
      "geometry": {
        "type": "Point",
        "coordinates": [
          74.42826901821013,
          31.606361214267338
        ]
      }
    },
    {
      "type": "Feature",
      "properties": {
        "Id": 0,
        "layer": "Manholes"
      },
      "geometry": {
        "type": "Point",
        "coordinates": [
          74.43090079114629,
          31.606800335860097
        ]
      }
    },
    {
      "type": "Feature",
      "properties": {
        "Id": 0,
        "layer": "Manholes"
      },
      "geometry": {
        "type": "Point",
        "coordinates": [
          74.42965040749102,
          31.606823671067655
        ]
      }
    },
    {
      "type": "Feature",
      "properties": {
        "Id": 0,
        "layer": "Manholes"
      },
      "geometry": {
        "type": "Point",
        "coordinates": [
          74.43055734166454,
          31.608288756771536
        ]
      }
    },
    {
      "type": "Feature",
      "properties": {
        "Id": 0,
        "layer": "Manholes"
      },
      "geometry": {
        "type": "Point",
        "coordinates": [
          74.42948921309906,
          31.605384728835343
        ]
      }
    },
    {
      "type": "Feature",
      "properties": {
        "Id": 0,
        "layer": "Manholes"
      },
      "geometry": {
        "type": "Point",
        "coordinates": [
          74.4293866031397,
          31.605412983518164
        ]
      }
    },
    {
      "type": "Feature",
      "properties": {
        "Id": 0,
        "layer": "Manholes"
      },
      "geometry": {
        "type": "Point",
        "coordinates": [
          74.4291625843191,
          31.605412641120825
        ]
      }
    },
    {
      "type": "Feature",
      "properties": {
        "Id": 0,
        "layer": "Manholes"
      },
      "geometry": {
        "type": "Point",
        "coordinates": [
          74.42848860282106,
          31.605422123400185
        ]
      }
    },
    {
      "type": "Feature",
      "properties": {
        "Id": 0,
        "layer": "Manholes"
      },
      "geometry": {
        "type": "Point",
        "coordinates": [
          74.43360866603959,
          31.606875830908844
        ]
      }
    },
    {
      "type": "Feature",
      "properties": {
        "Id": 0,
        "layer": "Manholes"
      },
      "geometry": {
        "type": "Point",
        "coordinates": [
          74.43227970549226,
          31.60810040948932
        ]
      }
    },
    {
      "type": "Feature",
      "properties": {
        "Id": 0,
        "layer": "Manholes"
      },
      "geometry": {
        "type": "Point",
        "coordinates": [
          74.43244119467957,
          31.60830703006048
        ]
      }
    },
    {
      "type": "Feature",
      "properties": {
        "Id": 0,
        "layer": "Manholes"
      },
      "geometry": {
        "type": "Point",
        "coordinates": [
          74.431182194902,
          31.609958884730478
        ]
      }
    },
    {
      "type": "Feature",
      "properties": {
        "Id": 0,
        "layer": "Manholes"
      },
      "geometry": {
        "type": "Point",
        "coordinates": [
          74.43118475895406,
          31.60976968143053
        ]
      }
    },
    {
      "type": "Feature",
      "properties": {
        "Id": 0,
        "layer": "Park"
      },
      "geometry": {
        "type": "Polygon",
        "coordinates": [
          [
            [
              74.43336095277773,
              31.609591284020063
            ],
            [
              74.43334753579005,
              31.6096194010138
            ],
            [
              74.43328446597573,
              31.609755900583075
            ],
            [
              74.43320630733754,
              31.609905651068676
            ],
            [
              74.43312289866324,
              31.61004977904444
            ],
            [
              74.43307385402575,
              31.610128809376246
            ],
            [
              74.43300939991614,
              31.610217676722748
            ],
            [
              74.43300902501288,
              31.61021795745236
            ],
            [
              74.43300871199108,
              31.610218290785223
            ],
            [
              74.43300847146942,
              31.610218664137463
            ],
            [
              74.4330083098279,
              31.61021906851519
            ],
            [
              74.43300823347383,
              31.610219490413655
            ],
            [
              74.43300824248372,
              31.610219917202137
            ],
            [
              74.4330083390426,
              31.610220336259253
            ],
            [
              74.43300851901562,
              31.610220734033483
            ],
            [
              74.43300877719734,
              31.61022109967508
            ],
            [
              74.4330091052251,
              31.61022142141812
            ],
            [
              74.43300949367118,
              31.61022168929634
            ],
            [
              74.43300993098292,
              31.610221896040738
            ],
            [
              74.4330104024451,
              31.610222034368256
            ],
            [
              74.43301089543448,
              31.610222099711766
            ],
            [
              74.43301139413784,
              31.610222092001106
            ],
            [
              74.43301188380714,
              31.610222009366375
            ],
            [
              74.4330123496615,
              31.61022185535082
            ],
            [
              74.43301277690912,
              31.610221635302025
            ],
            [
              74.43301315286662,
              31.610221354577078
            ],
            [
              74.43303626513793,
              31.610206813281227
            ],
            [
              74.43305937737152,
              31.61019227200032
            ],
            [
              74.43312352476406,
              31.610154009501425
            ],
            [
              74.43324189899737,
              31.610094883843814
            ],
            [
              74.4333299661625,
              31.61005414342441
            ],
            [
              74.43333629578117,
              31.610047710731635
            ],
            [
              74.43334212384052,
              31.610041061085848
            ],
            [
              74.43334643835466,
              31.610035050712376
            ],
            [
              74.43335407521141,
              31.610020440712606
            ],
            [
              74.43335894997367,
              31.610004957744337
            ],
            [
              74.43335999327208,
              31.60999893195625
            ],
            [
              74.43335956345491,
              31.609986871021075
            ],
            [
              74.43335858991551,
              31.609898359243342
            ],
            [
              74.43336094085694,
              31.609759469799318
            ],
            [
              74.4333620343597,
              31.609620360948615
            ],
            [
              74.43336095277773,
              31.609591284020063
            ]
          ]
        ]
      }
    },
    {
      "type": "Feature",
      "properties": {
        "Id": 0,
        "layer": "Park"
      },
      "geometry": {
        "type": "Polygon",
        "coordinates": [
          [
            [
              74.43346319617504,
              31.609859744474914
            ],
            [
              74.43346254775447,
              31.60996681423866
            ],
            [
              74.43346361785619,
              31.609968790383764
            ],
            [
              74.43346505368609,
              31.609970588694186
            ],
            [
              74.43346681602141,
              31.609972160045253
            ],
            [
              74.43346885672024,
              31.609973461512123
            ],
            [
              74.43347112003649,
              31.609974457542442
            ],
            [
              74.43347354414284,
              31.60997512092752
            ],
            [
              74.43347606281964,
              31.60997543354555
            ],
            [
              74.43347860726381,
              31.609975386856718
            ],
            [
              74.4334811079684,
              31.60997498213643
            ],
            [
              74.43356689100959,
              31.609949550117204
            ],
            [
              74.43365392904764,
              31.60992746082962
            ],
            [
              74.43374204433331,
              31.609908759384417
            ],
            [
              74.43380980950025,
              31.609895541881382
            ],
            [
              74.43387818267422,
              31.60988486109427
            ],
            [
              74.43387917796777,
              31.609862323896316
            ],
            [
              74.43346319617504,
              31.609859744474914
            ]
          ]
        ]
      }
    },
    {
      "type": "Feature",
      "properties": {
        "Id": 0,
        "layer": "Park"
      },
      "geometry": {
        "type": "Polygon",
        "coordinates": [
          [
            [
              74.43392279439018,
              31.607974265114137
            ],
            [
              74.43386686395225,
              31.608031850148766
            ],
            [
              74.43380704680939,
              31.608086499388786
            ],
            [
              74.43370354464048,
              31.60817354123525
            ],
            [
              74.43361533121711,
              31.608233992878446
            ],
            [
              74.43357248713438,
              31.608264675108
            ],
            [
              74.43356916980382,
              31.608267549028668
            ],
            [
              74.43356645919964,
              31.608270856308348
            ],
            [
              74.43356443129707,
              31.608274504247767
            ],
            [
              74.433563142936,
              31.608278390599285
            ],
            [
              74.43356263022783,
              31.60828240643291
            ],
            [
              74.43356290754328,
              31.608286439189342
            ],
            [
              74.43356292503582,
              31.608288142469043
            ],
            [
              74.43356326200484,
              31.608289821224908
            ],
            [
              74.43356390969849,
              31.60829143185566
            ],
            [
              74.43356485129463,
              31.608292932529455
            ],
            [
              74.43356606233783,
              31.608294284270237
            ],
            [
              74.43356751137442,
              31.608295451970122
            ],
            [
              74.43356916076955,
              31.608296405301196
            ],
            [
              74.43357096768453,
              31.60829711950321
            ],
            [
              74.4335728851895,
              31.60829757602664
            ],
            [
              74.43357486348238,
              31.6082977630145
            ],
            [
              74.43397824306274,
              31.608300041161478
            ],
            [
              74.43435786061369,
              31.60830221281199
            ],
            [
              74.43437918827868,
              31.608278785569077
            ],
            [
              74.43432696166312,
              31.60825135734401
            ],
            [
              74.43421620692374,
              31.608175425513778
            ],
            [
              74.43407254009213,
              31.608076929308815
            ],
            [
              74.43392279439018,
              31.607974265114137
            ]
          ]
        ]
      }
    },
    {
      "type": "Feature",
      "properties": {
        "Id": 0,
        "layer": "Park"
      },
      "geometry": {
        "type": "Polygon",
        "coordinates": [
          [
            [
              74.43246938172771,
              31.607981683811772
            ],
            [
              74.43228885022127,
              31.60800881357484
            ],
            [
              74.43228881899921,
              31.608013958804282
            ],
            [
              74.43236472151433,
              31.60810274745582
            ],
            [
              74.43243661909183,
              31.60819102823192
            ],
            [
              74.43248315442476,
              31.608259839902068
            ],
            [
              74.43250499512597,
              31.608293504338434
            ],
            [
              74.43251442931614,
              31.608295751409848
            ],
            [
              74.4326369836755,
              31.6082926205614
            ],
            [
              74.4327732532034,
              31.6082939608163
            ],
            [
              74.43300170957139,
              31.608295465149066
            ],
            [
              74.43321185230454,
              31.60829541770717
            ],
            [
              74.43318438203852,
              31.608245802268836
            ],
            [
              74.43312632803882,
              31.608140677135736
            ],
            [
              74.43310169848583,
              31.608094749549075
            ],
            [
              74.43298517992322,
              31.608141275743467
            ],
            [
              74.43282314714618,
              31.60818661967238
            ],
            [
              74.43271136199317,
              31.608207929826218
            ],
            [
              74.43257383152377,
              31.60822569527219
            ],
            [
              74.43249478139178,
              31.608230979491385
            ],
            [
              74.4324798943283,
              31.60823091334942
            ],
            [
              74.4324764796601,
              31.608227467932693
            ],
            [
              74.43247741580313,
              31.60819585503016
            ],
            [
              74.432473828707,
              31.608152872818714
            ],
            [
              74.4324731241064,
              31.60812574884522
            ],
            [
              74.43247389860792,
              31.60810118915476
            ],
            [
              74.43246978716768,
              31.608056735856294
            ],
            [
              74.43246966136027,
              31.60803344731536
            ],
            [
              74.43246938172771,
              31.607981683811772
            ]
          ]
        ]
      }
    },
    {
      "type": "Feature",
      "properties": {
        "Id": 0,
        "layer": "Park"
      },
      "geometry": {
        "type": "Polygon",
        "coordinates": [
          [
            [
              74.43284012413704,
              31.606708504202015
            ],
            [
              74.4328390227566,
              31.60670654264602
            ],
            [
              74.43283755669353,
              31.606704764468887
            ],
            [
              74.43283576650998,
              31.606703218868162
            ],
            [
              74.43283370173575,
              31.606701948606606
            ],
            [
              74.43283141949775,
              31.606700988829054
            ],
            [
              74.43282898293958,
              31.606700366090067
            ],
            [
              74.4328264594745,
              31.60670009761919
            ],
            [
              74.4328239189202,
              31.606700190844347
            ],
            [
              74.43282143156726,
              31.606700643186215
            ],
            [
              74.43281906623423,
              31.60670144212969
            ],
            [
              74.43281688836376,
              31.606702565570068
            ],
            [
              74.43281495821185,
              31.60670398242467
            ],
            [
              74.43250093559777,
              31.606886105878733
            ],
            [
              74.43249860129552,
              31.606888291529618
            ],
            [
              74.43249669260004,
              31.606890761296018
            ],
            [
              74.43249525596487,
              31.60689345506922
            ],
            [
              74.43249432635461,
              31.60689630728865
            ],
            [
              74.432493926394,
              31.606899248537513
            ],
            [
              74.43249406581725,
              31.606902207232235
            ],
            [
              74.43249474123114,
              31.60690511136463
            ],
            [
              74.43249593619764,
              31.606907890254387
            ],
            [
              74.43256857256287,
              31.607015484117287
            ],
            [
              74.43263722944013,
              31.6071249751177
            ],
            [
              74.43272349417995,
              31.60728423686402
            ],
            [
              74.43272535306811,
              31.60728670038436
            ],
            [
              74.43272763541033,
              31.607288887739223
            ],
            [
              74.43273028611024,
              31.607290746125216
            ],
            [
              74.43273324117916,
              31.607292230680347
            ],
            [
              74.43273642928082,
              31.607293305566987
            ],
            [
              74.4327397734535,
              31.607293944837043
            ],
            [
              74.43274823652753,
              31.60729568502096
            ],
            [
              74.4327568932806,
              31.607296459406854
            ],
            [
              74.43276559390371,
              31.60729625459364
            ],
            [
              74.43276910431092,
              31.607295784562133
            ],
            [
              74.43277249400394,
              31.60729487296857
            ],
            [
              74.4327756875946,
              31.607293540087184
            ],
            [
              74.43277861405608,
              31.607291815561812
            ],
            [
              74.43278120830269,
              31.607289737746616
            ],
            [
              74.43282426261717,
              31.60725422487229
            ],
            [
              74.43286168001377,
              31.60721430739921
            ],
            [
              74.4328928507957,
              31.607170635769393
            ],
            [
              74.4329172670549,
              31.607123921596738
            ],
            [
              74.43293678183142,
              31.60708104875269
            ],
            [
              74.43295096874333,
              31.60703666862697
            ],
            [
              74.4329596732448,
              31.60699126470059
            ],
            [
              74.4329562390835,
              31.60693531470445
            ],
            [
              74.432947375738,
              31.60687980344033
            ],
            [
              74.43293501242334,
              31.60684850262173
            ],
            [
              74.43291899318154,
              31.60681844035708
            ],
            [
              74.43289871209092,
              31.606788925410147
            ],
            [
              74.43286267994877,
              31.60673648917321
            ],
            [
              74.43284012413704,
              31.606708504202015
            ]
          ]
        ]
      }
    },
    {
      "type": "Feature",
      "properties": {
        "Id": 0,
        "layer": "Park"
      },
      "geometry": {
        "type": "Polygon",
        "coordinates": [
          [
            [
              74.43235442683063,
              31.607286808594736
            ],
            [
              74.43219654159786,
              31.607356549421286
            ],
            [
              74.43223688308419,
              31.607373730034737
            ],
            [
              74.43227918307308,
              31.60738702014801
            ],
            [
              74.43232293113452,
              31.60739625939023
            ],
            [
              74.43236759936408,
              31.607401336272083
            ],
            [
              74.43242444470495,
              31.60740375122623
            ],
            [
              74.4324812889303,
              31.607401317109456
            ],
            [
              74.43253756868826,
              31.607394058044868
            ],
            [
              74.4325927262212,
              31.60738204597293
            ],
            [
              74.43262858872114,
              31.607369571551942
            ],
            [
              74.43258966306738,
              31.60729704189901
            ],
            [
              74.43239775585435,
              31.607370843082848
            ],
            [
              74.43235442683063,
              31.607286808594736
            ]
          ]
        ]
      }
    },
    {
      "type": "Feature",
      "properties": {
        "Id": 0,
        "layer": "Park"
      },
      "geometry": {
        "type": "Polygon",
        "coordinates": [
          [
            [
              74.43471557045967,
              31.607992745640928
            ],
            [
              74.43496586769807,
              31.608005226734615
            ],
            [
              74.4349659228372,
              31.60800043587917
            ],
            [
              74.43496753900843,
              31.60773283550884
            ],
            [
              74.43497012800955,
              31.60760299084837
            ],
            [
              74.43497033670359,
              31.60747312753617
            ],
            [
              74.43497142666365,
              31.607422870741207
            ],
            [
              74.43496356351409,
              31.607422835959074
            ],
            [
              74.43492941276524,
              31.607533951723592
            ],
            [
              74.43489184905462,
              31.607644259328602
            ],
            [
              74.4348462464261,
              31.607750102368964
            ],
            [
              74.43479621856011,
              31.60785447233804
            ],
            [
              74.43475775993143,
              31.607924406232705
            ],
            [
              74.43473666530441,
              31.60795857581304
            ],
            [
              74.43471557045967,
              31.607992745640928
            ]
          ]
        ]
      }
    },
    {
      "type": "Feature",
      "properties": {
        "Id": 0,
        "layer": "Park"
      },
      "geometry": {
        "type": "Polygon",
        "coordinates": [
          [
            [
              74.4285433117093,
              31.60989379921861
            ],
            [
              74.42846280305534,
              31.609891524805313
            ],
            [
              74.42847022247544,
              31.610141552301382
            ],
            [
              74.42867643990849,
              31.61014324053747
            ],
            [
              74.42868811274083,
              31.610136401634513
            ],
            [
              74.4286552459952,
              31.610097587818004
            ],
            [
              74.4285433117093,
              31.60989379921861
            ]
          ]
        ]
      }
    },
    {
      "type": "Feature",
      "properties": {
        "Id": 0,
        "layer": "Park"
      },
      "geometry": {
        "type": "Polygon",
        "coordinates": [
          [
            [
              74.4330581658467,
              31.609183904247654
            ],
            [
              74.43275756156928,
              31.60918207962078
            ],
            [
              74.43275225909053,
              31.609181639968458
            ],
            [
              74.43274694258388,
              31.609181930129505
            ],
            [
              74.4327417483196,
              31.609182942666603
            ],
            [
              74.43273680943486,
              31.609184651626887
            ],
            [
              74.43273225252095,
              31.609187013207006
            ],
            [
              74.43272819437874,
              31.609189966875967
            ],
            [
              74.4327247390248,
              31.609193436926653
            ],
            [
              74.43272197502536,
              31.609197334416194
            ],
            [
              74.43271997322613,
              31.60920155944583
            ],
            [
              74.43271878493647,
              31.609206003721408
            ],
            [
              74.43271844061425,
              31.609210553329117
            ],
            [
              74.43271002013462,
              31.6092696337528
            ],
            [
              74.43294983370225,
              31.609296621451442
            ],
            [
              74.43303337185377,
              31.60930679298137
            ],
            [
              74.4330581658467,
              31.609183904247654
            ]
          ]
        ]
      }
    },
    {
      "type": "Feature",
      "properties": {
        "Id": 0,
        "layer": "Road Track"
      },
      "geometry": {
        "type": "LineString",
        "coordinates": [
          [
            74.42821918632939,
            31.605421049103644
          ],
          [
            74.42857913904432,
            31.60542634003947
          ],
          [
            74.42916701349388,
            31.60542949417254
          ],
          [
            74.42943115597012,
            31.605431200021393
          ],
          [
            74.42945114552334,
            31.605428476413515
          ],
          [
            74.42947029083585,
            31.605422853420116
          ],
          [
            74.4294880222962,
            31.605414498336547
          ],
          [
            74.42950381235829,
            31.605403659743285
          ],
          [
            74.42950825024178,
            31.605381072283553
          ],
          [
            74.42950242055232,
            31.60524202523157
          ],
          [
            74.42949950303108,
            31.605102911099245
          ]
        ]
      }
    },
    {
      "type": "Feature",
      "properties": {
        "Id": 0,
        "layer": "Road Track"
      },
      "geometry": {
        "type": "LineString",
        "coordinates": [
          [
            74.42958243220316,
            31.60510328143925
          ],
          [
            74.42958494733085,
            31.60525210699475
          ],
          [
            74.42958983248823,
            31.605400889380658
          ],
          [
            74.42960044866601,
            31.605412667756003
          ],
          [
            74.42961320587801,
            31.605422770988476
          ],
          [
            74.42962774877557,
            31.60543091765476
          ],
          [
            74.42964367226979,
            31.60543688083118
          ],
          [
            74.42976512359346,
            31.60544552575983
          ],
          [
            74.42988612118671,
            31.605457988232082
          ],
          [
            74.43000650128525,
            31.605474251380798
          ],
          [
            74.43016081796219,
            31.605501795213854
          ],
          [
            74.43031327950143,
            31.605536081226113
          ],
          [
            74.43046360993986,
            31.605570767248597
          ],
          [
            74.43061159053254,
            31.605612198857543
          ],
          [
            74.43075680835489,
            31.60566026044355
          ],
          [
            74.4308988581897,
            31.605714817896896
          ],
          [
            74.43102166545198,
            31.60576428137849
          ],
          [
            74.43114168425728,
            31.60581852714348
          ],
          [
            74.43125866052269,
            31.605877440354632
          ],
          [
            74.43137234660492,
            31.605940896293554
          ],
          [
            74.43154806498899,
            31.606037890759115
          ],
          [
            74.43154996082477,
            31.606039511081708
          ],
          [
            74.43155213695792,
            31.60604084878517
          ],
          [
            74.43155453651455,
            31.60604186890824
          ],
          [
            74.43155709678163,
            31.606042544789727
          ],
          [
            74.43155975084582,
            31.606042858765274
          ],
          [
            74.43156242934243,
            31.606042802629045
          ],
          [
            74.43156506226816,
            31.60604237784817
          ],
          [
            74.43156758081076,
            31.60604159552441
          ],
          [
            74.43156991914744,
            31.606040476104024
          ],
          [
            74.43157201616508,
            31.606039048843392
          ],
          [
            74.43159254380674,
            31.605998502766482
          ],
          [
            74.43160682110533,
            31.605956037199793
          ],
          [
            74.43161461190432,
            31.605912354579125
          ],
          [
            74.43161578734299,
            31.605868177470978
          ],
          [
            74.43162186401436,
            31.605657904212265
          ],
          [
            74.43161401172907,
            31.605634629549783
          ],
          [
            74.43160179009176,
            31.605612778559387
          ],
          [
            74.43158553252289,
            31.605592947356172
          ],
          [
            74.43156568254598,
            31.605575676953237
          ],
          [
            74.4315427816878,
            31.605561438502377
          ],
          [
            74.4314527200456,
            31.605514714517483
          ],
          [
            74.43136107748965,
            31.605470299219796
          ],
          [
            74.43121991117195,
            31.605404843800585
          ],
          [
            74.43107562315646,
            31.605344580285436
          ],
          [
            74.43092847398906,
            31.605289617491678
          ],
          [
            74.43080641431185,
            31.605248282138387
          ],
          [
            74.43068248002356,
            31.605211257415398
          ],
          [
            74.4305568788579,
            31.605178605381273
          ],
          [
            74.43052578859182,
            31.605170810538347
          ]
        ]
      }
    },
    {
      "type": "Feature",
      "properties": {
        "Id": 0,
        "layer": "Road Track"
      },
      "geometry": {
        "type": "LineString",
        "coordinates": [
          [
            74.43052774487799,
            31.605120642922554
          ],
          [
            74.43073082870403,
            31.605162030920006
          ],
          [
            74.43083019988077,
            31.60518613250595
          ],
          [
            74.43091847869798,
            31.605215967857653
          ],
          [
            74.4310493843348,
            31.605260477857218
          ],
          [
            74.43109747730202,
            31.605244005625856
          ],
          [
            74.43115454524786,
            31.605231424056786
          ],
          [
            74.43128354580637,
            31.605228147732443
          ],
          [
            74.43172747497763,
            31.605228839809463
          ]
        ]
      }
    },
    {
      "type": "Feature",
      "properties": {
        "Id": 0,
        "layer": "Road Track"
      },
      "geometry": {
        "type": "LineString",
        "coordinates": [
          [
            74.43172706181275,
            31.605296867248185
          ],
          [
            74.43118556368611,
            31.605309860025113
          ],
          [
            74.43143829364888,
            31.60543035727354
          ],
          [
            74.43169694526584,
            31.605563716081345
          ],
          [
            74.43169223842564,
            31.605844797226776
          ],
          [
            74.43169483251218,
            31.605911554466665
          ],
          [
            74.4316899902398,
            31.605968010052898
          ],
          [
            74.431621238682,
            31.60607685904612
          ],
          [
            74.43161563616907,
            31.606082922310755
          ],
          [
            74.43176082453718,
            31.60619393384508
          ],
          [
            74.43190991002874,
            31.606310682714422
          ],
          [
            74.43205303326181,
            31.60643817227571
          ],
          [
            74.43221483011682,
            31.606598383284528
          ],
          [
            74.43236976224439,
            31.606788510343108
          ],
          [
            74.4324836730547,
            31.606935721952585
          ],
          [
            74.43272550796027,
            31.60731836496947
          ],
          [
            74.43272945322398,
            31.607322346135884
          ],
          [
            74.43273411830465,
            31.607325709193976
          ],
          [
            74.43273937282731,
            31.607328360156316
          ],
          [
            74.43274506994382,
            31.607330224936447
          ],
          [
            74.43275105043683,
            31.607331251419367
          ],
          [
            74.43275714716947,
            31.607331410917922
          ],
          [
            74.43276318975624,
            31.607330698974593
          ],
          [
            74.43276900932497,
            31.60732913548609
          ],
          [
            74.43277444323608,
            31.607326764147235
          ],
          [
            74.43277933962808,
            31.607323651229827
          ],
          [
            74.43281843565285,
            31.60729377294163
          ],
          [
            74.432852071814,
            31.607259369938483
          ],
          [
            74.43288445195732,
            31.607221399234763
          ],
          [
            74.4329123568921,
            31.607180910024184
          ],
          [
            74.43293552128237,
            31.607138287309688
          ],
          [
            74.43295372486989,
            31.607093936380714
          ],
          [
            74.4329687249739,
            31.607053596345988
          ],
          [
            74.4329779003542,
            31.607011997585193
          ],
          [
            74.43298111568019,
            31.606969753687046
          ],
          [
            74.4329783235334,
            31.60692748775537
          ],
          [
            74.43297401357016,
            31.60689074108694
          ],
          [
            74.43296648025206,
            31.606854376864728
          ],
          [
            74.43296168054353,
            31.606835428532904
          ],
          [
            74.43294965578934,
            31.606792263594986
          ],
          [
            74.43293879910625,
            31.606759093104696
          ],
          [
            74.43292545336084,
            31.60673116907072
          ],
          [
            74.43290844730994,
            31.606699022779654
          ],
          [
            74.4328337105383,
            31.606563047277707
          ],
          [
            74.4327913119202,
            31.606463492129766
          ]
        ]
      }
    },
    {
      "type": "Feature",
      "properties": {
        "Id": 0,
        "layer": "Road Track"
      },
      "geometry": {
        "type": "LineString",
        "coordinates": [
          [
            74.43287681745329,
            31.606444419002422
          ],
          [
            74.43300514684385,
            31.60675886187201
          ],
          [
            74.43302363162813,
            31.606791635546415
          ],
          [
            74.43303745012787,
            31.606826052394464
          ],
          [
            74.43304640776162,
            31.60686162779779
          ],
          [
            74.4330503783926,
            31.606897860824063
          ],
          [
            74.43305697490962,
            31.606939709805815
          ],
          [
            74.4330583909344,
            31.606981920468282
          ],
          [
            74.43305461074678,
            31.607024024413764
          ],
          [
            74.43304567628734,
            31.60706555442808
          ],
          [
            74.43303494452157,
            31.607108420491166
          ],
          [
            74.43301866733354,
            31.607149987280625
          ],
          [
            74.43299704977827,
            31.60718973113249
          ],
          [
            74.4329703641904,
            31.607227151347775
          ],
          [
            74.43294315942356,
            31.607264686683664
          ],
          [
            74.43291171778594,
            31.607299713939877
          ],
          [
            74.43287635254,
            31.607331884124385
          ],
          [
            74.43281689141,
            31.607375985943104
          ],
          [
            74.43275359261949,
            31.607415984891883
          ],
          [
            74.43270194615405,
            31.607438416367167
          ],
          [
            74.43264849036314,
            31.607457492260714
          ],
          [
            74.43259352241115,
            31.607473106528047
          ],
          [
            74.43253096686321,
            31.607485593225803
          ],
          [
            74.43246719394676,
            31.607492171895895
          ],
          [
            74.43240296314755,
            31.607492764191655
          ],
          [
            74.43233637337667,
            31.607486538892854
          ],
          [
            74.43227089020493,
            31.60747446413679
          ],
          [
            74.43220721326027,
            31.60745666893142
          ],
          [
            74.43217288446594,
            31.607448199511587
          ],
          [
            74.43214037325507,
            31.60743552228914
          ],
          [
            74.43211037950294,
            31.607418910169528
          ],
          [
            74.43209938650125,
            31.607412869966982
          ],
          [
            74.43208733947677,
            31.607408545948086
          ],
          [
            74.43207460071966,
            31.607406068149015
          ],
          [
            74.43206155332246,
            31.6074055110846
          ],
          [
            74.43204858965933,
            31.60740689150743
          ],
          [
            74.43203609958634,
            31.60741016790404
          ],
          [
            74.4319725065278,
            31.607440614718648
          ],
          [
            74.4319103949815,
            31.607473224735934
          ],
          [
            74.43179021577292,
            31.60753683177172
          ],
          [
            74.4317137416002,
            31.607585912123668
          ],
          [
            74.43169646117457,
            31.607598979008145
          ],
          [
            74.43169015933088,
            31.60760772507675
          ],
          [
            74.43168556952422,
            31.607617219878044
          ],
          [
            74.43168280945123,
            31.60762721993749
          ],
          [
            74.43168194988888,
            31.60763746882418
          ],
          [
            74.43168301287952,
            31.607647703726432
          ],
          [
            74.4316859711655,
            31.607657662191116
          ],
          [
            74.43169074888826,
            31.607667088853685
          ],
          [
            74.43169722353325,
            31.607675741986466
          ],
          [
            74.43171755658283,
            31.60768603200922
          ],
          [
            74.4317489478092,
            31.607696266073127
          ],
          [
            74.43188964363053,
            31.60777058110586
          ],
          [
            74.43199424069486,
            31.607832958654313
          ],
          [
            74.43203499832855,
            31.607854674630772
          ],
          [
            74.43205266998729,
            31.607858118009077
          ],
          [
            74.43209313865323,
            31.607862672182986
          ],
          [
            74.43218154394829,
            31.607872150170202
          ],
          [
            74.43230253233953,
            31.60788984843986
          ],
          [
            74.43238703060406,
            31.607895271156327
          ],
          [
            74.43249634679606,
            31.607892728551636
          ],
          [
            74.43259232215294,
            31.607885752348086
          ],
          [
            74.43268678199524,
            31.607869347890393
          ],
          [
            74.43276001742174,
            31.60785183967081
          ],
          [
            74.43284233827664,
            31.607827305661164
          ],
          [
            74.43289921835024,
            31.60780645230871
          ],
          [
            74.43297873371995,
            31.607768017686283
          ],
          [
            74.43302881760758,
            31.607743003969816
          ],
          [
            74.43308405736407,
            31.607710610547247
          ],
          [
            74.43317171329234,
            31.6076490871554
          ],
          [
            74.43325668834945,
            31.607575774992576
          ],
          [
            74.43331960781258,
            31.60750875805527
          ],
          [
            74.43337826156765,
            31.607431964230944
          ],
          [
            74.43340996303246,
            31.607384855528025
          ],
          [
            74.43343782358413,
            31.607336000746635
          ],
          [
            74.4334617126228,
            31.6072856289103
          ],
          [
            74.43348790241456,
            31.60721803870031
          ],
          [
            74.43350775465157,
            31.607148885565415
          ],
          [
            74.43352046766249,
            31.607093386423937
          ],
          [
            74.43352842227728,
            31.607037242092137
          ],
          [
            74.43353157622543,
            31.60698075097923
          ],
          [
            74.43353459068553,
            31.606924410886098
          ],
          [
            74.43353072251614,
            31.60686810899894
          ],
          [
            74.43352001392444,
            31.60681245947093
          ],
          [
            74.43350310354514,
            31.60673854339748
          ],
          [
            74.43347843760735,
            31.606666242559395
          ],
          [
            74.43346852673564,
            31.60663309100554
          ],
          [
            74.43345478275654,
            31.606600956700202
          ],
          [
            74.43343734413126,
            31.606570163365415
          ],
          [
            74.43342048500153,
            31.606537870762256
          ],
          [
            74.4334001670184,
            31.606507070977827
          ],
          [
            74.43337656869912,
            31.606478034619183
          ]
        ]
      }
    },
    {
      "type": "Feature",
      "properties": {
        "Id": 0,
        "layer": "Road Track"
      },
      "geometry": {
        "type": "LineString",
        "coordinates": [
          [
            74.4334398643978,
            31.606446391785468
          ],
          [
            74.43347299784763,
            31.60648977787277
          ],
          [
            74.43350189580684,
            31.60653532775126
          ],
          [
            74.43352636656262,
            31.606582739247184
          ],
          [
            74.43354624777106,
            31.606631697836487
          ],
          [
            74.43356865610015,
            31.606706669252908
          ],
          [
            74.43358740627257,
            31.606782372577914
          ],
          [
            74.4336024659127,
            31.606858677131928
          ],
          [
            74.43360879176429,
            31.60692655517993
          ],
          [
            74.43360869980486,
            31.606994648738514
          ],
          [
            74.4336021906197,
            31.607062514088966
          ],
          [
            74.43358930661083,
            31.60712970899862
          ],
          [
            74.43356163255291,
            31.60722305013741
          ],
          [
            74.4335273370195,
            31.607314767252426
          ],
          [
            74.43348654850554,
            31.60740451665632
          ],
          [
            74.43344173219177,
            31.607469207923003
          ],
          [
            74.4333926490201,
            31.607531589886413
          ],
          [
            74.43333946097904,
            31.607591456657893
          ],
          [
            74.43328234360601,
            31.6076486106496
          ],
          [
            74.4332215732304,
            31.607698812007982
          ],
          [
            74.43315731895197,
            31.607745728456432
          ],
          [
            74.43308982278404,
            31.607789183280993
          ],
          [
            74.43303672154799,
            31.607821519785503
          ],
          [
            74.43298054191807,
            31.607849790901643
          ],
          [
            74.4329217077046,
            31.607873783355426
          ],
          [
            74.43286066274486,
            31.60789331615047
          ],
          [
            74.4327735882627,
            31.60791872219234
          ],
          [
            74.43268465406932,
            31.60793886490144
          ],
          [
            74.43259429396909,
            31.607953646025358
          ],
          [
            74.43250345221199,
            31.60795977911946
          ],
          [
            74.43241239784662,
            31.60796282716435
          ],
          [
            74.43234705974537,
            31.607958970961224
          ],
          [
            74.4322815755014,
            31.607958039786013
          ],
          [
            74.43225558427359,
            31.60797141895364
          ],
          [
            74.43223254063852,
            31.607988296834776
          ],
          [
            74.4322130808762,
            31.608008207399184
          ],
          [
            74.43221253527977,
            31.608010487152136
          ],
          [
            74.43225081639027,
            31.60804640498272
          ],
          [
            74.43232958580057,
            31.60812772570585
          ],
          [
            74.43239202083909,
            31.608205528238067
          ],
          [
            74.43246834171559,
            31.60831720198315
          ],
          [
            74.43280941137604,
            31.608316580694648
          ],
          [
            74.43326107923333,
            31.608319374108092
          ],
          [
            74.43327768475704,
            31.608316293279845
          ],
          [
            74.43340025755094,
            31.608263210481738
          ],
          [
            74.43353652649485,
            31.608180220518044
          ],
          [
            74.43369331566144,
            31.608056312833547
          ],
          [
            74.43382860040967,
            31.607932835387604
          ],
          [
            74.43394678913516,
            31.60779193226209
          ],
          [
            74.43401432123301,
            31.607697596387336
          ],
          [
            74.43409691456695,
            31.607550752130994
          ],
          [
            74.43412616538687,
            31.60748831738278
          ],
          [
            74.43415736401423,
            31.607408541481863
          ],
          [
            74.43420565435287,
            31.607245246913713
          ],
          [
            74.43423327120115,
            31.60704663545762
          ],
          [
            74.43423023958259,
            31.60683684747922
          ],
          [
            74.43421271343864,
            31.606687456633782
          ]
        ]
      }
    },
    {
      "type": "Feature",
      "properties": {
        "Id": 0,
        "layer": "Road Track"
      },
      "geometry": {
        "type": "LineString",
        "coordinates": [
          [
            74.43428826293356,
            31.60668936849419
          ],
          [
            74.4343123780484,
            31.606866653300177
          ],
          [
            74.43430787608928,
            31.607103221202255
          ],
          [
            74.43427793885634,
            31.607279215115934
          ],
          [
            74.4342321948683,
            31.60742779996965
          ],
          [
            74.43414254558178,
            31.60762403362712
          ],
          [
            74.43403397956736,
            31.607799153371598
          ],
          [
            74.43389470084993,
            31.60797361115415
          ],
          [
            74.4337760693253,
            31.60808612172779
          ],
          [
            74.43362668377563,
            31.608204804835292
          ],
          [
            74.43357358883932,
            31.60824820670332
          ],
          [
            74.43355935782023,
            31.608264967616133
          ],
          [
            74.4335525271822,
            31.60827702958952
          ],
          [
            74.43354936967864,
            31.60829121085392
          ],
          [
            74.43355538546713,
            31.608312267556048
          ],
          [
            74.4335627158264,
            31.60831913482074
          ],
          [
            74.4336966230512,
            31.60832183156498
          ],
          [
            74.43436563083563,
            31.60832111557402
          ],
          [
            74.43437981404236,
            31.608312240618538
          ],
          [
            74.4344874447451,
            31.60819021726998
          ],
          [
            74.43465412403299,
            31.60795436728692
          ],
          [
            74.43475223630975,
            31.607780778005587
          ],
          [
            74.43483453820264,
            31.607580305402607
          ],
          [
            74.43492229399507,
            31.607290479237196
          ],
          [
            74.43495107593716,
            31.607203857683718
          ],
          [
            74.43497187187322,
            31.6071172007973
          ],
          [
            74.43497061634837,
            31.607019931350415
          ],
          [
            74.43497325175598,
            31.6068442108078
          ],
          [
            74.4349751765971,
            31.606525482896096
          ]
        ]
      }
    },
    {
      "type": "Feature",
      "properties": {
        "Id": 0,
        "layer": "Road Track"
      },
      "geometry": {
        "type": "LineString",
        "coordinates": [
          [
            74.43505345352806,
            31.60652714349192
          ],
          [
            74.4350517154376,
            31.606713251593057
          ],
          [
            74.43505158214775,
            31.60693879809557
          ],
          [
            74.43504821224582,
            31.60719166931536
          ],
          [
            74.43504716937727,
            31.607466106597634
          ],
          [
            74.4350459550546,
            31.60776893364879
          ],
          [
            74.43504580107735,
            31.60789616464079
          ],
          [
            74.43504089750869,
            31.60838828667247
          ],
          [
            74.43450529034439,
            31.608388504272835
          ],
          [
            74.43337956930613,
            31.608384546071825
          ],
          [
            74.43265144565937,
            31.608379968161003
          ],
          [
            74.4325299470723,
            31.608381447332174
          ],
          [
            74.43252206346911,
            31.608384777111905
          ],
          [
            74.43251771626178,
            31.60838845908268
          ],
          [
            74.43251572597153,
            31.608392488004757
          ],
          [
            74.4325145138367,
            31.60839786630537
          ],
          [
            74.43251760604953,
            31.608406628532546
          ],
          [
            74.43253507986303,
            31.608442709560702
          ],
          [
            74.43256072637824,
            31.608492622587352
          ],
          [
            74.43258787821792,
            31.60855364614731
          ],
          [
            74.43262496250462,
            31.60866249403009
          ],
          [
            74.43263728654198,
            31.608704945295337
          ],
          [
            74.43264380091507,
            31.608732902099455
          ],
          [
            74.43265984845353,
            31.608809690896077
          ],
          [
            74.43266889052082,
            31.60887467176313
          ],
          [
            74.43267760269143,
            31.60892922027327
          ],
          [
            74.43268307839358,
            31.60893395531811
          ],
          [
            74.4327003224328,
            31.608943116874396
          ],
          [
            74.43270896179644,
            31.608944837645833
          ],
          [
            74.43283752987304,
            31.608944735621563
          ],
          [
            74.43318547016632,
            31.608947626003662
          ],
          [
            74.43327983111163,
            31.60894770821563
          ],
          [
            74.43347916227094,
            31.60894892892624
          ],
          [
            74.43371230538573,
            31.608950299231513
          ],
          [
            74.43412670035195,
            31.608951799249503
          ],
          [
            74.43432563635554,
            31.608953353368936
          ],
          [
            74.43468342008062,
            31.608953927900085
          ],
          [
            74.43491892426667,
            31.608954969972128
          ],
          [
            74.43506674921414,
            31.608956296815176
          ],
          [
            74.43525822736974,
            31.608955797615128
          ],
          [
            74.43535337061263,
            31.608956554714798
          ]
        ]
      }
    },
    {
      "type": "Feature",
      "properties": {
        "Id": 0,
        "layer": "Road Track"
      },
      "geometry": {
        "type": "LineString",
        "coordinates": [
          [
            74.43535206565379,
            31.608974732347328
          ],
          [
            74.43520585525975,
            31.608976885451096
          ],
          [
            74.43513715933072,
            31.608977012375494
          ],
          [
            74.43493032707995,
            31.60897566685399
          ],
          [
            74.43475243028662,
            31.608974664394605
          ],
          [
            74.43461957157301,
            31.608974291741408
          ],
          [
            74.43434856875228,
            31.608973737962128
          ],
          [
            74.43408310687944,
            31.608972346767263
          ],
          [
            74.43391905073494,
            31.608971189119707
          ],
          [
            74.43365534895322,
            31.60897002018358
          ],
          [
            74.43342158911683,
            31.60896919886621
          ],
          [
            74.43315008963513,
            31.608967563603922
          ],
          [
            74.43289192492746,
            31.608966202316477
          ],
          [
            74.43272308145245,
            31.60896609861507
          ],
          [
            74.43272339003315,
            31.608968458814967
          ],
          [
            74.4327537915644,
            31.608969034859847
          ],
          [
            74.43286582386817,
            31.60896944412716
          ],
          [
            74.43310944715812,
            31.60897084225291
          ],
          [
            74.43342632978994,
            31.608973257658384
          ],
          [
            74.4337027248847,
            31.608974146862945
          ],
          [
            74.43392249851878,
            31.60897579399165
          ],
          [
            74.43420400678784,
            31.608976368291255
          ],
          [
            74.43444147072019,
            31.608978429365955
          ],
          [
            74.43465732294086,
            31.60897837546563
          ],
          [
            74.43494118615773,
            31.608979631524214
          ],
          [
            74.43526278891935,
            31.608981726774044
          ],
          [
            74.43535322642477,
            31.60898044418625
          ]
        ]
      }
    },
    {
      "type": "Feature",
      "properties": {
        "Id": 0,
        "layer": "Road Track"
      },
      "geometry": {
        "type": "LineString",
        "coordinates": [
          [
            74.43500289533165,
            31.60904787353574
          ],
          [
            74.43441551239951,
            31.609044937543494
          ],
          [
            74.43411906780786,
            31.609043624577765
          ],
          [
            74.43411798486657,
            31.60904442948667
          ],
          [
            74.43411707051183,
            31.609045375262568
          ],
          [
            74.43411634941637,
            31.609046436384904
          ],
          [
            74.43411584103802,
            31.609047584220622
          ],
          [
            74.43411555909476,
            31.609048787796812
          ],
          [
            74.43411551119448,
            31.609050014636487
          ],
          [
            74.43411569862971,
            31.60905123163493
          ],
          [
            74.43411611634275,
            31.609052405952937
          ],
          [
            74.43411675306217,
            31.60905350590305
          ],
          [
            74.43411759160689,
            31.60905450180447
          ],
          [
            74.43411860934982,
            31.609055366784048
          ],
          [
            74.43411977882847,
            31.609056077501407
          ],
          [
            74.43437140291732,
            31.609057191998215
          ],
          [
            74.43463482190029,
            31.609058358206035
          ],
          [
            74.43488840370118,
            31.60906082627106
          ],
          [
            74.43500478392606,
            31.60906066814443
          ],
          [
            74.43500595472722,
            31.60906002448829
          ],
          [
            74.43500697844748,
            31.609059217832613
          ],
          [
            74.43500782447259,
            31.609058272300352
          ],
          [
            74.43500846750227,
            31.609057216167567
          ],
          [
            74.43500888830678,
            31.60905608101778
          ],
          [
            74.43500907430203,
            31.609054900797535
          ],
          [
            74.43500901992586,
            31.609053710801195
          ],
          [
            74.43500872680437,
            31.60905254661548
          ],
          [
            74.43500820370335,
            31.60905144305523
          ],
          [
            74.43500746626609,
            31.609050433122302
          ],
          [
            74.43500653654556,
            31.609049547018635
          ],
          [
            74.43500544234499,
            31.609048811243046
          ],
          [
            74.43500421638629,
            31.609048247798835
          ],
          [
            74.43500289533165,
            31.60904787353574
          ]
        ]
      }
    },
    {
      "type": "Feature",
      "properties": {
        "Id": 0,
        "layer": "Road Track"
      },
      "geometry": {
        "type": "LineString",
        "coordinates": [
          [
            74.4337850018588,
            31.609042736366348
          ],
          [
            74.4334339941734,
            31.609039887846137
          ],
          [
            74.43310185049438,
            31.609038414168914
          ],
          [
            74.43275888570327,
            31.609037106920905
          ],
          [
            74.43272576502731,
            31.6090333177883
          ],
          [
            74.43269363955025,
            31.609025449200434
          ],
          [
            74.4326631915179,
            31.609013668261873
          ],
          [
            74.43263506755164,
            31.608998225163386
          ],
          [
            74.43262002889061,
            31.6089884677299
          ],
          [
            74.4326180002277,
            31.608991042887666
          ],
          [
            74.43261533030542,
            31.60909935077585
          ],
          [
            74.43262239406535,
            31.609096367289002
          ],
          [
            74.43266455110974,
            31.609074158409758
          ],
          [
            74.43270289198767,
            31.60905882368494
          ],
          [
            74.43272380812068,
            31.609053748239965
          ],
          [
            74.43274697450454,
            31.60905105160636
          ],
          [
            74.43278648077967,
            31.609051011698085
          ],
          [
            74.43291732657218,
            31.609051377322317
          ],
          [
            74.43315787652911,
            31.60905287573926
          ],
          [
            74.43340270802247,
            31.609053746653085
          ],
          [
            74.43371145073543,
            31.609055115804743
          ],
          [
            74.43378492626532,
            31.609055226182253
          ],
          [
            74.43378612935896,
            31.609054906435734
          ],
          [
            74.43378725269848,
            31.609054418449727
          ],
          [
            74.4337882644269,
            31.609053776063064
          ],
          [
            74.43378913585249,
            31.609052997493304
          ],
          [
            74.4337898422624,
            31.609052104820005
          ],
          [
            74.43379036362342,
            31.609051123358608
          ],
          [
            74.43379068515023,
            31.609050080942524
          ],
          [
            74.4337907977246,
            31.609049007133738
          ],
          [
            74.43379069815404,
            31.60904793238458
          ],
          [
            74.4337903892623,
            31.609046887173992
          ],
          [
            74.43378987980925,
            31.60904590114321
          ],
          [
            74.43378918424258,
            31.60904500225526
          ],
          [
            74.43378832228795,
            31.60904421600178
          ],
          [
            74.43378731838965,
            31.609043564680263
          ],
          [
            74.43378620101736,
            31.609043066761604
          ],
          [
            74.4337850018588,
            31.609042736366348
          ]
        ]
      }
    },
    {
      "type": "Feature",
      "properties": {
        "Id": 0,
        "layer": "Road Track"
      },
      "geometry": {
        "type": "LineString",
        "coordinates": [
          [
            74.43507732734354,
            31.609178009417622
          ],
          [
            74.4350742965277,
            31.60933419767275
          ],
          [
            74.43507321341035,
            31.60976585513521
          ],
          [
            74.43506892683352,
            31.609916167974962
          ],
          [
            74.43506884250117,
            31.609930132850835
          ],
          [
            74.43537473149895,
            31.609983238951564
          ]
        ]
      }
    },
    {
      "type": "Feature",
      "properties": {
        "Id": 0,
        "layer": "Road Track"
      },
      "geometry": {
        "type": "LineString",
        "coordinates": [
          [
            74.43537160395653,
            31.610024299388204
          ],
          [
            74.43513862100873,
            31.609978909079057
          ],
          [
            74.43507144929866,
            31.60997532606752
          ],
          [
            74.4350735178399,
            31.610268605433355
          ],
          [
            74.43507253553915,
            31.610749169902995
          ],
          [
            74.43506624447757,
            31.610919846684272
          ]
        ]
      }
    },
    {
      "type": "Feature",
      "properties": {
        "Id": 0,
        "layer": "Road Track"
      },
      "geometry": {
        "type": "LineString",
        "coordinates": [
          [
            74.43498639124171,
            31.61091791622244
          ],
          [
            74.4349891062229,
            31.610468411572654
          ],
          [
            74.43498795060485,
            31.610456314199315
          ],
          [
            74.4349830836289,
            31.610448406412626
          ],
          [
            74.43497821347833,
            31.610441024362228
          ],
          [
            74.43496779216837,
            31.610437298008744
          ],
          [
            74.43494447636996,
            31.61043246311083
          ],
          [
            74.43451936616138,
            31.61043005602984
          ],
          [
            74.43415998883813,
            31.610427938746962
          ],
          [
            74.43411758446926,
            31.61043037964131
          ],
          [
            74.43406289676616,
            31.61043224034731
          ],
          [
            74.43401496028163,
            31.61043518244647
          ],
          [
            74.43394610490941,
            31.610443289328373
          ],
          [
            74.43385693541374,
            31.610458140890955
          ],
          [
            74.43378126833124,
            31.610475155249176
          ],
          [
            74.43361137697768,
            31.610530131561223
          ],
          [
            74.43342529322781,
            31.61062131259998
          ],
          [
            74.43330871091987,
            31.610699132227445
          ],
          [
            74.43314563330996,
            31.610846144462254
          ],
          [
            74.43306828468873,
            31.610937807485566
          ],
          [
            74.43304045826618,
            31.610967651744346
          ],
          [
            74.43302936847884,
            31.610972860022297
          ],
          [
            74.43301525484277,
            31.61097016862083
          ],
          [
            74.43289319459515,
            31.61093808171539
          ],
          [
            74.43272647016916,
            31.610875828565643
          ],
          [
            74.43255979380406,
            31.61080568915724
          ],
          [
            74.43232157956311,
            31.610679502069893
          ],
          [
            74.43215518788529,
            31.61056257161833
          ],
          [
            74.43192996139648,
            31.610403352128955
          ],
          [
            74.43192727178835,
            31.610401429091667
          ],
          [
            74.43192423488807,
            31.610399931918646
          ],
          [
            74.43192094173867,
            31.61039890549353
          ],
          [
            74.43191749106532,
            31.61039838058746
          ],
          [
            74.43191398631552,
            31.61039837293657
          ],
          [
            74.43191053255794,
            31.610398882770216
          ],
          [
            74.43190723333254,
            31.610399894804118
          ],
          [
            74.43190418754664,
            31.610401378698608
          ],
          [
            74.43190148650966,
            31.61040328996807
          ],
          [
            74.43189921119584,
            31.610405571314676
          ],
          [
            74.43189742981673,
            31.610408154346068
          ],
          [
            74.43189619577622,
            31.610410961625707
          ],
          [
            74.43189554606961,
            31.610413908994293
          ],
          [
            74.43189550017446,
            31.610416908092827
          ],
          [
            74.43189605946672,
            31.610419869011444
          ],
          [
            74.43189720717947,
            31.610422702984934
          ],
          [
            74.43189890890552,
            31.610425325053725
          ],
          [
            74.43190111362892,
            31.610427656610884
          ],
          [
            74.4319037552544,
            31.61042962775877
          ],
          [
            74.43190675458878,
            31.610431179404426
          ],
          [
            74.43194967000348,
            31.61047737342686
          ],
          [
            74.43202681710758,
            31.610577116179304
          ],
          [
            74.43212125229664,
            31.610675292778446
          ],
          [
            74.43219192485756,
            31.61073475388293
          ],
          [
            74.4323957078187,
            31.61084656008931
          ],
          [
            74.43255358602254,
            31.610930231555773
          ],
          [
            74.43271249414309,
            31.61100240661315
          ],
          [
            74.43279870986237,
            31.61103154147274
          ],
          [
            74.43290610297677,
            31.611050912481435
          ],
          [
            74.43295310770806,
            31.611056050076694
          ],
          [
            74.43301068119379,
            31.611059591600334
          ],
          [
            74.43304335230741,
            31.611053986229802
          ],
          [
            74.43308375232073,
            31.61104020030599
          ],
          [
            74.43314922892296,
            31.611006810021262
          ],
          [
            74.43327943609461,
            31.610904702185152
          ],
          [
            74.43339510037758,
            31.61082635276621
          ]
        ]
      }
    },
    {
      "type": "Feature",
      "properties": {
        "Id": 0,
        "layer": "Road Track"
      },
      "geometry": {
        "type": "LineString",
        "coordinates": [
          [
            74.43340924494431,
            31.610868311245977
          ],
          [
            74.43329357564403,
            31.61094748213965
          ],
          [
            74.43320421017297,
            31.611013593033753
          ],
          [
            74.43312588449598,
            31.611063717473993
          ],
          [
            74.43308031576937,
            31.61108139073822
          ],
          [
            74.43304710053772,
            31.611088078063062
          ],
          [
            74.43298624364384,
            31.611094116924104
          ],
          [
            74.43291255911859,
            31.61108800654618
          ],
          [
            74.43283214566438,
            31.61107713449338
          ],
          [
            74.43276773030436,
            31.6110621274348
          ],
          [
            74.43272909130062,
            31.61105144082831
          ],
          [
            74.43265616464296,
            31.61102167490268
          ],
          [
            74.43250974816952,
            31.610953728419346
          ],
          [
            74.43232238566378,
            31.610850374520677
          ],
          [
            74.43224213522203,
            31.610812689554358
          ],
          [
            74.43218372665342,
            31.6107789027211
          ],
          [
            74.43212951527683,
            31.610740331560997
          ],
          [
            74.43208003412576,
            31.610697355329055
          ],
          [
            74.43197456944289,
            31.610575332729848
          ],
          [
            74.43187388582795,
            31.610450387397574
          ],
          [
            74.43187979859559,
            31.610690681611764
          ],
          [
            74.43187699583667,
            31.610949864063322
          ],
          [
            74.43188026482512,
            31.611119695957807
          ]
        ]
      }
    },
    {
      "type": "Feature",
      "properties": {
        "Id": 0,
        "layer": "Road Track"
      },
      "geometry": {
        "type": "LineString",
        "coordinates": [
          [
            74.4348845269783,
            31.61089853856296
          ],
          [
            74.43487219141733,
            31.61080490040336
          ],
          [
            74.43486587211093,
            31.61073231887922
          ],
          [
            74.43486668018075,
            31.610700251675706
          ],
          [
            74.43486909346608,
            31.61068038912602
          ],
          [
            74.43486781496883,
            31.610660449489433
          ],
          [
            74.4348628767117,
            31.610640932160816
          ],
          [
            74.43485440237718,
            31.610622325957916
          ],
          [
            74.43484260420958,
            31.61060509687872
          ],
          [
            74.43482777769917,
            31.610589676430536
          ],
          [
            74.43481029418142,
            31.610576450822723
          ],
          [
            74.43477949338659,
            31.61056430845948
          ],
          [
            74.43474701842295,
            31.61055595068044
          ],
          [
            74.43471350070703,
            31.610551539987284
          ],
          [
            74.43467959192928,
            31.610551162137746
          ],
          [
            74.4345392403069,
            31.610548330359535
          ],
          [
            74.43439885109252,
            31.610548867788605
          ],
          [
            74.43430611569126,
            31.610544949281397
          ],
          [
            74.43421328013424,
            31.61054626925192
          ],
          [
            74.43412074801941,
            31.610552821961456
          ],
          [
            74.43402892162568,
            31.61056457892225
          ],
          [
            74.43390407210704,
            31.6105903743573
          ],
          [
            74.43377798683936,
            31.610611310066815
          ],
          [
            74.43371153966902,
            31.610620283647833
          ],
          [
            74.43364602185149,
            31.61063333533459
          ],
          [
            74.43358177466848,
            31.61065039714088
          ],
          [
            74.43353917143841,
            31.61066952515447
          ],
          [
            74.43350007247507,
            31.610693516120673
          ],
          [
            74.4334652306595,
            31.61072190807642
          ],
          [
            74.43342880568186,
            31.610773461701157
          ],
          [
            74.43339510037758,
            31.61082635276621
          ]
        ]
      }
    },
    {
      "type": "Feature",
      "properties": {
        "Id": 0,
        "layer": "Road Track"
      },
      "geometry": {
        "type": "LineString",
        "coordinates": [
          [
            74.43340924494431,
            31.610868311245977
          ],
          [
            74.43344387774424,
            31.610841292933465
          ],
          [
            74.43347310656826,
            31.610809944295752
          ],
          [
            74.43349620199805,
            31.610775047658088
          ],
          [
            74.43350423906276,
            31.610754603427164
          ],
          [
            74.43351606055695,
            31.610735552814052
          ],
          [
            74.43353135063082,
            31.610718404814545
          ],
          [
            74.43354970076142,
            31.610703617590044
          ],
          [
            74.43357062066775,
            31.610691586226366
          ],
          [
            74.433664315187,
            31.61066748642199
          ],
          [
            74.4337595856003,
            31.610648441653765
          ],
          [
            74.43385605991163,
            31.61063452628458
          ],
          [
            74.43396196756007,
            31.610612284848813
          ],
          [
            74.43406880141876,
            31.610593566749152
          ],
          [
            74.43415116989867,
            31.610583665051454
          ],
          [
            74.43423424246829,
            31.610580096957005
          ],
          [
            74.43431735550135,
            31.61058289096977
          ],
          [
            74.43449920500666,
            31.610582238414686
          ],
          [
            74.43468103689457,
            31.610584501113266
          ],
          [
            74.43470961292556,
            31.610584856394148
          ],
          [
            74.43473768816717,
            31.61058942850309
          ],
          [
            74.43476441943037,
            31.61059808012513
          ],
          [
            74.43478900388949,
            31.610610551424482
          ],
          [
            74.43480403652573,
            31.61062765923924
          ],
          [
            74.43481574825127,
            31.61064657283858
          ],
          [
            74.43482384925215,
            31.610666824197093
          ],
          [
            74.43482813906303,
            31.61068791218564
          ],
          [
            74.43482851152785,
            31.610709314971917
          ],
          [
            74.43482508554344,
            31.61075270224679
          ],
          [
            74.43482692748937,
            31.610796159892963
          ],
          [
            74.43483401757156,
            31.61083922072996
          ],
          [
            74.43483947482282,
            31.610874898811673
          ],
          [
            74.43485128652355,
            31.6109094322507
          ]
        ]
      }
    },
    {
      "type": "Feature",
      "properties": {
        "Id": 0,
        "layer": "Road Track"
      },
      "geometry": {
        "type": "LineString",
        "coordinates": [
          [
            74.43180572192925,
            31.611113075910595
          ],
          [
            74.4318011631007,
            31.61090552801335
          ],
          [
            74.43180246847886,
            31.610532579668842
          ],
          [
            74.43179073508244,
            31.610396706437623
          ],
          [
            74.43178736043006,
            31.610393135174196
          ],
          [
            74.43178334892235,
            31.61039008413385
          ],
          [
            74.43177880851331,
            31.61038763542334
          ],
          [
            74.43177386139021,
            31.61038585494007
          ],
          [
            74.43176864068539,
            31.61038479059871
          ],
          [
            74.43176328689353,
            31.61038447104183
          ],
          [
            74.43166788674763,
            31.610425770143646
          ],
          [
            74.43159039578254,
            31.610457745956733
          ],
          [
            74.43151069926786,
            31.610485468676508
          ],
          [
            74.43142911555258,
            31.61050882756369
          ],
          [
            74.43133868642677,
            31.61053168257053
          ],
          [
            74.43124643986398,
            31.610548391900508
          ],
          [
            74.43121594638569,
            31.610554534078258
          ],
          [
            74.43118619503187,
            31.610562928756814
          ],
          [
            74.43118080130789,
            31.61056621769097
          ],
          [
            74.43117608044611,
            31.610570192797994
          ],
          [
            74.43117215036833,
            31.610574754784203
          ],
          [
            74.43116910924361,
            31.610579789696345
          ],
          [
            74.43116703303596,
            31.610585171768008
          ],
          [
            74.43116597360687,
            31.610590766561053
          ],
          [
            74.43116541709242,
            31.610682286699415
          ],
          [
            74.43116535965338,
            31.610885709755113
          ],
          [
            74.43116394928802,
            31.611016615298883
          ]
        ]
      }
    },
    {
      "type": "Feature",
      "properties": {
        "Id": 0,
        "layer": "Road Track"
      },
      "geometry": {
        "type": "LineString",
        "coordinates": [
          [
            74.4349929907432,
            31.61033383662707
          ],
          [
            74.43499617538438,
            31.610009988392655
          ],
          [
            74.43499596143471,
            31.610003097991207
          ],
          [
            74.43499441896023,
            31.609996332739332
          ],
          [
            74.43499159043638,
            31.609989878931966
          ],
          [
            74.43498755375256,
            31.609983914287696
          ],
          [
            74.43498242006719,
            31.609978603054998
          ],
          [
            74.43497633074678,
            31.609974091489352
          ],
          [
            74.43496945347307,
            31.60997050382575
          ],
          [
            74.43496197762568,
            31.60996793885769
          ],
          [
            74.434954109067,
            31.609966467216694
          ],
          [
            74.43494606447352,
            31.609966129427296
          ],
          [
            74.43475320527902,
            31.609958967104905
          ],
          [
            74.4345388066959,
            31.609958018144955
          ],
          [
            74.43412844241564,
            31.60995567505762
          ],
          [
            74.43393606403566,
            31.609970595152824
          ],
          [
            74.43377250466779,
            31.609994580473664
          ],
          [
            74.43361071497725,
            31.610030665692527
          ],
          [
            74.43342235643009,
            31.610091868877912
          ],
          [
            74.43321415453296,
            31.610183477258346
          ],
          [
            74.43308285430669,
            31.61025702537423
          ],
          [
            74.43292430368092,
            31.610366729152403
          ],
          [
            74.43284960379579,
            31.61042685878621
          ],
          [
            74.43273712388546,
            31.610537292632955
          ],
          [
            74.43264927736756,
            31.610637846539287
          ],
          [
            74.43259477973228,
            31.610709632260534
          ],
          [
            74.43259208746038,
            31.610714250144497
          ],
          [
            74.43259034791937,
            31.61071919152044
          ],
          [
            74.43258961136388,
            31.61072431363449
          ],
          [
            74.4325898990728,
            31.61072946851125
          ],
          [
            74.43259120273453,
            31.610734507228848
          ],
          [
            74.43259348468706,
            31.610739284221168
          ],
          [
            74.43259667900601,
            31.610743661483127
          ],
          [
            74.43260069340916,
            31.61074751255774
          ],
          [
            74.43266992851318,
            31.61077814537859
          ],
          [
            74.4328774298363,
            31.610859149163485
          ],
          [
            74.43297392941851,
            31.610895917457835
          ],
          [
            74.43297943144826,
            31.61089711941495
          ],
          [
            74.43298508426139,
            31.610897580793065
          ],
          [
            74.43299075258825,
            31.6108972905516
          ],
          [
            74.43299630078802,
            31.61089625563589
          ],
          [
            74.43300159609439,
            31.61089450081111
          ],
          [
            74.43300651179275,
            31.610892068069493
          ],
          [
            74.43301093025242,
            31.610889015625617
          ],
          [
            74.43305333520836,
            31.610842881457906
          ],
          [
            74.4330932806125,
            31.61079516668448
          ],
          [
            74.43319332343323,
            31.61070139620061
          ],
          [
            74.43326859446327,
            31.610643004795612
          ],
          [
            74.43334695933963,
            31.610587674589418
          ],
          [
            74.43343252468945,
            31.61054016362043
          ],
          [
            74.43352090312337,
            31.61049658703433
          ],
          [
            74.433591807054,
            31.610466908460754
          ],
          [
            74.43366451583267,
            31.61044062191564
          ],
          [
            74.4337388080947,
            31.610417807429034
          ],
          [
            74.43380510101531,
            31.61040108822704
          ],
          [
            74.43387250506652,
            31.61038802179963
          ],
          [
            74.43394074573496,
            31.610378661361885
          ],
          [
            74.43400814440088,
            31.610370157299865
          ],
          [
            74.43407601162473,
            31.61036506808001
          ],
          [
            74.43414411137873,
            31.610363411401632
          ],
          [
            74.43459902318988,
            31.610362734058093
          ],
          [
            74.43483845853514,
            31.610364466666287
          ],
          [
            74.43495837279788,
            31.610365333671716
          ],
          [
            74.43496483898933,
            31.610363752512082
          ],
          [
            74.4349709463068,
            31.610361343195024
          ],
          [
            74.43497655089732,
            31.610358162470057
          ],
          [
            74.43498152074918,
            31.610354285256715
          ],
          [
            74.43498573880153,
            31.610349802879647
          ],
          [
            74.43498910570163,
            31.6103448209177
          ],
          [
            74.43499154214494,
            31.61033945671704
          ],
          [
            74.4349929907432,
            31.610333836627078
          ]
        ]
      }
    },
    {
      "type": "Feature",
      "properties": {
        "Id": 0,
        "layer": "Road Track"
      },
      "geometry": {
        "type": "LineString",
        "coordinates": [
          [
            74.43453572956076,
            31.60919665200504
          ],
          [
            74.43452690327192,
            31.609862837462654
          ],
          [
            74.43453037197084,
            31.60986955301175
          ],
          [
            74.43453508432104,
            31.60987568872397
          ],
          [
            74.43454091191872,
            31.609881077410908
          ],
          [
            74.43454769597122,
            31.609885572239406
          ],
          [
            74.434555251624,
            31.609889050732484
          ],
          [
            74.43456337299753,
            31.60989141810671
          ],
          [
            74.43457183879717,
            31.60989260985485
          ],
          [
            74.43476233660641,
            31.60989704807969
          ],
          [
            74.43495290059666,
            31.60989593911229
          ],
          [
            74.4349620089214,
            31.609894022682703
          ],
          [
            74.43497061744898,
            31.609890835534877
          ],
          [
            74.43497848600282,
            31.60988646658975
          ],
          [
            74.43498539505151,
            31.609881037740212
          ],
          [
            74.43499115183387,
            31.609874700450387
          ],
          [
            74.43499559573677,
            31.609867631529603
          ],
          [
            74.43499860277639,
            31.609860028199616
          ],
          [
            74.43500008905716,
            31.609852102592072
          ],
          [
            74.43500001311251,
            31.609844075829955
          ],
          [
            74.4349983770617,
            31.609836171858504
          ],
          [
            74.43499906433674,
            31.609563441795277
          ],
          [
            74.43499584183857,
            31.60919063705936
          ]
        ]
      }
    },
    {
      "type": "Feature",
      "properties": {
        "Id": 0,
        "layer": "Road Track"
      },
      "geometry": {
        "type": "LineString",
        "coordinates": [
          [
            74.43398452747834,
            31.60986782854011
          ],
          [
            74.43398739635226,
            31.609881550197397
          ],
          [
            74.43399442448325,
            31.609889656868685
          ],
          [
            74.43400342862496,
            31.609896089894054
          ],
          [
            74.43401325167159,
            31.609897142862277
          ],
          [
            74.43418785407935,
            31.609891859777395
          ],
          [
            74.43437854576686,
            31.609891694906796
          ],
          [
            74.43441865074934,
            31.609891536014548
          ],
          [
            74.43442534474518,
            31.609889883253196
          ],
          [
            74.4344332426496,
            31.609884198058182
          ],
          [
            74.43444233429051,
            31.60987616278587
          ],
          [
            74.4344447685508,
            31.609863723791694
          ],
          [
            74.434449054151,
            31.609805195188372
          ],
          [
            74.43444916022194,
            31.609592540080392
          ],
          [
            74.43445637008467,
            31.609177948717395
          ]
        ]
      }
    },
    {
      "type": "Feature",
      "properties": {
        "Id": 0,
        "layer": "Road Track"
      },
      "geometry": {
        "type": "LineString",
        "coordinates": [
          [
            74.43343709720473,
            31.609990990173415
          ],
          [
            74.43343751949504,
            31.609993721267884
          ],
          [
            74.43343845618053,
            31.60999635696488
          ],
          [
            74.43343988222041,
            31.609998826803157
          ],
          [
            74.43344175949177,
            31.610001064755426
          ],
          [
            74.43344403780868,
            31.610003010993502
          ],
          [
            74.4334466562639,
            31.610004613487735
          ],
          [
            74.43344954485708,
            31.61000582939788
          ],
          [
            74.43345262636618,
            31.610006626218492
          ],
          [
            74.43345581841179,
            31.61000698264779
          ],
          [
            74.43345903565951,
            31.61000688915718
          ],
          [
            74.43346219210119,
            31.610006348246003
          ],
          [
            74.43357922981181,
            31.60997186546082
          ],
          [
            74.43369787555274,
            31.609941674573264
          ],
          [
            74.43377200535988,
            31.609927166718567
          ],
          [
            74.4338467070205,
            31.609914995315634
          ],
          [
            74.43385635622174,
            31.60991394407596
          ],
          [
            74.43386566945874,
            31.609911541795032
          ],
          [
            74.43387439030306,
            31.609907854616676
          ],
          [
            74.43388227863707,
            31.60990298406282
          ],
          [
            74.43388911726545,
            31.609897064238112
          ],
          [
            74.43389471789527,
            31.609890258137522
          ],
          [
            74.43389892632045,
            31.609882753158555
          ],
          [
            74.43390162666766,
            31.609874755941384
          ],
          [
            74.43390807148289,
            31.609621898508294
          ],
          [
            74.43390941913518,
            31.60925299584401
          ],
          [
            74.43390897678351,
            31.609164647391363
          ]
        ]
      }
    },
    {
      "type": "Feature",
      "properties": {
        "Id": 0,
        "layer": "Road Track"
      },
      "geometry": {
        "type": "LineString",
        "coordinates": [
          [
            74.43343709720473,
            31.609990990173408
          ],
          [
            74.4334368780935,
            31.609722856454948
          ]
        ]
      }
    },
    {
      "type": "Feature",
      "properties": {
        "Id": 0,
        "layer": "Road Track"
      },
      "geometry": {
        "type": "LineString",
        "coordinates": [
          [
            74.4330094003942,
            31.610217676875493
          ],
          [
            74.43307385397532,
            31.610128809151668
          ],
          [
            74.43312289817948,
            31.61004977898586
          ],
          [
            74.43320630720588,
            31.609905651035838
          ],
          [
            74.43328446574537,
            31.609755900698694
          ],
          [
            74.43335407398101,
            31.609605250987883
          ],
          [
            74.4333609526523,
            31.609591283921738
          ],
          [
            74.4333620346942,
            31.609620360621566
          ],
          [
            74.43336094046285,
            31.609759470189267
          ],
          [
            74.43335858939768,
            31.609898358830957
          ],
          [
            74.43335956306373,
            31.609986870929234
          ],
          [
            74.43335999327256,
            31.609998932291703
          ],
          [
            74.43335895024403,
            31.610004957391553
          ],
          [
            74.4333540754235,
            31.61002044077782
          ],
          [
            74.4333464379254,
            31.61003505051817
          ],
          [
            74.43334212374846,
            31.61004106110593
          ],
          [
            74.43333629589743,
            31.610047711020428
          ],
          [
            74.43332996609655,
            31.61005414336036
          ],
          [
            74.43324189918216,
            31.610094883975698
          ],
          [
            74.43312352473608,
            31.6101540099007
          ],
          [
            74.43305937787444,
            31.61019227237666
          ],
          [
            74.43301315261365,
            31.610221354436916
          ],
          [
            74.43301277662653,
            31.610221635111714
          ],
          [
            74.43301234941458,
            31.61022185566827
          ],
          [
            74.43301188395016,
            31.610222009409338
          ],
          [
            74.43301139436718,
            31.61022209166653
          ],
          [
            74.43301089553195,
            31.61022209994211
          ],
          [
            74.43301040259168,
            31.610222033984773
          ],
          [
            74.43300993051457,
            31.61022189579733
          ],
          [
            74.4330094936354,
            31.610221689575877
          ],
          [
            74.43300910522001,
            31.61022142158237
          ],
          [
            74.43300877706277,
            31.610221099954458
          ],
          [
            74.4330085191282,
            31.610220734458462
          ],
          [
            74.43300833924854,
            31.610220336192725
          ],
          [
            74.43300824288589,
            31.61021991725067
          ],
          [
            74.43300823296629,
            31.61021949035355
          ],
          [
            74.43300830979095,
            31.61021906846416
          ],
          [
            74.43300847102711,
            31.610218664393287
          ],
          [
            74.43300871177877,
            31.610218290410582
          ],
          [
            74.43300902473547,
            31.610217957872116
          ],
          [
            74.4330094003942,
            31.610217676875493
          ]
        ]
      }
    },
    {
      "type": "Feature",
      "properties": {
        "Id": 0,
        "layer": "Road Track"
      },
      "geometry": {
        "type": "LineString",
        "coordinates": [
          [
            74.43193339290988,
            31.610303987897954
          ],
          [
            74.431932342247,
            31.61030201697528
          ],
          [
            74.43193170432984,
            31.61029992055555
          ],
          [
            74.43193149825885,
            31.61029776140976
          ],
          [
            74.4319317302042,
            31.61029560418696
          ],
          [
            74.43193239322093,
            31.610293513478684
          ],
          [
            74.43193346745701,
            31.610291551884863
          ],
          [
            74.43193492074766,
            31.61028977813946
          ],
          [
            74.43193670957848,
            31.610288245351917
          ],
          [
            74.43193878038835,
            31.610286999416903
          ],
          [
            74.4319569603189,
            31.610276743595264
          ],
          [
            74.43207900353383,
            31.61019373151423
          ],
          [
            74.43221762054561,
            31.610074829977655
          ],
          [
            74.43228076234917,
            31.610010134655283
          ],
          [
            74.43233961627197,
            31.609942543258825
          ],
          [
            74.43238321427565,
            31.60989105546624
          ],
          [
            74.43242282219022,
            31.609837258207673
          ],
          [
            74.43247165595565,
            31.609764184183827
          ],
          [
            74.43251415656843,
            31.60968826677472
          ],
          [
            74.43254880887238,
            31.609622851927828
          ],
          [
            74.43257943975048,
            31.609555983561542
          ],
          [
            74.4326053435387,
            31.60948522114909
          ],
          [
            74.43262748474592,
            31.60941352933228
          ],
          [
            74.4326480711043,
            31.609339992722074
          ],
          [
            74.43266180356052,
            31.609265293949388
          ],
          [
            74.43267363367325,
            31.6092027394523
          ],
          [
            74.43268300914144,
            31.60913988097425
          ]
        ]
      }
    },
    {
      "type": "Feature",
      "properties": {
        "Id": 0,
        "layer": "Road Track"
      },
      "geometry": {
        "type": "LineString",
        "coordinates": [
          [
            74.4333622091958,
            31.609173515515547
          ],
          [
            74.43334907141212,
            31.609330257071694
          ],
          [
            74.43332953104806,
            31.609440535932812
          ],
          [
            74.43330821436669,
            31.609519514237917
          ],
          [
            74.4332659213019,
            31.60962128013093
          ],
          [
            74.43313301491924,
            31.609890596614424
          ],
          [
            74.4329785561823,
            31.61013378941831
          ],
          [
            74.43286815160026,
            31.610284760566543
          ],
          [
            74.43280567874181,
            31.610357133248336
          ],
          [
            74.43263658822355,
            31.610539573430835
          ],
          [
            74.43257447618679,
            31.610613329745348
          ],
          [
            74.43254236536436,
            31.610640526111546
          ],
          [
            74.43252385582767,
            31.610653587637945
          ],
          [
            74.43249982691094,
            31.610665047387926
          ],
          [
            74.43248014293096,
            31.610669165933384
          ],
          [
            74.43246354334293,
            31.610671195179158
          ],
          [
            74.43244882182188,
            31.610667449513667
          ],
          [
            74.43218810139437,
            31.61050435964601
          ],
          [
            74.43193339290988,
            31.610303987897943
          ]
        ]
      }
    },
    {
      "type": "Feature",
      "properties": {
        "Id": 0,
        "layer": "Road Track"
      },
      "geometry": {
        "type": "LineString",
        "coordinates": [
          [
            74.43077823376558,
            31.611001227427764
          ],
          [
            74.43077925737278,
            31.61073204784031
          ],
          [
            74.43078168585066,
            31.610716917192754
          ],
          [
            74.43078689735569,
            31.61070231019312
          ],
          [
            74.43079475902363,
            31.61068859923475
          ],
          [
            74.43080507042676,
            31.61067613386699
          ],
          [
            74.43081756868371,
            31.61066523188382
          ],
          [
            74.43083193516148,
            31.610656171221926
          ],
          [
            74.43084780359875,
            31.610649182875026
          ],
          [
            74.4308647694433,
            31.610644445004915
          ],
          [
            74.43088240016574,
            31.610642078399458
          ],
          [
            74.43089902190592,
            31.6106434843642
          ],
          [
            74.43091511467883,
            31.61064731196457
          ],
          [
            74.43093020045646,
            31.610653447503562
          ],
          [
            74.43094383112289,
            31.61066170872799
          ],
          [
            74.43095560178523,
            31.610671850242156
          ],
          [
            74.43096516280082,
            31.61068357079713
          ],
          [
            74.43097223016323,
            31.61069652223922
          ],
          [
            74.43097659393852,
            31.610710319851623
          ],
          [
            74.43097763888187,
            31.610855166201866
          ],
          [
            74.43097544617835,
            31.61100000315396
          ]
        ]
      }
    },
    {
      "type": "Feature",
      "properties": {
        "Id": 0,
        "layer": "Road Track"
      },
      "geometry": {
        "type": "LineString",
        "coordinates": [
          [
            74.43109986567013,
            31.610987518770955
          ],
          [
            74.43110110278903,
            31.610590141166004
          ],
          [
            74.43110600665638,
            31.610590843505076
          ],
          [
            74.43110463392553,
            31.610987042017985
          ],
          [
            74.43109986567013,
            31.610987518770955
          ]
        ]
      }
    },
    {
      "type": "Feature",
      "properties": {
        "Id": 0,
        "layer": "Road Track"
      },
      "geometry": {
        "type": "LineString",
        "coordinates": [
          [
            74.430658593489,
            31.610648113565638
          ],
          [
            74.43065263493293,
            31.6106480870057
          ],
          [
            74.43065035421921,
            31.61099966148567
          ],
          [
            74.43065664756944,
            31.610999258843588
          ],
          [
            74.430658593489,
            31.610648113565638
          ]
        ]
      }
    },
    {
      "type": "Feature",
      "properties": {
        "Id": 0,
        "layer": "Road Track"
      },
      "geometry": {
        "type": "LineString",
        "coordinates": [
          [
            74.43078445407879,
            31.610289936009732
          ],
          [
            74.43078974681269,
            31.610304101926687
          ],
          [
            74.43079783183606,
            31.610317266851766
          ],
          [
            74.43080846379851,
            31.610329031276716
          ],
          [
            74.43082132005893,
            31.6103390381933
          ],
          [
            74.43083601047628,
            31.610346983927272
          ],
          [
            74.43085208924904,
            31.610352627353855
          ],
          [
            74.43086906844376,
            31.610355797215067
          ],
          [
            74.43088643280208,
            31.61035639731684
          ],
          [
            74.4309036553773,
            31.610354409448217
          ],
          [
            74.43092021352527,
            31.610349893933922
          ],
          [
            74.43093560476505,
            31.610342987803808
          ],
          [
            74.43094936202748,
            31.61033390063436
          ],
          [
            74.4309610678291,
            31.610322908188795
          ],
          [
            74.4309703669414,
            31.610310344048635
          ],
          [
            74.43097697717059,
            31.61029658949051
          ],
          [
            74.43098069792119,
            31.61028206191587
          ],
          [
            74.43098534304193,
            31.610010373133928
          ],
          [
            74.43098361004463,
            31.609738659306906
          ],
          [
            74.43098080479338,
            31.609725756882327
          ],
          [
            74.43097559244467,
            31.60971341435591
          ],
          [
            74.43096811090918,
            31.609701958289584
          ],
          [
            74.43095855813614,
            31.60969169179097
          ],
          [
            74.4309471868759,
            31.609682886493687
          ],
          [
            74.43093429799252,
            31.60967577537046
          ],
          [
            74.43092023250345,
            31.60967054656908
          ],
          [
            74.43090536255689,
            31.6096673384344
          ],
          [
            74.43089008158533,
            31.609666235847957
          ],
          [
            74.43087124436643,
            31.60966809265554
          ],
          [
            74.4308530594588,
            31.609672689945754
          ],
          [
            74.43083606701842,
            31.60967989116285
          ],
          [
            74.43082077178103,
            31.609689482405244
          ],
          [
            74.43080762806986,
            31.609701178779098
          ],
          [
            74.43079702630064,
            31.609714632860598
          ],
          [
            74.43078928138473,
            31.60972944501563
          ],
          [
            74.43078462337525,
            31.60974517527028
          ],
          [
            74.43078248407124,
            31.61022599598907
          ],
          [
            74.43078445407878,
            31.61028993600973
          ]
        ]
      }
    },
    {
      "type": "Feature",
      "properties": {
        "Id": 0,
        "layer": "Road Track"
      },
      "geometry": {
        "type": "LineString",
        "coordinates": [
          [
            74.43074372387328,
            31.608696709744965
          ],
          [
            74.43068869364365,
            31.60871853572277
          ],
          [
            74.43063766248682,
            31.60874658967918
          ],
          [
            74.43059158689356,
            31.60878034579326
          ],
          [
            74.43055133047419,
            31.608819171366825
          ],
          [
            74.43051764777175,
            31.608862338682933
          ],
          [
            74.4304911701192,
            31.608909038645326
          ],
          [
            74.43047365519332,
            31.608956314064308
          ],
          [
            74.43046374816396,
            31.609005178802594
          ],
          [
            74.43046162996409,
            31.609054740497914
          ],
          [
            74.4304673392884,
            31.609104094058868
          ],
          [
            74.43048077188583,
            31.609152338193574
          ],
          [
            74.43050168246236,
            31.609198591869045
          ],
          [
            74.4305296891599,
            31.609242010400784
          ],
          [
            74.4305647246376,
            31.60928185211952
          ],
          [
            74.4306057395208,
            31.609317268412816
          ],
          [
            74.43065197879767,
            31.60934760732354
          ],
          [
            74.43070259128115,
            31.60937231036037
          ],
          [
            74.43075664527788,
            31.609390922779117
          ],
          [
            74.4308131457397,
            31.609403101954
          ],
          [
            74.43087103752457,
            31.609408649383866
          ],
          [
            74.43092926807067,
            31.609407248257757
          ],
          [
            74.43098670418563,
            31.609398925842054
          ],
          [
            74.43104222813743,
            31.609383844094474
          ],
          [
            74.43109475940688,
            31.60936229651225
          ],
          [
            74.43113918757389,
            31.609339086189582
          ],
          [
            74.43117985089842,
            31.609311277062282
          ],
          [
            74.43121610327765,
            31.60927931099408
          ],
          [
            74.43124736869683,
            31.609243695898535
          ],
          [
            74.4312731503814,
            31.60920499766862
          ],
          [
            74.43129303869011,
            31.60916383118486
          ],
          [
            74.43130671762368,
            31.609120850545445
          ],
          [
            74.43131396984512,
            31.60907673867286
          ],
          [
            74.43131538128128,
            31.609030734624998
          ],
          [
            74.43131009326366,
            31.608984937778644
          ],
          [
            74.43129818798816,
            31.60894005990687
          ],
          [
            74.4312798504953,
            31.608896798499043
          ],
          [
            74.43125536579367,
            31.608855825920617
          ],
          [
            74.43122511442992,
            31.608817778963356
          ],
          [
            74.43118793525733,
            31.60878188262274
          ],
          [
            74.43114554549815,
            31.60875049968763
          ],
          [
            74.43109868678027,
            31.60872417921294
          ],
          [
            74.43104817891535,
            31.608703381683675
          ],
          [
            74.43099490555602,
            31.60868847095894
          ],
          [
            74.43093979873647,
            31.608679707906095
          ],
          [
            74.43089026427722,
            31.60867723092154
          ],
          [
            74.43084070215569,
            31.60867926259745
          ],
          [
            74.43079167110545,
            31.608685780029823
          ],
          [
            74.43074372387328,
            31.608696709744965
          ]
        ]
      }
    },
    {
      "type": "Feature",
      "properties": {
        "Id": 0,
        "layer": "Road Track"
      },
      "geometry": {
        "type": "LineString",
        "coordinates": [
          [
            74.43065549725873,
            31.608609315336253
          ],
          [
            74.43065759129877,
            31.60860939205284
          ],
          [
            74.43065963869914,
            31.6086097759212
          ],
          [
            74.43066157841339,
            31.608610455495675
          ],
          [
            74.43066335260586,
            31.6086114105137
          ],
          [
            74.43066490837623,
            31.60861261249988
          ],
          [
            74.4306661993367,
            31.60861402561512
          ],
          [
            74.43066718699522,
            31.608615607725152
          ],
          [
            74.43066784190322,
            31.608617311656847
          ],
          [
            74.43066814453354,
            31.608619086604808
          ],
          [
            74.43066808586275,
            31.60862087964613
          ],
          [
            74.4306676676402,
            31.60862263731844
          ],
          [
            74.43066690233583,
            31.608624307213965
          ],
          [
            74.4306658127684,
            31.608625839542096
          ],
          [
            74.43066443142509,
            31.60862718861403
          ],
          [
            74.43061759592348,
            31.608647485815656
          ],
          [
            74.4305734974776,
            31.60867186343043
          ],
          [
            74.43053261969392,
            31.608700054121893
          ],
          [
            74.43049541086076,
            31.608731748737405
          ],
          [
            74.43046227903217,
            31.60876659969823
          ],
          [
            74.43043155897406,
            31.608804916765564
          ],
          [
            74.43040574437207,
            31.608845798497995
          ],
          [
            74.43038512455632,
            31.608888786703268
          ],
          [
            74.43036993063612,
            31.608933399579673
          ],
          [
            74.43036033290936,
            31.608979137115895
          ],
          [
            74.43035377230575,
            31.609027455480607
          ],
          [
            74.43035389675453,
            31.609076098844792
          ],
          [
            74.43036070453901,
            31.60912439215899
          ],
          [
            74.43037410119413,
            31.609171665230566
          ],
          [
            74.43039704275644,
            31.60922496002341
          ],
          [
            74.43042713047188,
            31.60927558400446
          ],
          [
            74.43046394896385,
            31.609322838264323
          ],
          [
            74.43050698992911,
            31.60936607041456
          ],
          [
            74.43054979324906,
            31.609397477980824
          ],
          [
            74.43059517833034,
            31.609426108073734
          ],
          [
            74.43064289963864,
            31.609451805802365
          ],
          [
            74.43064392753838,
            31.60945318560922
          ],
          [
            74.43064467394538,
            31.609454692150646
          ],
          [
            74.43064511820556,
            31.60945628373866
          ],
          [
            74.43064524802561,
            31.609457916331888
          ],
          [
            74.43064505981323,
            31.609459544754284
          ],
          [
            74.43064455877649,
            31.60946112394522
          ],
          [
            74.43064375877975,
            31.60946261020637
          ],
          [
            74.43064268195994,
            31.609463962410903
          ],
          [
            74.43064135811414,
            31.60946514314148
          ],
          [
            74.43063982387493,
            31.609466119725703
          ],
          [
            74.43063812169673,
            31.60946686514017
          ],
          [
            74.43063629868116,
            31.609467358758288
          ],
          [
            74.43063440527347,
            31.60946758692095
          ],
          [
            74.43063249386681,
            31.60946754331459
          ],
          [
            74.43063061735239,
            31.609467229145864
          ],
          [
            74.43058162197441,
            31.60944125519029
          ],
          [
            74.43053517697172,
            31.60941205043272
          ],
          [
            74.43049157256382,
            31.609379797365705
          ],
          [
            74.43044543140299,
            31.609331890586372
          ],
          [
            74.43040595836261,
            31.60927980243416
          ],
          [
            74.4303736659933,
            31.609224209279947
          ],
          [
            74.43034897360138,
            31.60916583300627
          ],
          [
            74.43033672484515,
            31.609110654222135
          ],
          [
            74.4303312780278,
            31.60905468232277
          ],
          [
            74.43033269273145,
            31.608998529703836
          ],
          [
            74.43034260537478,
            31.6089413900601
          ],
          [
            74.43036045963699,
            31.60888568160004
          ],
          [
            74.43038599739009,
            31.608832209685634
          ],
          [
            74.43042079922462,
            31.608782196418346
          ],
          [
            74.43046132450056,
            31.608735446426678
          ],
          [
            74.43050715890159,
            31.608692437656966
          ],
          [
            74.43055331613259,
            31.608660582442116
          ],
          [
            74.43060292394885,
            31.608632784394302
          ],
          [
            74.43065549725873,
            31.608609315336253
          ]
        ]
      }
    },
    {
      "type": "Feature",
      "properties": {
        "Id": 0,
        "layer": "Road Track"
      },
      "geometry": {
        "type": "LineString",
        "coordinates": [
          [
            74.43112219722714,
            31.60860836637643
          ],
          [
            74.43112029119557,
            31.60860833416598
          ],
          [
            74.43111840590002,
            31.608608576276918
          ],
          [
            74.43111659486189,
            31.608609085835997
          ],
          [
            74.43111490949438,
            31.608609848377423
          ],
          [
            74.43111339764316,
            31.608610842253547
          ],
          [
            74.43111210222789,
            31.608612039249355
          ],
          [
            74.43111106002397,
            31.60861340538356
          ],
          [
            74.4311103006183,
            31.60861490187319
          ],
          [
            74.4311098455696,
            31.608616486234613
          ],
          [
            74.43110970779614,
            31.608618113489687
          ],
          [
            74.4311098912092,
            31.608619737442513
          ],
          [
            74.4311103906019,
            31.608621311990937
          ],
          [
            74.43111119179707,
            31.60862279243535
          ],
          [
            74.43111227204975,
            31.608624136747657
          ],
          [
            74.43116777741643,
            31.608650588307217
          ],
          [
            74.43121946354857,
            31.608682203622617
          ],
          [
            74.4312666774412,
            31.608718583267127
          ],
          [
            74.43130882258944,
            31.608759267621174
          ],
          [
            74.43134199865912,
            31.608798369075416
          ],
          [
            74.43136993900235,
            31.60884036058966
          ],
          [
            74.43139230343014,
            31.608884730905217
          ],
          [
            74.43140881964071,
            31.608930939800054
          ],
          [
            74.43141928653507,
            31.60897842466608
          ],
          [
            74.43142357666596,
            31.609026607358935
          ],
          [
            74.43142227443393,
            31.60907783303659
          ],
          [
            74.4314143791216,
            31.609128623359098
          ],
          [
            74.43139998703361,
            31.609178358733743
          ],
          [
            74.43137927372959,
            31.60922643243618
          ],
          [
            74.43135249188315,
            31.60927225801199
          ],
          [
            74.43131978437212,
            31.609313649977974
          ],
          [
            74.43128246946806,
            31.609352081834302
          ],
          [
            74.43124091047582,
            31.609387179395846
          ],
          [
            74.43119551202349,
            31.609418600940828
          ],
          [
            74.43112727777891,
            31.60945396397585
          ],
          [
            74.43112603879653,
            31.609455282567016
          ],
          [
            74.43112507786377,
            31.609456761310007
          ],
          [
            74.43112442259438,
            31.60945835771103
          ],
          [
            74.4311240918185,
            31.609460025895256
          ],
          [
            74.43112409504144,
            31.609461717925036
          ],
          [
            74.4311244321706,
            31.60946338517748
          ],
          [
            74.43112509351813,
            31.60946497974175
          ],
          [
            74.43112606007928,
            31.609466455795754
          ],
          [
            74.43112730407852,
            31.60946777092298
          ],
          [
            74.43112878976781,
            31.609468887331353
          ],
          [
            74.43113047445375,
            31.609469772939317
          ],
          [
            74.43113230972448,
            31.60947040229767
          ],
          [
            74.43113424284087,
            31.609470757320853
          ],
          [
            74.43113621825208,
            31.60947082780681
          ],
          [
            74.43117261685197,
            31.609454021979676
          ],
          [
            74.43120759986371,
            31.60943514230225
          ],
          [
            74.43125794477672,
            31.609401065051518
          ],
          [
            74.43130356317472,
            31.609362419818595
          ],
          [
            74.43134389226944,
            31.6093196833697
          ],
          [
            74.43137843452877,
            31.6092733829438
          ],
          [
            74.43140489240797,
            31.609224593596107
          ],
          [
            74.43142507974967,
            31.609173656172885
          ],
          [
            74.43143876342332,
            31.609121158943438
          ],
          [
            74.43144578540932,
            31.609067708190103
          ],
          [
            74.4314460646234,
            31.609013921206312
          ],
          [
            74.4314401515341,
            31.608965022746624
          ],
          [
            74.43142812312131,
            31.608916952995138
          ],
          [
            74.43141011913983,
            31.608870270423825
          ],
          [
            74.43138634876745,
            31.608825517387608
          ],
          [
            74.43135708817442,
            31.608783213823443
          ],
          [
            74.43132267731461,
            31.608743851209866
          ],
          [
            74.43128021114714,
            31.60870234681157
          ],
          [
            74.43123215300224,
            31.60866557916371
          ],
          [
            74.43117921883216,
            31.60863409601214
          ],
          [
            74.43112219722714,
            31.60860836637643
          ]
        ]
      }
    },
    {
      "type": "Feature",
      "properties": {
        "Id": 0,
        "layer": "Road Track"
      },
      "geometry": {
        "type": "LineString",
        "coordinates": [
          [
            74.43077587569887,
            31.608359846969883
          ],
          [
            74.43078158728024,
            31.608376654945744
          ],
          [
            74.43079023128523,
            31.608392519238222
          ],
          [
            74.43080160491287,
            31.60840706764526
          ],
          [
            74.43081544132049,
            31.608419958837445
          ],
          [
            74.43083803866521,
            31.608428520684107
          ],
          [
            74.43086198216024,
            31.608433756973678
          ],
          [
            74.43088660877471,
            31.60843552270555
          ],
          [
            74.43090307604928,
            31.60843253490265
          ],
          [
            74.43091889688367,
            31.60842761411287
          ],
          [
            74.43093376311198,
            31.60842085618577
          ],
          [
            74.43094738516277,
            31.608412392755536
          ],
          [
            74.43095949769943,
            31.608402388676996
          ],
          [
            74.43096568531558,
            31.608396405744518
          ],
          [
            74.43097072399458,
            31.60838967949684
          ],
          [
            74.43097449381428,
            31.608382370021044
          ],
          [
            74.43097690505199,
            31.608374651285228
          ],
          [
            74.43097790031975,
            31.60836670699793
          ],
          [
            74.43097745593023,
            31.608358726235878
          ],
          [
            74.43096247082048,
            31.608276587521296
          ],
          [
            74.4309416595327,
            31.60819538396332
          ],
          [
            74.43091509957897,
            31.60811541794727
          ],
          [
            74.43088288987742,
            31.608036987249317
          ],
          [
            74.43084479810351,
            31.607954247354517
          ],
          [
            74.43080079515265,
            31.607873683960985
          ],
          [
            74.43075104979148,
            31.60779560602964
          ],
          [
            74.4307412962356,
            31.60778515328167
          ],
          [
            74.43072970907689,
            31.607776175542103
          ],
          [
            74.43071658866094,
            31.607768905518558
          ],
          [
            74.43070227507592,
            31.607763531653728
          ],
          [
            74.4306871393373,
            31.607760193240868
          ],
          [
            74.430671573771,
            31.607758976813304
          ],
          [
            74.43065598184425,
            31.60775991390142
          ],
          [
            74.43064076770752,
            31.60776298021542
          ],
          [
            74.43062632571882,
            31.60776809627489
          ],
          [
            74.43061303022188,
            31.607775129468997
          ],
          [
            74.43060122584296,
            31.607783897493828
          ],
          [
            74.43059049221925,
            31.607794389094316
          ],
          [
            74.43058181764601,
            31.607806193467646
          ],
          [
            74.43057541752552,
            31.6078190174951
          ],
          [
            74.43057145078251,
            31.60783254273848
          ],
          [
            74.4305700159178,
            31.60784643334724
          ],
          [
            74.43057114856215,
            31.607860344398205
          ],
          [
            74.4305748205916,
            31.607873930460435
          ],
          [
            74.43058094082551,
            31.607886854172747
          ],
          [
            74.4306292338512,
            31.607960450602956
          ],
          [
            74.43067235178704,
            31.60803636448168
          ],
          [
            74.43071050048403,
            31.60812620498734
          ],
          [
            74.43074309088819,
            31.608217634181297
          ],
          [
            74.43077003327174,
            31.60831040038724
          ],
          [
            74.43077587569887,
            31.608359846969883
          ]
        ]
      }
    },
    {
      "type": "Feature",
      "properties": {
        "Id": 0,
        "layer": "Road Track"
      },
      "geometry": {
        "type": "LineString",
        "coordinates": [
          [
            74.43028861681984,
            31.60758477935097
          ],
          [
            74.4303020939752,
            31.607592273137982
          ],
          [
            74.43031680157702,
            31.60759781897867
          ],
          [
            74.43033235843771,
            31.607601273137362
          ],
          [
            74.43034836135863,
            31.60760254609008
          ],
          [
            74.43036439558018,
            31.60760160484472
          ],
          [
            74.4303794418204,
            31.607598769244056
          ],
          [
            74.43039378114784,
            31.607593946859936
          ],
          [
            74.43040705780481,
            31.60758725733539
          ],
          [
            74.43041894239859,
            31.607578866637095
          ],
          [
            74.43042914007368,
            31.6075689829376
          ],
          [
            74.43043739782715,
            31.60755785145072
          ],
          [
            74.43044400620101,
            31.607542177772814
          ],
          [
            74.43044782800385,
            31.607525839112316
          ],
          [
            74.4304487788656,
            31.60750919616755
          ],
          [
            74.43044683779621,
            31.607492616354055
          ],
          [
            74.43044673147637,
            31.607489136086645
          ],
          [
            74.43044601046748,
            31.607485709749877
          ],
          [
            74.43044469140519,
            31.607482416398113
          ],
          [
            74.43044280472365,
            31.60747933201746
          ],
          [
            74.43044039395355,
            31.607476527772437
          ],
          [
            74.43043751471753,
            31.607474068364187
          ],
          [
            74.43032518917022,
            31.607389783857794
          ],
          [
            74.43022480077614,
            31.607333264515958
          ],
          [
            74.43012140627428,
            31.607280864675385
          ],
          [
            74.43005167937748,
            31.60724874749454
          ],
          [
            74.42997996101447,
            31.607220021266293
          ],
          [
            74.42990647611445,
            31.607194776083492
          ],
          [
            74.42977863265912,
            31.607159004373536
          ],
          [
            74.42964856332887,
            31.6071296934814
          ],
          [
            74.42952978883518,
            31.607114664188344
          ],
          [
            74.4294101800744,
            31.60710570801072
          ],
          [
            74.42929016062318,
            31.607102856665193
          ],
          [
            74.42887107070652,
            31.60709896466123
          ],
          [
            74.42847988655956,
            31.607096542062738
          ],
          [
            74.42809027712494,
            31.607093788836398
          ],
          [
            74.42763047075593,
            31.60709314392642
          ],
          [
            74.42717069832462,
            31.607088322419227
          ],
          [
            74.4267991658588,
            31.607086992240056
          ],
          [
            74.42635844041217,
            31.607085013786158
          ],
          [
            74.42624797657241,
            31.6070824987847
          ],
          [
            74.42623054667827,
            31.607084250952642
          ],
          [
            74.42621372494317,
            31.60708853196766
          ],
          [
            74.42619800844295,
            31.607095215327394
          ],
          [
            74.42618386159444,
            31.60710410354113
          ],
          [
            74.42617170243221,
            31.60711493396545
          ],
          [
            74.42616189025576,
            31.60712738656531
          ],
          [
            74.42615471501239,
            31.607141093370757
          ],
          [
            74.42615038872925,
            31.607155649350435
          ],
          [
            74.42614903924792,
            31.607170624379947
          ],
          [
            74.42615070644656,
            31.60718557595192
          ],
          [
            74.42615534106139,
            31.607200062251938
          ],
          [
            74.42616280614222,
            31.607213655213993
          ],
          [
            74.42617288109915,
            31.60722595316986
          ],
          [
            74.42618526822083,
            31.607236592718166
          ],
          [
            74.42619960147167,
            31.607245259462953
          ],
          [
            74.4262154573081,
            31.60725169730402
          ],
          [
            74.42623236719417,
            31.60725571600468
          ],
          [
            74.42665741175767,
            31.607258381597692
          ],
          [
            74.42733928603613,
            31.60726196610917
          ],
          [
            74.42789400267363,
            31.607264451779624
          ],
          [
            74.42843827299559,
            31.607267414049513
          ],
          [
            74.42894629943412,
            31.60727021197488
          ],
          [
            74.42933821599208,
            31.60727354071318
          ],
          [
            74.42940613428513,
            31.607273059172385
          ],
          [
            74.42947384936005,
            31.60727757805294
          ],
          [
            74.42954085951146,
            31.607287063874267
          ],
          [
            74.42965023823912,
            31.607305217601983
          ],
          [
            74.4297579606379,
            31.607329567928435
          ],
          [
            74.42986354797553,
            31.607360006638153
          ],
          [
            74.4299561828615,
            31.607395912758683
          ],
          [
            74.43004614377078,
            31.607436494400538
          ],
          [
            74.43013310886656,
            31.607481606383946
          ],
          [
            74.43021330168865,
            31.607530500458964
          ],
          [
            74.43028861681984,
            31.60758477935097
          ]
        ]
      }
    },
    {
      "type": "Feature",
      "properties": {
        "Id": 0,
        "layer": "Road Track"
      },
      "geometry": {
        "type": "LineString",
        "coordinates": [
          [
            74.43044153950596,
            31.60789111304963
          ],
          [
            74.43043653392506,
            31.60789329588763
          ],
          [
            74.43047471618351,
            31.60794251811874
          ],
          [
            74.43050944719539,
            31.60799357825316
          ],
          [
            74.43054440937318,
            31.608056028306272
          ],
          [
            74.43057524355291,
            31.608120051280114
          ],
          [
            74.43060185356454,
            31.60818544750859
          ],
          [
            74.43062996114664,
            31.60827290040357
          ],
          [
            74.43064992542517,
            31.60836197747505
          ],
          [
            74.43066123287018,
            31.608442110189625
          ],
          [
            74.43066634804299,
            31.6084414600284
          ],
          [
            74.43065505083199,
            31.608359644958288
          ],
          [
            74.43063607470204,
            31.608271482187355
          ],
          [
            74.43060932767602,
            31.608184807864863
          ],
          [
            74.43058147544689,
            31.60811805955557
          ],
          [
            74.43054947118979,
            31.608052688992693
          ],
          [
            74.43051340744856,
            31.60798888518481
          ],
          [
            74.4304787464935,
            31.607939313756056
          ],
          [
            74.43044153950596,
            31.60789111304963
          ]
        ]
      }
    },
    {
      "type": "Feature",
      "properties": {
        "Id": 0,
        "layer": "Road Track"
      },
      "geometry": {
        "type": "LineString",
        "coordinates": [
          [
            74.43086837317388,
            31.607756640331875
          ],
          [
            74.43086332111505,
            31.607759848033435
          ],
          [
            74.43092712294195,
            31.60786091488692
          ],
          [
            74.43096652101595,
            31.607939496627175
          ],
          [
            74.4310023240027,
            31.60801932835933
          ],
          [
            74.4310373908103,
            31.608110894583483
          ],
          [
            74.43106489226248,
            31.608204334761385
          ],
          [
            74.43108478304178,
            31.608289556168266
          ],
          [
            74.43110041663913,
            31.608375424991202
          ],
          [
            74.4311015152783,
            31.60840870139417
          ],
          [
            74.43110630412146,
            31.608441737836362
          ],
          [
            74.43110663760773,
            31.60844218266192
          ],
          [
            74.4311070547308,
            31.608442572392303
          ],
          [
            74.43110754330694,
            31.60844289564382
          ],
          [
            74.4311080890652,
            31.608443142974544
          ],
          [
            74.43110867606448,
            31.60844330716018
          ],
          [
            74.43110928715902,
            31.608443383404982
          ],
          [
            74.43110990449927,
            31.608443369481947
          ],
          [
            74.43111051005324,
            31.608443265797725
          ],
          [
            74.43111108613324,
            31.60844307538083
          ],
          [
            74.43111161591246,
            31.60844280379321
          ],
          [
            74.43111208391647,
            31.608442458967687
          ],
          [
            74.4311124764753,
            31.608442050976315
          ],
          [
            74.43111278212265,
            31.60844159173621
          ],
          [
            74.43111299193082,
            31.608441094661334
          ],
          [
            74.43110818947054,
            31.608405662711753
          ],
          [
            74.43110556045013,
            31.608370064215315
          ],
          [
            74.43107119098855,
            31.60820301689475
          ],
          [
            74.43104354868328,
            31.608109221271445
          ],
          [
            74.43100941517228,
            31.60801700458452
          ],
          [
            74.43097232379765,
            31.607936873776733
          ],
          [
            74.4309321427329,
            31.607857841631304
          ],
          [
            74.43090243988057,
            31.607806233973935
          ],
          [
            74.43086837317388,
            31.607756640331875
          ]
        ]
      }
    },
    {
      "type": "Feature",
      "properties": {
        "Id": 0,
        "layer": "Road Track"
      },
      "geometry": {
        "type": "LineString",
        "coordinates": [
          [
            74.43100152367143,
            31.607566418470697
          ],
          [
            74.43100097710447,
            31.607566515089964
          ],
          [
            74.43100045717041,
            31.607566688696462
          ],
          [
            74.43099997856118,
            31.60756693438453
          ],
          [
            74.43099955480093,
            31.607567245211715
          ],
          [
            74.430999197864,
            31.60756761239489
          ],
          [
            74.43099891783643,
            31.607568025558447
          ],
          [
            74.43099872263107,
            31.607568473027516
          ],
          [
            74.43099861776385,
            31.607568942157865
          ],
          [
            74.43099860619807,
            31.60756941969311
          ],
          [
            74.43099868826053,
            31.60756989213944
          ],
          [
            74.43099886163236,
            31.6075703461468
          ],
          [
            74.43099912141457,
            31.607570768886188
          ],
          [
            74.43099946026642,
            31.60757114841213
          ],
          [
            74.43099986861287,
            31.607571474000263
          ],
          [
            74.43100033491517,
            31.60757173645036
          ],
          [
            74.43100084599688,
            31.607571928346292
          ],
          [
            74.43110393298751,
            31.60758029875916
          ],
          [
            74.43120615478944,
            31.6075944468292
          ],
          [
            74.43130706977986,
            31.607614311433593
          ],
          [
            74.4313075925188,
            31.607614330215192
          ],
          [
            74.43130811174042,
            31.60761427510584
          ],
          [
            74.43130861328169,
            31.607614147608775
          ],
          [
            74.43130908346187,
            31.60761395120177
          ],
          [
            74.43130950945569,
            31.607613691242328
          ],
          [
            74.43130987964311,
            31.60761337482146
          ],
          [
            74.43131018392641,
            31.607613010570272
          ],
          [
            74.43131041400555,
            31.607612608424624
          ],
          [
            74.43131056360454,
            31.607612179353982
          ],
          [
            74.43131062864272,
            31.607611735062278
          ],
          [
            74.43131060734602,
            31.607611287668632
          ],
          [
            74.43131050029538,
            31.607610849376773
          ],
          [
            74.43131031041084,
            31.607610432142163
          ],
          [
            74.43131004287196,
            31.60761004734589
          ],
          [
            74.43130970497648,
            31.60760970548417
          ],
          [
            74.43130930594138,
            31.607609415882106
          ],
          [
            74.43130885665123,
            31.607609186439277
          ],
          [
            74.4313083693615,
            31.607609023414312
          ],
          [
            74.43130785736422,
            31.607608931254088
          ],
          [
            74.43120660344316,
            31.607590459471464
          ],
          [
            74.43110440956826,
            31.60757627707446
          ],
          [
            74.43100152367143,
            31.607566418470697
          ]
        ]
      }
    },
    {
      "type": "Feature",
      "properties": {
        "Id": 0,
        "layer": "Road Track"
      },
      "geometry": {
        "type": "LineString",
        "coordinates": [
          [
            74.4310762578037,
            31.60767053158664
          ],
          [
            74.43107578012444,
            31.607670608992862
          ],
          [
            74.43107532385109,
            31.607670752639994
          ],
          [
            74.43107490143309,
            31.607670958608566
          ],
          [
            74.43107452439615,
            31.60767122127873
          ],
          [
            74.43107420302775,
            31.607671533483515
          ],
          [
            74.43107394609645,
            31.60767188670437
          ],
          [
            74.43107376061265,
            31.60767227130367
          ],
          [
            74.43107365163728,
            31.60767267678757
          ],
          [
            74.43107362214374,
            31.607673092092416
          ],
          [
            74.43107367293676,
            31.6076735058866
          ],
          [
            74.43107380263046,
            31.6076739068797
          ],
          [
            74.43107400768615,
            31.60767428413059
          ],
          [
            74.43107428250885,
            31.60767462734596
          ],
          [
            74.4310746196,
            31.607674927161167
          ],
          [
            74.43107500976205,
            31.607675175395705
          ],
          [
            74.43107544234942,
            31.607675365276474
          ],
          [
            74.43107590555891,
            31.60767549162257
          ],
          [
            74.4311788663072,
            31.60768973197683
          ],
          [
            74.4312807879999,
            31.607708671693736
          ],
          [
            74.43138137801142,
            31.60773225639607
          ],
          [
            74.43148995645441,
            31.607766212102618
          ],
          [
            74.43159603381876,
            31.607805534046737
          ],
          [
            74.4316803273027,
            31.607844746733132
          ],
          [
            74.43176211226715,
            31.607887674295824
          ],
          [
            74.43180975805626,
            31.607914589324455
          ],
          [
            74.43181025828419,
            31.607914651574678
          ],
          [
            74.43181076362299,
            31.607914641043315
          ],
          [
            74.4318112597176,
            31.60791455802951
          ],
          [
            74.43181173247551,
            31.60791440489143
          ],
          [
            74.43181216846709,
            31.60791418597925
          ],
          [
            74.43181255530725,
            31.607913907511588
          ],
          [
            74.43181288200701,
            31.607913577398854
          ],
          [
            74.43181313928586,
            31.607913205018505
          ],
          [
            74.43181331983531,
            31.607912800948714
          ],
          [
            74.43181341852654,
            31.607912376667862
          ],
          [
            74.431813432556,
            31.60791194422842
          ],
          [
            74.43181336152517,
            31.607911515914665
          ],
          [
            74.43181320745184,
            31.60791110389366
          ],
          [
            74.43181297471271,
            31.607910719869633
          ],
          [
            74.43181266991921,
            31.607910374751512
          ],
          [
            74.43181230172956,
            31.607910078343032
          ],
          [
            74.43176438466234,
            31.60788308458349
          ],
          [
            74.4316820057083,
            31.60784065781247
          ],
          [
            74.43159739651325,
            31.60780157771772
          ],
          [
            74.43149103933168,
            31.60776264925454
          ],
          [
            74.43138262093073,
            31.60772813587213
          ],
          [
            74.4312820654974,
            31.607703142387244
          ],
          [
            74.43117979427426,
            31.607683912720923
          ],
          [
            74.4310762578037,
            31.60767053158664
          ]
        ]
      }
    },
    {
      "type": "Feature",
      "properties": {
        "Id": 0,
        "layer": "Road Track"
      },
      "geometry": {
        "type": "LineString",
        "coordinates": [
          [
            74.43174404467537,
            31.607758540507408
          ],
          [
            74.43174365361165,
            31.607758354557276
          ],
          [
            74.43174323147375,
            31.60775822779237
          ],
          [
            74.43174279038578,
            31.607758163853468
          ],
          [
            74.43174234301617,
            31.607758164576943
          ],
          [
            74.4317419022137,
            31.607758229942043
          ],
          [
            74.4317414806386,
            31.60775835807139
          ],
          [
            74.43174109039883,
            31.607758545285026
          ],
          [
            74.43174074270237,
            31.60775878620603
          ],
          [
            74.43174044753538,
            31.607759073914963
          ],
          [
            74.43174021337524,
            31.607759400148584
          ],
          [
            74.43174004694724,
            31.607759755537213
          ],
          [
            74.43173995303134,
            31.60776012987378
          ],
          [
            74.43173993432487,
            31.60776051240708
          ],
          [
            74.4317399913651,
            31.607760892150413
          ],
          [
            74.43174012251377,
            31.607761258197275
          ],
          [
            74.43174032400422,
            31.607761600034497
          ],
          [
            74.43174059004944,
            31.607761907844246
          ],
          [
            74.43174091300844,
            31.607762172785957
          ],
          [
            74.43174128360556,
            31.60776238725034
          ],
          [
            74.43181050022126,
            31.607799030424918
          ],
          [
            74.43187754549868,
            31.607838520022927
          ],
          [
            74.43187811958546,
            31.607838659247058
          ],
          [
            74.43187871290404,
            31.607838713463984
          ],
          [
            74.4318793083967,
            31.607838681114995
          ],
          [
            74.43187988894327,
            31.607838563130105
          ],
          [
            74.43188043785327,
            31.607838362901358
          ],
          [
            74.4318809393457,
            31.60783808618525
          ],
          [
            74.4318813790029,
            31.60783774093723
          ],
          [
            74.43188174418485,
            31.607837337083087
          ],
          [
            74.43188202439273,
            31.60783688623345
          ],
          [
            74.43188221157068,
            31.607836401350085
          ],
          [
            74.43188230033739,
            31.6078358963732
          ],
          [
            74.43188228814086,
            31.607835385820696
          ],
          [
            74.43188217533172,
            31.60783488437075
          ],
          [
            74.43188196515321,
            31.607834406439846
          ],
          [
            74.43188166364789,
            31.607833965768354
          ],
          [
            74.4318812794839,
            31.607833575025378
          ],
          [
            74.43181381008101,
            31.607794519914417
          ],
          [
            74.43174404467537,
            31.6077585405074
          ]
        ]
      }
    },
    {
      "type": "Feature",
      "properties": {
        "Id": 0,
        "layer": "Road Track"
      },
      "geometry": {
        "type": "LineString",
        "coordinates": [
          [
            74.43222553980141,
            31.608106615756846
          ],
          [
            74.43222515537373,
            31.608106379804
          ],
          [
            74.43222473032955,
            31.608106202058995
          ],
          [
            74.43222427658783,
            31.608106087506126
          ],
          [
            74.43222380687222,
            31.60810603935763
          ],
          [
            74.43222333435435,
            31.60810605896369
          ],
          [
            74.43222287228437,
            31.608106145774485
          ],
          [
            74.43222243361954,
            31.60810629735573
          ],
          [
            74.43222203066071,
            31.608106509456817
          ],
          [
            74.43222167470753,
            31.608106776130075
          ],
          [
            74.43222137574155,
            31.60810708989755
          ],
          [
            74.43222114214622,
            31.608107441960687
          ],
          [
            74.43222098047195,
            31.60810782244704
          ],
          [
            74.43222089525239,
            31.608108220687154
          ],
          [
            74.43222088887723,
            31.608108625513687
          ],
          [
            74.43222096152522,
            31.608109025574663
          ],
          [
            74.4322211111592,
            31.60810940965168
          ],
          [
            74.43222133358317,
            31.60810976697458
          ],
          [
            74.43229225554992,
            31.60818994197725
          ],
          [
            74.43235662862087,
            31.608274066794337
          ],
          [
            74.43235711087956,
            31.608274316246952
          ],
          [
            74.43235763461597,
            31.608274494194827
          ],
          [
            74.43235818547832,
            31.608274595761706
          ],
          [
            74.43235874837147,
            31.608274618164376
          ],
          [
            74.43235930787064,
            31.608274560788956
          ],
          [
            74.43235984864404,
            31.608274425207686
          ],
          [
            74.43236035587302,
            31.608274215135847
          ],
          [
            74.43236081565811,
            31.608273936329976
          ],
          [
            74.4323612154,
            31.60827359643012
          ],
          [
            74.43236154414463,
            31.60827320475046
          ],
          [
            74.43236179288355,
            31.60827277202405
          ],
          [
            74.43236195480061,
            31.60827231010879
          ],
          [
            74.43236202545887,
            31.6082718316624
          ],
          [
            74.43236200292212,
            31.60827134979559
          ],
          [
            74.43236188780787,
            31.60827087771282
          ],
          [
            74.43236168327063,
            31.608270428350448
          ],
          [
            74.43229572403027,
            31.60818723614206
          ],
          [
            74.43222553980141,
            31.608106615756846
          ]
        ]
      }
    },
    {
      "type": "Feature",
      "properties": {
        "Id": 0,
        "layer": "Road Track"
      },
      "geometry": {
        "type": "LineString",
        "coordinates": [
          [
            74.43213596435638,
            31.608165619002676
          ],
          [
            74.43213551365601,
            31.608165367602307
          ],
          [
            74.43213501950201,
            31.6081651855833
          ],
          [
            74.43213449633987,
            31.608165078266563
          ],
          [
            74.43213395946306,
            31.60816504878927
          ],
          [
            74.43213342456602,
            31.608165098013117
          ],
          [
            74.43213290728524,
            31.608165224499167
          ],
          [
            74.43213242274228,
            31.608165424549867
          ],
          [
            74.43213198510169,
            31.608165692317176
          ],
          [
            74.43213160715689,
            31.60816601997352
          ],
          [
            74.4321312999563,
            31.608166397940607
          ],
          [
            74.4321310724802,
            31.6081668151694
          ],
          [
            74.4321309313784,
            31.608167259463134
          ],
          [
            74.43213088077566,
            31.608167717833872
          ],
          [
            74.43213092215126,
            31.60816817688216
          ],
          [
            74.43213105429565,
            31.60816862318876
          ],
          [
            74.43213127334593,
            31.608169043706855
          ],
          [
            74.43220203978443,
            31.608249877360297
          ],
          [
            74.4322660153966,
            31.608334755246666
          ],
          [
            74.43232288579115,
            31.608423260281153
          ],
          [
            74.43239283391203,
            31.608558836228667
          ],
          [
            74.43242166159258,
            31.60863154952585
          ],
          [
            74.43244738363451,
            31.608705111089304
          ],
          [
            74.43244763113856,
            31.60870546090861
          ],
          [
            74.43244794393969,
            31.60870577006446
          ],
          [
            74.4324483131044,
            31.608706029727465
          ],
          [
            74.43244872808953,
            31.60870623248176
          ],
          [
            74.43244917704321,
            31.608706372536755
          ],
          [
            74.43244964714351,
            31.608706445892533
          ],
          [
            74.43245012496456,
            31.608706450454086
          ],
          [
            74.43245059685995,
            31.60870638609112
          ],
          [
            74.43245104935255,
            31.60870625464183
          ],
          [
            74.43245146951931,
            31.60870605986037
          ],
          [
            74.43245184536043,
            31.6087058073096
          ],
          [
            74.43245216614206,
            31.608705504202284
          ],
          [
            74.43245242270278,
            31.60870515919507
          ],
          [
            74.4324526077153,
            31.608704782141196
          ],
          [
            74.43245271589576,
            31.608704383809208
          ],
          [
            74.43245274415456,
            31.608703975575324
          ],
          [
            74.43245269168463,
            31.60870356909851
          ],
          [
            74.43242731996598,
            31.60863027547693
          ],
          [
            74.43239869018167,
            31.6085578662701
          ],
          [
            74.43236494256453,
            31.608488207057874
          ],
          [
            74.43232841248715,
            31.60841958355897
          ],
          [
            74.4322920684319,
            31.608360220174365
          ],
          [
            74.43225214718207,
            31.608302564340132
          ],
          [
            74.43220875796331,
            31.60824677379479
          ],
          [
            74.43213596435638,
            31.60816561900267
          ]
        ]
      }
    },
    {
      "type": "Feature",
      "properties": {
        "Id": 0,
        "layer": "Road Track"
      },
      "geometry": {
        "type": "LineString",
        "coordinates": [
          [
            74.43247078589776,
            31.608453527767338
          ],
          [
            74.43247027252788,
            31.60845315045317
          ],
          [
            74.43246969232924,
            31.6084528523932
          ],
          [
            74.43246906182637,
            31.60845264207641
          ],
          [
            74.43246839897647,
            31.6084525254928
          ],
          [
            74.43246772265803,
            31.60845250596275
          ],
          [
            74.43246705213312,
            31.608452584042492
          ],
          [
            74.43246640649883,
            31.608452757508246
          ],
          [
            74.4324658041433,
            31.608453021419578
          ],
          [
            74.43246526222208,
            31.608453368260104
          ],
          [
            74.43246479616954,
            31.608453788151515
          ],
          [
            74.43246441925919,
            31.608454269134974
          ],
          [
            74.43246414222575,
            31.608454797511712
          ],
          [
            74.43246397295935,
            31.608455358233147
          ],
          [
            74.43246391628082,
            31.60845593532948
          ],
          [
            74.43246397380442,
            31.608456512364594
          ],
          [
            74.43250003611197,
            31.608528776762842
          ],
          [
            74.43253038323485,
            31.608602939600466
          ],
          [
            74.43255487986809,
            31.608678670250576
          ],
          [
            74.43255533232156,
            31.60867897972793
          ],
          [
            74.43255584035848,
            31.608679217792417
          ],
          [
            74.4325563887558,
            31.608679377310587
          ],
          [
            74.43255696108113,
            31.608679453502518
          ],
          [
            74.43255754018507,
            31.60867944408521
          ],
          [
            74.43255810871507,
            31.608679349340832
          ],
          [
            74.43255864963547,
            31.608679172108342
          ],
          [
            74.43255914673789,
            31.608678917698413
          ],
          [
            74.43255958512695,
            31.608678593734282
          ],
          [
            74.43255995166655,
            31.608678209923365
          ],
          [
            74.43256023537356,
            31.608677777766342
          ],
          [
            74.43256042774686,
            31.608677310212535
          ],
          [
            74.43253616124375,
            31.60860112614907
          ],
          [
            74.43250623961646,
            31.608526429631926
          ],
          [
            74.43247078589776,
            31.608453527767345
          ]
        ]
      }
    },
    {
      "type": "Feature",
      "properties": {
        "Id": 0,
        "layer": "Road Track"
      },
      "geometry": {
        "type": "LineString",
        "coordinates": [
          [
            74.43244423584623,
            31.609380652690618
          ],
          [
            74.43244474176994,
            31.60938033232822
          ],
          [
            74.43244530480152,
            31.60938009165807
          ],
          [
            74.43244590797909,
            31.60937993793057
          ],
          [
            74.43244653313131,
            31.609379875776963
          ],
          [
            74.43244716142492,
            31.609379907069627
          ],
          [
            74.4324477739319,
            31.6093800308659
          ],
          [
            74.43244835219993,
            31.609380243436235
          ],
          [
            74.43244887880809,
            31.609380538376794
          ],
          [
            74.43244933789181,
            31.60938090680219
          ],
          [
            74.43244971562073,
            31.60938133761324
          ],
          [
            74.4324500006154,
            31.60938181783134
          ],
          [
            74.43245018429009,
            31.609382332989473
          ],
          [
            74.43242412107088,
            31.609464331596484
          ],
          [
            74.43239078606354,
            31.609544377997373
          ],
          [
            74.43235524027259,
            31.609615855394956
          ],
          [
            74.43231506511418,
            31.609685513742114
          ],
          [
            74.43227038710694,
            31.609753133655037
          ],
          [
            74.43222789571037,
            31.609811079967365
          ],
          [
            74.43218203948781,
            31.60986711615983
          ],
          [
            74.4321329354296,
            31.609921099263467
          ],
          [
            74.4320771917922,
            31.609976325296554
          ],
          [
            74.43201796752126,
            31.610028830943065
          ],
          [
            74.43195544357714,
            31.61007845576658
          ],
          [
            74.43191255301728,
            31.610109160901853
          ],
          [
            74.4319119997092,
            31.61010918922767
          ],
          [
            74.43191144852723,
            31.61010913900588
          ],
          [
            74.43191091459195,
            31.610109011614206
          ],
          [
            74.43191041255075,
            31.610108810547363
          ],
          [
            74.43190995617604,
            31.61010854132122
          ],
          [
            74.43190955798755,
            31.610108211321407
          ],
          [
            74.43190922890874,
            31.610107829600775
          ],
          [
            74.43190897796717,
            31.61010740663108
          ],
          [
            74.4319088120469,
            31.61010695401555
          ],
          [
            74.43190873569964,
            31.610106484170778
          ],
          [
            74.43190875101978,
            31.61010600998595
          ],
          [
            74.43190885758705,
            31.610105544469373
          ],
          [
            74.43190905247802,
            31.610105100391465
          ],
          [
            74.43190933034623,
            31.610104689934605
          ],
          [
            74.43190968356897,
            31.610104324358808
          ],
          [
            74.4319551882481,
            31.61007129433119
          ],
          [
            74.43201813349745,
            31.61002228899392
          ],
          [
            74.43207700727245,
            31.609969707880836
          ],
          [
            74.43213153285917,
            31.609913798135597
          ],
          [
            74.4321713708333,
            31.609870737539193
          ],
          [
            74.43220782585566,
            31.6098255353123
          ],
          [
            74.43223854708114,
            31.609788366512504
          ],
          [
            74.43226608474899,
            31.609749413249023
          ],
          [
            74.43231017531734,
            31.609682033892476
          ],
          [
            74.43234995175473,
            31.609612716027083
          ],
          [
            74.43238529809196,
            31.60954166176759
          ],
          [
            74.43240860138795,
            31.609489006206985
          ],
          [
            74.43242826970722,
            31.609435275312315
          ],
          [
            74.43244423584623,
            31.60938065269061
          ]
        ]
      }
    },
    {
      "type": "Feature",
      "properties": {
        "Id": 0,
        "layer": "Road Track"
      },
      "geometry": {
        "type": "LineString",
        "coordinates": [
          [
            74.43255619256966,
            31.60940209909857
          ],
          [
            74.43255631780735,
            31.609401688426583
          ],
          [
            74.43255652155825,
            31.609401301472285
          ],
          [
            74.43255679807955,
            31.60940094914217
          ],
          [
            74.43255713957743,
            31.60940064136675
          ],
          [
            74.4325575364266,
            31.609400386820834
          ],
          [
            74.4325579774417,
            31.609400192678883
          ],
          [
            74.4325584501926,
            31.609400064412863
          ],
          [
            74.43255894135459,
            31.609400005638
          ],
          [
            74.4325594370841,
            31.609400018010913
          ],
          [
            74.43255992340879,
            31.609400101182825
          ],
          [
            74.43256038662142,
            31.609400252809518
          ],
          [
            74.43256081366613,
            31.609400468617352
          ],
          [
            74.43256119250654,
            31.60940074252366
          ],
          [
            74.43256151246487,
            31.60940106680835
          ],
          [
            74.43256176452296,
            31.609401432331268
          ],
          [
            74.43256194157647,
            31.60940182879004
          ],
          [
            74.43256203863506,
            31.609402245010322
          ],
          [
            74.43256205296309,
            31.609402669260763
          ],
          [
            74.43256198415675,
            31.609403089583715
          ],
          [
            74.43254161456713,
            31.609468792586917
          ],
          [
            74.43251758078223,
            31.60953358241443
          ],
          [
            74.43248993827783,
            31.609597309495584
          ],
          [
            74.43245563259103,
            31.609664854599952
          ],
          [
            74.43241732326238,
            31.60973080470897
          ],
          [
            74.43237511116277,
            31.60979498615765
          ],
          [
            74.43233269798783,
            31.609853898613643
          ],
          [
            74.43228656749778,
            31.609910728322767
          ],
          [
            74.43223685898163,
            31.609965303682298
          ],
          [
            74.43218011469949,
            31.61002499326708
          ],
          [
            74.43211887200141,
            31.610081332685485
          ],
          [
            74.43205340025766,
            31.61013407412691
          ],
          [
            74.4319661119447,
            31.610199299622636
          ],
          [
            74.43196551232387,
            31.610199367345196
          ],
          [
            74.431964907874,
            31.61019934923766
          ],
          [
            74.43196431525423,
            31.610199245799087
          ],
          [
            74.4319637507976,
            31.610199059880312
          ],
          [
            74.43196323006097,
            31.610198796605406
          ],
          [
            74.4319627673963,
            31.61019846323044
          ],
          [
            74.43196237555495,
            31.61019806894349
          ],
          [
            74.43196206533636,
            31.610197624611406
          ],
          [
            74.43196184529043,
            31.610197142480327
          ],
          [
            74.43196172148178,
            31.610196635838175
          ],
          [
            74.43196169732269,
            31.610196118648396
          ],
          [
            74.43196177347897,
            31.610195605165142
          ],
          [
            74.43196194785173,
            31.610195109540435
          ],
          [
            74.43196221563508,
            31.610194645434042
          ],
          [
            74.43196256944874,
            31.610194225637112
          ],
          [
            74.4319629995413,
            31.610193861719605
          ],
          [
            74.43205096581443,
            31.610128356597055
          ],
          [
            74.432116853973,
            31.61007709837094
          ],
          [
            74.4321777142235,
            31.610021473383426
          ],
          [
            74.43223315267618,
            31.6099618416497
          ],
          [
            74.43230542221569,
            31.609878933438118
          ],
          [
            74.43237080471549,
            31.609791938697548
          ],
          [
            74.43241321289403,
            31.609726740367982
          ],
          [
            74.4324514022519,
            31.609659659413797
          ],
          [
            74.43248525908275,
            31.609590895580165
          ],
          [
            74.43251304985078,
            31.609529141362767
          ],
          [
            74.4325367195462,
            31.609466142123097
          ],
          [
            74.43255619256966,
            31.609402099098578
          ]
        ]
      }
    },
    {
      "type": "Feature",
      "properties": {
        "Id": 0,
        "layer": "Road Track"
      },
      "geometry": {
        "type": "LineString",
        "coordinates": [
          [
            74.43128397258441,
            31.610377322353052
          ],
          [
            74.43128359857174,
            31.610377625736394
          ],
          [
            74.43128328965072,
            31.610377978721317
          ],
          [
            74.43128305465798,
            31.610378371210796
          ],
          [
            74.43128290031541,
            31.610378791977777
          ],
          [
            74.43128283103793,
            31.610379228986293
          ],
          [
            74.43128284880724,
            31.61037966973587
          ],
          [
            74.43128295311503,
            31.61038010161897
          ],
          [
            74.4312831409776,
            31.610380512281694
          ],
          [
            74.4312834070212,
            31.610380889977137
          ],
          [
            74.43128374363573,
            31.610381223901392
          ],
          [
            74.4312841411924,
            31.61038150450268
          ],
          [
            74.43128458831922,
            31.610381723754468
          ],
          [
            74.43128507222623,
            31.610381875385098
          ],
          [
            74.43136831088401,
            31.61036239691499
          ],
          [
            74.43145009666557,
            31.610338838364417
          ],
          [
            74.43153015674814,
            31.61031127832065
          ],
          [
            74.4316082240663,
            31.61027980871926
          ],
          [
            74.43160859367447,
            31.61027954030894
          ],
          [
            74.43160890527416,
            31.610279222527637
          ],
          [
            74.43160914998977,
            31.610278864427013
          ],
          [
            74.4316093208508,
            31.6102784762072
          ],
          [
            74.43160941299048,
            31.610278068926224
          ],
          [
            74.4316094237843,
            31.610277654185072
          ],
          [
            74.4316093529248,
            31.61027724379725
          ],
          [
            74.43160920243034,
            31.610276849452184
          ],
          [
            74.43160897658761,
            31.610276482382396
          ],
          [
            74.4316086818295,
            31.610276153043515
          ],
          [
            74.43160832655191,
            31.610275870816384
          ],
          [
            74.43160792087454,
            31.610275643739996
          ],
          [
            74.43160747635268,
            31.61027547828234
          ],
          [
            74.43160700564809,
            31.610275379156327
          ],
          [
            74.43160652216831,
            31.610275349185457
          ],
          [
            74.43160603968475,
            31.61027538922343
          ],
          [
            74.43150163079493,
            31.61031594271972
          ],
          [
            74.43139409021826,
            31.610349978942573
          ],
          [
            74.43128397258441,
            31.610377322353045
          ]
        ]
      }
    },
    {
      "type": "Feature",
      "properties": {
        "Id": 0,
        "layer": "Road Track"
      },
      "geometry": {
        "type": "LineString",
        "coordinates": [
          [
            74.43120452017295,
            31.61049260147437
          ],
          [
            74.43120401644381,
            31.610492728413988
          ],
          [
            74.43120354403376,
            31.61049292463817
          ],
          [
            74.43120311585243,
            31.610493184784644
          ],
          [
            74.43120274360075,
            31.61049350174439
          ],
          [
            74.4312024374513,
            31.61049386685577
          ],
          [
            74.43120220577029,
            31.61049427014139
          ],
          [
            74.43120205488887,
            31.610494700580563
          ],
          [
            74.43120198893021,
            31.610495146410653
          ],
          [
            74.43120200969676,
            31.61049559544839
          ],
          [
            74.43120211662105,
            31.610496035422873
          ],
          [
            74.43120230678113,
            31.610496454310855
          ],
          [
            74.43120257498047,
            31.610496840665334
          ],
          [
            74.43120291388998,
            31.610497183928345
          ],
          [
            74.43120331424821,
            31.6104974747195
          ],
          [
            74.43120376511452,
            31.610497705092317
          ],
          [
            74.43120425416805,
            31.610497868751352
          ],
          [
            74.43120476804434,
            31.610497961224294
          ],
          [
            74.43120529270065,
            31.610497979984114
          ],
          [
            74.43128256037434,
            31.610483618912678
          ],
          [
            74.43135927864294,
            31.610467242126507
          ],
          [
            74.4314233217132,
            31.610450137409302
          ],
          [
            74.43148640569821,
            31.610430596001642
          ],
          [
            74.43157558459959,
            31.61040085754494
          ],
          [
            74.43166200824975,
            31.610365662077108
          ],
          [
            74.43166245645924,
            31.61036545497895
          ],
          [
            74.43166285679861,
            31.610365185462314
          ],
          [
            74.43166319752359,
            31.61036486143363
          ],
          [
            74.43166346863882,
            31.610364492398528
          ],
          [
            74.4316636621909,
            31.610364089182912
          ],
          [
            74.43166377250184,
            31.610363663615402
          ],
          [
            74.43166379633561,
            31.610363228180336
          ],
          [
            74.43166373299303,
            31.610362795651493
          ],
          [
            74.4316635843323,
            31.61036237871743
          ],
          [
            74.43166335471449,
            31.610361989609196
          ],
          [
            74.43166305087558,
            31.61036163974155
          ],
          [
            74.43166268172894,
            31.610361339378155
          ],
          [
            74.43166225810371,
            31.610361097330316
          ],
          [
            74.43166179242728,
            31.610360920698728
          ],
          [
            74.43166129836057,
            31.610360814664997
          ],
          [
            74.43166079039739,
            31.610360782339676
          ],
          [
            74.43166028343919,
            31.610360824671073
          ],
          [
            74.43165979235796,
            31.61036094041735
          ],
          [
            74.43157346772593,
            31.610396605540487
          ],
          [
            74.43148398756945,
            31.61042602848888
          ],
          [
            74.43142108858102,
            31.61044585677599
          ],
          [
            74.43135694208762,
            31.610462502696674
          ],
          [
            74.43128103281454,
            31.610478670959807
          ],
          [
            74.43120452017295,
            31.61049260147437
          ]
        ]
      }
    },
    {
      "type": "Feature",
      "properties": {
        "Id": 0,
        "layer": "Road Track"
      },
      "geometry": {
        "type": "LineString",
        "coordinates": [
          [
            74.43004766661576,
            31.607753187727006
          ],
          [
            74.43004814896287,
            31.6077530661463
          ],
          [
            74.43004864823922,
            31.60775301505541
          ],
          [
            74.4300491504827,
            31.607753035883107
          ],
          [
            74.43004964164813,
            31.607753128046905
          ],
          [
            74.43005010800015,
            31.607753288969505
          ],
          [
            74.43005053649732,
            31.60775351415069
          ],
          [
            74.4300509151568,
            31.60775379729335
          ],
          [
            74.43005123338943,
            31.60775413047942
          ],
          [
            74.43005148229592,
            31.607754504391455
          ],
          [
            74.43005165491562,
            31.607754908573025
          ],
          [
            74.43005174642124,
            31.607755331721297
          ],
          [
            74.43005175425387,
            31.607755762002967
          ],
          [
            74.43005167819445,
            31.60775618738533
          ],
          [
            74.43005152036997,
            31.60775659597261
          ],
          [
            74.43005128519397,
            31.607756976338756
          ],
          [
            74.43005097924309,
            31.607757317846897
          ],
          [
            74.43005061107321,
            31.607757610946816
          ],
          [
            74.43005019098014,
            31.60775784744201
          ],
          [
            74.43004973071167,
            31.607758020718936
          ],
          [
            74.42998374125553,
            31.607790197009695
          ],
          [
            74.42991999381319,
            31.607825529118816
          ],
          [
            74.4298586942137,
            31.60786390296655
          ],
          [
            74.42978559509123,
            31.607912724985205
          ],
          [
            74.42971640826305,
            31.607965557813642
          ],
          [
            74.4296733779131,
            31.607998700394777
          ],
          [
            74.42963420478141,
            31.608035178686045
          ],
          [
            74.42956257715107,
            31.608103554649652
          ],
          [
            74.42956205463783,
            31.608103730752187
          ],
          [
            74.42956150524302,
            31.608103830289682
          ],
          [
            74.42956094416913,
            31.60810385050785
          ],
          [
            74.42956038694186,
            31.60810379084719
          ],
          [
            74.42955984898039,
            31.608103652958587
          ],
          [
            74.42955934517086,
            31.608103440657644
          ],
          [
            74.42955888945436,
            31.60810315981897
          ],
          [
            74.42955849444117,
            31.608102818213766
          ],
          [
            74.42955817106184,
            31.608102425294692
          ],
          [
            74.42955792826469,
            31.608101991934365
          ],
          [
            74.42955777276825,
            31.60810153012445
          ],
          [
            74.42955770887534,
            31.608101052643818
          ],
          [
            74.4295577383539,
            31.608100572705023
          ],
          [
            74.42955786038829,
            31.608100103588598
          ],
          [
            74.4295580716016,
            31.608099658275638
          ],
          [
            74.42963476053714,
            31.608026567271843
          ],
          [
            74.42970129419187,
            31.607970948967896
          ],
          [
            74.42977004722329,
            31.607917344113286
          ],
          [
            74.42988853636311,
            31.607839271210945
          ],
          [
            74.42996649486933,
            31.607794054192375
          ],
          [
            74.43004766661576,
            31.607753187727006
          ]
        ]
      }
    },
    {
      "type": "Feature",
      "properties": {
        "Id": 0,
        "layer": "Road Track"
      },
      "geometry": {
        "type": "LineString",
        "coordinates": [
          [
            74.43010819679408,
            31.60783601338036
          ],
          [
            74.43010872650831,
            31.60783593547193
          ],
          [
            74.43010926398321,
            31.607835937398672
          ],
          [
            74.43010979291623,
            31.607836019102198
          ],
          [
            74.43011029726392,
            31.60783617810429
          ],
          [
            74.43011076172856,
            31.60783640958211
          ],
          [
            74.4301111722221,
            31.607836706514572
          ],
          [
            74.4301115162936,
            31.607837059895182
          ],
          [
            74.43011178350673,
            31.607837459005314
          ],
          [
            74.4301119657565,
            31.607837891739255
          ],
          [
            74.43011205751495,
            31.607838344971427
          ],
          [
            74.43011205599885,
            31.607838804954543
          ],
          [
            74.43011196125423,
            31.607839257736487
          ],
          [
            74.43011177615483,
            31.60783968958363
          ],
          [
            74.43011150631504,
            31.607840087397292
          ],
          [
            74.43011115991958,
            31.60784043911107
          ],
          [
            74.4301107474752,
            31.607840734056918
          ],
          [
            74.43011028149205,
            31.607840963288606
          ],
          [
            74.43010977610425,
            31.607841119853113
          ],
          [
            74.43002151706982,
            31.607886199490558
          ],
          [
            74.42993676292886,
            31.60793596208542
          ],
          [
            74.42983392801995,
            31.608005275663704
          ],
          [
            74.42973554601046,
            31.608087099186026
          ],
          [
            74.42964847760679,
            31.608170480579314
          ],
          [
            74.4296481108901,
            31.608170854290577
          ],
          [
            74.42964767695297,
            31.60817117089927
          ],
          [
            74.42964718776676,
            31.60817142167088
          ],
          [
            74.42964665682702,
            31.608171599687154
          ],
          [
            74.42964609878113,
            31.60817170003706
          ],
          [
            74.42964552902437,
            31.608171719952157
          ],
          [
            74.42964496327501,
            31.60817165888303
          ],
          [
            74.42964441714079,
            31.60817151851445
          ],
          [
            74.42964390568834,
            31.60817130271885
          ],
          [
            74.42964344302746,
            31.60817101744957
          ],
          [
            74.4296430419219,
            31.608170670576516
          ],
          [
            74.42964271343732,
            31.60817027166914
          ],
          [
            74.42964246663578,
            31.60816983173242
          ],
          [
            74.42964230832602,
            31.608169362903162
          ],
          [
            74.42964224287547,
            31.608168878115347
          ],
          [
            74.42964227208971,
            31.608168390743153
          ],
          [
            74.42964239516282,
            31.60816791423208
          ],
          [
            74.42964260869947,
            31.608167461727994
          ],
          [
            74.42964290680868,
            31.60816704571447
          ],
          [
            74.42964328126627,
            31.608166677668354
          ],
          [
            74.42964372174184,
            31.608166367743216
          ],
          [
            74.42972851767861,
            31.608084268292096
          ],
          [
            74.42977937574945,
            31.608040774721285
          ],
          [
            74.42983195442282,
            31.60799880643223
          ],
          [
            74.42988380940459,
            31.607965115087662
          ],
          [
            74.42993428345997,
            31.60792992129258
          ],
          [
            74.43001917690576,
            31.607880168717834
          ],
          [
            74.43010819679408,
            31.60783601338036
          ]
        ]
      }
    },
    {
      "type": "Feature",
      "properties": {
        "Id": 0,
        "layer": "Road Track"
      },
      "geometry": {
        "type": "LineString",
        "coordinates": [
          [
            74.42936653048903,
            31.608349122539032
          ],
          [
            74.4293667353526,
            31.608348778240604
          ],
          [
            74.42936700507333,
            31.608348468406007
          ],
          [
            74.42936733193861,
            31.608348201894888
          ],
          [
            74.42936770660182,
            31.608347986328052
          ],
          [
            74.42936811834956,
            31.608347827869583
          ],
          [
            74.42936855540802,
            31.608347731050564
          ],
          [
            74.4293690052796,
            31.608347698639516
          ],
          [
            74.42936945510034,
            31.608347731563192
          ],
          [
            74.42936989200777,
            31.608347828880202
          ],
          [
            74.4293703035086,
            31.608347987807736
          ],
          [
            74.42937067783608,
            31.60834820380134
          ],
          [
            74.4293710042864,
            31.608348470684707
          ],
          [
            74.42937127352481,
            31.608348780826415
          ],
          [
            74.4293714778525,
            31.60834912535799
          ],
          [
            74.42937161142677,
            31.608349494427674
          ],
          [
            74.42937167042813,
            31.608349877482006
          ],
          [
            74.42937165316938,
            31.60835026356763
          ],
          [
            74.42937156014409,
            31.608350641644556
          ],
          [
            74.42937139401226,
            31.60835100090175
          ],
          [
            74.42937115952442,
            31.608351331066345
          ],
          [
            74.42937086338566,
            31.608351622697377
          ],
          [
            74.42933477347734,
            31.608410063328638
          ],
          [
            74.42930568617753,
            31.60847129722944
          ],
          [
            74.42927033826892,
            31.60854560268229
          ],
          [
            74.42924160803067,
            31.608621969429112
          ],
          [
            74.42922955579014,
            31.608658955322007
          ],
          [
            74.42922939885167,
            31.608659387727517
          ],
          [
            74.42922915658639,
            31.60865979025271
          ],
          [
            74.42922883635076,
            31.608660150674858
          ],
          [
            74.42922844786877,
            31.60866045804965
          ],
          [
            74.42922800293675,
            31.60866070304359
          ],
          [
            74.42922751506518,
            31.608660878217403
          ],
          [
            74.42922699906833,
            31.60866097825189
          ],
          [
            74.42922647061457,
            31.608661000109503
          ],
          [
            74.42922594575049,
            31.6086609431265
          ],
          [
            74.42922544041369,
            31.6086608090332
          ],
          [
            74.42922496994883,
            31.6086606019014
          ],
          [
            74.42922454864166,
            31.60866032802064
          ],
          [
            74.42922418928524,
            31.608659995707395
          ],
          [
            74.4292239027915,
            31.60865961505244
          ],
          [
            74.4292236978599,
            31.608659197614383
          ],
          [
            74.4292235807132,
            31.608658756068856
          ],
          [
            74.42922355490857,
            31.60865830382345
          ],
          [
            74.42922362122962,
            31.608657854610684
          ],
          [
            74.42922377766246,
            31.608657422071005
          ],
          [
            74.42923735146525,
            31.608618504851286
          ],
          [
            74.42926559358526,
            31.608541050427565
          ],
          [
            74.42930068788587,
            31.608465675866015
          ],
          [
            74.42931918702287,
            31.60842544349092
          ],
          [
            74.4293411762436,
            31.608386518592038
          ],
          [
            74.42936653048903,
            31.608349122539032
          ]
        ]
      }
    },
    {
      "type": "Feature",
      "properties": {
        "Id": 0,
        "layer": "Road Track"
      },
      "geometry": {
        "type": "LineString",
        "coordinates": [
          [
            74.4295037433246,
            31.608348357220965
          ],
          [
            74.42950396606993,
            31.608347998466673
          ],
          [
            74.42950411426027,
            31.608347612513672
          ],
          [
            74.42950418357606,
            31.60834721061214
          ],
          [
            74.42950417199674,
            31.6083468044771
          ],
          [
            74.42950407985992,
            31.60834640594702
          ],
          [
            74.42950390985123,
            31.60834602663861
          ],
          [
            74.42950366692631,
            31.608345677608398
          ],
          [
            74.42950335816614,
            31.608345369030236
          ],
          [
            74.42950299257082,
            31.608345109898888
          ],
          [
            74.42950258079706,
            31.60834490776778
          ],
          [
            74.42950213484771,
            31.60834476852885
          ],
          [
            74.4295016677217,
            31.608344696240742
          ],
          [
            74.42950119303534,
            31.60834469301063
          ],
          [
            74.42950072462526,
            31.608344758932624
          ],
          [
            74.42950027614515,
            31.608344892085185
          ],
          [
            74.42949986066776,
            31.60834508858706
          ],
          [
            74.42949949030388,
            31.608345342710383
          ],
          [
            74.42949917584924,
            31.60834564704772
          ],
          [
            74.42949892646989,
            31.608345992727934
          ],
          [
            74.42945571108605,
            31.6084122368134
          ],
          [
            74.42941695007862,
            31.60848046968576
          ],
          [
            74.42938276795051,
            31.608550472193738
          ],
          [
            74.4293472173661,
            31.608641993164255
          ],
          [
            74.42931559227,
            31.608734563270293
          ],
          [
            74.42931541273578,
            31.60873496570866
          ],
          [
            74.42931531361972,
            31.608735388046103
          ],
          [
            74.42931529766336,
            31.60873581860113
          ],
          [
            74.42931536530799,
            31.60873624546499
          ],
          [
            74.42931551468264,
            31.608736656830985
          ],
          [
            74.42931574165573,
            31.60873704132111
          ],
          [
            74.42931603994941,
            31.60873738830072
          ],
          [
            74.42931640131312,
            31.608737688172656
          ],
          [
            74.42931681575186,
            31.60873793264273
          ],
          [
            74.42931727180263,
            31.608738114949116
          ],
          [
            74.4293177568515,
            31.608738230049394
          ],
          [
            74.42931825748241,
            31.608738274759972
          ],
          [
            74.42931875984837,
            31.608738247844208
          ],
          [
            74.4293192500544,
            31.608738150046573
          ],
          [
            74.4293197145418,
            31.608737984072057
          ],
          [
            74.42932014046332,
            31.608737754511356
          ],
          [
            74.42932051603829,
            31.608737467713933
          ],
          [
            74.42932083087867,
            31.608737131612337
          ],
          [
            74.42932107627627,
            31.608736755502854
          ],
          [
            74.42932124544356,
            31.60873634978831
          ],
          [
            74.4293213337016,
            31.60873592569043
          ],
          [
            74.42935360824991,
            31.60864297136485
          ],
          [
            74.42938999823963,
            31.608551137075946
          ],
          [
            74.42942319353654,
            31.60848165377784
          ],
          [
            74.42946115325995,
            31.60841398081834
          ],
          [
            74.4295037433246,
            31.608348357220965
          ]
        ]
      }
    },
    {
      "type": "Feature",
      "properties": {
        "Id": 0,
        "layer": "Road Track"
      },
      "geometry": {
        "type": "LineString",
        "coordinates": [
          [
            74.4279539777072,
            31.609015652819952
          ],
          [
            74.42795279826528,
            31.609015962138205
          ],
          [
            74.42795169731222,
            31.60901643833986
          ],
          [
            74.42795070681629,
            31.609017067597524
          ],
          [
            74.42794985553839,
            31.609017831639484
          ],
          [
            74.42794916819695,
            31.609018708280384
          ],
          [
            74.42794866475025,
            31.6090196720653
          ],
          [
            74.42794835981681,
            31.609020695008915
          ],
          [
            74.42794826225094,
            31.60902174740817
          ],
          [
            74.42794837488567,
            31.609022798704657
          ],
          [
            74.42794869445044,
            31.609023818371988
          ],
          [
            74.42794921166609,
            31.609024776802237
          ],
          [
            74.42794991151429,
            31.609025646165584
          ],
          [
            74.42795077367366,
            31.60902640121838
          ],
          [
            74.42795177310975,
            31.609027020036287
          ],
          [
            74.4279528808021,
            31.60902748465076
          ],
          [
            74.4279540645867,
            31.609027781570823
          ],
          [
            74.42870289366047,
            31.60903001317815
          ],
          [
            74.42900860998567,
            31.609032456898106
          ],
          [
            74.42904053895892,
            31.60903446821322
          ],
          [
            74.4290718186927,
            31.609040307873425
          ],
          [
            74.42910182564042,
            31.609049859467913
          ],
          [
            74.42912996162727,
            31.609062932590206
          ],
          [
            74.42914847996096,
            31.609075304921284
          ],
          [
            74.4291650273525,
            31.60908957702772
          ],
          [
            74.42916517471072,
            31.60908970780683
          ],
          [
            74.42916534482396,
            31.60908981649092
          ],
          [
            74.42916553322165,
            31.609089900223754
          ],
          [
            74.42916573495268,
            31.609089956804862
          ],
          [
            74.42916594471556,
            31.609089984747268
          ],
          [
            74.42916615699774,
            31.609089983316654
          ],
          [
            74.42916636622041,
            31.60908995255064
          ],
          [
            74.42916656688524,
            31.60908989325772
          ],
          [
            74.42916675371873,
            31.609089806996142
          ],
          [
            74.42916692181092,
            31.609089696032832
          ],
          [
            74.42916706674431,
            31.60908956328392
          ],
          [
            74.42916718471008,
            31.60908941223805
          ],
          [
            74.42916727260808,
            31.60908924686471
          ],
          [
            74.42916732812837,
            31.60908907150989
          ],
          [
            74.42916885148334,
            31.60896926663051
          ],
          [
            74.42916870424149,
            31.608969041911866
          ],
          [
            74.42916851502115,
            31.60896884152768
          ],
          [
            74.42916828918958,
            31.608968671161936
          ],
          [
            74.4291680331526,
            31.608968535647076
          ],
          [
            74.42916775417277,
            31.608968438827073
          ],
          [
            74.42916746016344,
            31.60896838344823
          ],
          [
            74.42916715946428,
            31.608968371081392
          ],
          [
            74.42916686060474,
            31.608968402077345
          ],
          [
            74.42916657206204,
            31.608968475556882
          ],
          [
            74.42916630202082,
            31.608968589435737
          ],
          [
            74.42916605814088,
            31.60896874048369
          ],
          [
            74.42916584733995,
            31.60896892441622
          ],
          [
            74.42913361475972,
            31.608989946887675
          ],
          [
            74.42909888437089,
            31.6090078198219
          ],
          [
            74.42908596778867,
            31.609013197460115
          ],
          [
            74.42907233890585,
            31.609017079522403
          ],
          [
            74.42905823297075,
            31.609019399000456
          ],
          [
            74.4290438934661,
            31.609020115857685
          ],
          [
            74.42888840480202,
            31.609020290741853
          ],
          [
            74.42864860342266,
            31.609019864369856
          ],
          [
            74.42849108564542,
            31.609019375038073
          ],
          [
            74.42831067406154,
            31.60901813700679
          ],
          [
            74.42811239588647,
            31.609017034076448
          ],
          [
            74.4279539777072,
            31.609015652819952
          ]
        ]
      }
    },
    {
      "type": "Feature",
      "properties": {
        "Id": 0,
        "layer": "Road Track"
      },
      "geometry": {
        "type": "LineString",
        "coordinates": [
          [
            74.42921359287816,
            31.60937814415562
          ],
          [
            74.42921343286416,
            31.609377743197612
          ],
          [
            74.4292131977468,
            31.609377370326538
          ],
          [
            74.4292128939698,
            31.609377035761455
          ],
          [
            74.4292125298586,
            31.609376748671547
          ],
          [
            74.42921211539213,
            31.60937651692493
          ],
          [
            74.42921166192946,
            31.609376346872907
          ],
          [
            74.42921118189828,
            31.609376243176023
          ],
          [
            74.42921068845455,
            31.609376208676192
          ],
          [
            74.42921019512174,
            31.60937624431897
          ],
          [
            74.4292097154203,
            31.609376349127462
          ],
          [
            74.42920926249712,
            31.609376520229297
          ],
          [
            74.42920884876519,
            31.60937675293519
          ],
          [
            74.42920848556334,
            31.609377040867496
          ],
          [
            74.42920818284566,
            31.609377376135058
          ],
          [
            74.4292079489085,
            31.609377749549417
          ],
          [
            74.42920779016326,
            31.60937815087664
          ],
          [
            74.42920771096057,
            31.609378569117794
          ],
          [
            74.42920771347107,
            31.60937899281044
          ],
          [
            74.42920779762595,
            31.60937941034267
          ],
          [
            74.42924899616692,
            31.60948554663062
          ],
          [
            74.4292944129543,
            31.609590414746453
          ],
          [
            74.42934399484368,
            31.609693891946186
          ],
          [
            74.42934424497045,
            31.609694167379416
          ],
          [
            74.429344546321,
            31.60969440227129
          ],
          [
            74.42934489006588,
            31.60969458973958
          ],
          [
            74.42934526613348,
            31.609694724291536
          ],
          [
            74.42934566350517,
            31.609694801984816
          ],
          [
            74.42934607053806,
            31.60969482054303
          ],
          [
            74.42934647530628,
            31.60969477942244
          ],
          [
            74.42934686595022,
            31.60969467982786
          ],
          [
            74.4293472310242,
            31.609694524677394
          ],
          [
            74.42934755983164,
            31.60969431851687
          ],
          [
            74.42934784273861,
            31.609694067386727
          ],
          [
            74.42934807145603,
            31.609693778644992
          ],
          [
            74.42934823928258,
            31.609693460751703
          ],
          [
            74.429348341301,
            31.609693123021003
          ],
          [
            74.42929851768993,
            31.60958969956738
          ],
          [
            74.42925357748389,
            31.609484650346367
          ],
          [
            74.42921359287816,
            31.60937814415562
          ]
        ]
      }
    },
    {
      "type": "Feature",
      "properties": {
        "Id": 0,
        "layer": "Road Track"
      },
      "geometry": {
        "type": "LineString",
        "coordinates": [
          [
            74.42932942170081,
            31.609365310164627
          ],
          [
            74.4293293094918,
            31.609364831652456
          ],
          [
            74.42932910287476,
            31.60936437675818
          ],
          [
            74.42932880799594,
            31.609363959013496
          ],
          [
            74.4293284336271,
            31.60936359084508
          ],
          [
            74.4293279909046,
            31.609363283204836
          ],
          [
            74.4293274929981,
            31.609363045244127
          ],
          [
            74.42932695471882,
            31.609362884041573
          ],
          [
            74.42932639207895,
            31.60936280439249
          ],
          [
            74.42932582181535,
            31.60936280866617
          ],
          [
            74.42932526089163,
            31.609362896735473
          ],
          [
            74.42932472599362,
            31.60936306598063
          ],
          [
            74.42932423303292,
            31.609363311367105
          ],
          [
            74.42932379667361,
            31.60936362559537
          ],
          [
            74.42932342989609,
            31.6093639993181
          ],
          [
            74.42932314361089,
            31.60936442141812
          ],
          [
            74.42932294633412,
            31.609364879339285
          ],
          [
            74.4293228439342,
            31.60936535945976
          ],
          [
            74.42932283945721,
            31.609365847497426
          ],
          [
            74.42932293303633,
            31.609366328934616
          ],
          [
            74.42932312188785,
            31.609366789450036
          ],
          [
            74.42935070397307,
            31.609452352700174
          ],
          [
            74.42938476402855,
            31.609536189518703
          ],
          [
            74.4294251563118,
            31.60961794112649
          ],
          [
            74.42947170798018,
            31.609697257667094
          ],
          [
            74.42947217222984,
            31.60969751182259
          ],
          [
            74.42947267955265,
            31.60969769606484
          ],
          [
            74.42947321570217,
            31.60969780522002
          ],
          [
            74.4294737656224,
            31.60969783622285
          ],
          [
            74.42947431387067,
            31.60969778820274
          ],
          [
            74.42947484505123,
            31.609697662508175
          ],
          [
            74.42947534424763,
            31.609697462668855
          ],
          [
            74.42947579744163,
            31.609697194296608
          ],
          [
            74.42947619190674,
            31.609696864927773
          ],
          [
            74.42947651656574,
            31.609696483811607
          ],
          [
            74.42947676230166,
            31.60969606165047
          ],
          [
            74.4294769222138,
            31.60969561029936
          ],
          [
            74.42947699181158,
            31.609695142432987
          ],
          [
            74.42947696914058,
            31.609694671189803
          ],
          [
            74.42947685483743,
            31.60969420980313
          ],
          [
            74.42942983637965,
            31.60961555914338
          ],
          [
            74.42938946130013,
            31.609534250195484
          ],
          [
            74.4293559333444,
            31.609450693305856
          ],
          [
            74.42932942170081,
            31.609365310164627
          ]
        ]
      }
    },
    {
      "type": "Feature",
      "properties": {
        "Id": 0,
        "layer": "Road Track"
      },
      "geometry": {
        "type": "LineString",
        "coordinates": [
          [
            74.42957438409971,
            31.609836740176075
          ],
          [
            74.42957412331948,
            31.609836400415503
          ],
          [
            74.42957380024048,
            31.60983610242662
          ],
          [
            74.42957342383174,
            31.60983585448196
          ],
          [
            74.42957300454286,
            31.60983566346479
          ],
          [
            74.42957255401382,
            31.609835534677966
          ],
          [
            74.42957208475184,
            31.609835471696776
          ],
          [
            74.42957160978423,
            31.609835476269648
          ],
          [
            74.42957114229667,
            31.609835548269654
          ],
          [
            74.42957069526717,
            31.609835685697952
          ],
          [
            74.42957028110587,
            31.609835884739383
          ],
          [
            74.42956991131035,
            31.609836139868317
          ],
          [
            74.42956959614662,
            31.60983644400205
          ],
          [
            74.429569344364,
            31.609836788697468
          ],
          [
            74.42956916295228,
            31.609837164385382
          ],
          [
            74.4295690569477,
            31.609837560636244
          ],
          [
            74.42956902929306,
            31.609837966449632
          ],
          [
            74.42956908075608,
            31.60983837055967
          ],
          [
            74.42956920990811,
            31.609838761747756
          ],
          [
            74.4295694131637,
            31.609839129154047
          ],
          [
            74.42956968488026,
            31.609839462578872
          ],
          [
            74.42957001751458,
            31.60983975276595
          ],
          [
            74.42961671478211,
            31.60989259543933
          ],
          [
            74.42966714321065,
            31.609942864089327
          ],
          [
            74.42976445039376,
            31.610029850660904
          ],
          [
            74.4298673889995,
            31.610111952935764
          ],
          [
            74.42995158337752,
            31.610167424848715
          ],
          [
            74.43003986662312,
            31.610218027530525
          ],
          [
            74.43013442064266,
            31.61026363621994
          ],
          [
            74.43023183929725,
            31.610304592250422
          ],
          [
            74.43032225420653,
            31.610336769154113
          ],
          [
            74.43041415357429,
            31.610365702628837
          ],
          [
            74.4304963007185,
            31.61038824969737
          ],
          [
            74.43049676047961,
            31.61038838149395
          ],
          [
            74.43049723939819,
            31.610388446301858
          ],
          [
            74.4304977242448,
            31.61038844233087
          ],
          [
            74.43049820162632,
            31.610388369690696
          ],
          [
            74.43049865835575,
            31.610388230387887
          ],
          [
            74.4304990818166,
            31.610388028270485
          ],
          [
            74.43049946031144,
            31.610387768921704
          ],
          [
            74.43049978338486,
            31.610387459505663
          ],
          [
            74.43050004211247,
            31.61038710856951
          ],
          [
            74.43050022934727,
            31.610386725807327
          ],
          [
            74.4305003399172,
            31.6103863217924
          ],
          [
            74.4305003707679,
            31.61038590768502
          ],
          [
            74.43050032104722,
            31.610385494924287
          ],
          [
            74.43050019212856,
            31.61038509491213
          ],
          [
            74.43049998757317,
            31.61038471869824
          ],
          [
            74.43049971303152,
            31.610384376675032
          ],
          [
            74.43049937608748,
            31.61038407829035
          ],
          [
            74.4304989860486,
            31.610383831786656
          ],
          [
            74.43049855368915,
            31.61038364397323
          ],
          [
            74.4304980909524,
            31.61038352003815
          ],
          [
            74.430414696164,
            31.610359244628512
          ],
          [
            74.43032289515958,
            31.61033148454363
          ],
          [
            74.43023313022297,
            31.610299214325675
          ],
          [
            74.43013528986933,
            31.610258514791617
          ],
          [
            74.4300409085556,
            31.610212217802015
          ],
          [
            74.42995387422849,
            31.61016152854516
          ],
          [
            74.42987044133034,
            31.610106582876814
          ],
          [
            74.42980069738125,
            31.610053304971917
          ],
          [
            74.42973372526046,
            31.609997483176986
          ],
          [
            74.42966965154422,
            31.609939222998584
          ],
          [
            74.42961999189056,
            31.60988936088894
          ],
          [
            74.42957438409971,
            31.609836740176075
          ]
        ]
      }
    },
    {
      "type": "Feature",
      "properties": {
        "Id": 0,
        "layer": "Road Track"
      },
      "geometry": {
        "type": "LineString",
        "coordinates": [
          [
            74.43066492285577,
            31.609634596594557
          ],
          [
            74.4306648318249,
            31.609634222014723
          ],
          [
            74.4306646696047,
            31.609633865495674
          ],
          [
            74.43066444067003,
            31.60963353687213
          ],
          [
            74.43066415133615,
            31.609633245209263
          ],
          [
            74.43066380958446,
            31.60963299855273
          ],
          [
            74.43066342484228,
            31.609632803706607
          ],
          [
            74.43066300772288,
            31.60963266604584
          ],
          [
            74.43066256973265,
            31.609632589367823
          ],
          [
            74.4306621229537,
            31.60963257578776
          ],
          [
            74.43066167971062,
            31.609632625680256
          ],
          [
            74.43066125223044,
            31.609632737669017
          ],
          [
            74.4306608523053,
            31.609632908664757
          ],
          [
            74.43066049096733,
            31.609633133950535
          ],
          [
            74.43066017818416,
            31.609633407311748
          ],
          [
            74.43065992258401,
            31.60963372120763
          ],
          [
            74.43065973121773,
            31.609634066979226
          ],
          [
            74.43065960936424,
            31.609634435088335
          ],
          [
            74.43065626511006,
            31.61003363971642
          ],
          [
            74.43065633878648,
            31.610279943566056
          ],
          [
            74.43065661793106,
            31.610280274127376
          ],
          [
            74.43065695884596,
            31.61028055911766
          ],
          [
            74.43065735154761,
            31.610280790191073
          ],
          [
            74.4306577845359,
            31.610280960580734
          ],
          [
            74.43065824513091,
            31.610281065296842
          ],
          [
            74.4306587198443,
            31.610281101272815
          ],
          [
            74.4306591947743,
            31.61028106745511
          ],
          [
            74.4306596560127,
            31.61028096483407
          ],
          [
            74.43066009005236,
            31.610280796414923
          ],
          [
            74.43066048418257,
            31.61028056712975
          ],
          [
            74.4306608268614,
            31.61028028369308
          ],
          [
            74.43066110805361,
            31.61027995440524
          ],
          [
            74.4306613195246,
            31.610279588909325
          ],
          [
            74.43066218010355,
            31.610164648949638
          ],
          [
            74.43066392662462,
            31.609844598894696
          ],
          [
            74.43066492285577,
            31.609634596594557
          ]
        ]
      }
    },
    {
      "type": "Feature",
      "properties": {
        "Id": 0,
        "layer": "Road Track"
      },
      "geometry": {
        "type": "LineString",
        "coordinates": [
          [
            74.4311113241076,
            31.60963699902263
          ],
          [
            74.43111126783253,
            31.60963664240805
          ],
          [
            74.43111114251413,
            31.60963629890944
          ],
          [
            74.43111095169763,
            31.609635978244302
          ],
          [
            74.43111070078122,
            31.60963568948423
          ],
          [
            74.43111039686328,
            31.609635440798172
          ],
          [
            74.4311100485416,
            31.60963523922146
          ],
          [
            74.43110966567016,
            31.609635090456646
          ],
          [
            74.43110925908033,
            31.60963499871228
          ],
          [
            74.43110884027449,
            31.60963496658378
          ],
          [
            74.43110842110059,
            31.609634994980073
          ],
          [
            74.43110801341699,
            31.60963508309781
          ],
          [
            74.43110762875702,
            31.609635228444183
          ],
          [
            74.43110727800264,
            31.609635426907335
          ],
          [
            74.43110697107664,
            31.609635672872805
          ],
          [
            74.43110671666193,
            31.609635959382228
          ],
          [
            74.43110652195584,
            31.609636278330317
          ],
          [
            74.4311063924666,
            31.609636620694058
          ],
          [
            74.43110633185744,
            31.609636976788057
          ],
          [
            74.43110320715043,
            31.61028321166992
          ],
          [
            74.43110330555194,
            31.61028356203684
          ],
          [
            74.43110347094245,
            31.61028389342008
          ],
          [
            74.43110369867671,
            31.610284196512303
          ],
          [
            74.4311039823585,
            31.61028446280073
          ],
          [
            74.43110431402019,
            31.61028468480628
          ],
          [
            74.43110468434662,
            31.610284856293582
          ],
          [
            74.43110508293667,
            31.610284972446212
          ],
          [
            74.43110549859531,
            31.610285030001847
          ],
          [
            74.43110591964825,
            31.610285027343934
          ],
          [
            74.43110633426956,
            31.61028496454715
          ],
          [
            74.43110673081407,
            31.610284843375226
          ],
          [
            74.43110709814422,
            31.610284667231458
          ],
          [
            74.43110742594308,
            31.610284441063065
          ],
          [
            74.43110770500391,
            31.610284171222318
          ],
          [
            74.43110792748891,
            31.610283865288086
          ],
          [
            74.43110808714928,
            31.610283531852936
          ],
          [
            74.43110817950073,
            31.610283180281897
          ],
          [
            74.43110820194943,
            31.610282820449328
          ],
          [
            74.4311113241076,
            31.609636999022623
          ]
        ]
      }
    },
    {
      "type": "Feature",
      "properties": {
        "Id": 0,
        "layer": "Road Track"
      },
      "geometry": {
        "type": "LineString",
        "coordinates": [
          [
            74.42949549386093,
            31.609902482242862
          ],
          [
            74.42949497041812,
            31.609902148567752
          ],
          [
            74.42949438889967,
            31.6099018949135
          ],
          [
            74.42949376584396,
            31.60990172849399
          ],
          [
            74.42949311897068,
            31.60990165404222
          ],
          [
            74.42949246667692,
            31.60990167367561
          ],
          [
            74.4294918275139,
            31.609901786835778
          ],
          [
            74.42949121965941,
            31.609901990304422
          ],
          [
            74.42949066040084,
            31.609902278294925
          ],
          [
            74.4294901656435,
            31.60990264261684
          ],
          [
            74.42948974945826,
            31.60990307290885
          ],
          [
            74.42948942368146,
            31.609903556933435
          ],
          [
            74.42948919757816,
            31.609904080924945
          ],
          [
            74.42948907757878,
            31.609904629981077
          ],
          [
            74.42948906709607,
            31.60990518848667
          ],
          [
            74.42948916642817,
            31.60990574055783
          ],
          [
            74.4294893727501,
            31.609906270493646
          ],
          [
            74.42948968019401,
            31.609906763222753
          ],
          [
            74.42955529585755,
            31.6099816884873
          ],
          [
            74.42962672281226,
            31.61005261470554
          ],
          [
            74.42970362926805,
            31.610119212400537
          ],
          [
            74.4297856579783,
            31.610181172202083
          ],
          [
            74.42985850445487,
            31.610230611458455
          ],
          [
            74.42993439733267,
            31.61027657215074
          ],
          [
            74.43001311007342,
            31.61031891708481
          ],
          [
            74.43009440772045,
            31.610357519859402
          ],
          [
            74.43019783175161,
            31.6103995026335
          ],
          [
            74.43030373396381,
            31.610436686462815
          ],
          [
            74.43041181057478,
            31.610468964683772
          ],
          [
            74.43047483777046,
            31.610485363034783
          ],
          [
            74.43053942641832,
            31.610496452118475
          ],
          [
            74.43053990762498,
            31.61049642490893
          ],
          [
            74.43054037605235,
            31.61049632678499
          ],
          [
            74.43054081754161,
            31.610496160712543
          ],
          [
            74.43054121874822,
            31.61049593171136
          ],
          [
            74.4305415675452,
            31.61049564670326
          ],
          [
            74.43054185338976,
            31.61049531430298
          ],
          [
            74.43054206764185,
            31.61049494455775
          ],
          [
            74.43054220382548,
            31.61049454864352
          ],
          [
            74.43054225782431,
            31.610494138527333
          ],
          [
            74.43054222800616,
            31.610493726605434
          ],
          [
            74.43054211527235,
            31.61049332532869
          ],
          [
            74.43054192303036,
            31.61049294682616
          ],
          [
            74.43054165709097,
            31.610492602538564
          ],
          [
            74.4305413254925,
            31.61049230287242
          ],
          [
            74.43054093825793,
            31.610492056885484
          ],
          [
            74.43054050709193,
            31.61049187201304
          ],
          [
            74.430540045027,
            31.61049175384308
          ],
          [
            74.43053956602962,
            31.610491705947442
          ],
          [
            74.43047555174172,
            31.610479423519934
          ],
          [
            74.4304128060446,
            31.61046303361222
          ],
          [
            74.43030503442837,
            31.6104310758607
          ],
          [
            74.43019954531441,
            31.610393957231828
          ],
          [
            74.4300966758428,
            31.61035179635679
          ],
          [
            74.43001517389018,
            31.610314068619594
          ],
          [
            74.42993656759855,
            31.610272081405565
          ],
          [
            74.42986116052604,
            31.610225996861246
          ],
          [
            74.42978924387478,
            31.610175992956037
          ],
          [
            74.42972237939725,
            31.610128105563547
          ],
          [
            74.4296593117214,
            31.610076583666636
          ],
          [
            74.4296003100698,
            31.610021647206764
          ],
          [
            74.42954562630632,
            31.609963530701435
          ],
          [
            74.42949549386093,
            31.609902482242862
          ]
        ]
      }
    },
    {
      "type": "Feature",
      "properties": {
        "Id": 0,
        "layer": "Road Track"
      },
      "geometry": {
        "type": "LineString",
        "coordinates": [
          [
            74.4349714264957,
            31.60742287031898
          ],
          [
            74.43496356337924,
            31.607422835537
          ],
          [
            74.43492941299961,
            31.607533952091845
          ],
          [
            74.4348918491635,
            31.607644258920637
          ],
          [
            74.43484624609916,
            31.607750102763028
          ],
          [
            74.43479621906268,
            31.607854472578072
          ],
          [
            74.43475775980721,
            31.607924405833785
          ],
          [
            74.43471557045967,
            31.607992745640903
          ],
          [
            74.4346298570374,
            31.608123644655816
          ],
          [
            74.43453786762403,
            31.608251385512837
          ],
          [
            74.43453177753042,
            31.60826629086993
          ],
          [
            74.43452846367016,
            31.60828182442509
          ],
          [
            74.43452800631758,
            31.60829760990285
          ],
          [
            74.43453041655272,
            31.608313264925116
          ],
          [
            74.43453303306549,
            31.60831799141466
          ],
          [
            74.43453648162016,
            31.608322309242805
          ],
          [
            74.43454067723796,
            31.608326112010186
          ],
          [
            74.43454551653113,
            31.608329306009512
          ],
          [
            74.43455088025046,
            31.608331812534647
          ],
          [
            74.43455663622386,
            31.60833356982012
          ],
          [
            74.43492770394516,
            31.60832728357473
          ],
          [
            74.43493415891025,
            31.608324369299332
          ],
          [
            74.43493999673397,
            31.60832062104619
          ],
          [
            74.4349450715888,
            31.60831613244593
          ],
          [
            74.43494925670599,
            31.60831101562283
          ],
          [
            74.43495244754236,
            31.608305398394073
          ],
          [
            74.43495456439167,
            31.60829942107685
          ],
          [
            74.43495555437572,
            31.60829323298319
          ],
          [
            74.4349642219937,
            31.608146924696513
          ],
          [
            74.43496592334158,
            31.6080004357188
          ],
          [
            74.43496753951035,
            31.607732835757087
          ],
          [
            74.43497012820858,
            31.607602990902752
          ],
          [
            74.4349703366434,
            31.60747312726917
          ],
          [
            74.4349714264957,
            31.607422870318977
          ]
        ]
      }
    },
    {
      "type": "Feature",
      "properties": {
        "Id": 0,
        "layer": "Road Track"
      },
      "geometry": {
        "type": "LineString",
        "coordinates": [
          [
            74.4287031772678,
            31.60986946501364
          ],
          [
            74.42869627231697,
            31.609871313446607
          ],
          [
            74.42868980971323,
            31.609874095847246
          ],
          [
            74.42868396069566,
            31.609877738097598
          ],
          [
            74.42867887976278,
            31.609882145253817
          ],
          [
            74.42867470152096,
            31.609887199727776
          ],
          [
            74.42867153748324,
            31.60989276758808
          ],
          [
            74.42866947078173,
            31.60989870124315
          ],
          [
            74.42866855720523,
            31.60990484215255
          ],
          [
            74.42866881987318,
            31.609911029825145
          ],
          [
            74.42867025242015,
            31.609917098224695
          ],
          [
            74.42869051779007,
            31.609948385706563
          ],
          [
            74.42878625043507,
            31.610108893209635
          ],
          [
            74.42889452628452,
            31.61025255911331
          ],
          [
            74.428991379278,
            31.610362101659653
          ],
          [
            74.42904249573164,
            31.610415928129083
          ],
          [
            74.42913058988319,
            31.6104948038791
          ],
          [
            74.42927078467072,
            31.610612962106405
          ],
          [
            74.4293994251927,
            31.610703822534013
          ],
          [
            74.42953298223958,
            31.610782875832978
          ],
          [
            74.42955499764962,
            31.610795917352597
          ],
          [
            74.42965674938229,
            31.610849540252826
          ],
          [
            74.42974380503242,
            31.61089122339212
          ],
          [
            74.42983349101665,
            31.610928598402207
          ],
          [
            74.42985629633975,
            31.610936763308192
          ],
          [
            74.4299367276687,
            31.610971376661922
          ],
          [
            74.43002005485808,
            31.611000544784446
          ],
          [
            74.43010577546704,
            31.611024091798736
          ],
          [
            74.4301933726217,
            31.611041875721604
          ],
          [
            74.43028231813199,
            31.611053789319847
          ],
          [
            74.43037207567669,
            31.611059760756955
          ],
          [
            74.43046210403774,
            31.611059754026304
          ],
          [
            74.43049704701859,
            31.611058572747393
          ],
          [
            74.43053156091952,
            31.61105375451618
          ],
          [
            74.43054558763548,
            31.61105013420565
          ],
          [
            74.4305588112876,
            31.61104473655598
          ],
          [
            74.43057092748472,
            31.611037687422883
          ],
          [
            74.43058165480373,
            31.611029149755446
          ],
          [
            74.43059074852191,
            31.611019319146227
          ],
          [
            74.43059283094642,
            31.610778009006545
          ],
          [
            74.43058969243458,
            31.610587147374275
          ],
          [
            74.43058924788407,
            31.610581548944044
          ],
          [
            74.43058769864525,
            31.61057609716149
          ],
          [
            74.4305850880399,
            31.610570949205375
          ],
          [
            74.43058149421739,
            31.610566256094156
          ],
          [
            74.43057702071606,
            31.61056215452403
          ],
          [
            74.43057179754501,
            31.61055876236262
          ],
          [
            74.43056597696159,
            31.610556179532434
          ],
          [
            74.43055972719011,
            31.610554480765128
          ],
          [
            74.43055323242193,
            31.610553715601466
          ],
          [
            74.43043231479652,
            31.61052927494724
          ],
          [
            74.43031293430906,
            31.61049981659155
          ],
          [
            74.43018236529694,
            31.610454938052907
          ],
          [
            74.43005480560554,
            31.610404113670025
          ],
          [
            74.42997050097306,
            31.61036326493828
          ],
          [
            74.42988866159345,
            31.61031889768409
          ],
          [
            74.42980948712955,
            31.610271118362792
          ],
          [
            74.42972594471607,
            31.610212667021994
          ],
          [
            74.42964654201027,
            31.6101501317339
          ],
          [
            74.42957155285947,
            31.610083727554365
          ],
          [
            74.4295012320611,
            31.610013681183222
          ],
          [
            74.42946384007422,
            31.609971019775397
          ],
          [
            74.42942972720746,
            31.60992639083491
          ],
          [
            74.4293990357136,
            31.609879978149767
          ],
          [
            74.42939913167726,
            31.609878936518474
          ],
          [
            74.42939903155246,
            31.609877894913428
          ],
          [
            74.42939873939098,
            31.60987688041922
          ],
          [
            74.42939826136393,
            31.60987591832547
          ],
          [
            74.42939761102203,
            31.609875033954783
          ],
          [
            74.42939680298662,
            31.609874249927895
          ],
          [
            74.42939586032921,
            31.6098735861966
          ],
          [
            74.42939480508367,
            31.609873060001437
          ],
          [
            74.42939366564211,
            31.609872683198095
          ],
          [
            74.42939247145085,
            31.6098724676469
          ],
          [
            74.42939125094601,
            31.609872417985947
          ],
          [
            74.4293900378568,
            31.609872535268167
          ],
          [
            74.42921883293565,
            31.60987682454722
          ],
          [
            74.42904755568944,
            31.60987672489274
          ],
          [
            74.4287031772678,
            31.60986946501364
          ]
        ]
      }
    },
    {
      "type": "Feature",
      "properties": {
        "Id": 0,
        "layer": "Road Track"
      },
      "geometry": {
        "type": "LineString",
        "coordinates": [
          [
            74.42763078190161,
            31.611146497142744
          ],
          [
            74.42763292821834,
            31.610638829263824
          ],
          [
            74.42763029135595,
            31.61056452015892
          ],
          [
            74.42763151242318,
            31.610490184141465
          ],
          [
            74.42763270603693,
            31.610485524548476
          ],
          [
            74.4276347536613,
            31.61048108782304
          ],
          [
            74.42763760276111,
            31.610476987796396
          ],
          [
            74.42764118023811,
            31.61047332966123
          ],
          [
            74.42764539430638,
            31.610470207272765
          ],
          [
            74.42765013684729,
            31.610467700740813
          ],
          [
            74.42765528618345,
            31.610465874374416
          ],
          [
            74.42766071020051,
            31.61046477503188
          ],
          [
            74.42766626973678,
            31.61046443091854
          ],
          [
            74.42786859131053,
            31.610469668710916
          ],
          [
            74.4280709713753,
            31.61047284710173
          ],
          [
            74.42807536683777,
            31.61047484314838
          ],
          [
            74.42807934243788,
            31.610477404067318
          ],
          [
            74.4280827999167,
            31.61048046656419
          ],
          [
            74.4280856538209,
            31.6104839549479
          ],
          [
            74.42808783361475,
            31.61048778300132
          ],
          [
            74.42808928542354,
            31.610491856112258
          ],
          [
            74.42809567016411,
            31.61055287172407
          ],
          [
            74.42809694635069,
            31.611148026643463
          ]
        ]
      }
    },
    {
      "type": "Feature",
      "properties": {
        "Id": 0,
        "layer": "Road Track"
      },
      "geometry": {
        "type": "LineString",
        "coordinates": [
          [
            74.42871946793247,
            31.611123440608797
          ],
          [
            74.42872641779554,
            31.610614151180762
          ],
          [
            74.42872973388714,
            31.610542696840216
          ],
          [
            74.42873085835802,
            31.61053726937336
          ],
          [
            74.42873295249866,
            31.61053205673118
          ],
          [
            74.42873596566523,
            31.610527184973733
          ],
          [
            74.42873982498854,
            31.610522771917314
          ],
          [
            74.42874443713652,
            31.610518924285124
          ],
          [
            74.4287496905711,
            31.6105157351265
          ],
          [
            74.42875545824569,
            31.610513281566462
          ],
          [
            74.42876160067765,
            31.61051162294073
          ],
          [
            74.42881137397733,
            31.610494463492614
          ],
          [
            74.42886326449607,
            31.610482767139708
          ],
          [
            74.4289164570713,
            31.610476717623314
          ],
          [
            74.42897011608676,
            31.610476409976975
          ],
          [
            74.42898730580828,
            31.61048150608246
          ],
          [
            74.42900334191434,
            31.610488857438547
          ],
          [
            74.42901782341347,
            31.610498280220767
          ],
          [
            74.42903038818764,
            31.610509538807488
          ],
          [
            74.42912951294814,
            31.610594551537524
          ],
          [
            74.42923365414559,
            31.610675052406986
          ],
          [
            74.42934253173762,
            31.61075082493399
          ],
          [
            74.42945585294267,
            31.610821665351512
          ],
          [
            74.42957331302722,
            31.610887383155443
          ],
          [
            74.42967468768605,
            31.610938380064898
          ],
          [
            74.42977886031636,
            31.610985065099097
          ],
          [
            74.42988558069406,
            31.611027326118034
          ],
          [
            74.42999459247412,
            31.611065061608244
          ],
          [
            74.43008887961231,
            31.611081940298096
          ],
          [
            74.43018416480682,
            31.611094036763223
          ],
          [
            74.43028011716149,
            31.61110130899617
          ],
          [
            74.4303764034631,
            31.611103731742514
          ],
          [
            74.4306568113689,
            31.61108526632547
          ],
          [
            74.43091187876546,
            31.611083629585117
          ],
          [
            74.43116695101578,
            31.611084561356268
          ]
        ]
      }
    },
    {
      "type": "Feature",
      "properties": {
        "Id": 0,
        "layer": "Road Track"
      },
      "geometry": {
        "type": "LineString",
        "coordinates": [
          [
            74.43077823376558,
            31.61100122742775
          ],
          [
            74.43097544617835,
            31.611000003153954
          ]
        ]
      }
    },
    {
      "type": "Feature",
      "properties": {
        "Id": 0,
        "layer": "Road Track"
      },
      "geometry": {
        "type": "LineString",
        "coordinates": [
          [
            74.4311639497277,
            31.611016615063445
          ],
          [
            74.43116695101578,
            31.611084561356265
          ]
        ]
      }
    },
    {
      "type": "Feature",
      "properties": {
        "Id": 0,
        "layer": "Road Track"
      },
      "geometry": {
        "type": "LineString",
        "coordinates": [
          [
            74.42755395019667,
            31.611150010515598
          ],
          [
            74.42755460448437,
            31.610732127512005
          ],
          [
            74.42755776634321,
            31.610215427824276
          ],
          [
            74.42756081229881,
            31.609874525313824
          ],
          [
            74.42751762286107,
            31.609873510263327
          ]
        ]
      }
    },
    {
      "type": "Feature",
      "properties": {
        "Id": 0,
        "layer": "Road Track"
      },
      "geometry": {
        "type": "LineString",
        "coordinates": [
          [
            74.42751358990841,
            31.609798441341006
          ],
          [
            74.42864210554153,
            31.60980214710405
          ],
          [
            74.42921038751369,
            31.609798937452748
          ],
          [
            74.42925748661496,
            31.609788468612265
          ],
          [
            74.42928251857408,
            31.609776258187654
          ],
          [
            74.42929504707969,
            31.609768099317265
          ],
          [
            74.4292960771153,
            31.60975660313124
          ],
          [
            74.42924208588543,
            31.60963806806326
          ],
          [
            74.42920014899654,
            31.60954576838397
          ],
          [
            74.42916523257851,
            31.609451352328886
          ],
          [
            74.4291374810722,
            31.609355210532822
          ],
          [
            74.42911700927344,
            31.609257740769447
          ],
          [
            74.42910390185834,
            31.609159346305415
          ],
          [
            74.42910279714032,
            31.609153659321613
          ],
          [
            74.42910061886532,
            31.60914820400856
          ],
          [
            74.4290974258747,
            31.609143127729226
          ],
          [
            74.42909330442005,
            31.609138567607843
          ],
          [
            74.42908836583328,
            31.609134646825762
          ],
          [
            74.42908274351922,
            31.609131471294067
          ],
          [
            74.42907658935196,
            31.609129126792503
          ],
          [
            74.42907006957242,
            31.60912767665245
          ],
          [
            74.42906336029762,
            31.609127160046167
          ],
          [
            74.4287614423274,
            31.609123637630475
          ],
          [
            74.42845950003371,
            31.609122356487205
          ],
          [
            74.42782798278104,
            31.60911952918934
          ],
          [
            74.42755487313646,
            31.60911955416941
          ],
          [
            74.42755933048217,
            31.609332338716488
          ]
        ]
      }
    },
    {
      "type": "Feature",
      "properties": {
        "Id": 0,
        "layer": "Road Track"
      },
      "geometry": {
        "type": "LineString",
        "coordinates": [
          [
            74.42901099458562,
            31.609102993815146
          ],
          [
            74.42852426974352,
            31.609099134728922
          ],
          [
            74.42814682765977,
            31.60909845493174
          ],
          [
            74.42771670801736,
            31.60909652857638
          ],
          [
            74.42754410562684,
            31.609096428103843
          ],
          [
            74.42754413668594,
            31.609098280595244
          ],
          [
            74.4279621614533,
            31.60909948542461
          ],
          [
            74.42875946212165,
            31.609103880511082
          ],
          [
            74.42901084202215,
            31.609105417944313
          ],
          [
            74.42901099458561,
            31.609102993815146
          ]
        ]
      }
    },
    {
      "type": "Feature",
      "properties": {
        "Id": 0,
        "layer": "Road Track"
      },
      "geometry": {
        "type": "LineString",
        "coordinates": [
          [
            74.42903548042615,
            31.60894730807473
          ],
          [
            74.4275582028219,
            31.608942063302738
          ],
          [
            74.42755787905465,
            31.60894444342094
          ],
          [
            74.42840885466289,
            31.60894822672456
          ],
          [
            74.42903562632493,
            31.60894978952846
          ],
          [
            74.42903548042615,
            31.60894730807473
          ]
        ]
      }
    },
    {
      "type": "Feature",
      "properties": {
        "Id": 0,
        "layer": "Road Track"
      },
      "geometry": {
        "type": "LineString",
        "coordinates": [
          [
            74.42750232397228,
            31.609330473114156
          ],
          [
            74.42749992839707,
            31.609019218203485
          ],
          [
            74.42749746167053,
            31.60892036608929
          ],
          [
            74.42777819720615,
            31.60892267554835
          ],
          [
            74.42819654256301,
            31.608925074733317
          ],
          [
            74.4287383653152,
            31.60892802483844
          ],
          [
            74.42906273658156,
            31.608927372117677
          ],
          [
            74.42907681709372,
            31.608925264803744
          ],
          [
            74.42909034477881,
            31.608921312692882
          ],
          [
            74.4290940657096,
            31.60891919973179
          ],
          [
            74.42909738602984,
            31.608916644231872
          ],
          [
            74.42910023449461,
            31.608913701027138
          ],
          [
            74.42910254998372,
            31.608910433270676
          ],
          [
            74.42910428281319,
            31.608906911079554
          ],
          [
            74.42910539580132,
            31.608903210030338
          ],
          [
            74.42911732107041,
            31.60880692253735
          ],
          [
            74.42913733283753,
            31.608711622327593
          ],
          [
            74.42916532676986,
            31.60861780613922
          ],
          [
            74.42919348955941,
            31.60853731068111
          ],
          [
            74.42922726200553,
            31.608458411687202
          ],
          [
            74.42926652165723,
            31.60838139519428
          ],
          [
            74.42931112617146,
            31.608306540413764
          ],
          [
            74.42931461402829,
            31.608301550583057
          ],
          [
            74.42931711826692,
            31.608296145471442
          ],
          [
            74.42931857362488,
            31.608290465940815
          ],
          [
            74.42931894217446,
            31.608284660004657
          ],
          [
            74.42931821431117,
            31.608278878970665
          ],
          [
            74.42931640900392,
            31.608273273497513
          ],
          [
            74.42931357330076,
            31.608267989668597
          ],
          [
            74.42930978110266,
            31.60826316518499
          ],
          [
            74.42930513123767,
            31.608258925776784
          ],
          [
            74.42929974488524,
            31.6082553819265
          ],
          [
            74.42929376241833,
            31.60825262598986
          ],
          [
            74.42839358127983,
            31.608247738649585
          ],
          [
            74.42754458790624,
            31.608246565361988
          ],
          [
            74.42753931234881,
            31.60824637365506
          ],
          [
            74.42753414989087,
            31.608245424236053
          ],
          [
            74.42752924804071,
            31.608243744232954
          ],
          [
            74.42752474686016,
            31.608241381648956
          ],
          [
            74.42752077496256,
            31.608238403990768
          ],
          [
            74.42751744583798,
            31.608234896339823
          ],
          [
            74.42751485461022,
            31.608230958921094
          ],
          [
            74.42751307531901,
            31.60822670423949
          ],
          [
            74.42751215880439,
            31.60822225386505
          ],
          [
            74.427512131254,
            31.608217734959428
          ],
          [
            74.42751323430964,
            31.607610299724264
          ],
          [
            74.42750768227408,
            31.607450939601968
          ],
          [
            74.42750621647575,
            31.607445560893186
          ],
          [
            74.42750370319968,
            31.607440473876384
          ],
          [
            74.42750021566832,
            31.607435826757687
          ],
          [
            74.4274958554882,
            31.607431754927138
          ],
          [
            74.42749074968975,
            31.607428377014212
          ],
          [
            74.42748504702634,
            31.60742579143166
          ],
          [
            74.42747891364036,
            31.60742407350829
          ],
          [
            74.42747252822306,
            31.607423273294394
          ],
          [
            74.42746607680832,
            31.60742341410355
          ],
          [
            74.42670557673122,
            31.607418425901802
          ],
          [
            74.42584305056677,
            31.60742138662491
          ]
        ]
      }
    },
    {
      "type": "Feature",
      "properties": {
        "Id": 0,
        "layer": "Road Track"
      },
      "geometry": {
        "type": "LineString",
        "coordinates": [
          [
            74.4258390408094,
            31.607374051068287
          ],
          [
            74.4261523233062,
            31.607377561858865
          ],
          [
            74.42615149913715,
            31.607363699376204
          ],
          [
            74.42667333429254,
            31.607366757650244
          ],
          [
            74.42719365363718,
            31.607368566224128
          ],
          [
            74.42743175121531,
            31.607369807830114
          ],
          [
            74.42743127828788,
            31.607364852720522
          ],
          [
            74.42719048131804,
            31.60736334244262
          ],
          [
            74.42667442826858,
            31.607360663855694
          ],
          [
            74.42614878213678,
            31.607357967006017
          ],
          [
            74.42583622603053,
            31.607356225993524
          ]
        ]
      }
    },
    {
      "type": "Feature",
      "properties": {
        "Id": 0,
        "layer": "Road Track"
      },
      "geometry": {
        "type": "LineString",
        "coordinates": [
          [
            74.42766082823458,
            31.607365433533843
          ],
          [
            74.42766031854816,
            31.607365503413906
          ],
          [
            74.4276598304349,
            31.607365647112683
          ],
          [
            74.42765937837673,
            31.6073658603668
          ],
          [
            74.42765897578583,
            31.607366136849137
          ],
          [
            74.42765863460674,
            31.607366468356716
          ],
          [
            74.42765836496201,
            31.607366845053985
          ],
          [
            74.42765817485176,
            31.607367255764622
          ],
          [
            74.42765806991638,
            31.607367688303196
          ],
          [
            74.42765805326924,
            31.607368129836615
          ],
          [
            74.42765812540425,
            31.607368567264945
          ],
          [
            74.4276582841812,
            31.607368987610087
          ],
          [
            74.42765852488937,
            31.6073693784007
          ],
          [
            74.42765884038707,
            31.607369728042347
          ],
          [
            74.4276592213138,
            31.607370026161455
          ],
          [
            74.42765965636772,
            31.60737026391307
          ],
          [
            74.42766013264118,
            31.607370434243293
          ],
          [
            74.42766063600351,
            31.60737053209857
          ],
          [
            74.42834034185408,
            31.60737495402885
          ],
          [
            74.4283408655705,
            31.607374848807574
          ],
          [
            74.42834136080852,
            31.607374669014984
          ],
          [
            74.42834181318754,
            31.60737441987182
          ],
          [
            74.42834220957155,
            31.607374108612635
          ],
          [
            74.42834253845044,
            31.607373744275723
          ],
          [
            74.42834279027431,
            31.60737333744054
          ],
          [
            74.42834295773079,
            31.607372899920676
          ],
          [
            74.42834303595734,
            31.607372444420708
          ],
          [
            74.4283430226824,
            31.607371984167315
          ],
          [
            74.42834291829148,
            31.607371532525196
          ],
          [
            74.42834272581584,
            31.607371102609005
          ],
          [
            74.42834245084455,
            31.607370706902525
          ],
          [
            74.42834210136212,
            31.607370356896173
          ],
          [
            74.42834168751673,
            31.607370062753343
          ],
          [
            74.42834122132552,
            31.607369833015238
          ],
          [
            74.42834071632561,
            31.60736967435295
          ],
          [
            74.42800076104567,
            31.60736887181585
          ],
          [
            74.42766082823458,
            31.607365433533843
          ]
        ]
      }
    },
    {
      "type": "Feature",
      "properties": {
        "Id": 0,
        "layer": "Road Track"
      },
      "geometry": {
        "type": "LineString",
        "coordinates": [
          [
            74.42882181135336,
            31.607372532148084
          ],
          [
            74.4288213609119,
            31.60737265169428
          ],
          [
            74.4288209403074,
            31.607372834250473
          ],
          [
            74.4288205614746,
            31.607373074636623
          ],
          [
            74.42882023516292,
            31.60737336603173
          ],
          [
            74.42881997063147,
            31.607373700167454
          ],
          [
            74.42881977538636,
            31.60737406756263
          ],
          [
            74.4288196549677,
            31.607374457792403
          ],
          [
            74.4288196127924,
            31.607374859783956
          ],
          [
            74.42881965005715,
            31.60737526213072
          ],
          [
            74.42881976570459,
            31.60737565341606
          ],
          [
            74.42881995645321,
            31.607376022537256
          ],
          [
            74.42882021689049,
            31.607376359020407
          ],
          [
            74.42882053962649,
            31.60737665331777
          ],
          [
            74.42882091550354,
            31.607376897078645
          ],
          [
            74.4288213338561,
            31.607377083386282
          ],
          [
            74.42882178281337,
            31.607377206954173
          ],
          [
            74.42929143944545,
            31.607379758239766
          ],
          [
            74.4293860095567,
            31.607381079468283
          ],
          [
            74.42948025134226,
            31.60738794613912
          ],
          [
            74.42957372136378,
            31.60740032594256
          ],
          [
            74.42966597981392,
            31.60741816062774
          ],
          [
            74.42975659258546,
            31.60744136627676
          ],
          [
            74.42983619587721,
            31.607467994004526
          ],
          [
            74.42992054821914,
            31.607499719103625
          ],
          [
            74.43000137631633,
            31.607537572241934
          ],
          [
            74.43007807375872,
            31.60758126942992
          ],
          [
            74.43012997807536,
            31.607611218945927
          ],
          [
            74.4301304453631,
            31.607611329350995
          ],
          [
            74.4301309278076,
            31.607611369923024
          ],
          [
            74.43013141126823,
            31.607611339472832
          ],
          [
            74.43013188157462,
            31.60761123889292
          ],
          [
            74.43013232494197,
            31.607611071131316
          ],
          [
            74.43013272837501,
            31.60761084110515
          ],
          [
            74.43013308004905,
            31.607610555556576
          ],
          [
            74.43013336965639,
            31.60761022285511
          ],
          [
            74.43013358870856,
            31.607609852752315
          ],
          [
            74.43013373078507,
            31.60760945609603
          ],
          [
            74.43013379172162,
            31.607609044512337
          ],
          [
            74.43013376973215,
            31.607608630064906
          ],
          [
            74.43013366546117,
            31.607608224901295
          ],
          [
            74.4301334819649,
            31.60760784089699
          ],
          [
            74.43013322462167,
            31.607607489307252
          ],
          [
            74.4301329009743,
            31.607607180437288
          ],
          [
            74.43013252050895,
            31.607606923340168
          ],
          [
            74.430080621441,
            31.607576112458943
          ],
          [
            74.43000298224646,
            31.607533928462185
          ],
          [
            74.42992223618003,
            31.60749625792377
          ],
          [
            74.42983874094489,
            31.607463267721535
          ],
          [
            74.42975698510568,
            31.607436415038485
          ],
          [
            74.42966617281527,
            31.607413361607584
          ],
          [
            74.4295737308312,
            31.60739567776421
          ],
          [
            74.42948009208808,
            31.607383446326992
          ],
          [
            74.42938569512467,
            31.60737672457924
          ],
          [
            74.42929098203018,
            31.60737554400075
          ],
          [
            74.42882181135336,
            31.607372532148084
          ]
        ]
      }
    },
    {
      "type": "Feature",
      "properties": {
        "Id": 0,
        "layer": "Road Track"
      },
      "geometry": {
        "type": "LineString",
        "coordinates": [
          [
            74.42623285942751,
            31.606974916555448
          ],
          [
            74.42623234030044,
            31.60697505298041
          ],
          [
            74.42623185538478,
            31.606975262195274
          ],
          [
            74.42623141849994,
            31.606975538237702
          ],
          [
            74.42623104209638,
            31.60697587324096
          ],
          [
            74.42623073690105,
            31.606976257657948
          ],
          [
            74.42623051161155,
            31.606976680533393
          ],
          [
            74.42623037264826,
            31.606977129815984
          ],
          [
            74.42623032397144,
            31.60697759270191
          ],
          [
            74.42623036696828,
            31.606978055999594
          ],
          [
            74.42623050041347,
            31.606978506505815
          ],
          [
            74.42623072050401,
            31.606978931381814
          ],
          [
            74.42623102096765,
            31.6069793185193
          ],
          [
            74.42623139324168,
            31.60697965688546
          ],
          [
            74.42623182671683,
            31.606979936837373
          ],
          [
            74.42623230903978,
            31.606980150396858
          ],
          [
            74.42623282646503,
            31.60698029147779
          ],
          [
            74.42679979665445,
            31.606984032105746
          ],
          [
            74.42720395426807,
            31.60698651802222
          ],
          [
            74.42740918037778,
            31.606987438128694
          ],
          [
            74.42740966224386,
            31.606987346077368
          ],
          [
            74.42741011867987,
            31.606987184986618
          ],
          [
            74.4274105362897,
            31.606986959584393
          ],
          [
            74.42741090281675,
            31.606986676486088
          ],
          [
            74.42741120750367,
            31.6069863440005
          ],
          [
            74.4274114414081,
            31.606985971885837
          ],
          [
            74.42741159766507,
            31.606985571063476
          ],
          [
            74.42741167168855,
            31.606985153297288
          ],
          [
            74.427411661306,
            31.60698473084846
          ],
          [
            74.4274115668221,
            31.606984316115614
          ],
          [
            74.42741139100997,
            31.60698392127087
          ],
          [
            74.42741113902953,
            31.60698355790275
          ],
          [
            74.42741081827627,
            31.60698323667582
          ],
          [
            74.42741043816412,
            31.60698296701793
          ],
          [
            74.42741000984911,
            31.60698275684335
          ],
          [
            74.42740954590202,
            31.606982612320614
          ],
          [
            74.42740905993945,
            31.606982537691316
          ],
          [
            74.42740856622409,
            31.606982535145836
          ],
          [
            74.42720288227795,
            31.606981802491116
          ],
          [
            74.42679753065283,
            31.606979122784466
          ],
          [
            74.42651517672334,
            31.60697881990249
          ],
          [
            74.42623285942751,
            31.606974916555448
          ]
        ]
      }
    },
    {
      "type": "Feature",
      "properties": {
        "Id": 0,
        "layer": "Road Track"
      },
      "geometry": {
        "type": "LineString",
        "coordinates": [
          [
            74.42764415717836,
            31.60698428009563
          ],
          [
            74.42764367463577,
            31.606984311765636
          ],
          [
            74.42764320552536,
            31.60698441357714
          ],
          [
            74.42764276366199,
            31.60698458253188
          ],
          [
            74.42764236205817,
            31.606984813654257
          ],
          [
            74.42764201254077,
            31.60698510013797
          ],
          [
            74.42764172540275,
            31.606985433546292
          ],
          [
            74.42764150910008,
            31.606985804060656
          ],
          [
            74.4276413700027,
            31.606986200769736
          ],
          [
            74.42764131220687,
            31.60698661199082
          ],
          [
            74.42764133741467,
            31.606987025613794
          ],
          [
            74.42764144488372,
            31.606987429457842
          ],
          [
            74.42764163144915,
            31.606987811630106
          ],
          [
            74.4276418916168,
            31.60698816087595
          ],
          [
            74.42764221772495,
            31.606988466910416
          ],
          [
            74.42764260017002,
            31.606988720721017
          ],
          [
            74.42764302768931,
            31.60698891483331
          ],
          [
            74.42764348769278,
            31.606989043530803
          ],
          [
            74.42764396663372,
            31.606989103023505
          ],
          [
            74.42834342956805,
            31.60699315690537
          ],
          [
            74.42834385239817,
            31.606993167492256
          ],
          [
            74.42834427146161,
            31.606993118149177
          ],
          [
            74.42834467524115,
            31.606993010232205
          ],
          [
            74.42834505263961,
            31.606992846707268
          ],
          [
            74.42834539328483,
            31.606992632068565
          ],
          [
            74.42834568781475,
            31.606992372215085
          ],
          [
            74.42834592813475,
            31.60699207428843
          ],
          [
            74.42834610764004,
            31.606991746476645
          ],
          [
            74.42834622139722,
            31.606991397789006
          ],
          [
            74.42834626627987,
            31.60699103780864
          ],
          [
            74.42834624105447,
            31.60699067642899
          ],
          [
            74.42834614641431,
            31.60699032358194
          ],
          [
            74.4283459849604,
            31.606989988964873
          ],
          [
            74.42834576113002,
            31.60698968177418
          ],
          [
            74.42834548107476,
            31.60698941045246
          ],
          [
            74.42834515249149,
            31.606989182456534
          ],
          [
            74.42834478441071,
            31.606989004052465
          ],
          [
            74.42834438694851,
            31.606988880143373
          ],
          [
            74.42834397102845,
            31.606988814134702
          ],
          [
            74.42764415717836,
            31.60698428009563
          ]
        ]
      }
    },
    {
      "type": "Feature",
      "properties": {
        "Id": 0,
        "layer": "Road Track"
      },
      "geometry": {
        "type": "LineString",
        "coordinates": [
          [
            74.42882066875542,
            31.606992027117467
          ],
          [
            74.42882023374459,
            31.606992071851675
          ],
          [
            74.42881981386223,
            31.606992178968248
          ],
          [
            74.42881942123027,
            31.606992345374767
          ],
          [
            74.42881906718392,
            31.606992566267106
          ],
          [
            74.42881876194436,
            31.606992835268194
          ],
          [
            74.42881851432381,
            31.60699314461198
          ],
          [
            74.428818331471,
            31.60699348536783
          ],
          [
            74.42881821866487,
            31.606993847698206
          ],
          [
            74.42881817916208,
            31.606994221142703
          ],
          [
            74.42881821410307,
            31.606994594920078
          ],
          [
            74.42881832247912,
            31.60699495823946
          ],
          [
            74.42881850116142,
            31.606995300611942
          ],
          [
            74.42881874499146,
            31.60699561215328
          ],
          [
            74.42881904692995,
            31.60699588386937
          ],
          [
            74.42881939825998,
            31.606996107915833
          ],
          [
            74.42881978883874,
            31.6069962778245
          ],
          [
            74.42882020739033,
            31.60699638869017
          ],
          [
            74.42882064183125,
            31.606996437312155
          ],
          [
            74.42928421728345,
            31.606999517186665
          ],
          [
            74.42942686255874,
            31.60700381533764
          ],
          [
            74.42949276424598,
            31.607007770595267
          ],
          [
            74.42949319245159,
            31.607007701573725
          ],
          [
            74.42949360047018,
            31.60700757069908
          ],
          [
            74.42949397620092,
            31.607007381852707
          ],
          [
            74.4294943085006,
            31.60700714063535
          ],
          [
            74.42949458751399,
            31.607006854200918
          ],
          [
            74.42949480496627,
            31.60700653104433
          ],
          [
            74.42949495440836,
            31.607006180749604
          ],
          [
            74.42949503140817,
            31.607005813705623
          ],
          [
            74.42949503368209,
            31.607005440797998
          ],
          [
            74.42949496116265,
            31.60700507308622
          ],
          [
            74.42949481600063,
            31.607004721475715
          ],
          [
            74.42949460250115,
            31.607004396394395
          ],
          [
            74.4294943269961,
            31.60700410748335
          ],
          [
            74.42949399765625,
            31.607003863310943
          ],
          [
            74.42949362424902,
            31.607003671118733
          ],
          [
            74.42949321784872,
            31.607003536606673
          ],
          [
            74.42949279050819,
            31.60700346376403
          ],
          [
            74.42942638427404,
            31.60699972160015
          ],
          [
            74.42928323708195,
            31.606995205858734
          ],
          [
            74.42882066875544,
            31.606992027117478
          ]
        ]
      }
    },
    {
      "type": "Feature",
      "properties": {
        "Id": 0,
        "layer": "Road Track"
      },
      "geometry": {
        "type": "LineString",
        "coordinates": [
          [
            74.42967720743711,
            31.607023970040732
          ],
          [
            74.42967670842229,
            31.607023916520795
          ],
          [
            74.4296762059543,
            31.607023934724992
          ],
          [
            74.42967571401002,
            31.607024024146966
          ],
          [
            74.4296752462736,
            31.607024182299305
          ],
          [
            74.42967481575583,
            31.607024404782763
          ],
          [
            74.42967443443221,
            31.607024685408636
          ],
          [
            74.42967411290981,
            31.60702501637091
          ],
          [
            74.42967386013227,
            31.60702538846336
          ],
          [
            74.42967368313094,
            31.60702579133569
          ],
          [
            74.4296735868294,
            31.60702621378141
          ],
          [
            74.42967357390643,
            31.607026644049583
          ],
          [
            74.42967364472148,
            31.607027070171636
          ],
          [
            74.42967379730472,
            31.607027480294345
          ],
          [
            74.42967402741186,
            31.60702786300958
          ],
          [
            74.4296743286421,
            31.6070282076715
          ],
          [
            74.42967469261627,
            31.607028504692856
          ],
          [
            74.4296751092099,
            31.607028745811533
          ],
          [
            74.42967556683482,
            31.60702892432049
          ],
          [
            74.4297770431715,
            31.607050784498927
          ],
          [
            74.42987698965803,
            31.60707730938703
          ],
          [
            74.42997511376744,
            31.607108421351302
          ],
          [
            74.43007112830573,
            31.60714402933263
          ],
          [
            74.43015013354236,
            31.607176219996916
          ],
          [
            74.43022676539798,
            31.607212369599107
          ],
          [
            74.43030075332265,
            31.60725235051398
          ],
          [
            74.43036974701361,
            31.60729224410377
          ],
          [
            74.43043590437622,
            31.607335513809016
          ],
          [
            74.43049900014252,
            31.607382012297712
          ],
          [
            74.43056039766522,
            31.60742857369327
          ],
          [
            74.43061667021642,
            31.607479658557242
          ],
          [
            74.43062868505653,
            31.607490048789476
          ],
          [
            74.43062928604128,
            31.607490162732784
          ],
          [
            74.43062990100708,
            31.60749018578855
          ],
          [
            74.43063051133214,
            31.60749011725863
          ],
          [
            74.43063109853523,
            31.607489959218192
          ],
          [
            74.43063164483526,
            31.607489716452854
          ],
          [
            74.4306321336897,
            31.607489396313767
          ],
          [
            74.43063255029557,
            31.60748900849506
          ],
          [
            74.43063288203761,
            31.607488564740308
          ],
          [
            74.43063311887039,
            31.60748807848681
          ],
          [
            74.43063325362235,
            31.60748756445881
          ],
          [
            74.43063328221307,
            31.607487038221596
          ],
          [
            74.4306332037768,
            31.607486515710136
          ],
          [
            74.43063302068866,
            31.607486012746595
          ],
          [
            74.43063273849275,
            31.607485544561218
          ],
          [
            74.43062097920404,
            31.607474509426183
          ],
          [
            74.43050230396516,
            31.60737664334171
          ],
          [
            74.43043845358724,
            31.60733026594397
          ],
          [
            74.43037162795339,
            31.60728706763454
          ],
          [
            74.43030204288821,
            31.607247187927015
          ],
          [
            74.43022854444342,
            31.60720678276471
          ],
          [
            74.43015213126482,
            31.60717055384868
          ],
          [
            74.43007312687185,
            31.60713865456394
          ],
          [
            74.42997674561406,
            31.607103751768875
          ],
          [
            74.42987847216396,
            31.607072955244412
          ],
          [
            74.42977854520531,
            31.60704633978763
          ],
          [
            74.42967720743711,
            31.607023970040732
          ]
        ]
      }
    },
    {
      "type": "Feature",
      "properties": {
        "Id": 0,
        "layer": "Road Track"
      },
      "geometry": {
        "type": "LineString",
        "coordinates": [
          [
            74.42761330717077,
            31.607425104400463
          ],
          [
            74.42761055132591,
            31.607424342023037
          ],
          [
            74.42760768390517,
            31.60742399320144
          ],
          [
            74.42760478898613,
            31.607424068163706
          ],
          [
            74.42760195145264,
            31.60742456471183
          ],
          [
            74.42759925450592,
            31.60742546828617
          ],
          [
            74.42759677722492,
            31.607426752392428
          ],
          [
            74.42759459224767,
            31.60742837937847
          ],
          [
            74.42759276364139,
            31.607430301538333
          ],
          [
            74.42759134502387,
            31.6074324625111
          ],
          [
            74.4275903779914,
            31.607434798933426
          ],
          [
            74.42758989089899,
            31.607437242297497
          ],
          [
            74.42758989802907,
            31.607439720959775
          ],
          [
            74.42759039917262,
            31.60744216224172
          ],
          [
            74.42759509352433,
            31.60782356263477
          ],
          [
            74.42759553592948,
            31.607973691996683
          ],
          [
            74.42759939992868,
            31.60812378540826
          ],
          [
            74.42761084982106,
            31.608138590992123
          ],
          [
            74.4276251156041,
            31.608151481645443
          ],
          [
            74.42764176850316,
            31.608162069923747
          ],
          [
            74.42766030799535,
            31.60817003758313
          ],
          [
            74.42768017685346,
            31.6081751451456
          ],
          [
            74.42826437940268,
            31.608178812857712
          ],
          [
            74.42848862083261,
            31.608176236987614
          ],
          [
            74.42871288079716,
            31.60817697727734
          ],
          [
            74.42893709235237,
            31.608181033506195
          ],
          [
            74.42936398200479,
            31.60818583291897
          ],
          [
            74.42937059287597,
            31.608187002381985
          ],
          [
            74.42937733840053,
            31.60818722688052
          ],
          [
            74.42938403542699,
            31.608186500319064
          ],
          [
            74.42939050212073,
            31.608184842424905
          ],
          [
            74.42939656290095,
            31.608182298212412
          ],
          [
            74.42942882704413,
            31.608152757063436
          ],
          [
            74.42945653254266,
            31.60812000178482
          ],
          [
            74.42948756844801,
            31.60808177262968
          ],
          [
            74.42952332683113,
            31.608046695047797
          ],
          [
            74.42959732754554,
            31.60797667283778
          ],
          [
            74.4296760466797,
            31.60791052661563
          ],
          [
            74.42975920755211,
            31.607848488863862
          ],
          [
            74.42984311564528,
            31.607794966435314
          ],
          [
            74.42993011446568,
            31.607745189353533
          ],
          [
            74.4300199759833,
            31.607699288085264
          ],
          [
            74.4300446450671,
            31.607682983034447
          ],
          [
            74.43006638890431,
            31.60766387032483
          ],
          [
            74.43006807871508,
            31.6076592214032
          ],
          [
            74.4300688092464,
            31.607654393048204
          ],
          [
            74.43006855873432,
            31.607649529106723
          ],
          [
            74.43006733464229,
            31.6076447744858
          ],
          [
            74.43006517343869,
            31.607640270835596
          ],
          [
            74.43006213951048,
            31.607636152329302
          ],
          [
            74.43005832324484,
            31.60763254166582
          ],
          [
            74.42999202465028,
            31.607595653811273
          ],
          [
            74.4299234900274,
            31.607561891545547
          ],
          [
            74.4298529203576,
            31.607531353877057
          ],
          [
            74.42975777835728,
            31.607499897238025
          ],
          [
            74.42966069047806,
            31.607473147551943
          ],
          [
            74.42956197436087,
            31.60745119233483
          ],
          [
            74.42949725641427,
            31.607441889061317
          ],
          [
            74.42943196371945,
            31.60743624808603
          ],
          [
            74.42936637891613,
            31.607434293827584
          ],
          [
            74.42920146869716,
            31.607431692159707
          ],
          [
            74.42903653174079,
            31.607431137477846
          ],
          [
            74.42866618137485,
            31.607429145042673
          ],
          [
            74.42819282433251,
            31.607426690468408
          ],
          [
            74.42771474536315,
            31.607424885945413
          ],
          [
            74.42761330717077,
            31.607425104400463
          ]
        ]
      }
    },
    {
      "type": "Feature",
      "properties": {
        "Id": 0,
        "layer": "Road Track"
      },
      "geometry": {
        "type": "LineString",
        "coordinates": [
          [
            74.43056162374815,
            31.60954656225563
          ],
          [
            74.43050193209082,
            31.60951424641888
          ],
          [
            74.43044618407919,
            31.609477128523444
          ],
          [
            74.43039490531856,
            31.60943555852893
          ],
          [
            74.43035350472788,
            31.60939266584703
          ],
          [
            74.43031697537062,
            31.609346646163793
          ],
          [
            74.43028563775434,
            31.609297903264036
          ],
          [
            74.43025976683204,
            31.609246864825888
          ],
          [
            74.43023958958992,
            31.609193978668202
          ],
          [
            74.43022528305596,
            31.609139708821225
          ],
          [
            74.43021786804826,
            31.609087137640586
          ],
          [
            74.43021609826555,
            31.609034206511623
          ],
          [
            74.43021998851181,
            31.608981358482325
          ],
          [
            74.43022950621516,
            31.608929035904417
          ],
          [
            74.43024457170074,
            31.608877676730785
          ],
          [
            74.43026965758116,
            31.608818354120075
          ],
          [
            74.4303019571836,
            31.608761644499225
          ],
          [
            74.43034110578718,
            31.608708188200268
          ],
          [
            74.43038666133822,
            31.608658588819615
          ],
          [
            74.43043364894358,
            31.608617984262104
          ],
          [
            74.43048508341869,
            31.608581540147252
          ],
          [
            74.43054046404208,
            31.608549611260116
          ],
          [
            74.43059925167809,
            31.60852250842951
          ],
          [
            74.43063379473011,
            31.60851103364876
          ],
          [
            74.43063434152818,
            31.608510861760188
          ],
          [
            74.4306348463853,
            31.60851061306244
          ],
          [
            74.43063529469993,
            31.608510294748392
          ],
          [
            74.43063567350582,
            31.608509916024378
          ],
          [
            74.4306359718471,
            31.60850948784392
          ],
          [
            74.43063618109505,
            31.608509022590976
          ],
          [
            74.43063629519779,
            31.608508533721594
          ],
          [
            74.43063631085523,
            31.60850803537501
          ],
          [
            74.43063622761451,
            31.60850754196446
          ],
          [
            74.43063604788314,
            31.608507067760474
          ],
          [
            74.43063577685933,
            31.608506626478047
          ],
          [
            74.43063542238173,
            31.60850623088003
          ],
          [
            74.43063499470252,
            31.608505892408
          ],
          [
            74.43063450619118,
            31.60850562085128
          ],
          [
            74.43063397097652,
            31.60850542406388
          ],
          [
            74.43063340453809,
            31.60850530773735
          ],
          [
            74.43063282325852,
            31.60850527523607
          ],
          [
            74.43058474305916,
            31.608521657484086
          ],
          [
            74.43053950986967,
            31.6085431738699
          ],
          [
            74.43048221342883,
            31.608575155190852
          ],
          [
            74.43042942411932,
            31.60861238701442
          ],
          [
            74.43038179574063,
            31.60865440822551
          ],
          [
            74.43034362964255,
            31.608694025611843
          ],
          [
            74.43030967710403,
            31.60873635881967
          ],
          [
            74.43028020057892,
            31.608781080619604
          ],
          [
            74.4302554279231,
            31.608827845318395
          ],
          [
            74.4302383197311,
            31.6088677242089
          ],
          [
            74.43022595052263,
            31.60890886589493
          ],
          [
            74.43021844396962,
            31.60895085904749
          ],
          [
            74.43020939809155,
            31.6090084012271
          ],
          [
            74.43020842958491,
            31.609066455914228
          ],
          [
            74.43021234130588,
            31.609108682972753
          ],
          [
            74.43022015569754,
            31.60915051128037
          ],
          [
            74.43023182349151,
            31.60919167708902
          ],
          [
            74.43025193999979,
            31.60924928500075
          ],
          [
            74.430279701108,
            31.609304517317174
          ],
          [
            74.43031820077196,
            31.609360995690746
          ],
          [
            74.43036282730225,
            31.609414069169343
          ],
          [
            74.4304091011208,
            31.60945570047402
          ],
          [
            74.43045895521443,
            31.609494185551963
          ],
          [
            74.4305120983402,
            31.60952929957365
          ],
          [
            74.43053552348186,
            31.609543744805475
          ],
          [
            74.43056100796012,
            31.609555359310118
          ]
        ]
      }
    },
    {
      "type": "Feature",
      "properties": {
        "Id": 0,
        "layer": "Road Track"
      },
      "geometry": {
        "type": "LineString",
        "coordinates": [
          [
            74.43029970417949,
            31.60783012296904
          ],
          [
            74.43029513599328,
            31.60782755413336
          ],
          [
            74.43029014898661,
            31.607825638979037
          ],
          [
            74.43028486981493,
            31.6078244261454
          ],
          [
            74.43027943255368,
            31.60782394643485
          ],
          [
            74.43027397529335,
            31.607824212030643
          ],
          [
            74.43026863663236,
            31.607825216187393
          ],
          [
            74.43026355215707,
            31.607826933402485
          ],
          [
            74.43017906411936,
            31.607862880280845
          ],
          [
            74.43009685560598,
            31.60790250975499
          ],
          [
            74.43001714558423,
            31.607945716270713
          ],
          [
            74.42994014636743,
            31.607992384746126
          ],
          [
            74.42986692731948,
            31.608044869776194
          ],
          [
            74.42979739417862,
            31.608100906031073
          ],
          [
            74.42973178175814,
            31.60816030428169
          ],
          [
            74.4296703116327,
            31.608222863945432
          ],
          [
            74.42961319139008,
            31.608288373763543
          ],
          [
            74.42955920434173,
            31.60836216356656
          ],
          [
            74.42951052389894,
            31.60843860943091
          ],
          [
            74.42946732784843,
            31.60851743218765
          ],
          [
            74.42942977395005,
            31.608598343987122
          ],
          [
            74.42939799936038,
            31.60868104935005
          ],
          [
            74.42937212013167,
            31.608765246246534
          ],
          [
            74.42935326256715,
            31.60885604505863
          ],
          [
            74.42934196483185,
            31.60894775869347
          ],
          [
            74.4293382836633,
            31.60903992674342
          ],
          [
            74.42934223756372,
            31.609132086518244
          ],
          [
            74.42935772755126,
            31.609233752136465
          ],
          [
            74.42938056927845,
            31.60933439757158
          ],
          [
            74.4294106744895,
            31.60943363384598
          ],
          [
            74.42944792685542,
            31.60953107742696
          ],
          [
            74.42948105172721,
            31.609599483128072
          ],
          [
            74.4295186322399,
            31.609666181017484
          ],
          [
            74.4295605487543,
            31.60973095874277
          ],
          [
            74.42960666782534,
            31.609793610064408
          ],
          [
            74.42966112161923,
            31.609860484345152
          ],
          [
            74.42972119341634,
            31.609923737387703
          ],
          [
            74.42978655565598,
            31.609983024272886
          ],
          [
            74.42985685192669,
            31.610038021708434
          ],
          [
            74.42993169890948,
            31.610088429791848
          ],
          [
            74.43001781353242,
            31.61014168025265
          ],
          [
            74.43010770269379,
            31.61019014743748
          ],
          [
            74.43020100415568,
            31.610233636028767
          ],
          [
            74.43029734192731,
            31.61027197077185
          ],
          [
            74.43038307078004,
            31.610301433793516
          ],
          [
            74.43047066358135,
            31.610326562789535
          ],
          [
            74.43055982144969,
            31.610347272014963
          ],
          [
            74.43056438535007,
            31.61034736313351
          ],
          [
            74.4305689129963,
            31.610346863432326
          ],
          [
            74.4305733005566,
            31.610345784370992
          ],
          [
            74.43057744741172,
            31.610344150695447
          ],
          [
            74.43058125846252,
            31.610341999870514
          ],
          [
            74.4305846463108,
            31.610339381220726
          ],
          [
            74.43058753326365,
            31.610336354799127
          ],
          [
            74.43059434384097,
            31.610160027317246
          ],
          [
            74.43059705238028,
            31.609983618755432
          ],
          [
            74.43059726713723,
            31.609669060163498
          ]
        ]
      }
    },
    {
      "type": "Feature",
      "properties": {
        "Id": 0,
        "layer": "Road Track"
      },
      "geometry": {
        "type": "LineString",
        "coordinates": [
          [
            74.43059726713723,
            31.609669060163498
          ],
          [
            74.4305974596563,
            31.60961163176105
          ],
          [
            74.43059768730198,
            31.609608838503135
          ],
          [
            74.43059734770576,
            31.609606053582954
          ],
          [
            74.43059645107813,
            31.60960336073308
          ],
          [
            74.43059502437751,
            31.609600840917825
          ],
          [
            74.43059311049971,
            31.609598569899
          ],
          [
            74.43059076698816,
            31.609596615957955
          ],
          [
            74.43058806430388,
            31.609595037842684
          ],
          [
            74.43058508370684,
            31.60959388300142
          ],
          [
            74.43058191481292,
            31.60959318615609
          ],
          [
            74.43051519624215,
            31.609560513125377
          ],
          [
            74.43045266754163,
            31.609522249051043
          ],
          [
            74.4303949661312,
            31.609478784001954
          ],
          [
            74.4303426802184,
            31.60943056106577
          ],
          [
            74.43029728513847,
            31.609374591000734
          ],
          [
            74.43025855056064,
            31.6093150675247
          ],
          [
            74.43022685295648,
            31.609252569182203
          ],
          [
            74.43020250039908,
            31.609187703431076
          ],
          [
            74.43018572956912,
            31.60912110073806
          ],
          [
            74.43018109715442,
            31.609060338779724
          ],
          [
            74.43018310967734,
            31.608999471989915
          ],
          [
            74.43019174956548,
            31.608939031439608
          ],
          [
            74.43020694142204,
            31.60887954447975
          ],
          [
            74.43022855268427,
            31.608821530140144
          ],
          [
            74.43025639478036,
            31.608765494600885
          ],
          [
            74.43030065558733,
            31.608708755427294
          ],
          [
            74.43034999168215,
            31.608655169852437
          ],
          [
            74.43040409764558,
            31.60860506959336
          ],
          [
            74.43046263853256,
            31.60855876479108
          ],
          [
            74.43052525194571,
            31.608516542090772
          ],
          [
            74.43059155027866,
            31.60847866286745
          ],
          [
            74.43059377343084,
            31.608478616226826
          ],
          [
            74.43059595596762,
            31.60847825121607
          ],
          [
            74.43059803608507,
            31.608477578171364
          ],
          [
            74.43059995487954,
            31.60847661615165
          ],
          [
            74.43060165801566,
            31.608475392398844
          ],
          [
            74.43060309726494,
            31.60847394156655
          ],
          [
            74.4306042318715,
            31.60847230473865
          ],
          [
            74.43060502970619,
            31.608470528265933
          ],
          [
            74.43060546817637,
            31.60846866245361
          ],
          [
            74.4306055348657,
            31.608466760136732
          ],
          [
            74.43060522788576,
            31.608464875184072
          ],
          [
            74.43060455592942,
            31.608463060972685
          ],
          [
            74.43060353802483,
            31.608461368876434
          ],
          [
            74.43059397109316,
            31.608388514267624
          ],
          [
            74.43058205630142,
            31.608315913621738
          ],
          [
            74.43056217855928,
            31.608245919916676
          ],
          [
            74.43053698277632,
            31.608177191789682
          ],
          [
            74.43050657733055,
            31.608110024838638
          ],
          [
            74.43047109300585,
            31.60804470794623
          ],
          [
            74.43043068242923,
            31.607981522037555
          ],
          [
            74.43038219797785,
            31.60791627158154
          ],
          [
            74.43032991794553,
            31.607853204182458
          ],
          [
            74.43031572414796,
            31.607840788146056
          ],
          [
            74.43029970417949,
            31.60783012296904
          ]
        ]
      }
    },
    {
      "type": "Feature",
      "properties": {
        "Id": 0,
        "layer": "Road Track"
      },
      "geometry": {
        "type": "LineString",
        "coordinates": [
          [
            74.43118129050403,
            31.60851986373181
          ],
          [
            74.43118081108649,
            31.608519785984626
          ],
          [
            74.43118032322477,
            31.608519778090166
          ],
          [
            74.4311798407157,
            31.608519840271697
          ],
          [
            74.43117937720484,
            31.6085199707707
          ],
          [
            74.43117894580044,
            31.60852016589661
          ],
          [
            74.43117855870274,
            31.608520420131214
          ],
          [
            74.43117822685905,
            31.60852072628466
          ],
          [
            74.43117795965398,
            31.6085210756988
          ],
          [
            74.4311777646442,
            31.608521458492106
          ],
          [
            74.43117764734465,
            31.608521863839055
          ],
          [
            74.43117761107264,
            31.60852228027626
          ],
          [
            74.43117765685389,
            31.608522696026753
          ],
          [
            74.43117778339375,
            31.60852309933297
          ],
          [
            74.4311779871136,
            31.608523478789255
          ],
          [
            74.43117826225217,
            31.608523823664452
          ],
          [
            74.43117860102846,
            31.608524124205363
          ],
          [
            74.43117899386176,
            31.608524371912605
          ],
          [
            74.43117942964258,
            31.608524559780914
          ],
          [
            74.43123067435032,
            31.608546232616696
          ],
          [
            74.43127851499638,
            31.608573004814296
          ],
          [
            74.43132939278662,
            31.60860715590523
          ],
          [
            74.43137643611081,
            31.60864512037864
          ],
          [
            74.43141925612494,
            31.60868658443716
          ],
          [
            74.4314629376898,
            31.608743031888874
          ],
          [
            74.43150158075484,
            31.608802109083186
          ],
          [
            74.43152344109289,
            31.608844759171
          ],
          [
            74.4315397466893,
            31.60888919229318
          ],
          [
            74.43155030375192,
            31.60893488038377
          ],
          [
            74.43156033767546,
            31.60899119884526
          ],
          [
            74.43156315363576,
            31.609048117206278
          ],
          [
            74.43155871819988,
            31.60910495996128
          ],
          [
            74.43154390981401,
            31.609173523553157
          ],
          [
            74.43152353533046,
            31.609241033098822
          ],
          [
            74.43148762845352,
            31.60930606164782
          ],
          [
            74.43144460460037,
            31.609367845855296
          ],
          [
            74.43140392946401,
            31.609414778830196
          ],
          [
            74.43135779025735,
            31.609457851842155
          ],
          [
            74.4313066837901,
            31.6094966010906
          ],
          [
            74.43124576983637,
            31.609530761937272
          ],
          [
            74.43118288906248,
            31.609562204576925
          ],
          [
            74.43118240805057,
            31.60956260815616
          ],
          [
            74.43118201070821,
            31.609563073667914
          ],
          [
            74.43118170775155,
            31.609563588557585
          ],
          [
            74.43118150735117,
            31.609564138938833
          ],
          [
            74.43118141491176,
            31.609564709968126
          ],
          [
            74.43118143292641,
            31.609565286245108
          ],
          [
            74.43118156090924,
            31.609565852227853
          ],
          [
            74.43118179540863,
            31.609566392652063
          ],
          [
            74.43118213010024,
            31.609566892942738
          ],
          [
            74.43118255595762,
            31.609567339607306
          ],
          [
            74.43118306149556,
            31.60956772059943
          ],
          [
            74.43118363307997,
            31.60956802564393
          ],
          [
            74.43118425529548,
            31.6095682465139
          ],
          [
            74.43118491136123,
            31.609568377252568
          ],
          [
            74.43118558358346,
            31.609568414334003
          ],
          [
            74.43118625383262,
            31.609568356758107
          ],
          [
            74.43125010034873,
            31.60953596270899
          ],
          [
            74.43131209655719,
            31.609501035503747
          ],
          [
            74.43140243053674,
            31.609429402524995
          ],
          [
            74.43145316956918,
            31.60937180425854
          ],
          [
            74.43149454432151,
            31.6093091407747
          ],
          [
            74.43153153068333,
            31.609244498926824
          ],
          [
            74.43154807083454,
            31.60919597806087
          ],
          [
            74.43156031687019,
            31.609146533065154
          ],
          [
            74.43156819996487,
            31.60909644185908
          ],
          [
            74.4315699733196,
            31.609040206873104
          ],
          [
            74.43156639918969,
            31.60898403462989
          ],
          [
            74.43155750124248,
            31.608928296942565
          ],
          [
            74.43154470953934,
            31.608883564887726
          ],
          [
            74.4315279161063,
            31.608839812796397
          ],
          [
            74.43150722142619,
            31.608797302443016
          ],
          [
            74.43146853651491,
            31.60873617976771
          ],
          [
            74.43142360111867,
            31.608678273183337
          ],
          [
            74.43137936631027,
            31.60863833634288
          ],
          [
            74.43133188844499,
            31.608601226924137
          ],
          [
            74.43128141364951,
            31.608567137300437
          ],
          [
            74.43123289763537,
            31.608541103008616
          ],
          [
            74.43118129050403,
            31.60851986373181
          ]
        ]
      }
    },
    {
      "type": "Feature",
      "properties": {
        "Id": 0,
        "layer": "Road Track"
      },
      "geometry": {
        "type": "LineString",
        "coordinates": [
          [
            74.43094991012516,
            31.60771496012474
          ],
          [
            74.43094687060766,
            31.60771545283425
          ],
          [
            74.4309439732001,
            31.607716380578132
          ],
          [
            74.43094130224706,
            31.607717716349402
          ],
          [
            74.43093893550093,
            31.607719421263347
          ],
          [
            74.43093694185855,
            31.607721445689272
          ],
          [
            74.4309353793555,
            31.60772373069547
          ],
          [
            74.43093429347692,
            31.60772620976457
          ],
          [
            74.4309337158331,
            31.607728810730013
          ],
          [
            74.43093366323953,
            31.607731457876756
          ],
          [
            74.43093413722724,
            31.607734074145398
          ],
          [
            74.43093512399835,
            31.60773658337542
          ],
          [
            74.43093659482764,
            31.607738912522215
          ],
          [
            74.4309859780779,
            31.60782328110407
          ],
          [
            74.43103043793602,
            31.607909631902064
          ],
          [
            74.43106986612149,
            31.60799775463853
          ],
          [
            74.43110412431038,
            31.608086540414075
          ],
          [
            74.43113252320789,
            31.608176827767007
          ],
          [
            74.43115497379198,
            31.608268333727768
          ],
          [
            74.43117140568245,
            31.60836077150668
          ],
          [
            74.43117659131354,
            31.60842505549961
          ],
          [
            74.43117957015697,
            31.60848944204956
          ],
          [
            74.43117906173403,
            31.608491128356853
          ],
          [
            74.4311788843906,
            31.608492863269543
          ],
          [
            74.43117904295913,
            31.608494599512973
          ],
          [
            74.4311795331188,
            31.608496289776156
          ],
          [
            74.43118034151323,
            31.608497888001086
          ],
          [
            74.4311814461145,
            31.608499350637665
          ],
          [
            74.4311828168233,
            31.608500637830474
          ],
          [
            74.43118441628913,
            31.608501714504758
          ],
          [
            74.43123829149552,
            31.60851808176055
          ],
          [
            74.43128966608317,
            31.60853954455929
          ],
          [
            74.43133788450791,
            31.608565829034674
          ],
          [
            74.43138233149685,
            31.6085965997953
          ],
          [
            74.43142243989926,
            31.60863146420413
          ],
          [
            74.4314576979234,
            31.60866997738838
          ],
          [
            74.4314876556671,
            31.608711647916007
          ],
          [
            74.43152288629389,
            31.608764676868386
          ],
          [
            74.43155204365596,
            31.60882034082694
          ],
          [
            74.43157486166075,
            31.608878131818976
          ],
          [
            74.43159113206562,
            31.608937522460092
          ],
          [
            74.43160070637857,
            31.608997970766975
          ],
          [
            74.43160349721371,
            31.609058925103252
          ],
          [
            74.4315986905894,
            31.609121441834567
          ],
          [
            74.43158612201353,
            31.609183163513123
          ],
          [
            74.43156593478462,
            31.609243386355093
          ],
          [
            74.43153835907441,
            31.609301423665947
          ],
          [
            74.43150370930388,
            31.609356613670553
          ],
          [
            74.43146238055857,
            31.609408327059338
          ],
          [
            74.43141484408399,
            31.609455974164216
          ],
          [
            74.43136164191252,
            31.609499011682573
          ],
          [
            74.43130587130534,
            31.609533572955957
          ],
          [
            74.43124772215674,
            31.60956513290752
          ],
          [
            74.43118741469401,
            31.609593572009654
          ],
          [
            74.43118329753555,
            31.609596333859233
          ],
          [
            74.43117977627318,
            31.609599644670244
          ],
          [
            74.43117694954312,
            31.60960341170159
          ],
          [
            74.43117489652664,
            31.609607529432736
          ],
          [
            74.43117367473216,
            31.60961188251945
          ],
          [
            74.43117331838418,
            31.609616349024783
          ],
          [
            74.43117383746471,
            31.609620803834805
          ],
          [
            74.43116905935193,
            31.60994679453509
          ],
          [
            74.43117164608083,
            31.610326056666228
          ],
          [
            74.43117313158172,
            31.610330013356027
          ],
          [
            74.4311753407717,
            31.61033371432031
          ],
          [
            74.43117821622415,
            31.6103370633545
          ],
          [
            74.43118168319333,
            31.61033997340228
          ],
          [
            74.43118565155727,
            31.61034236881854
          ],
          [
            74.43119001816054,
            31.610344187335684
          ],
          [
            74.43119466949558,
            31.610345381682357
          ],
          [
            74.43119948465349,
            31.61034592081215
          ],
          [
            74.43129943164861,
            31.610324868528703
          ],
          [
            74.43139758627113,
            31.610298349766786
          ],
          [
            74.43149354074373,
            31.610266474697106
          ],
          [
            74.43157446538576,
            31.61023542924706
          ],
          [
            74.43165301244454,
            31.610200194227
          ],
          [
            74.43172888611016,
            31.61016090233381
          ],
          [
            74.43180180064198,
            31.61011770154259
          ],
          [
            74.43187148144463,
            31.61007075454938
          ],
          [
            74.4319414808822,
            31.61001899009697
          ],
          [
            74.43200765291101,
            31.609963661398474
          ],
          [
            74.43206975016474,
            31.609904975290966
          ],
          [
            74.43212754051122,
            31.609843151162224
          ],
          [
            74.43218080792019,
            31.609778420130578
          ],
          [
            74.43223023404262,
            31.609708952164876
          ],
          [
            74.43227488309782,
            31.609637154274967
          ],
          [
            74.43231460564583,
            31.60956326678545
          ],
          [
            74.43234926873784,
            31.60948753701471
          ],
          [
            74.43237875636109,
            31.60941021844711
          ],
          [
            74.43240536451711,
            31.60932084447471
          ],
          [
            74.43242444612851,
            31.60923007240219
          ],
          [
            74.43243590376103,
            31.609138365832926
          ],
          [
            74.43243967891934,
            31.60904619314167
          ],
          [
            74.43243597363904,
            31.608951942825417
          ],
          [
            74.43242446884314,
            31.608858154575287
          ],
          [
            74.4324052224693,
            31.608765300514666
          ],
          [
            74.43237833142507,
            31.608673848062928
          ],
          [
            74.43235004252196,
            31.60859718193081
          ],
          [
            74.43231622492337,
            31.608522173880537
          ],
          [
            74.43227701015286,
            31.608449115604536
          ],
          [
            74.43223255072155,
            31.608378291212208
          ],
          [
            74.43218301953485,
            31.60830997612516
          ],
          [
            74.43212860922,
            31.608244436006288
          ],
          [
            74.43206912862044,
            31.6081797650409
          ],
          [
            74.43200484549695,
            31.60811855233258
          ],
          [
            74.43193603367419,
            31.608061058618286
          ],
          [
            74.43186298626539,
            31.608007528793372
          ],
          [
            74.43178601442358,
            31.607958190868512
          ],
          [
            74.43170544601644,
            31.607913254998575
          ],
          [
            74.43162162422959,
            31.607872912587585
          ],
          [
            74.43152349270615,
            31.607830719083218
          ],
          [
            74.43142195605758,
            31.607794909681775
          ],
          [
            74.43131758038389,
            31.607765684030927
          ],
          [
            74.43121094761162,
            31.607743205071827
          ],
          [
            74.43110265224975,
            31.607727598130737
          ],
          [
            74.43102643431287,
            31.60771992362561
          ],
          [
            74.43094991012516,
            31.60771496012473
          ]
        ]
      }
    },
    {
      "type": "Feature",
      "properties": {
        "Id": 0,
        "layer": "Road Track"
      },
      "geometry": {
        "type": "LineString",
        "coordinates": [
          [
            74.4261151257168,
            31.606919494186485
          ],
          [
            74.42746476219101,
            31.606927943319533
          ],
          [
            74.42746957941758,
            31.606927423457826
          ],
          [
            74.42747423752444,
            31.606926251039805
          ],
          [
            74.427478616633,
            31.606924456238158
          ],
          [
            74.42748260404491,
            31.60692208524299
          ],
          [
            74.42748609714229,
            31.60691919907295
          ],
          [
            74.42748900602868,
            31.60691587200496
          ],
          [
            74.42749125584263,
            31.60691218966266
          ],
          [
            74.42749278868419,
            31.606908246812804
          ],
          [
            74.42749356510511,
            31.606904144926474
          ],
          [
            74.4274887414669,
            31.606627788017676
          ],
          [
            74.42748925888974,
            31.60635140062005
          ],
          [
            74.428992239774,
            31.60636384815273
          ],
          [
            74.42949131741008,
            31.606367012788983
          ],
          [
            74.42950109204335,
            31.60636457439268
          ],
          [
            74.42951031605888,
            31.606360885502472
          ],
          [
            74.42951877250673,
            31.606356032881514
          ],
          [
            74.42952626249033,
            31.606350130664044
          ],
          [
            74.42953260984457,
            31.60634331767091
          ],
          [
            74.4295376652792,
            31.606335754144503
          ],
          [
            74.4295413098902,
            31.60632761797977
          ],
          [
            74.42954345795627,
            31.606319100540148
          ],
          [
            74.4295276006505,
            31.60598519331214
          ],
          [
            74.42952306728745,
            31.60597977897985
          ],
          [
            74.42951759518924,
            31.605975042374713
          ],
          [
            74.42951132061229,
            31.605971101439106
          ],
          [
            74.42950439979488,
            31.605968054303055
          ],
          [
            74.42949700506666,
            31.60596597684085
          ],
          [
            74.42948932055779,
            31.60596492078164
          ],
          [
            74.42948153761395,
            31.605964912421523
          ],
          [
            74.42823021281492,
            31.605962271086458
          ]
        ]
      }
    },
    {
      "type": "Feature",
      "properties": {
        "Id": 0,
        "layer": "Road Track"
      },
      "geometry": {
        "type": "LineString",
        "coordinates": [
          [
            74.42822846845004,
            31.605890293864665
          ],
          [
            74.42946360578401,
            31.605896751129016
          ],
          [
            74.42947238133736,
            31.60589738109337
          ],
          [
            74.42948116467052,
            31.605896836301667
          ],
          [
            74.42948974238394,
            31.605895129990103
          ],
          [
            74.42949790607373,
            31.605892303615192
          ],
          [
            74.42950545739525,
            31.605888425846437
          ],
          [
            74.42951221288189,
            31.605883590897964
          ],
          [
            74.42951800840275,
            31.605877916239496
          ],
          [
            74.42952270315033,
            31.60587153974228
          ],
          [
            74.42952618306144,
            31.605864616329413
          ],
          [
            74.42951971922027,
            31.605697047177607
          ],
          [
            74.42951075222811,
            31.60552956246148
          ],
          [
            74.42950211235159,
            31.605520030395752
          ],
          [
            74.429491691515,
            31.605511906613252
          ],
          [
            74.42947979807609,
            31.6055054315004
          ],
          [
            74.42946678396738,
            31.605500796658717
          ],
          [
            74.42945303428232,
            31.60549813923525
          ],
          [
            74.4294389558802,
            31.60549753786432
          ],
          [
            74.42822651614934,
            31.605494920669106
          ]
        ]
      }
    },
    {
      "type": "Feature",
      "properties": {
        "Id": 0,
        "layer": "Road Track"
      },
      "geometry": {
        "type": "LineString",
        "coordinates": [
          [
            74.42765032494765,
            31.606415530250622
          ],
          [
            74.42763835704,
            31.606415571436166
          ],
          [
            74.42762656462149,
            31.606417319512218
          ],
          [
            74.4276152777145,
            31.60642072555715
          ],
          [
            74.42760481219416,
            31.60642569424947
          ],
          [
            74.42759546094852,
            31.606432086535442
          ],
          [
            74.42758748568161,
            31.60643972352064
          ],
          [
            74.42758110958957,
            31.60644839147644
          ],
          [
            74.42757651111417,
            31.60645784782144
          ],
          [
            74.42757381894887,
            31.6064678279103
          ],
          [
            74.42757456333308,
            31.606917368952622
          ],
          [
            74.42757492406514,
            31.606919412945572
          ],
          [
            74.42757568322682,
            31.606921375365882
          ],
          [
            74.42757681897967,
            31.606923199761294
          ],
          [
            74.42757829865188,
            31.606924833650115
          ],
          [
            74.4275800796783,
            31.606926230030837
          ],
          [
            74.42758211082477,
            31.606927348734295
          ],
          [
            74.42758433366207,
            31.606928157579127
          ],
          [
            74.42758668424659,
            31.606928633297585
          ],
          [
            74.42812945330058,
            31.60693092082618
          ],
          [
            74.42867322801438,
            31.60693335411137
          ],
          [
            74.42923865896636,
            31.60693767641084
          ],
          [
            74.42937634272673,
            31.606939487916534
          ],
          [
            74.4295251730525,
            31.60694733092798
          ],
          [
            74.42954404806545,
            31.60694681703522
          ],
          [
            74.42955317074991,
            31.606940875902467
          ],
          [
            74.42955741544597,
            31.60693252023603
          ],
          [
            74.42956241013955,
            31.606915793296412
          ],
          [
            74.42956248308096,
            31.60690382987598
          ],
          [
            74.42954826518522,
            31.606484437065625
          ],
          [
            74.42954561532578,
            31.60646049773795
          ],
          [
            74.42953799632765,
            31.60644909815312
          ],
          [
            74.42952615089226,
            31.60644306337893
          ],
          [
            74.4294996205148,
            31.606438159393807
          ],
          [
            74.42864486245959,
            31.606427758981603
          ],
          [
            74.42765032494765,
            31.606415530250622
          ]
        ]
      }
    },
    {
      "type": "Feature",
      "properties": {
        "Id": 0,
        "layer": "Road Track"
      },
      "geometry": {
        "type": "LineString",
        "coordinates": [
          [
            74.42968546812735,
            31.606450354844817
          ],
          [
            74.42967467059256,
            31.606451561081197
          ],
          [
            74.42966426970804,
            31.60645432037217
          ],
          [
            74.4296545681298,
            31.60645855242494
          ],
          [
            74.42964584816488,
            31.60646413409073
          ],
          [
            74.42963836355638,
            31.606470902948193
          ],
          [
            74.42963233209983,
            31.606478662029808
          ],
          [
            74.42962792930541,
            31.606487185553384
          ],
          [
            74.42963594320692,
            31.60670612266017
          ],
          [
            74.42964133557591,
            31.60692511854
          ],
          [
            74.42964065051964,
            31.60693097368395
          ],
          [
            74.42964108617555,
            31.60693684628405
          ],
          [
            74.42964263096567,
            31.60694258026783
          ],
          [
            74.42964524383525,
            31.606948023246698
          ],
          [
            74.42964885534384,
            31.606953030565936
          ],
          [
            74.42965336951069,
            31.60695746914903
          ],
          [
            74.42965866636564,
            31.606961221034414
          ],
          [
            74.42966460513739,
            31.60696418651047
          ],
          [
            74.42967102799479,
            31.606966286765502
          ],
          [
            74.42977330321484,
            31.60698608956725
          ],
          [
            74.42987393103087,
            31.607011328071852
          ],
          [
            74.42997251742922,
            31.607041903457105
          ],
          [
            74.43007033560067,
            31.60707568566823
          ],
          [
            74.43016577179465,
            31.607114135691067
          ],
          [
            74.43025852218649,
            31.607157131119898
          ],
          [
            74.43034829150058,
            31.607204535078548
          ],
          [
            74.43043479395035,
            31.607256196655936
          ],
          [
            74.43052051677599,
            31.60731476078146
          ],
          [
            74.43060218857737,
            31.607377422101717
          ],
          [
            74.43067954235674,
            31.607443975773727
          ],
          [
            74.43070872394621,
            31.607470281504025
          ],
          [
            74.43074053938686,
            31.607494246511646
          ],
          [
            74.43075354331955,
            31.607500047028914
          ],
          [
            74.43076733402019,
            31.60750431382318
          ],
          [
            74.43078166582558,
            31.60750697088706
          ],
          [
            74.43079628343345,
            31.607507970888463
          ],
          [
            74.43091222752703,
            31.607507191322952
          ],
          [
            74.43102804896608,
            31.60751182050031
          ],
          [
            74.43114340352234,
            31.60752184466257
          ],
          [
            74.4312512166155,
            31.607538980792942
          ],
          [
            74.43135780015956,
            31.607561042692648
          ],
          [
            74.43146284712712,
            31.607587966809973
          ],
          [
            74.43146894544044,
            31.60759019706251
          ],
          [
            74.43147538986729,
            31.60759153661381
          ],
          [
            74.43148200413778,
            31.60759194882406
          ],
          [
            74.43148860733635,
            31.60759142241833
          ],
          [
            74.43149501885028,
            31.60758997179507
          ],
          [
            74.43150106330994,
            31.607587636632125
          ],
          [
            74.4315065753854,
            31.607584480801606
          ],
          [
            74.43151140430882,
            31.607580590622742
          ],
          [
            74.43151541799811,
            31.607576072500834
          ],
          [
            74.4315185066698,
            31.60757105001691
          ],
          [
            74.4315205858418,
            31.607565660547387
          ],
          [
            74.43152159864415,
            31.607560051506603
          ],
          [
            74.43152151737462,
            31.607554376314607
          ],
          [
            74.43152034425628,
            31.60754879020079
          ],
          [
            74.43150833441625,
            31.60751563125593
          ],
          [
            74.43149076434561,
            31.60748434145088
          ],
          [
            74.43144245207347,
            31.607407310759257
          ],
          [
            74.4313886840173,
            31.607332974950975
          ],
          [
            74.43132966464427,
            31.607261616689744
          ],
          [
            74.43126561838821,
            31.60719350731641
          ],
          [
            74.43119678879623,
            31.60712890581727
          ],
          [
            74.43111877136087,
            31.607055983250746
          ],
          [
            74.431036460243,
            31.606986603977433
          ],
          [
            74.43095007485594,
            31.60692095293081
          ],
          [
            74.43085984547167,
            31.60685920510624
          ],
          [
            74.43076601260701,
            31.606801525094497
          ],
          [
            74.43065172683845,
            31.60673772962485
          ],
          [
            74.43053332534612,
            31.606679691657042
          ],
          [
            74.43041120368194,
            31.60662760507868
          ],
          [
            74.43028576982366,
            31.606581643895225
          ],
          [
            74.43017211460099,
            31.606545064290817
          ],
          [
            74.43005645056445,
            31.606513431207507
          ],
          [
            74.4299390714245,
            31.60648682497183
          ],
          [
            74.42982027524604,
            31.60646531314544
          ],
          [
            74.42975316708782,
            31.60645588404583
          ],
          [
            74.42968546812735,
            31.60645035484483
          ]
        ]
      }
    },
    {
      "type": "Feature",
      "properties": {
        "Id": 0,
        "layer": "Road Track"
      },
      "geometry": {
        "type": "LineString",
        "coordinates": [
          [
            74.42967123830682,
            31.605977795066
          ],
          [
            74.42964554791422,
            31.605981185637887
          ],
          [
            74.42962063084818,
            31.605987522942737
          ],
          [
            74.42961754406065,
            31.605988895394727
          ],
          [
            74.42961474392318,
            31.60599066164287
          ],
          [
            74.4296122984469,
            31.605992778787677
          ],
          [
            74.42961026702862,
            31.60599519540696
          ],
          [
            74.42960869900848,
            31.605997852804744
          ],
          [
            74.4296076324713,
            31.606000686436886
          ],
          [
            74.4296070933217,
            31.606003627478792
          ],
          [
            74.42960709465486,
            31.60600660449706
          ],
          [
            74.42961958517088,
            31.606178121680873
          ],
          [
            74.42962684435186,
            31.60634985932383
          ],
          [
            74.42962996204658,
            31.606356484042507
          ],
          [
            74.42963435529462,
            31.60636255607642
          ],
          [
            74.42963989514186,
            31.606367897194033
          ],
          [
            74.42964641897814,
            31.606372350618308
          ],
          [
            74.42965373531028,
            31.606375785628444
          ],
          [
            74.42966162938303,
            31.60637810139707
          ],
          [
            74.42966986948275,
            31.606379229949713
          ],
          [
            74.42967821373882,
            31.6063791381601
          ],
          [
            74.42980621676693,
            31.606394468918317
          ],
          [
            74.42993312153568,
            31.60641544722944
          ],
          [
            74.43005858809427,
            31.60644201689743
          ],
          [
            74.4301822803437,
            31.606474106748117
          ],
          [
            74.43032012681164,
            31.606519416532738
          ],
          [
            74.43045519225547,
            31.606570493915864
          ],
          [
            74.43058714744099,
            31.60662721439384
          ],
          [
            74.43071567071378,
            31.606689439707363
          ],
          [
            74.43079081826525,
            31.6067349204853
          ],
          [
            74.43086879815007,
            31.606776763514393
          ],
          [
            74.43087362985581,
            31.60677690685228
          ],
          [
            74.43087842052465,
            31.606776350285255
          ],
          [
            74.43088303272998,
            31.60677510977918
          ],
          [
            74.43088733416468,
            31.60677322091957
          ],
          [
            74.43089120143648,
            31.606770737890873
          ],
          [
            74.43091934677473,
            31.606755048511758
          ],
          [
            74.4309446444686,
            31.606736137550858
          ],
          [
            74.43099250025698,
            31.606680945238637
          ],
          [
            74.43104237881064,
            31.606627080686387
          ],
          [
            74.43116311474077,
            31.606487116139284
          ],
          [
            74.43116457748815,
            31.6064846028214
          ],
          [
            74.43116553054224,
            31.606481916068496
          ],
          [
            74.43116594726474,
            31.606479130976698
          ],
          [
            74.43116581600812,
            31.606476325390737
          ],
          [
            74.4311651404411,
            31.60647357772822
          ],
          [
            74.43116393944615,
            31.606470964787672
          ],
          [
            74.43116224659175,
            31.606468559602135
          ],
          [
            74.43116010919408,
            31.606466429397745
          ],
          [
            74.43104926231152,
            31.60640028079586
          ],
          [
            74.4309350438459,
            31.60633847607388
          ],
          [
            74.43081768603837,
            31.606281140896098
          ],
          [
            74.43070510543049,
            31.606229879826063
          ],
          [
            74.43058982534681,
            31.606183219849207
          ],
          [
            74.43047210233868,
            31.606141264803785
          ],
          [
            74.43035219839281,
            31.606104108057423
          ],
          [
            74.43022696839805,
            31.606069659562877
          ],
          [
            74.43010010923048,
            31.606039895923512
          ],
          [
            74.42997186004115,
            31.60601487324833
          ],
          [
            74.42984246260083,
            31.60599463870876
          ],
          [
            74.42978328359531,
            31.605985826430196
          ],
          [
            74.4297235603535,
            31.60598032570172
          ],
          [
            74.42967123830684,
            31.605977795066007
          ]
        ]
      }
    },
    {
      "type": "Feature",
      "properties": {
        "Id": 0,
        "layer": "Road Track"
      },
      "geometry": {
        "type": "LineString",
        "coordinates": [
          [
            74.42964069786575,
            31.605504698232863
          ],
          [
            74.42963313347596,
            31.60550540169472
          ],
          [
            74.42962579650376,
            31.60550712710794
          ],
          [
            74.4296188741985,
            31.60550983043765
          ],
          [
            74.42961254322665,
            31.6055134426913
          ],
          [
            74.4296069651632,
            31.60551787167931
          ],
          [
            74.42960228236788,
            31.60552300436798
          ],
          [
            74.42959861435206,
            31.605528709764222
          ],
          [
            74.42959605472868,
            31.605534842258606
          ],
          [
            74.42959466882296,
            31.60554124534161
          ],
          [
            74.42959871741286,
            31.605707750993254
          ],
          [
            74.42960700753542,
            31.605874141490194
          ],
          [
            74.42961080163323,
            31.605880055525244
          ],
          [
            74.42961558573447,
            31.605885417937703
          ],
          [
            74.42962125240928,
            31.605890108311144
          ],
          [
            74.42962767440895,
            31.60589402132023
          ],
          [
            74.4296347075234,
            31.605897069095835
          ],
          [
            74.42964219381959,
            31.605899183198158
          ],
          [
            74.42986278640959,
            31.60592936503439
          ],
          [
            74.43008241559232,
            31.605964316625343
          ],
          [
            74.43021671392633,
            31.605993802718675
          ],
          [
            74.43034929375762,
            31.606028521089666
          ],
          [
            74.43047987693774,
            31.606068398901005
          ],
          [
            74.43060818950619,
            31.606113352490944
          ],
          [
            74.43073396226494,
            31.606163287548885
          ],
          [
            74.43085693134317,
            31.60621809931308
          ],
          [
            74.4310360444597,
            31.60631107720891
          ],
          [
            74.43121083353473,
            31.60640989924845
          ],
          [
            74.43121248088497,
            31.606411404699877
          ],
          [
            74.43121439162523,
            31.60641266166416
          ],
          [
            74.43121651519913,
            31.60641363688316
          ],
          [
            74.43121879541879,
            31.60641430455347
          ],
          [
            74.43122117195166,
            31.60641464700913
          ],
          [
            74.43122358191687,
            31.606414655189077
          ],
          [
            74.43122596154888,
            31.606414328876863
          ],
          [
            74.43122824788477,
            31.606413676706456
          ],
          [
            74.4312303804302,
            31.606412715933637
          ],
          [
            74.43136246158411,
            31.606263083999846
          ],
          [
            74.43148944030132,
            31.606110251223743
          ],
          [
            74.4314908066196,
            31.60610881990492
          ],
          [
            74.43149188950179,
            31.606107220800123
          ],
          [
            74.43149266137064,
            31.606105494632953
          ],
          [
            74.4314931025694,
            31.606103685362864
          ],
          [
            74.43149320186228,
            31.606101839065637
          ],
          [
            74.43149295672066,
            31.606100002759966
          ],
          [
            74.43149237338748,
            31.606098223210147
          ],
          [
            74.4314914667182,
            31.606096545735088
          ],
          [
            74.4314902598025,
            31.606095013054162
          ],
          [
            74.43134055324616,
            31.60600608476535
          ],
          [
            74.4311866770517,
            31.60592253211068
          ],
          [
            74.43105321733114,
            31.605857621128955
          ],
          [
            74.43091656934874,
            31.605797765931595
          ],
          [
            74.43077699442541,
            31.605743080980893
          ],
          [
            74.43063475947784,
            31.605693670851693
          ],
          [
            74.43049013650813,
            31.605649630031568
          ],
          [
            74.43034340208376,
            31.605611042740104
          ],
          [
            74.43020515673045,
            31.60557986274828
          ],
          [
            74.4300655242451,
            31.605553597690836
          ],
          [
            74.42992474307512,
            31.605532292419678
          ],
          [
            74.429783053629,
            31.605515983316913
          ],
          [
            74.42964069786575,
            31.605504698232863
          ]
        ]
      }
    },
    {
      "type": "Feature",
      "properties": {
        "Id": 0,
        "layer": "Road Track"
      },
      "geometry": {
        "type": "LineString",
        "coordinates": [
          [
            74.4313124280526,
            31.606429206452805
          ],
          [
            74.43130794332771,
            31.606435231642873
          ],
          [
            74.43130472138381,
            31.60644182186086
          ],
          [
            74.43130285611402,
            31.606448785056863
          ],
          [
            74.4313024018757,
            31.606455918311667
          ],
          [
            74.43130337190645,
            31.60646301375024
          ],
          [
            74.43130573793827,
            31.606469864599536
          ],
          [
            74.43130943102128,
            31.60647627121417
          ],
          [
            74.431314343533,
            31.606482046894538
          ],
          [
            74.43141274183404,
            31.606554294672748
          ],
          [
            74.4315071803058,
            31.60663031472462
          ],
          [
            74.43159746168425,
            31.60670994826684
          ],
          [
            74.43167976279739,
            31.606782682574035
          ],
          [
            74.43175763709088,
            31.606858903554077
          ],
          [
            74.43183088316943,
            31.606938414098348
          ],
          [
            74.43189931160488,
            31.607021008590774
          ],
          [
            74.4320073192634,
            31.60716516883638
          ],
          [
            74.43211002808404,
            31.60731213823621
          ],
          [
            74.43213301399176,
            31.6073362839366
          ],
          [
            74.4321596579591,
            31.607357498142957
          ],
          [
            74.43218945472292,
            31.607375378557556
          ],
          [
            74.43222183923062,
            31.607389586103196
          ],
          [
            74.4322764238882,
            31.607407131133264
          ],
          [
            74.43233309671815,
            31.60741886427906
          ],
          [
            74.43239101626811,
            31.607424611331933
          ],
          [
            74.4324493225742,
            31.60742428696205
          ],
          [
            74.43250449772002,
            31.607421137072752
          ],
          [
            74.43255905676241,
            31.607413427368833
          ],
          [
            74.43261248642719,
            31.607401230380667
          ],
          [
            74.43266428406541,
            31.607384660853583
          ],
          [
            74.43266564029493,
            31.607384491463936
          ],
          [
            74.4326669462734,
            31.60738413554722
          ],
          [
            74.43266816722101,
            31.60738360258194
          ],
          [
            74.43266927062243,
            31.607382906761593
          ],
          [
            74.43267022709271,
            31.607382066616747
          ],
          [
            74.4326710111599,
            31.60738110452148
          ],
          [
            74.43267160194331,
            31.60738004609758
          ],
          [
            74.43267198370968,
            31.60737891953216
          ],
          [
            74.43267214629209,
            31.607377754827063
          ],
          [
            74.43267208536079,
            31.60737658299979
          ],
          [
            74.43267180253848,
            31.607375435257566
          ],
          [
            74.43267130535705,
            31.60737434216613
          ],
          [
            74.43267060705706,
            31.607373332835873
          ],
          [
            74.43266972623509,
            31.607372434146477
          ],
          [
            74.43258360320006,
            31.60722363337469
          ],
          [
            74.43249029643859,
            31.607078039550593
          ],
          [
            74.43238996868891,
            31.606935906555385
          ],
          [
            74.43228279492983,
            31.606797482234203
          ],
          [
            74.43216896207548,
            31.60666300796412
          ],
          [
            74.43206738436773,
            31.60655654673684
          ],
          [
            74.43195995184747,
            31.606454381821305
          ],
          [
            74.43184691228579,
            31.606356748821955
          ],
          [
            74.43172852638185,
            31.60626387289129
          ],
          [
            74.43160506716151,
            31.606175968210863
          ],
          [
            74.4315834619875,
            31.606165702886294
          ],
          [
            74.43157854030358,
            31.60616371662235
          ],
          [
            74.43157329815301,
            31.606162467813196
          ],
          [
            74.43156788517169,
            31.60616199210578
          ],
          [
            74.4315624558718,
            31.606162303079063
          ],
          [
            74.43155716523133,
            31.606163391856388
          ],
          [
            74.43155216427027,
            31.606165227358854
          ],
          [
            74.43154759573986,
            31.606167757192516
          ],
          [
            74.43154359004765,
            31.60617090914391
          ],
          [
            74.4313124280526,
            31.606429206452813
          ]
        ]
      }
    },
    {
      "type": "Feature",
      "properties": {
        "Id": 0,
        "layer": "Road Track"
      },
      "geometry": {
        "type": "LineString",
        "coordinates": [
          [
            74.43096873252156,
            31.606820852481952
          ],
          [
            74.43096674123905,
            31.606822925678713
          ],
          [
            74.43096515805117,
            31.60682524226525
          ],
          [
            74.43096402279255,
            31.606827743953886
          ],
          [
            74.43096336402745,
            31.606830367799663
          ],
          [
            74.43096319833111,
            31.60683304778394
          ],
          [
            74.4309635298727,
            31.60683571647563
          ],
          [
            74.4309643503103,
            31.606838306727745
          ],
          [
            74.43096563900092,
            31.606840753366914
          ],
          [
            74.43096736351983,
            31.60684299483323
          ],
          [
            74.43096948047638,
            31.60684497472909
          ],
          [
            74.43105009661573,
            31.60690362901973
          ],
          [
            74.43112775391317,
            31.606965137863483
          ],
          [
            74.43120231447334,
            31.60702939204444
          ],
          [
            74.43127001179508,
            31.607090703511165
          ],
          [
            74.43133438249106,
            31.607154585353307
          ],
          [
            74.43139529346404,
            31.607220905491392
          ],
          [
            74.4314527782744,
            31.607287756333825
          ],
          [
            74.43150608647632,
            31.60735709581837
          ],
          [
            74.43155507127476,
            31.60742873301696
          ],
          [
            74.43158004883342,
            31.6074737950826
          ],
          [
            74.43160910983495,
            31.607517026663558
          ],
          [
            74.431614323867,
            31.607521392355274
          ],
          [
            74.43162032472114,
            31.607524941469894
          ],
          [
            74.4316269399013,
            31.60752757198719
          ],
          [
            74.43163397925244,
            31.60752920829225
          ],
          [
            74.43164124042644,
            31.60752980334897
          ],
          [
            74.43175758774096,
            31.60747824984588
          ],
          [
            74.43187226099988,
            31.607424018726867
          ],
          [
            74.43200284823423,
            31.607356071122705
          ],
          [
            74.43200757702355,
            31.607352672042552
          ],
          [
            74.43201161625318,
            31.60734867428236
          ],
          [
            74.43201486373006,
            31.607344178986093
          ],
          [
            74.43201723729265,
            31.607339299885446
          ],
          [
            74.4320186768896,
            31.607334160422404
          ],
          [
            74.43201914609905,
            31.607328890626114
          ],
          [
            74.43201863305008,
            31.60732362382319
          ],
          [
            74.4320171507231,
            31.607318493264454
          ],
          [
            74.43201473662131,
            31.60731362875375
          ],
          [
            74.43195702863062,
            31.607221888092297
          ],
          [
            74.43189292170847,
            31.607133313707774
          ],
          [
            74.43182265218601,
            31.607048232106326
          ],
          [
            74.4317390739903,
            31.60695242119548
          ],
          [
            74.43165054901162,
            31.606859921722823
          ],
          [
            74.43155725615301,
            31.60677092060836
          ],
          [
            74.43145938395065,
            31.606685597702214
          ],
          [
            74.43139721634425,
            31.60663066143184
          ],
          [
            74.4313302915422,
            31.606579984186173
          ],
          [
            74.43125900678277,
            31.606533866758944
          ],
          [
            74.43125312994786,
            31.606532100465547
          ],
          [
            74.43124699362279,
            31.60653118583955
          ],
          [
            74.43124076508924,
            31.606531147814476
          ],
          [
            74.43123461414251,
            31.606531987426905
          ],
          [
            74.43122870846285,
            31.606533681788267
          ],
          [
            74.43122320904433,
            31.60653618470876
          ],
          [
            74.431218265806,
            31.60653942795656
          ],
          [
            74.43109452271119,
            31.60668080489671
          ],
          [
            74.43096873252156,
            31.606820852481952
          ]
        ]
      }
    },
    {
      "type": "Feature",
      "properties": {
        "Id": 0,
        "layer": "Road Track"
      },
      "geometry": {
        "type": "LineString",
        "coordinates": [
          [
            74.43428826329611,
            31.606689368674115
          ],
          [
            74.43426850169327,
            31.606503223617498
          ]
        ]
      }
    },
    {
      "type": "Feature",
      "properties": {
        "Id": 0,
        "layer": "Road Track"
      },
      "geometry": {
        "type": "LineString",
        "coordinates": [
          [
            74.43421271343864,
            31.606687456633782
          ],
          [
            74.43418441652103,
            31.606501916522312
          ]
        ]
      }
    },
    {
      "type": "Feature",
      "properties": {
        "Id": 0,
        "layer": "Road Track"
      },
      "geometry": {
        "type": "LineString",
        "coordinates": [
          [
            74.42609821464055,
            31.60708242563961
          ],
          [
            74.42608348779231,
            31.607105171911087
          ],
          [
            74.42607320529544,
            31.607129642372698
          ],
          [
            74.426067632336,
            31.60715520593854
          ],
          [
            74.42606691264295,
            31.607181203331344
          ],
          [
            74.426071064781,
            31.60720696408501
          ],
          [
            74.42607998167144,
            31.607231823835832
          ],
          [
            74.42609343335326,
            31.607255141456147
          ],
          [
            74.42607643651344,
            31.60725430057865
          ],
          [
            74.42605980239306,
            31.607251195463245
          ],
          [
            74.42604394023168,
            31.607245902503315
          ],
          [
            74.42602924027669,
            31.60723855191847
          ],
          [
            74.42601606418208,
            31.60722932455083
          ],
          [
            74.42600473611098,
            31.607218447415836
          ],
          [
            74.4259955347604,
            31.607206188117086
          ],
          [
            74.42598977589395,
            31.607191307831624
          ],
          [
            74.42598710863912,
            31.607175799670916
          ],
          [
            74.42598761326681,
            31.607160130361308
          ],
          [
            74.42599127458844,
            31.607144771478794
          ],
          [
            74.42599798241316,
            31.607130185256608
          ],
          [
            74.42600753486438,
            31.607116810674267
          ],
          [
            74.42601911970095,
            31.607105911545375
          ],
          [
            74.42603265214153,
            31.607096803237308
          ],
          [
            74.42604775908917,
            31.607089736870854
          ],
          [
            74.42606402403736,
            31.607084907269343
          ],
          [
            74.42608099855313,
            31.60708244758736
          ],
          [
            74.42609821464055,
            31.60708242563961
          ]
        ]
      }
    },
    {
      "type": "Feature",
      "properties": {
        "Id": 0,
        "layer": "Road Track"
      },
      "geometry": {
        "type": "LineString",
        "coordinates": [
          [
            74.4277042187466,
            31.609868694888085
          ],
          [
            74.42769127604586,
            31.609871715057352
          ],
          [
            74.42767911854742,
            31.609876568506188
          ],
          [
            74.42766809790183,
            31.609883114850675
          ],
          [
            74.42765853287682,
            31.60989116474058
          ],
          [
            74.42765070013715,
            31.60990048533616
          ],
          [
            74.42764482624213,
            31.609910807043065
          ],
          [
            74.42764108109249,
            31.60992183131002
          ],
          [
            74.42763729128549,
            31.610116733018785
          ],
          [
            74.42763666023315,
            31.610311660957137
          ],
          [
            74.42763721916322,
            31.61038658440075
          ],
          [
            74.42764084454981,
            31.610391908663626
          ],
          [
            74.42764549126757,
            31.61039661612404
          ],
          [
            74.42765101927958,
            31.610400564914343
          ],
          [
            74.42765726198947,
            31.61040363603075
          ],
          [
            74.42766403126217,
            31.61040573691967
          ],
          [
            74.42767112309359,
            31.610406804267118
          ],
          [
            74.4276783237588,
            31.610406805906656
          ],
          [
            74.42808856575606,
            31.61040719760962
          ],
          [
            74.42849877933061,
            31.610411351058204
          ],
          [
            74.42864461118003,
            31.610412157356706
          ],
          [
            74.4287904328675,
            31.610410477724432
          ],
          [
            74.42882479577513,
            31.61040456710836
          ],
          [
            74.42885821922192,
            31.610395535197657
          ],
          [
            74.42886415722963,
            31.61039217134464
          ],
          [
            74.42886934649164,
            31.610387997933184
          ],
          [
            74.42887363806575,
            31.610383134748663
          ],
          [
            74.4288769087752,
            31.610377721374306
          ],
          [
            74.4288790647442,
            31.61037191318491
          ],
          [
            74.42888004409232,
            31.610365876887226
          ],
          [
            74.42887981871053,
            31.610359785735138
          ],
          [
            74.42887839506794,
            31.6103538145569
          ],
          [
            74.4288758140262,
            31.610348134737297
          ],
          [
            74.42880120293783,
            31.610254144991263
          ],
          [
            74.42872885495308,
            31.61015886831945
          ],
          [
            74.42868666864742,
            31.610098229179727
          ],
          [
            74.42864753308027,
            31.610036109912024
          ],
          [
            74.42863191331048,
            31.61000713663867
          ],
          [
            74.4285849871342,
            31.60991028942093
          ]
        ]
      }
    },
    {
      "type": "Feature",
      "properties": {
        "Id": 0,
        "layer": "Road Track"
      },
      "geometry": {
        "type": "LineString",
        "coordinates": [
          [
            74.4285849871342,
            31.60991028942093
          ],
          [
            74.4285747926511,
            31.609887729686896
          ],
          [
            74.42857284838593,
            31.609884351487185
          ],
          [
            74.42857029239076,
            31.609881286198114
          ],
          [
            74.42856719171338,
            31.60987861422694
          ],
          [
            74.42856362768937,
            31.609876405663602
          ],
          [
            74.42855969380864,
            31.609874718442114
          ],
          [
            74.42855549326292,
            31.609873596820908
          ],
          [
            74.42855113623901,
            31.609873070221823
          ],
          [
            74.42854673702837,
            31.60987315245836
          ],
          [
            74.4279480050197,
            31.60986993714171
          ],
          [
            74.42772285716542,
            31.6098683933512
          ],
          [
            74.4277042187466,
            31.609868694888085
          ]
        ]
      }
    },
    {
      "type": "Feature",
      "properties": {
        "Id": 0,
        "layer": "Road Track"
      },
      "geometry": {
        "type": "LineString",
        "coordinates": [
          [
            74.43344215375048,
            31.609151998913127
          ],
          [
            74.43344046879288,
            31.60930037927049
          ],
          [
            74.4334368780935,
            31.609722856454948
          ]
        ]
      }
    },
    {
      "type": "Feature",
      "properties": {
        "Id": 0,
        "layer": "Road Track"
      },
      "geometry": {
        "type": "LineString",
        "coordinates": [
          [
            74.43398448414314,
            31.609176926428447
          ],
          [
            74.43398586627971,
            31.609354636240425
          ],
          [
            74.43398440664856,
            31.60969741911993
          ],
          [
            74.43398452747834,
            31.609867828540104
          ]
        ]
      }
    },
    {
      "type": "Feature",
      "properties": {
        "Id": 0,
        "layer": "Road Track"
      },
      "geometry": {
        "type": "LineString",
        "coordinates": [
          [
            74.43268300914144,
            31.60913988097425
          ],
          [
            74.43278040359988,
            31.609141727034864
          ],
          [
            74.4333082238888,
            31.60914344258662
          ],
          [
            74.43332296538946,
            31.609146557094107
          ],
          [
            74.43333667840861,
            31.609151409383912
          ],
          [
            74.43334427857796,
            31.609157105727476
          ],
          [
            74.43335288876251,
            31.60916411331128
          ],
          [
            74.4333622091958,
            31.609173515515547
          ]
        ]
      }
    },
    {
      "type": "Feature",
      "properties": {
        "Id": 0,
        "layer": "Road Track"
      },
      "geometry": {
        "type": "LineString",
        "coordinates": [
          [
            74.43321121296705,
            31.60912174994961
          ],
          [
            74.43272776797943,
            31.60911942541971
          ],
          [
            74.43272775175186,
            31.609122101592106
          ],
          [
            74.43308602788241,
            31.60912300111721
          ],
          [
            74.43321137870215,
            31.609123849717204
          ],
          [
            74.43321121296705,
            31.60912174994961
          ]
        ]
      }
    },
    {
      "type": "Feature",
      "properties": {
        "Id": 0,
        "layer": "Road Track"
      },
      "geometry": {
        "type": "LineString",
        "coordinates": [
          [
            74.4338545580553,
            31.60912442463928
          ],
          [
            74.43349890189413,
            31.60912338302526
          ],
          [
            74.4334988856886,
            31.609126059198008
          ],
          [
            74.4338543649369,
            31.609126847390538
          ],
          [
            74.4338545580553,
            31.60912442463929
          ]
        ]
      }
    },
    {
      "type": "Feature",
      "properties": {
        "Id": 0,
        "layer": "Road Track"
      },
      "geometry": {
        "type": "LineString",
        "coordinates": [
          [
            74.43390897678351,
            31.609164647391363
          ],
          [
            74.4339067254742,
            31.609159547389527
          ],
          [
            74.43390348665628,
            31.609156466505077
          ],
          [
            74.43389894488922,
            31.609153379845957
          ],
          [
            74.43389147148662,
            31.609150280193727
          ],
          [
            74.43386803695644,
            31.609147109799526
          ],
          [
            74.43348724668454,
            31.609145979053164
          ],
          [
            74.43346020880206,
            31.6091461379085
          ],
          [
            74.43345173456812,
            31.6091469366483
          ],
          [
            74.43344684006773,
            31.60914830881637
          ],
          [
            74.43344215375048,
            31.609151998913127
          ]
        ]
      }
    },
    {
      "type": "Feature",
      "properties": {
        "Id": 0,
        "layer": "Road Track"
      },
      "geometry": {
        "type": "LineString",
        "coordinates": [
          [
            74.43398448414314,
            31.609176926428447
          ],
          [
            74.43398717079458,
            31.609161855316216
          ],
          [
            74.43398980199272,
            31.609157685343312
          ],
          [
            74.43399569056399,
            31.609153529804395
          ],
          [
            74.43400549135573,
            31.60914883404971
          ],
          [
            74.4340400262577,
            31.60914787197069
          ],
          [
            74.43441364023677,
            31.609150641946314
          ],
          [
            74.43443286042574,
            31.60915044827453
          ],
          [
            74.43444197433048,
            31.60915160373034
          ],
          [
            74.43444782580613,
            31.6091535810672
          ],
          [
            74.43445203848376,
            31.609157223800853
          ],
          [
            74.43445428494077,
            31.60916280925727
          ],
          [
            74.43445637008467,
            31.609177948717402
          ]
        ]
      }
    },
    {
      "type": "Feature",
      "properties": {
        "Id": 0,
        "layer": "Road Track"
      },
      "geometry": {
        "type": "LineString",
        "coordinates": [
          [
            74.43440075319188,
            31.60912702277776
          ],
          [
            74.43403905454512,
            31.609125420662533
          ],
          [
            74.43403862141137,
            31.609128094988115
          ],
          [
            74.4344005285403,
            31.609129698027793
          ],
          [
            74.43440075319188,
            31.60912702277776
          ]
        ]
      }
    },
    {
      "type": "Feature",
      "properties": {
        "Id": 0,
        "layer": "Road Track"
      },
      "geometry": {
        "type": "LineString",
        "coordinates": [
          [
            74.43453572956076,
            31.60919665200504
          ],
          [
            74.4345376366449,
            31.609169311338125
          ],
          [
            74.43453995893127,
            31.609162352231156
          ],
          [
            74.43454454958415,
            31.609157354594462
          ],
          [
            74.43454978328653,
            31.609153753681795
          ],
          [
            74.43455826930733,
            31.609151003492727
          ],
          [
            74.43458140339929,
            31.609149990797977
          ],
          [
            74.43496707476271,
            31.609151976200828
          ],
          [
            74.43498139710573,
            31.60915371220902
          ],
          [
            74.4349869262232,
            31.60915513054429
          ],
          [
            74.43499146971047,
            31.60915793839708
          ],
          [
            74.43499373135246,
            31.609161014931804
          ],
          [
            74.43499435252211,
            31.60916603563869
          ],
          [
            74.43499584183857,
            31.60919063705936
          ]
        ]
      }
    },
    {
      "type": "Feature",
      "properties": {
        "Id": 0,
        "layer": "Road Track"
      },
      "geometry": {
        "type": "LineString",
        "coordinates": [
          [
            74.43507732734354,
            31.609178009417622
          ],
          [
            74.43507776319039,
            31.609162780485153
          ],
          [
            74.43508007028626,
            31.609158330280504
          ],
          [
            74.43508497149763,
            31.60915584297731
          ],
          [
            74.43509768872298,
            31.609153669016376
          ],
          [
            74.43510876884439,
            31.609152881691752
          ],
          [
            74.43513287509502,
            31.609152709522945
          ],
          [
            74.43528140293691,
            31.609154760145003
          ]
        ]
      }
    },
    {
      "type": "Feature",
      "properties": {
        "Id": 0,
        "layer": "Road Track"
      },
      "geometry": {
        "type": "LineString",
        "coordinates": [
          [
            74.43527208107862,
            31.609134089543264
          ],
          [
            74.43513589740125,
            31.60913281339225
          ],
          [
            74.43513625264005,
            31.609130549504005
          ],
          [
            74.43527177721761,
            31.609130464118117
          ]
        ]
      }
    },
    {
      "type": "Feature",
      "properties": {
        "Id": 0,
        "layer": "Road Track"
      },
      "geometry": {
        "type": "LineString",
        "coordinates": [
          [
            74.43493886694553,
            31.60913010692847
          ],
          [
            74.43458251202948,
            31.60912825121609
          ],
          [
            74.4345823669852,
            31.609130346073776
          ],
          [
            74.43493900536704,
            31.6091316958922
          ],
          [
            74.43493886694553,
            31.60913010692846
          ]
        ]
      }
    },
    {
      "type": "Feature",
      "properties": {
        "Id": 0,
        "layer": "Road Track"
      },
      "geometry": {
        "type": "LineString",
        "coordinates": [
          [
            74.42817847522988,
            31.61114661200857
          ],
          [
            74.42818216187484,
            31.610772115919154
          ],
          [
            74.42818193034266,
            31.610581293263717
          ],
          [
            74.42819055926012,
            31.61054185155774
          ],
          [
            74.42820330883977,
            31.610514392035864
          ],
          [
            74.42821671350339,
            31.610494113687963
          ],
          [
            74.4282237397229,
            31.610488163271725
          ],
          [
            74.42823425345797,
            31.610483424840442
          ],
          [
            74.42824684215314,
            31.610482284817905
          ],
          [
            74.42835241887668,
            31.610477373684216
          ],
          [
            74.42859634329794,
            31.610480857874183
          ],
          [
            74.4286109886959,
            31.61048630707272
          ],
          [
            74.42862562313486,
            31.610493550781356
          ],
          [
            74.42863188459931,
            31.610498364286233
          ],
          [
            74.42863813875744,
            31.61050437413198
          ],
          [
            74.42864228871147,
            31.610511570938776
          ],
          [
            74.42864638751796,
            31.61052714213365
          ],
          [
            74.42864626330085,
            31.61054747993357
          ],
          [
            74.4286448236256,
            31.611126518413027
          ]
        ]
      }
    },
    {
      "type": "Feature",
      "properties": {
        "OBJECTID_1": 1,
        "OBJECTID": 1,
        "Id": 0,
        "X": "1462287.63925048",
        "Y": "11474626.9179032",
        "z": "7.11461e+02",
        "layer": "Spot level"
      },
      "geometry": {
        "type": "Point",
        "coordinates": [
          74.42759756590695,
          31.61110668669731,
          711.4609985351562
        ]
      }
    },
    {
      "type": "Feature",
      "properties": {
        "OBJECTID_1": 2,
        "OBJECTID": 2,
        "Id": 0,
        "X": "1462285.39505616",
        "Y": "11474556.8786387",
        "z": "7.11317e+02",
        "layer": "Spot level"
      },
      "geometry": {
        "type": "Point",
        "coordinates": [
          74.4275915332234,
          31.61091405446423,
          711.3170166015625
        ]
      }
    },
    {
      "type": "Feature",
      "properties": {
        "OBJECTID_1": 3,
        "OBJECTID": 3,
        "Id": 0,
        "X": "1462285.39505616",
        "Y": "11474479.86197",
        "z": "7.11158e+02",
        "layer": "Spot level"
      },
      "geometry": {
        "type": "Point",
        "coordinates": [
          74.42759282915453,
          31.610702267482747,
          711.1580200195312
        ]
      }
    },
    {
      "type": "Feature",
      "properties": {
        "OBJECTID_1": 4,
        "OBJECTID": 4,
        "Id": 0,
        "X": "1462284.885012",
        "Y": "11474386.5238881",
        "z": "7.10997e+02",
        "layer": "Spot level"
      },
      "geometry": {
        "type": "Point",
        "coordinates": [
          74.42759276079964,
          31.610445591137896,
          710.9970092773438
        ]
      }
    },
    {
      "type": "Feature",
      "properties": {
        "OBJECTID_1": 5,
        "OBJECTID": 5,
        "Id": 0,
        "X": "1462373.12265224",
        "Y": "11474384.4837115",
        "z": "7.10963e+02",
        "layer": "Spot level"
      },
      "geometry": {
        "type": "Point",
        "coordinates": [
          74.42787632518794,
          31.610441251185957,
          710.9630126953125
        ]
      }
    },
    {
      "type": "Feature",
      "properties": {
        "OBJECTID_1": 6,
        "OBJECTID": 6,
        "Id": 0,
        "X": "1462455.23976252",
        "Y": "11474387.0339323",
        "z": "7.10859e+02",
        "layer": "Spot level"
      },
      "geometry": {
        "type": "Point",
        "coordinates": [
          74.42814014556868,
          31.610449445621967,
          710.8590087890625
        ]
      }
    },
    {
      "type": "Feature",
      "properties": {
        "OBJECTID_1": 7,
        "OBJECTID": 7,
        "Id": 0,
        "X": "1462455.23976252",
        "Y": "11474459.9702476",
        "z": "7.10819e+02",
        "layer": "Spot level"
      },
      "geometry": {
        "type": "Point",
        "coordinates": [
          74.42813891948204,
          31.61065001212842,
          710.8189697265625
        ]
      }
    },
    {
      "type": "Feature",
      "properties": {
        "OBJECTID_1": 8,
        "OBJECTID": 8,
        "Id": 0,
        "X": "1462455.23976252",
        "Y": "11474539.5371371",
        "z": "7.11075e+02",
        "layer": "Spot level"
      },
      "geometry": {
        "type": "Point",
        "coordinates": [
          74.42813758191903,
          31.61086881194644,
          711.0750122070312
        ]
      }
    },
    {
      "type": "Feature",
      "properties": {
        "OBJECTID_1": 9,
        "OBJECTID": 9,
        "Id": 0,
        "X": "1462456.25985085",
        "Y": "11474619.1040266",
        "z": "7.11317e+02",
        "layer": "Spot level"
      },
      "geometry": {
        "type": "Point",
        "coordinates": [
          74.42813952216852,
          31.611087626432344,
          711.3170166015625
        ]
      }
    },
    {
      "type": "Feature",
      "properties": {
        "OBJECTID_1": 10,
        "OBJECTID": 10,
        "Id": 0,
        "X": "1462624.57442472",
        "Y": "11474610.94332",
        "z": "7.11059e+02",
        "layer": "Spot level"
      },
      "geometry": {
        "type": "Point",
        "coordinates": [
          74.42868050072337,
          31.611067605723775,
          711.0590209960938
        ]
      }
    },
    {
      "type": "Feature",
      "properties": {
        "OBJECTID_1": 11,
        "OBJECTID": 11,
        "Id": 0,
        "X": "1462626.10455721",
        "Y": "11474522.7056797",
        "z": "7.10538e+02",
        "layer": "Spot level"
      },
      "geometry": {
        "type": "Point",
        "coordinates": [
          74.42868689937612,
          31.610824984311904,
          710.5380249023438
        ]
      }
    },
    {
      "type": "Feature",
      "properties": {
        "OBJECTID_1": 12,
        "OBJECTID": 12,
        "Id": 0,
        "X": "1462626.10455721",
        "Y": "11474436.5082161",
        "z": "7.10441e+02",
        "layer": "Spot level"
      },
      "geometry": {
        "type": "Point",
        "coordinates": [
          74.42868834700772,
          31.610587951151032,
          710.4409790039062
        ]
      }
    },
    {
      "type": "Feature",
      "properties": {
        "OBJECTID_1": 13,
        "OBJECTID": 13,
        "Id": 0,
        "X": "1462625.59451305",
        "Y": "11474386.5238881",
        "z": "7.10240e+02",
        "layer": "Spot level"
      },
      "geometry": {
        "type": "Point",
        "coordinates": [
          74.4286875475524,
          31.61045049263439,
          710.239990234375
        ]
      }
    },
    {
      "type": "Feature",
      "properties": {
        "OBJECTID_1": 14,
        "OBJECTID": 14,
        "Id": 0,
        "X": "1462549.08788856",
        "Y": "11474382.953579",
        "z": "7.10700e+02",
        "layer": "Spot level"
      },
      "geometry": {
        "type": "Point",
        "coordinates": [
          74.42844177216675,
          31.610439574874256,
          710.7000122070312
        ]
      }
    },
    {
      "type": "Feature",
      "properties": {
        "OBJECTID_1": 15,
        "OBJECTID": 15,
        "Id": 0,
        "X": "1462706.18149084",
        "Y": "11474372.2426516",
        "z": "7.10430e+02",
        "layer": "Spot level"
      },
      "geometry": {
        "type": "Point",
        "coordinates": [
          74.42894673389168,
          31.610412378828514,
          710.4299926757812
        ]
      }
    },
    {
      "type": "Feature",
      "properties": {
        "OBJECTID_1": 16,
        "OBJECTID": 16,
        "Id": 0,
        "X": "1462783.70820365",
        "Y": "11474440.0785253",
        "z": "7.10545e+02",
        "layer": "Spot level"
      },
      "geometry": {
        "type": "Point",
        "coordinates": [
          74.42919470875282,
          31.61060003323433,
          710.5449829101562
        ]
      }
    },
    {
      "type": "Feature",
      "properties": {
        "OBJECTID_1": 17,
        "OBJECTID": 17,
        "Id": 0,
        "X": "1462861.23491646",
        "Y": "11474500.7737807",
        "z": "7.10521e+02",
        "layer": "Spot level"
      },
      "geometry": {
        "type": "Point",
        "coordinates": [
          74.42944280437456,
          31.61076805127953,
          710.52099609375
        ]
      }
    },
    {
      "type": "Feature",
      "properties": {
        "OBJECTID_1": 18,
        "OBJECTID": 18,
        "Id": 0,
        "X": "1462935.7013643",
        "Y": "11474548.2078879",
        "z": "7.10507e+02",
        "layer": "Spot level"
      },
      "geometry": {
        "type": "Point",
        "coordinates": [
          74.42968128974967,
          31.610899558296698,
          710.5070190429688
        ]
      }
    },
    {
      "type": "Feature",
      "properties": {
        "OBJECTID_1": 19,
        "OBJECTID": 19,
        "Id": 0,
        "X": "1462997.92675222",
        "Y": "11474578.8105377",
        "z": "7.10828e+02",
        "layer": "Spot level"
      },
      "geometry": {
        "type": "Point",
        "coordinates": [
          74.42988072397327,
          31.610984604722,
          710.8280029296875
        ]
      }
    },
    {
      "type": "Feature",
      "properties": {
        "OBJECTID_1": 20,
        "OBJECTID": 20,
        "Id": 0,
        "X": "1463081.06395082",
        "Y": "11474601.762525",
        "z": "7.09584e+02",
        "layer": "Spot level"
      },
      "geometry": {
        "type": "Point",
        "coordinates": [
          74.43014748218984,
          31.61104891219603,
          709.583984375
        ]
      }
    },
    {
      "type": "Feature",
      "properties": {
        "OBJECTID_1": 21,
        "OBJECTID": 21,
        "Id": 0,
        "X": "1463174.91207687",
        "Y": "11474611.4533641",
        "z": "7.08651e+02",
        "layer": "Spot level"
      },
      "geometry": {
        "type": "Point",
        "coordinates": [
          74.43044888001822,
          31.61107690594194,
          708.6510009765625
        ]
      }
    },
    {
      "type": "Feature",
      "properties": {
        "OBJECTID_1": 22,
        "OBJECTID": 22,
        "Id": 0,
        "X": "1463260.59949629",
        "Y": "11474564.5293011",
        "z": "7.10487e+02",
        "layer": "Spot level"
      },
      "geometry": {
        "type": "Point",
        "coordinates": [
          74.43072500283846,
          31.610949097558933,
          710.4869995117188
        ]
      }
    },
    {
      "type": "Feature",
      "properties": {
        "OBJECTID_1": 23,
        "OBJECTID": 23,
        "Id": 0,
        "X": "1463253.45887801",
        "Y": "11474397.2348156",
        "z": "7.10729e+02",
        "layer": "Spot level"
      },
      "geometry": {
        "type": "Point",
        "coordinates": [
          74.43070485776549,
          31.610488954442037,
          710.72900390625
        ]
      }
    },
    {
      "type": "Feature",
      "properties": {
        "OBJECTID_1": 24,
        "OBJECTID": 24,
        "Id": 0,
        "X": "1463315.17422175",
        "Y": "11474404.3754339",
        "z": "7.11430e+02",
        "layer": "Spot level"
      },
      "geometry": {
        "type": "Point",
        "coordinates": [
          74.43090304567038,
          31.61050947404469,
          711.4299926757812
        ]
      }
    },
    {
      "type": "Feature",
      "properties": {
        "OBJECTID_1": 25,
        "OBJECTID": 25,
        "Id": 0,
        "X": "1463379.94983049",
        "Y": "11474390.0941973",
        "z": "7.10364e+02",
        "layer": "Spot level"
      },
      "geometry": {
        "type": "Point",
        "coordinates": [
          74.43111142533218,
          31.610471129461708,
          710.364013671875
        ]
      }
    },
    {
      "type": "Feature",
      "properties": {
        "OBJECTID_1": 26,
        "OBJECTID": 26,
        "Id": 0,
        "X": "1463358.52797563",
        "Y": "11474564.019257",
        "z": "7.10660e+02",
        "layer": "Spot level"
      },
      "geometry": {
        "type": "Point",
        "coordinates": [
          74.4310396824537,
          31.610949097073224,
          710.6599731445312
        ]
      }
    },
    {
      "type": "Feature",
      "properties": {
        "OBJECTID_1": 27,
        "OBJECTID": 27,
        "Id": 0,
        "X": "1463357.5078873",
        "Y": "11474472.7213517",
        "z": "7.10990e+02",
        "layer": "Spot level"
      },
      "geometry": {
        "type": "Point",
        "coordinates": [
          74.43103793162157,
          31.610698023582326,
          710.989990234375
        ]
      }
    },
    {
      "type": "Feature",
      "properties": {
        "OBJECTID_1": 28,
        "OBJECTID": 28,
        "Id": 0,
        "X": "1463259.57940796",
        "Y": "11474474.7615284",
        "z": "7.10717e+02",
        "layer": "Spot level"
      },
      "geometry": {
        "type": "Point",
        "coordinates": [
          74.43072322724501,
          31.61070223176444,
          710.7169799804688
        ]
      }
    },
    {
      "type": "Feature",
      "properties": {
        "OBJECTID_1": 29,
        "OBJECTID": 29,
        "Id": 0,
        "X": "1463258.52744188",
        "Y": "11474304.1517558",
        "z": "7.10493e+02",
        "layer": "Spot level"
      },
      "geometry": {
        "type": "Point",
        "coordinates": [
          74.43072270205533,
          31.61023305916399,
          710.4929809570312
        ]
      }
    },
    {
      "type": "Feature",
      "properties": {
        "OBJECTID_1": 30,
        "OBJECTID": 30,
        "Id": 0,
        "X": "1463358.94238651",
        "Y": "11474299.3700917",
        "z": "7.10474e+02",
        "layer": "Spot level"
      },
      "geometry": {
        "type": "Point",
        "coordinates": [
          74.43104544033798,
          31.61022134777293,
          710.4739990234375
        ]
      }
    },
    {
      "type": "Feature",
      "properties": {
        "OBJECTID_1": 31,
        "OBJECTID": 31,
        "Id": 0,
        "X": "1463258.52744188",
        "Y": "11474192.5795951",
        "z": "7.09857e+02",
        "layer": "Spot level"
      },
      "geometry": {
        "type": "Point",
        "coordinates": [
          74.43072456911568,
          31.609926248350728,
          709.8569946289062
        ]
      }
    },
    {
      "type": "Feature",
      "properties": {
        "OBJECTID_1": 32,
        "OBJECTID": 32,
        "Id": 0,
        "X": "1463360.53627453",
        "Y": "11474189.3918191",
        "z": "7.10171e+02",
        "layer": "Spot level"
      },
      "geometry": {
        "type": "Point",
        "coordinates": [
          74.43105240122547,
          31.609918942766754,
          710.1710205078125
        ]
      }
    },
    {
      "type": "Feature",
      "properties": {
        "OBJECTID_1": 33,
        "OBJECTID": 33,
        "Id": 0,
        "X": "1463261.71521789",
        "Y": "11474067.4593863",
        "z": "7.09802e+02",
        "layer": "Spot level"
      },
      "geometry": {
        "type": "Point",
        "coordinates": [
          74.43073690590595,
          31.60958222757189,
          709.802001953125
        ]
      }
    },
    {
      "type": "Feature",
      "properties": {
        "OBJECTID_1": 34,
        "OBJECTID": 34,
        "Id": 0,
        "X": "1463358.52797563",
        "Y": "11474066.7261978",
        "z": "7.09862e+02",
        "layer": "Spot level"
      },
      "geometry": {
        "type": "Point",
        "coordinates": [
          74.43104799958802,
          31.609581597411946,
          709.8619995117188
        ]
      }
    },
    {
      "type": "Feature",
      "properties": {
        "OBJECTID_1": 35,
        "OBJECTID": 35,
        "Id": 0,
        "X": "1463437.07477677",
        "Y": "11474011.131384",
        "z": "7.09298e+02",
        "layer": "Spot level"
      },
      "geometry": {
        "type": "Point",
        "coordinates": [
          74.43130131770887,
          31.60942984190087,
          709.2979736328125
        ]
      }
    },
    {
      "type": "Feature",
      "properties": {
        "OBJECTID_1": 36,
        "OBJECTID": 36,
        "Id": 0,
        "X": "1463494.19972306",
        "Y": "11473927.9941854",
        "z": "7.09729e+02",
        "layer": "Spot level"
      },
      "geometry": {
        "type": "Point",
        "coordinates": [
          74.43148626219961,
          31.60920204106694,
          709.72900390625
        ]
      }
    },
    {
      "type": "Feature",
      "properties": {
        "OBJECTID_1": 37,
        "OBJECTID": 37,
        "Id": 0,
        "X": "1463498.4075874",
        "Y": "11473845.1120089",
        "z": "7.09803e+02",
        "layer": "Spot level"
      },
      "geometry": {
        "type": "Point",
        "coordinates": [
          74.4315011679845,
          31.608974184574514,
          709.802978515625
        ]
      }
    },
    {
      "type": "Feature",
      "properties": {
        "OBJECTID_1": 38,
        "OBJECTID": 38,
        "Id": 0,
        "X": "1463475.29621126",
        "Y": "11473780.5595445",
        "z": "7.10078e+02",
        "layer": "Spot level"
      },
      "geometry": {
        "type": "Point",
        "coordinates": [
          74.43142798519196,
          31.608796342011598,
          710.0780029296875
        ]
      }
    },
    {
      "type": "Feature",
      "properties": {
        "OBJECTID_1": 39,
        "OBJECTID": 39,
        "Id": 0,
        "X": "1463415.52541088",
        "Y": "11473707.240696",
        "z": "7.10309e+02",
        "layer": "Spot level"
      },
      "geometry": {
        "type": "Point",
        "coordinates": [
          74.43123715536431,
          31.608593868382954,
          710.3090209960938
        ]
      }
    },
    {
      "type": "Feature",
      "properties": {
        "OBJECTID_1": 40,
        "OBJECTID": 40,
        "Id": 0,
        "X": "1463366.91182656",
        "Y": "11473688.9109839",
        "z": "7.10147e+02",
        "layer": "Spot level"
      },
      "geometry": {
        "type": "Point",
        "coordinates": [
          74.43108125702142,
          31.608542768100413,
          710.14697265625
        ]
      }
    },
    {
      "type": "Feature",
      "properties": {
        "OBJECTID_1": 41,
        "OBJECTID": 41,
        "Id": 0,
        "X": "1463280.84187402",
        "Y": "11473674.5659918",
        "z": "7.10600e+02",
        "layer": "Spot level"
      },
      "geometry": {
        "type": "Point",
        "coordinates": [
          74.43080493775496,
          31.608502088905635,
          710.5999755859375
        ]
      }
    },
    {
      "type": "Feature",
      "properties": {
        "OBJECTID_1": 42,
        "OBJECTID": 42,
        "Id": 0,
        "X": "1463218.68024162",
        "Y": "11473699.2712559",
        "z": "7.10519e+02",
        "layer": "Spot level"
      },
      "geometry": {
        "type": "Point",
        "coordinates": [
          74.43060478711867,
          31.608569135394173,
          710.5189819335938
        ]
      }
    },
    {
      "type": "Feature",
      "properties": {
        "OBJECTID_1": 43,
        "OBJECTID": 43,
        "Id": 0,
        "X": "1463152.5338892",
        "Y": "11473756.6512243",
        "z": "7.10044e+02",
        "layer": "Spot level"
      },
      "geometry": {
        "type": "Point",
        "coordinates": [
          74.43039128544729,
          31.608725976222164,
          710.0440063476562
        ]
      }
    },
    {
      "type": "Feature",
      "properties": {
        "OBJECTID_1": 44,
        "OBJECTID": 44,
        "Id": 0,
        "X": "1463122.25001701",
        "Y": "11473824.3914647",
        "z": "7.09620e+02",
        "layer": "Spot level"
      },
      "geometry": {
        "type": "Point",
        "coordinates": [
          74.43029284300265,
          31.60891182026958,
          709.6199951171875
        ]
      }
    },
    {
      "type": "Feature",
      "properties": {
        "OBJECTID_1": 45,
        "OBJECTID": 45,
        "Id": 0,
        "X": "1463119.06224099",
        "Y": "11473886.5530971",
        "z": "7.09311e+02",
        "layer": "Spot level"
      },
      "geometry": {
        "type": "Point",
        "coordinates": [
          74.43028155904534,
          31.609082712052945,
          709.3109741210938
        ]
      }
    },
    {
      "type": "Feature",
      "properties": {
        "OBJECTID_1": 46,
        "OBJECTID": 46,
        "Id": 0,
        "X": "1463136.5950091",
        "Y": "11473958.2780576",
        "z": "7.09505e+02",
        "layer": "Spot level"
      },
      "geometry": {
        "type": "Point",
        "coordinates": [
          74.43033669448648,
          31.609280198852638,
          709.5050048828125
        ]
      }
    },
    {
      "type": "Feature",
      "properties": {
        "OBJECTID_1": 47,
        "OBJECTID": 47,
        "Id": 0,
        "X": "1463191.58414545",
        "Y": "11474026.815242",
        "z": "7.09705e+02",
        "layer": "Spot level"
      },
      "geometry": {
        "type": "Point",
        "coordinates": [
          74.43051223920713,
          31.60946945626122,
          709.7050170898438
        ]
      }
    },
    {
      "type": "Feature",
      "properties": {
        "OBJECTID_1": 48,
        "OBJECTID": 48,
        "Id": 0,
        "X": "1463163.18106111",
        "Y": "11473907.0823747",
        "z": "7.09382e+02",
        "layer": "Spot level"
      },
      "geometry": {
        "type": "Point",
        "coordinates": [
          74.43042297837522,
          31.609139797468316,
          709.3820190429688
        ]
      }
    },
    {
      "type": "Feature",
      "properties": {
        "OBJECTID_1": 49,
        "OBJECTID": 49,
        "Id": 0,
        "X": "1463206.02477082",
        "Y": "11473977.4684692",
        "z": "7.09444e+02",
        "layer": "Spot level"
      },
      "geometry": {
        "type": "Point",
        "coordinates": [
          74.43055946615424,
          31.609333965080072,
          709.4439697265625
        ]
      }
    },
    {
      "type": "Feature",
      "properties": {
        "OBJECTID_1": 50,
        "OBJECTID": 50,
        "Id": 0,
        "X": "1463246.82830388",
        "Y": "11474010.6213398",
        "z": "7.09624e+02",
        "layer": "Spot level"
      },
      "geometry": {
        "type": "Point",
        "coordinates": [
          74.43069002203511,
          31.609425716167827,
          709.6240234375
        ]
      }
    },
    {
      "type": "Feature",
      "properties": {
        "OBJECTID_1": 51,
        "OBJECTID": 51,
        "Id": 0,
        "X": "1463309.56373596",
        "Y": "11474023.8824881",
        "z": "7.09628e+02",
        "layer": "Spot level"
      },
      "geometry": {
        "type": "Point",
        "coordinates": [
          74.43089138306975,
          31.609463081141154,
          709.6279907226562
        ]
      }
    },
    {
      "type": "Feature",
      "properties": {
        "OBJECTID_1": 52,
        "OBJECTID": 52,
        "Id": 0,
        "X": "1463368.21881474",
        "Y": "11474011.131384",
        "z": "7.09453e+02",
        "layer": "Spot level"
      },
      "geometry": {
        "type": "Point",
        "coordinates": [
          74.43108006818662,
          31.609428856641234,
          709.4530029296875
        ]
      }
    },
    {
      "type": "Feature",
      "properties": {
        "OBJECTID_1": 53,
        "OBJECTID": 53,
        "Id": 0,
        "X": "1463406.98217114",
        "Y": "11473985.1191317",
        "z": "7.09238e+02",
        "layer": "Spot level"
      },
      "geometry": {
        "type": "Point",
        "coordinates": [
          74.43120505838408,
          31.60935788058977,
          709.2379760742188
        ]
      }
    },
    {
      "type": "Feature",
      "properties": {
        "OBJECTID_1": 54,
        "OBJECTID": 54,
        "Id": 0,
        "X": "1463447.27566003",
        "Y": "11473929.5243179",
        "z": "7.09376e+02",
        "layer": "Spot level"
      },
      "geometry": {
        "type": "Point",
        "coordinates": [
          74.4313354595315,
          31.60920557758715,
          709.3759765625
        ]
      }
    },
    {
      "type": "Feature",
      "properties": {
        "OBJECTID_1": 55,
        "OBJECTID": 55,
        "Id": 0,
        "X": "1463457.98658747",
        "Y": "11473874.9495924",
        "z": "7.09582e+02",
        "layer": "Spot level"
      },
      "geometry": {
        "type": "Point",
        "coordinates": [
          74.43137078823054,
          31.60905565644814,
          709.5819702148438
        ]
      }
    },
    {
      "type": "Feature",
      "properties": {
        "OBJECTID_1": 56,
        "OBJECTID": 56,
        "Id": 0,
        "X": "1463447.7857042",
        "Y": "11473816.8045578",
        "z": "7.09680e+02",
        "layer": "Spot level"
      },
      "geometry": {
        "type": "Point",
        "coordinates": [
          74.43133898256593,
          31.608895618218693,
          709.6799926757812
        ]
      }
    },
    {
      "type": "Feature",
      "properties": {
        "OBJECTID_1": 57,
        "OBJECTID": 57,
        "Id": 0,
        "X": "1463418.20314273",
        "Y": "11473770.9005831",
        "z": "7.09725e+02",
        "layer": "Spot level"
      },
      "geometry": {
        "type": "Point",
        "coordinates": [
          74.43124469517848,
          31.60876896423256,
          709.7249755859375
        ]
      }
    },
    {
      "type": "Feature",
      "properties": {
        "OBJECTID_1": 58,
        "OBJECTID": 58,
        "Id": 0,
        "X": "1463364.64850559",
        "Y": "11473734.1774034",
        "z": "7.10260e+02",
        "layer": "Spot level"
      },
      "geometry": {
        "type": "Point",
        "coordinates": [
          74.43107322755294,
          31.608667213275258,
          710.260009765625
        ]
      }
    },
    {
      "type": "Feature",
      "properties": {
        "OBJECTID_1": 59,
        "OBJECTID": 59,
        "Id": 0,
        "X": "1463326.90523751",
        "Y": "11473726.5267409",
        "z": "7.10201e+02",
        "layer": "Spot level"
      },
      "geometry": {
        "type": "Point",
        "coordinates": [
          74.43095207899763,
          31.608645634588253,
          710.2009887695312
        ]
      }
    },
    {
      "type": "Feature",
      "properties": {
        "OBJECTID_1": 60,
        "OBJECTID": 60,
        "Id": 0,
        "X": "1463276.41086535",
        "Y": "11473728.0568734",
        "z": "7.10290e+02",
        "layer": "Spot level"
      },
      "geometry": {
        "type": "Point",
        "coordinates": [
          74.43078980511581,
          31.60864911936648,
          710.2899780273438
        ]
      }
    },
    {
      "type": "Feature",
      "properties": {
        "OBJECTID_1": 61,
        "OBJECTID": 61,
        "Id": 0,
        "X": "1463232.54706731",
        "Y": "11473744.8883308",
        "z": "7.09983e+02",
        "layer": "Spot level"
      },
      "geometry": {
        "type": "Point",
        "coordinates": [
          74.43064858048218,
          31.60869477582567,
          709.9829711914062
        ]
      }
    },
    {
      "type": "Feature",
      "properties": {
        "OBJECTID_1": 62,
        "OBJECTID": 62,
        "Id": 0,
        "X": "1463186.13304846",
        "Y": "11473786.7119522",
        "z": "7.09806e+02",
        "layer": "Spot level"
      },
      "geometry": {
        "type": "Point",
        "coordinates": [
          74.43049874298221,
          31.608809121225736,
          709.8060302734375
        ]
      }
    },
    {
      "type": "Feature",
      "properties": {
        "OBJECTID_1": 63,
        "OBJECTID": 63,
        "Id": 0,
        "X": "1463162.67101695",
        "Y": "11473834.6561035",
        "z": "7.09481e+02",
        "layer": "Spot level"
      },
      "geometry": {
        "type": "Point",
        "coordinates": [
          74.43042255207713,
          31.608940626090394,
          709.4810180664062
        ]
      }
    },
    {
      "type": "Feature",
      "properties": {
        "OBJECTID_1": 64,
        "OBJECTID": 64,
        "Id": 0,
        "X": "1463235.09728812",
        "Y": "11473863.2185767",
        "z": "7.10902e+02",
        "layer": "Spot level"
      },
      "geometry": {
        "type": "Point",
        "coordinates": [
          74.43065479455147,
          31.60902020719153,
          710.9019775390625
        ]
      }
    },
    {
      "type": "Feature",
      "properties": {
        "OBJECTID_1": 65,
        "OBJECTID": 65,
        "Id": 0,
        "X": "1463226.93658151",
        "Y": "11473951.4562169",
        "z": "7.10448e+02",
        "layer": "Spot level"
      },
      "geometry": {
        "type": "Point",
        "coordinates": [
          74.4306270957307,
          31.609262733863478,
          710.447998046875
        ]
      }
    },
    {
      "type": "Feature",
      "properties": {
        "OBJECTID_1": 66,
        "OBJECTID": 66,
        "Id": 0,
        "X": "1463310.58382428",
        "Y": "11473967.267586",
        "z": "7.10574e+02",
        "layer": "Spot level"
      },
      "geometry": {
        "type": "Point",
        "coordinates": [
          74.43089560793015,
          31.609307411151008,
          710.573974609375
        ]
      }
    },
    {
      "type": "Feature",
      "properties": {
        "OBJECTID_1": 67,
        "OBJECTID": 67,
        "Id": 0,
        "X": "1463346.79695988",
        "Y": "11473924.9339204",
        "z": "7.10778e+02",
        "layer": "Spot level"
      },
      "geometry": {
        "type": "Point",
        "coordinates": [
          74.43101267666775,
          31.609191516729027,
          710.7780151367188
        ]
      }
    },
    {
      "type": "Feature",
      "properties": {
        "OBJECTID_1": 68,
        "OBJECTID": 68,
        "Id": 0,
        "X": "1463376.37952134",
        "Y": "11473865.7687975",
        "z": "7.11147e+02",
        "layer": "Spot level"
      },
      "geometry": {
        "type": "Point",
        "coordinates": [
          74.4311087211436,
          31.609029242693193,
          711.14697265625
        ]
      }
    },
    {
      "type": "Feature",
      "properties": {
        "OBJECTID_1": 69,
        "OBJECTID": 69,
        "Id": 0,
        "X": "1463395.25115539",
        "Y": "11473947.8859078",
        "z": "7.10467e+02",
        "layer": "Spot level"
      },
      "geometry": {
        "type": "Point",
        "coordinates": [
          74.43116798660982,
          31.609255325557992,
          710.4669799804688
        ]
      }
    },
    {
      "type": "Feature",
      "properties": {
        "OBJECTID_1": 70,
        "OBJECTID": 70,
        "Id": 0,
        "X": "1463344.75678323",
        "Y": "11473808.133807",
        "z": "7.11325e+02",
        "layer": "Spot level"
      },
      "geometry": {
        "type": "Point",
        "coordinates": [
          74.43100807463547,
          31.60887030036703,
          711.3250122070312
        ]
      }
    },
    {
      "type": "Feature",
      "properties": {
        "OBJECTID_1": 71,
        "OBJECTID": 71,
        "Id": 0,
        "X": "1463411.06252445",
        "Y": "11473811.7041162",
        "z": "7.10583e+02",
        "layer": "Spot level"
      },
      "geometry": {
        "type": "Point",
        "coordinates": [
          74.4312210687652,
          31.608881067196265,
          710.5830078125
        ]
      }
    },
    {
      "type": "Feature",
      "properties": {
        "OBJECTID_1": 72,
        "OBJECTID": 72,
        "Id": 0,
        "X": "1463301.91307351",
        "Y": "11473775.4909806",
        "z": "7.11543e+02",
        "layer": "Spot level"
      },
      "geometry": {
        "type": "Point",
        "coordinates": [
          74.43087095517583,
          31.608779922957343,
          711.5430297851562
        ]
      }
    },
    {
      "type": "Feature",
      "properties": {
        "OBJECTID_1": 73,
        "OBJECTID": 73,
        "Id": 0,
        "X": "1463262.63967294",
        "Y": "11473810.6840278",
        "z": "7.10876e+02",
        "layer": "Spot level"
      },
      "geometry": {
        "type": "Point",
        "coordinates": [
          74.4307441730148,
          31.60887613754242,
          710.8759765625
        ]
      }
    },
    {
      "type": "Feature",
      "properties": {
        "OBJECTID_1": 74,
        "OBJECTID": 74,
        "Id": 0,
        "X": "1463284.0615278",
        "Y": "11473903.0020214",
        "z": "7.11151e+02",
        "layer": "Spot level"
      },
      "geometry": {
        "type": "Point",
        "coordinates": [
          74.43081146123393,
          31.609130308364602,
          711.1510009765625
        ]
      }
    },
    {
      "type": "Feature",
      "properties": {
        "OBJECTID_1": 75,
        "OBJECTID": 75,
        "Id": 0,
        "X": "1463309.56373596",
        "Y": "11473856.5880025",
        "z": "7.13006e+02",
        "layer": "Spot level"
      },
      "geometry": {
        "type": "Point",
        "coordinates": [
          74.4308941816691,
          31.60900304016715,
          713.0059814453125
        ]
      }
    },
    {
      "type": "Feature",
      "properties": {
        "OBJECTID_1": 76,
        "OBJECTID": 76,
        "Id": 0,
        "X": "1463225.40644903",
        "Y": "11473898.4116239",
        "z": "7.10861e+02",
        "layer": "Spot level"
      },
      "geometry": {
        "type": "Point",
        "coordinates": [
          74.43062306686438,
          31.609116845302744,
          710.8610229492188
        ]
      }
    },
    {
      "type": "Feature",
      "properties": {
        "OBJECTID_1": 77,
        "OBJECTID": 77,
        "Id": 0,
        "X": "1463254.54272185",
        "Y": "11473625.1554635",
        "z": "7.10777e+02",
        "layer": "Spot level"
      },
      "geometry": {
        "type": "Point",
        "coordinates": [
          74.43072126036502,
          31.608365838922737,
          710.7769775390625
        ]
      }
    },
    {
      "type": "Feature",
      "properties": {
        "OBJECTID_1": 78,
        "OBJECTID": 78,
        "Id": 0,
        "X": "1463230.2857387",
        "Y": "11473535.5988809",
        "z": "7.11193e+02",
        "layer": "Spot level"
      },
      "geometry": {
        "type": "Point",
        "coordinates": [
          74.43064481692679,
          31.608119220997086,
          711.1929931640625
        ]
      }
    },
    {
      "type": "Feature",
      "properties": {
        "OBJECTID_1": 79,
        "OBJECTID": 79,
        "Id": 0,
        "X": "1463186.70286342",
        "Y": "11473439.7165553",
        "z": "7.11829e+02",
        "layer": "Spot level"
      },
      "geometry": {
        "type": "Point",
        "coordinates": [
          74.43050638241891,
          31.60785493109863,
          711.8289794921875
        ]
      }
    },
    {
      "type": "Feature",
      "properties": {
        "OBJECTID_1": 80,
        "OBJECTID": 80,
        "Id": 0,
        "X": "1463118.21548799",
        "Y": "11473382.4362049",
        "z": "7.11900e+02",
        "layer": "Spot level"
      },
      "geometry": {
        "type": "Point",
        "coordinates": [
          74.43028728016694,
          31.607696435263236,
          711.9000244140625
        ]
      }
    },
    {
      "type": "Feature",
      "properties": {
        "OBJECTID_1": 81,
        "OBJECTID": 81,
        "Id": 0,
        "X": "1463209.11691356",
        "Y": "11473350.0603547",
        "z": "7.12425e+02",
        "layer": "Spot level"
      },
      "geometry": {
        "type": "Point",
        "coordinates": [
          74.43057990308732,
          31.60760870768438,
          712.4249877929688
        ]
      }
    },
    {
      "type": "Feature",
      "properties": {
        "OBJECTID_1": 82,
        "OBJECTID": 82,
        "Id": 0,
        "X": "1463282.58518903",
        "Y": "11473358.7769298",
        "z": "7.11514e+02",
        "layer": "Spot level"
      },
      "geometry": {
        "type": "Point",
        "coordinates": [
          74.4308158225593,
          31.60763372940264,
          711.5139770507812
        ]
      }
    },
    {
      "type": "Feature",
      "properties": {
        "OBJECTID_1": 83,
        "OBJECTID": 83,
        "Id": 0,
        "X": "1463307.93797019",
        "Y": "11473457.7972224",
        "z": "7.11034e+02",
        "layer": "Spot level"
      },
      "geometry": {
        "type": "Point",
        "coordinates": [
          74.43089562875289,
          31.60790638707374,
          711.0339965820312
        ]
      }
    },
    {
      "type": "Feature",
      "properties": {
        "OBJECTID_1": 84,
        "OBJECTID": 84,
        "Id": 0,
        "X": "1463341.40961841",
        "Y": "11473543.867175",
        "z": "7.11048e+02",
        "layer": "Spot level"
      },
      "geometry": {
        "type": "Point",
        "coordinates": [
          74.4310017393662,
          31.60814354891707,
          711.0479736328125
        ]
      }
    },
    {
      "type": "Feature",
      "properties": {
        "OBJECTID_1": 85,
        "OBJECTID": 85,
        "Id": 0,
        "X": "1463352.56683448",
        "Y": "11473616.3890794",
        "z": "7.10770e+02",
        "layer": "Spot level"
      },
      "geometry": {
        "type": "Point",
        "coordinates": [
          74.43103637665519,
          31.608343135704725,
          710.77001953125
        ]
      }
    },
    {
      "type": "Feature",
      "properties": {
        "OBJECTID_1": 86,
        "OBJECTID": 86,
        "Id": 0,
        "X": "1463384.44459468",
        "Y": "11473623.5615755",
        "z": "7.10493e+02",
        "layer": "Spot level"
      },
      "geometry": {
        "type": "Point",
        "coordinates": [
          74.43113868586903,
          31.608363315471173,
          710.4929809570312
        ]
      }
    },
    {
      "type": "Feature",
      "properties": {
        "OBJECTID_1": 87,
        "OBJECTID": 87,
        "Id": 0,
        "X": "1463358.14544251",
        "Y": "11473501.6291427",
        "z": "7.10988e+02",
        "layer": "Spot level"
      },
      "geometry": {
        "type": "Point",
        "coordinates": [
          74.43105622089945,
          31.608027638598532,
          710.9879760742188
        ]
      }
    },
    {
      "type": "Feature",
      "properties": {
        "OBJECTID_1": 88,
        "OBJECTID": 88,
        "Id": 0,
        "X": "1463343.00350642",
        "Y": "11473354.1945018",
        "z": "7.11718e+02",
        "layer": "Spot level"
      },
      "geometry": {
        "type": "Point",
        "coordinates": [
          74.43101003295489,
          31.60762199314264,
          711.718017578125
        ]
      }
    },
    {
      "type": "Feature",
      "properties": {
        "OBJECTID_1": 89,
        "OBJECTID": 89,
        "Id": 0,
        "X": "1463193.97497747",
        "Y": "11473531.1160709",
        "z": "7.10939e+02",
        "layer": "Spot level"
      },
      "geometry": {
        "type": "Point",
        "coordinates": [
          74.43052821905627,
          31.608106373670317,
          710.9390258789062
        ]
      }
    },
    {
      "type": "Feature",
      "properties": {
        "OBJECTID_1": 90,
        "OBJECTID": 90,
        "Id": 0,
        "X": "1463217.08635362",
        "Y": "11473599.6532553",
        "z": "7.10551e+02",
        "layer": "Spot level"
      },
      "geometry": {
        "type": "Point",
        "coordinates": [
          74.43060133292106,
          31.608295174273202,
          710.551025390625
        ]
      }
    },
    {
      "type": "Feature",
      "properties": {
        "OBJECTID_1": 91,
        "OBJECTID": 91,
        "Id": 0,
        "X": "1463141.37667313",
        "Y": "11473429.9041822",
        "z": "7.11478e+02",
        "layer": "Spot level"
      },
      "geometry": {
        "type": "Point",
        "coordinates": [
          74.43036090604943,
          31.607827298768903,
          711.47802734375
        ]
      }
    },
    {
      "type": "Feature",
      "properties": {
        "OBJECTID_1": 92,
        "OBJECTID": 92,
        "Id": 0,
        "X": "1463441.82456304",
        "Y": "11473370.1333818",
        "z": "7.11489e+02",
        "layer": "Spot level"
      },
      "geometry": {
        "type": "Point",
        "coordinates": [
          74.43132729444382,
          31.607667237292542,
          711.489013671875
        ]
      }
    },
    {
      "type": "Feature",
      "properties": {
        "OBJECTID_1": 93,
        "OBJECTID": 93,
        "Id": 0,
        "X": "1463514.3464675",
        "Y": "11473425.9194622",
        "z": "7.10687e+02",
        "layer": "Spot level"
      },
      "geometry": {
        "type": "Point",
        "coordinates": [
          74.43155938700315,
          31.607821679979935,
          710.68701171875
        ]
      }
    },
    {
      "type": "Feature",
      "properties": {
        "OBJECTID_1": 94,
        "OBJECTID": 94,
        "Id": 0,
        "X": "1463600.41642005",
        "Y": "11473440.2644543",
        "z": "7.11305e+02",
        "layer": "Spot level"
      },
      "geometry": {
        "type": "Point",
        "coordinates": [
          74.43183570461908,
          31.607862357527097,
          711.3049926757812
        ]
      }
    },
    {
      "type": "Feature",
      "properties": {
        "OBJECTID_1": 95,
        "OBJECTID": 95,
        "Id": 0,
        "X": "1463675.32915653",
        "Y": "11473469.7513825",
        "z": "7.10905e+02",
        "layer": "Spot level"
      },
      "geometry": {
        "type": "Point",
        "coordinates": [
          74.43207591968336,
          31.60794451372517,
          710.905029296875
        ]
      }
    },
    {
      "type": "Feature",
      "properties": {
        "OBJECTID_1": 96,
        "OBJECTID": 96,
        "Id": 0,
        "X": "1463683.29859658",
        "Y": "11473547.054951",
        "z": "7.10154e+02",
        "layer": "Spot level"
      },
      "geometry": {
        "type": "Point",
        "coordinates": [
          74.43210023649019,
          31.60815720375702,
          710.1539916992188
        ]
      }
    },
    {
      "type": "Feature",
      "properties": {
        "OBJECTID_1": 97,
        "OBJECTID": 97,
        "Id": 0,
        "X": "1463782.91659721",
        "Y": "11473464.9697184",
        "z": "7.11472e+02",
        "layer": "Spot level"
      },
      "geometry": {
        "type": "Point",
        "coordinates": [
          74.43242169641321,
          31.60793290122231,
          711.4719848632812
        ]
      }
    },
    {
      "type": "Feature",
      "properties": {
        "OBJECTID_1": 98,
        "OBJECTID": 98,
        "Id": 0,
        "X": "1463527.09757158",
        "Y": "11473358.9761658",
        "z": "7.11591e+02",
        "layer": "Spot level"
      },
      "geometry": {
        "type": "Point",
        "coordinates": [
          74.43160147684296,
          31.60763777571847,
          711.5910034179688
        ]
      }
    },
    {
      "type": "Feature",
      "properties": {
        "OBJECTID_1": 99,
        "OBJECTID": 99,
        "Id": 0,
        "X": "1463598.02558804",
        "Y": "11473302.3931414",
        "z": "7.11912e+02",
        "layer": "Spot level"
      },
      "geometry": {
        "type": "Point",
        "coordinates": [
          74.4318303249282,
          31.60748319263586,
          711.9119873046875
        ]
      }
    },
    {
      "type": "Feature",
      "properties": {
        "OBJECTID_1": 100,
        "OBJECTID": 100,
        "Id": 0,
        "X": "1463672.14138051",
        "Y": "11473251.3887251",
        "z": "7.11961e+02",
        "layer": "Spot level"
      },
      "geometry": {
        "type": "Point",
        "coordinates": [
          74.43206932194227,
          31.60734399522255,
          711.9609985351562
        ]
      }
    },
    {
      "type": "Feature",
      "properties": {
        "OBJECTID_1": 101,
        "OBJECTID": 101,
        "Id": 0,
        "X": "1463740.67856494",
        "Y": "11473288.8450933",
        "z": "7.11680e+02",
        "layer": "Spot level"
      },
      "geometry": {
        "type": "Point",
        "coordinates": [
          74.43228891728191,
          31.607447975002962,
          711.6799926757812
        ]
      }
    },
    {
      "type": "Feature",
      "properties": {
        "OBJECTID_1": 102,
        "OBJECTID": 102,
        "Id": 0,
        "X": "1463810.80963739",
        "Y": "11473290.4389813",
        "z": "7.11928e+02",
        "layer": "Spot level"
      },
      "geometry": {
        "type": "Point",
        "coordinates": [
          74.4325142327081,
          31.607453359330783,
          711.927978515625
        ]
      }
    },
    {
      "type": "Feature",
      "properties": {
        "OBJECTID_1": 103,
        "OBJECTID": 103,
        "Id": 0,
        "X": "1463886.51931787",
        "Y": "11473261.7489972",
        "z": "7.12306e+02",
        "layer": "Spot level"
      },
      "geometry": {
        "type": "Point",
        "coordinates": [
          74.43275797801276,
          31.607375545577757,
          712.3060302734375
        ]
      }
    },
    {
      "type": "Feature",
      "properties": {
        "OBJECTID_1": 104,
        "OBJECTID": 104,
        "Id": 0,
        "X": "1463936.72679019",
        "Y": "11473208.3537488",
        "z": "7.11621e+02",
        "layer": "Spot level"
      },
      "geometry": {
        "type": "Point",
        "coordinates": [
          74.43292019227309,
          31.607229430864326,
          711.6209716796875
        ]
      }
    },
    {
      "type": "Feature",
      "properties": {
        "OBJECTID_1": 105,
        "OBJECTID": 105,
        "Id": 0,
        "X": "1463969.4014944",
        "Y": "11473128.6593483",
        "z": "7.12058e+02",
        "layer": "Spot level"
      },
      "geometry": {
        "type": "Point",
        "coordinates": [
          74.4330265089978,
          31.6070107461427,
          712.0579833984375
        ]
      }
    },
    {
      "type": "Feature",
      "properties": {
        "OBJECTID_1": 106,
        "OBJECTID": 106,
        "Id": 0,
        "X": "1463960.63511034",
        "Y": "11473054.5435558",
        "z": "7.11995e+02",
        "layer": "Spot level"
      },
      "geometry": {
        "type": "Point",
        "coordinates": [
          74.43299957652668,
          31.606806810892735,
          711.9949951171875
        ]
      }
    },
    {
      "type": "Feature",
      "properties": {
        "OBJECTID_1": 107,
        "OBJECTID": 107,
        "Id": 0,
        "X": "1463924.77263012",
        "Y": "11472970.0674913",
        "z": "7.10722e+02",
        "layer": "Spot level"
      },
      "geometry": {
        "type": "Point",
        "coordinates": [
          74.43288575367383,
          31.606573999527964,
          710.7219848632812
        ]
      }
    },
    {
      "type": "Feature",
      "properties": {
        "OBJECTID_1": 108,
        "OBJECTID": 108,
        "Id": 0,
        "X": "1464103.28808726",
        "Y": "11472945.3622271",
        "z": "7.12861e+02",
        "layer": "Spot level"
      },
      "geometry": {
        "type": "Point",
        "coordinates": [
          74.4334597576225,
          31.60650860805018,
          712.8610229492188
        ]
      }
    },
    {
      "type": "Feature",
      "properties": {
        "OBJECTID_1": 109,
        "OBJECTID": 109,
        "Id": 0,
        "X": "1464127.99335141",
        "Y": "11473020.2749636",
        "z": "7.12496e+02",
        "layer": "Spot level"
      },
      "geometry": {
        "type": "Point",
        "coordinates": [
          74.43353789145507,
          31.60671496185256,
          712.4959716796875
        ]
      }
    },
    {
      "type": "Feature",
      "properties": {
        "OBJECTID_1": 110,
        "OBJECTID": 110,
        "Id": 0,
        "X": "1464139.15056749",
        "Y": "11473106.3449162",
        "z": "7.12388e+02",
        "layer": "Spot level"
      },
      "geometry": {
        "type": "Point",
        "coordinates": [
          74.4335723081336,
          31.60695180369006,
          712.3880004882812
        ]
      }
    },
    {
      "type": "Feature",
      "properties": {
        "OBJECTID_1": 111,
        "OBJECTID": 111,
        "Id": 0,
        "X": "1464134.36890345",
        "Y": "11473160.5371085",
        "z": "7.12119e+02",
        "layer": "Spot level"
      },
      "geometry": {
        "type": "Point",
        "coordinates": [
          74.43355604174629,
          31.607100758099172,
          712.1190185546875
        ]
      }
    },
    {
      "type": "Feature",
      "properties": {
        "OBJECTID_1": 112,
        "OBJECTID": 112,
        "Id": 0,
        "X": "1464120.02391136",
        "Y": "11473229.8712369",
        "z": "7.12143e+02",
        "layer": "Spot level"
      },
      "geometry": {
        "type": "Point",
        "coordinates": [
          74.43350879478714,
          31.607291214879158,
          712.1430053710938
        ]
      }
    },
    {
      "type": "Feature",
      "properties": {
        "OBJECTID_1": 113,
        "OBJECTID": 113,
        "Id": 0,
        "X": "1464079.3797671",
        "Y": "11473307.1748055",
        "z": "7.11487e+02",
        "layer": "Spot level"
      },
      "geometry": {
        "type": "Point",
        "coordinates": [
          74.43337691160407,
          31.60750321189137,
          711.4869995117188
        ]
      }
    },
    {
      "type": "Feature",
      "properties": {
        "OBJECTID_1": 114,
        "OBJECTID": 114,
        "Id": 0,
        "X": "1464026.78146277",
        "Y": "11473368.5394938",
        "z": "7.11342e+02",
        "layer": "Spot level"
      },
      "geometry": {
        "type": "Point",
        "coordinates": [
          74.43320688266735,
          31.607671208170057,
          711.3419799804688
        ]
      }
    },
    {
      "type": "Feature",
      "properties": {
        "OBJECTID_1": 115,
        "OBJECTID": 115,
        "Id": 0,
        "X": "1463973.38621443",
        "Y": "11473407.5897501",
        "z": "7.11743e+02",
        "layer": "Spot level"
      },
      "geometry": {
        "type": "Point",
        "coordinates": [
          74.43303466426647,
          31.607777830635747,
          711.7429809570312
        ]
      }
    },
    {
      "type": "Feature",
      "properties": {
        "OBJECTID_1": 116,
        "OBJECTID": 116,
        "Id": 0,
        "X": "1463900.06736596",
        "Y": "11473443.4522303",
        "z": "7.11827e+02",
        "layer": "Spot level"
      },
      "geometry": {
        "type": "Point",
        "coordinates": [
          74.43279848070046,
          31.607875402580877,
          711.8270263671875
        ]
      }
    },
    {
      "type": "Feature",
      "properties": {
        "OBJECTID_1": 117,
        "OBJECTID": 117,
        "Id": 0,
        "X": "1463849.06294964",
        "Y": "11473209.1506928",
        "z": "7.12035e+02",
        "layer": "Spot level"
      },
      "geometry": {
        "type": "Point",
        "coordinates": [
          74.43263850211133,
          31.607230371571315,
          712.0349731445312
        ]
      }
    },
    {
      "type": "Feature",
      "properties": {
        "OBJECTID_1": 118,
        "OBJECTID": 118,
        "Id": 0,
        "X": "1463799.65242132",
        "Y": "11473125.4715723",
        "z": "7.12150e+02",
        "layer": "Spot level"
      },
      "geometry": {
        "type": "Point",
        "coordinates": [
          74.43248113459995,
          31.60699955801373,
          712.1500244140625
        ]
      }
    },
    {
      "type": "Feature",
      "properties": {
        "OBJECTID_1": 119,
        "OBJECTID": 119,
        "Id": 0,
        "X": "1463731.11523688",
        "Y": "11473024.2596836",
        "z": "7.12560e+02",
        "layer": "Spot level"
      },
      "geometry": {
        "type": "Point",
        "coordinates": [
          74.43226260395843,
          31.606720257964916,
          712.5599975585938
        ]
      }
    },
    {
      "type": "Feature",
      "properties": {
        "OBJECTID_1": 120,
        "OBJECTID": 120,
        "Id": 0,
        "X": "1463668.15666048",
        "Y": "11472939.7836191",
        "z": "7.12991e+02",
        "layer": "Spot level"
      },
      "geometry": {
        "type": "Point",
        "coordinates": [
          74.4320617199917,
          31.606487058900758,
          712.9910278320312
        ]
      }
    },
    {
      "type": "Feature",
      "properties": {
        "OBJECTID_1": 121,
        "OBJECTID": 121,
        "Id": 0,
        "X": "1463584.47753995",
        "Y": "11472859.2922746",
        "z": "7.14022e+02",
        "layer": "Spot level"
      },
      "geometry": {
        "type": "Point",
        "coordinates": [
          74.43179419301183,
          31.606264520929937,
          714.02197265625
        ]
      }
    },
    {
      "type": "Feature",
      "properties": {
        "OBJECTID_1": 122,
        "OBJECTID": 122,
        "Id": 0,
        "X": "1463516.73729952",
        "Y": "11472799.5214742",
        "z": "7.14520e+02",
        "layer": "Spot level"
      },
      "geometry": {
        "type": "Point",
        "coordinates": [
          74.431577534456,
          31.606099189504032,
          714.52001953125
        ]
      }
    },
    {
      "type": "Feature",
      "properties": {
        "OBJECTID_1": 123,
        "OBJECTID": 123,
        "Id": 0,
        "X": "1463540.64561968",
        "Y": "11472737.3598418",
        "z": "7.14655e+02",
        "layer": "Spot level"
      },
      "geometry": {
        "type": "Point",
        "coordinates": [
          74.43165539283113,
          31.605928593730475,
          714.655029296875
        ]
      }
    },
    {
      "type": "Feature",
      "properties": {
        "OBJECTID_1": 124,
        "OBJECTID": 124,
        "Id": 0,
        "X": "1463543.03645169",
        "Y": "11472662.4471053",
        "z": "7.15456e+02",
        "layer": "Spot level"
      },
      "geometry": {
        "type": "Point",
        "coordinates": [
          74.43166432613913,
          31.605722626192247,
          715.4559936523438
        ]
      }
    },
    {
      "type": "Feature",
      "properties": {
        "OBJECTID_1": 125,
        "OBJECTID": 125,
        "Id": 0,
        "X": "1463519.12813154",
        "Y": "11472594.7068649",
        "z": "7.15668e+02",
        "layer": "Spot level"
      },
      "geometry": {
        "type": "Point",
        "coordinates": [
          74.43158863808061,
          31.60553600623397,
          715.6680297851562
        ]
      }
    },
    {
      "type": "Feature",
      "properties": {
        "OBJECTID_1": 126,
        "OBJECTID": 126,
        "Id": 0,
        "X": "1463423.49485093",
        "Y": "11472541.3116166",
        "z": "7.15298e+02",
        "layer": "Spot level"
      },
      "geometry": {
        "type": "Point",
        "coordinates": [
          74.43128225233838,
          31.605387807546,
          715.2979736328125
        ]
      }
    },
    {
      "type": "Feature",
      "properties": {
        "OBJECTID_1": 127,
        "OBJECTID": 127,
        "Id": 0,
        "X": "1463331.84629035",
        "Y": "11472499.0735843",
        "z": "7.15166e+02",
        "layer": "Spot level"
      },
      "geometry": {
        "type": "Point",
        "coordinates": [
          74.43098848420884,
          31.605270346268608,
          715.166015625
        ]
      }
    },
    {
      "type": "Feature",
      "properties": {
        "OBJECTID_1": 128,
        "OBJECTID": 128,
        "Id": 0,
        "X": "1463241.79161777",
        "Y": "11472469.5866561",
        "z": "7.14977e+02",
        "layer": "Spot level"
      },
      "geometry": {
        "type": "Point",
        "coordinates": [
          74.43069962476125,
          31.605187971265906,
          714.9769897460938
        ]
      }
    },
    {
      "type": "Feature",
      "properties": {
        "OBJECTID_1": 129,
        "OBJECTID": 129,
        "Id": 0,
        "X": "1462879.97903947",
        "Y": "11472448.866112",
        "z": "7.14331e+02",
        "layer": "Spot level"
      },
      "geometry": {
        "type": "Point",
        "coordinates": [
          74.42953744081245,
          31.605125805769188,
          714.3309936523438
        ]
      }
    },
    {
      "type": "Feature",
      "properties": {
        "OBJECTID_1": 130,
        "OBJECTID": 130,
        "Id": 0,
        "X": "1462881.57292747",
        "Y": "11472499.8705283",
        "z": "7.13930e+02",
        "layer": "Spot level"
      },
      "geometry": {
        "type": "Point",
        "coordinates": [
          74.42954170697053,
          31.605266085089813,
          713.9299926757812
        ]
      }
    },
    {
      "type": "Feature",
      "properties": {
        "OBJECTID_1": 131,
        "OBJECTID": 131,
        "Id": 0,
        "X": "1462879.97903947",
        "Y": "11472569.2046567",
        "z": "7.13859e+02",
        "layer": "Spot level"
      },
      "geometry": {
        "type": "Point",
        "coordinates": [
          74.42953542323232,
          31.605456723326302,
          713.8590087890625
        ]
      }
    },
    {
      "type": "Feature",
      "properties": {
        "OBJECTID_1": 132,
        "OBJECTID": 132,
        "Id": 0,
        "X": "1462477.52231691",
        "Y": "11472573.1893768",
        "z": "7.14087e+02",
        "layer": "Spot level"
      },
      "geometry": {
        "type": "Point",
        "coordinates": [
          74.42824222876781,
          31.605461899451992,
          714.0869750976562
        ]
      }
    },
    {
      "type": "Feature",
      "properties": {
        "OBJECTID_1": 133,
        "OBJECTID": 133,
        "Id": 0,
        "X": "1462612.20585377",
        "Y": "11472570.7985448",
        "z": "7.13965e+02",
        "layer": "Spot level"
      },
      "geometry": {
        "type": "Point",
        "coordinates": [
          74.42867501852301,
          31.605457261157927,
          713.9650268554688
        ]
      }
    },
    {
      "type": "Feature",
      "properties": {
        "OBJECTID_1": 134,
        "OBJECTID": 134,
        "Id": 0,
        "X": "1462755.65577467",
        "Y": "11472569.2046567",
        "z": "7.13692e+02",
        "layer": "Spot level"
      },
      "geometry": {
        "type": "Point",
        "coordinates": [
          74.42913596202268,
          31.605454938784007,
          713.6920166015625
        ]
      }
    },
    {
      "type": "Feature",
      "properties": {
        "OBJECTID_1": 135,
        "OBJECTID": 135,
        "Id": 0,
        "X": "1462966.84593602",
        "Y": "11472577.9710408",
        "z": "7.13943e+02",
        "layer": "Spot level"
      },
      "geometry": {
        "type": "Point",
        "coordinates": [
          74.42981438706488,
          31.60548207605428,
          713.9429931640625
        ]
      }
    },
    {
      "type": "Feature",
      "properties": {
        "OBJECTID_1": 136,
        "OBJECTID": 136,
        "Id": 0,
        "X": "1463089.5753128",
        "Y": "11472600.2854729",
        "z": "7.14534e+02",
        "layer": "Spot level"
      },
      "geometry": {
        "type": "Point",
        "coordinates": [
          74.4302083534544,
          31.605545197833884,
          714.5339965820312
        ]
      }
    },
    {
      "type": "Feature",
      "properties": {
        "OBJECTID_1": 137,
        "OBJECTID": 137,
        "Id": 0,
        "X": "1463211.50774558",
        "Y": "11472638.5387852",
        "z": "7.14920e+02",
        "layer": "Spot level"
      },
      "geometry": {
        "type": "Point",
        "coordinates": [
          74.4305994930063,
          31.605652137135824,
          714.9199829101562
        ]
      }
    },
    {
      "type": "Feature",
      "properties": {
        "OBJECTID_1": 138,
        "OBJECTID": 138,
        "Id": 0,
        "X": "1463335.83101037",
        "Y": "11472689.5432015",
        "z": "7.15062e+02",
        "layer": "Spot level"
      },
      "geometry": {
        "type": "Point",
        "coordinates": [
          74.43099810220357,
          31.60579417358572,
          715.06201171875
        ]
      }
    },
    {
      "type": "Feature",
      "properties": {
        "OBJECTID_1": 139,
        "OBJECTID": 139,
        "Id": 0,
        "X": "1463435.449011",
        "Y": "11472747.7201139",
        "z": "7.14839e+02",
        "layer": "Spot level"
      },
      "geometry": {
        "type": "Point",
        "coordinates": [
          74.4313172121994,
          31.605955579000696,
          714.8389892578125
        ]
      }
    },
    {
      "type": "Feature",
      "properties": {
        "OBJECTID_1": 140,
        "OBJECTID": 140,
        "Id": 0,
        "X": "1463456.96649914",
        "Y": "11472873.6372667",
        "z": "7.13925e+02",
        "layer": "Spot level"
      },
      "geometry": {
        "type": "Point",
        "coordinates": [
          74.4313842457728,
          31.60630214494908,
          713.9249877929688
        ]
      }
    },
    {
      "type": "Feature",
      "properties": {
        "OBJECTID_1": 141,
        "OBJECTID": 141,
        "Id": 0,
        "X": "1463410.74374684",
        "Y": "11472935.0019551",
        "z": "7.14040e+02",
        "layer": "Spot level"
      },
      "geometry": {
        "type": "Point",
        "coordinates": [
          74.43123470093724,
          31.606470229804984,
          714.0399780273438
        ]
      }
    },
    {
      "type": "Feature",
      "properties": {
        "OBJECTID_1": 142,
        "OBJECTID": 142,
        "Id": 0,
        "X": "1463350.97294647",
        "Y": "11472895.1547548",
        "z": "7.13920e+02",
        "layer": "Spot level"
      },
      "geometry": {
        "type": "Point",
        "coordinates": [
          74.4310433164751,
          31.606359799178595,
          713.9199829101562
        ]
      }
    },
    {
      "type": "Feature",
      "properties": {
        "OBJECTID_1": 143,
        "OBJECTID": 143,
        "Id": 0,
        "X": "1463281.63881802",
        "Y": "11472849.7289465",
        "z": "7.13926e+02",
        "layer": "Spot level"
      },
      "geometry": {
        "type": "Point",
        "coordinates": [
          74.4308212977363,
          31.60623389080419,
          713.926025390625
        ]
      }
    },
    {
      "type": "Feature",
      "properties": {
        "OBJECTID_1": 144,
        "OBJECTID": 144,
        "Id": 0,
        "X": "1463189.19331344",
        "Y": "11472809.0848023",
        "z": "7.13593e+02",
        "layer": "Spot level"
      },
      "geometry": {
        "type": "Point",
        "coordinates": [
          74.43052494021826,
          31.606120800056054,
          713.593017578125
        ]
      }
    },
    {
      "type": "Feature",
      "properties": {
        "OBJECTID_1": 145,
        "OBJECTID": 145,
        "Id": 0,
        "X": "1463121.45307301",
        "Y": "11472788.3642581",
        "z": "7.13800e+02",
        "layer": "Spot level"
      },
      "geometry": {
        "type": "Point",
        "coordinates": [
          74.43030763042451,
          31.606062850349446,
          713.7999877929688
        ]
      }
    },
    {
      "type": "Feature",
      "properties": {
        "OBJECTID_1": 146,
        "OBJECTID": 146,
        "Id": 0,
        "X": "1463009.8809123",
        "Y": "11472758.87733",
        "z": "7.13460e+02",
        "layer": "Spot level"
      },
      "geometry": {
        "type": "Point",
        "coordinates": [
          74.42994963125331,
          31.60598016527876,
          713.4600219726562
        ]
      }
    },
    {
      "type": "Feature",
      "properties": {
        "OBJECTID_1": 147,
        "OBJECTID": 147,
        "Id": 0,
        "X": "1462891.93319955",
        "Y": "11472743.7353939",
        "z": "7.13384e+02",
        "layer": "Spot level"
      },
      "geometry": {
        "type": "Point",
        "coordinates": [
          74.4295709069446,
          31.605936834856728,
          713.3839721679688
        ]
      }
    },
    {
      "type": "Feature",
      "properties": {
        "OBJECTID_1": 148,
        "OBJECTID": 148,
        "Id": 0,
        "X": "1462886.35459151",
        "Y": "11472648.1021133",
        "z": "7.13274e+02",
        "layer": "Spot level"
      },
      "geometry": {
        "type": "Point",
        "coordinates": [
          74.42955458566865,
          31.605673773992084,
          713.2739868164062
        ]
      }
    },
    {
      "type": "Feature",
      "properties": {
        "OBJECTID_1": 149,
        "OBJECTID": 149,
        "Id": 0,
        "X": "1462829.77156715",
        "Y": "11472743.7353939",
        "z": "7.13183e+02",
        "layer": "Spot level"
      },
      "geometry": {
        "type": "Point",
        "coordinates": [
          74.42937117530926,
          31.605935942785106,
          713.1829833984375
        ]
      }
    },
    {
      "type": "Feature",
      "properties": {
        "OBJECTID_1": 150,
        "OBJECTID": 150,
        "Id": 0,
        "X": "1462711.02691039",
        "Y": "11472741.3445618",
        "z": "7.13526e+02",
        "layer": "Spot level"
      },
      "geometry": {
        "type": "Point",
        "coordinates": [
          74.42898967682098,
          31.605927663311867,
          713.5260009765625
        ]
      }
    },
    {
      "type": "Feature",
      "properties": {
        "OBJECTID_1": 151,
        "OBJECTID": 151,
        "Id": 0,
        "X": "1462597.06391767",
        "Y": "11472743.7353939",
        "z": "7.13584e+02",
        "layer": "Spot level"
      },
      "geometry": {
        "type": "Point",
        "coordinates": [
          74.4286234620865,
          31.60593260046233,
          713.583984375
        ]
      }
    },
    {
      "type": "Feature",
      "properties": {
        "OBJECTID_1": 152,
        "OBJECTID": 152,
        "Id": 0,
        "X": "1462483.89786894",
        "Y": "11472743.7353939",
        "z": "7.13530e+02",
        "layer": "Spot level"
      },
      "geometry": {
        "type": "Point",
        "coordinates": [
          74.42825984816692,
          31.60593097350464,
          713.530029296875
        ]
      }
    },
    {
      "type": "Feature",
      "properties": {
        "OBJECTID_1": 153,
        "OBJECTID": 153,
        "Id": 0,
        "X": "1462269.51993158",
        "Y": "11472915.078355",
        "z": "7.14367e+02",
        "layer": "Spot level"
      },
      "geometry": {
        "type": "Point",
        "coordinates": [
          74.42756814761378,
          31.60639906239258,
          714.3670043945312
        ]
      }
    },
    {
      "type": "Feature",
      "properties": {
        "OBJECTID_1": 154,
        "OBJECTID": 154,
        "Id": 0,
        "X": "1462389.06153234",
        "Y": "11472911.8905789",
        "z": "7.13682e+02",
        "layer": "Spot level"
      },
      "geometry": {
        "type": "Point",
        "coordinates": [
          74.42795230229714,
          31.606392017057512,
          713.6820068359375
        ]
      }
    },
    {
      "type": "Feature",
      "properties": {
        "OBJECTID_1": 155,
        "OBJECTID": 155,
        "Id": 0,
        "X": "1462556.41977341",
        "Y": "11472910.2966909",
        "z": "7.13414e+02",
        "layer": "Spot level"
      },
      "geometry": {
        "type": "Point",
        "coordinates": [
          74.42849007059658,
          31.60639004106872,
          713.4140014648438
        ]
      }
    },
    {
      "type": "Feature",
      "properties": {
        "OBJECTID_1": 156,
        "OBJECTID": 156,
        "Id": 0,
        "X": "1462682.33692621",
        "Y": "11472907.9058589",
        "z": "7.13636e+02",
        "layer": "Spot level"
      },
      "geometry": {
        "type": "Point",
        "coordinates": [
          74.42889469723298,
          31.60638527605584,
          713.635986328125
        ]
      }
    },
    {
      "type": "Feature",
      "properties": {
        "OBJECTID_1": 157,
        "OBJECTID": 157,
        "Id": 0,
        "X": "1462823.39601511",
        "Y": "11472910.2966909",
        "z": "7.13255e+02",
        "layer": "Spot level"
      },
      "geometry": {
        "type": "Point",
        "coordinates": [
          74.42934789645781,
          31.606393876158414,
          713.2550048828125
        ]
      }
    },
    {
      "type": "Feature",
      "properties": {
        "OBJECTID_1": 158,
        "OBJECTID": 158,
        "Id": 0,
        "X": "1462895.12097557",
        "Y": "11472913.4844669",
        "z": "7.13057e+02",
        "layer": "Spot level"
      },
      "geometry": {
        "type": "Point",
        "coordinates": [
          74.42957830372062,
          31.60640367152591,
          713.0570068359375
        ]
      }
    },
    {
      "type": "Feature",
      "properties": {
        "OBJECTID_1": 159,
        "OBJECTID": 159,
        "Id": 0,
        "X": "1462895.91791957",
        "Y": "11472824.2267384",
        "z": "7.12708e+02",
        "layer": "Spot level"
      },
      "geometry": {
        "type": "Point",
        "coordinates": [
          74.42958236081802,
          31.60615823421276,
          712.7080078125
        ]
      }
    },
    {
      "type": "Feature",
      "properties": {
        "OBJECTID_1": 160,
        "OBJECTID": 160,
        "Id": 0,
        "X": "1462906.27819163",
        "Y": "11473025.0566276",
        "z": "7.12210e+02",
        "layer": "Spot level"
      },
      "geometry": {
        "type": "Point",
        "coordinates": [
          74.42961228272354,
          31.606710642531617,
          712.2100219726562
        ]
      }
    },
    {
      "type": "Feature",
      "properties": {
        "OBJECTID_1": 161,
        "OBJECTID": 161,
        "Id": 0,
        "X": "1462904.68430363",
        "Y": "11473117.5021322",
        "z": "7.12410e+02",
        "layer": "Spot level"
      },
      "geometry": {
        "type": "Point",
        "coordinates": [
          74.42960561152445,
          31.606964834416615,
          712.4099731445312
        ]
      }
    },
    {
      "type": "Feature",
      "properties": {
        "OBJECTID_1": 162,
        "OBJECTID": 162,
        "Id": 0,
        "X": "1462989.95731217",
        "Y": "11472927.032515",
        "z": "7.13108e+02",
        "layer": "Spot level"
      },
      "geometry": {
        "type": "Point",
        "coordinates": [
          74.42988279701855,
          31.60644228752028,
          713.1079711914062
        ]
      }
    },
    {
      "type": "Feature",
      "properties": {
        "OBJECTID_1": 163,
        "OBJECTID": 163,
        "Id": 0,
        "X": "1463105.5141929",
        "Y": "11472960.5041632",
        "z": "7.13398e+02",
        "layer": "Spot level"
      },
      "geometry": {
        "type": "Point",
        "coordinates": [
          74.43025353455505,
          31.606535987434064,
          713.3980102539062
        ]
      }
    },
    {
      "type": "Feature",
      "properties": {
        "OBJECTID_1": 164,
        "OBJECTID": 164,
        "Id": 0,
        "X": "1463234.61912172",
        "Y": "11473024.2596836",
        "z": "7.13516e+02",
        "layer": "Spot level"
      },
      "geometry": {
        "type": "Point",
        "coordinates": [
          74.43066729767939,
          31.60671315757292,
          713.5159912109375
        ]
      }
    },
    {
      "type": "Feature",
      "properties": {
        "OBJECTID_1": 165,
        "OBJECTID": 165,
        "Id": 0,
        "X": "1463307.93797019",
        "Y": "11473064.1068839",
        "z": "7.13202e+02",
        "layer": "Spot level"
      },
      "geometry": {
        "type": "Point",
        "coordinates": [
          74.43090221408212,
          31.606823782710347,
          713.2020263671875
        ]
      }
    },
    {
      "type": "Feature",
      "properties": {
        "OBJECTID_1": 166,
        "OBJECTID": 166,
        "Id": 0,
        "X": "1463361.33321853",
        "Y": "11473002.7421955",
        "z": "7.13477e+02",
        "layer": "Spot level"
      },
      "geometry": {
        "type": "Point",
        "coordinates": [
          74.43107480622561,
          31.606655800912893,
          713.4769897460938
        ]
      }
    },
    {
      "type": "Feature",
      "properties": {
        "OBJECTID_1": 167,
        "OBJECTID": 167,
        "Id": 0,
        "X": "1463377.27209863",
        "Y": "11473129.4562923",
        "z": "7.13237e+02",
        "layer": "Spot level"
      },
      "geometry": {
        "type": "Point",
        "coordinates": [
          74.43112390119035,
          31.607004478626074,
          713.2369995117188
        ]
      }
    },
    {
      "type": "Feature",
      "properties": {
        "OBJECTID_1": 168,
        "OBJECTID": 168,
        "Id": 0,
        "X": "1463442.62150705",
        "Y": "11473199.5873648",
        "z": "7.12434e+02",
        "layer": "Spot level"
      },
      "geometry": {
        "type": "Point",
        "coordinates": [
          74.43133270574828,
          31.607198266205398,
          712.4340209960938
        ]
      }
    },
    {
      "type": "Feature",
      "properties": {
        "OBJECTID_1": 169,
        "OBJECTID": 169,
        "Id": 0,
        "X": "1463492.03203536",
        "Y": "11473268.9214932",
        "z": "7.12248e+02",
        "layer": "Spot level"
      },
      "geometry": {
        "type": "Point",
        "coordinates": [
          74.43149031043227,
          31.60738963401483,
          712.2479858398438
        ]
      }
    },
    {
      "type": "Feature",
      "properties": {
        "OBJECTID_1": 170,
        "OBJECTID": 170,
        "Id": 0,
        "X": "1463633.09112426",
        "Y": "11473178.0698766",
        "z": "7.12329e+02",
        "layer": "Spot level"
      },
      "geometry": {
        "type": "Point",
        "coordinates": [
          74.43194507172068,
          31.60714181862004,
          712.3289794921875
        ]
      }
    },
    {
      "type": "Feature",
      "properties": {
        "OBJECTID_1": 171,
        "OBJECTID": 171,
        "Id": 0,
        "X": "1463590.85309199",
        "Y": "11473118.2990762",
        "z": "7.12767e+02",
        "layer": "Spot level"
      },
      "geometry": {
        "type": "Point",
        "coordinates": [
          74.431810353015,
          31.606976851960063,
          712.7670288085938
        ]
      }
    },
    {
      "type": "Feature",
      "properties": {
        "OBJECTID_1": 172,
        "OBJECTID": 172,
        "Id": 0,
        "X": "1463527.89451559",
        "Y": "11473038.6046757",
        "z": "7.13461e+02",
        "layer": "Spot level"
      },
      "geometry": {
        "type": "Point",
        "coordinates": [
          74.43160938976435,
          31.606756801244504,
          713.4609985351562
        ]
      }
    },
    {
      "type": "Feature",
      "properties": {
        "OBJECTID_1": 173,
        "OBJECTID": 173,
        "Id": 0,
        "X": "1463467.32677121",
        "Y": "11472983.6155394",
        "z": "7.13648e+02",
        "layer": "Spot level"
      },
      "geometry": {
        "type": "Point",
        "coordinates": [
          74.43141569663248,
          31.60660472113633,
          713.6480102539062
        ]
      }
    },
    {
      "type": "Feature",
      "properties": {
        "OBJECTID_1": 174,
        "OBJECTID": 174,
        "Id": 0,
        "X": "1461816.8557367",
        "Y": "11473146.1921164",
        "z": "7.15828e+02",
        "layer": "Spot level"
      },
      "geometry": {
        "type": "Point",
        "coordinates": [
          74.42610978683001,
          31.607028072758897,
          715.8280029296875
        ]
      }
    },
    {
      "type": "Feature",
      "properties": {
        "OBJECTID_1": 175,
        "OBJECTID": 175,
        "Id": 0,
        "X": "1461937.99122547",
        "Y": "11473143.8012844",
        "z": "7.15056e+02",
        "layer": "Spot level"
      },
      "geometry": {
        "type": "Point",
        "coordinates": [
          74.42649905208263,
          31.607023246341424,
          715.0560302734375
        ]
      }
    },
    {
      "type": "Feature",
      "properties": {
        "OBJECTID_1": 176,
        "OBJECTID": 176,
        "Id": 0,
        "X": "1461817.6526807",
        "Y": "11473197.9934768",
        "z": "7.15980e+02",
        "layer": "Spot level"
      },
      "geometry": {
        "type": "Point",
        "coordinates": [
          74.42611147375047,
          31.60717053209278,
          715.97998046875
        ]
      }
    },
    {
      "type": "Feature",
      "properties": {
        "OBJECTID_1": 177,
        "OBJECTID": 177,
        "Id": 0,
        "X": "1461768.24215239",
        "Y": "11473247.4040051",
        "z": "7.15962e+02",
        "layer": "Spot level"
      },
      "geometry": {
        "type": "Point",
        "coordinates": [
          74.42595187703064,
          31.607305692018812,
          715.9619750976562
        ]
      }
    },
    {
      "type": "Feature",
      "properties": {
        "OBJECTID_1": 178,
        "OBJECTID": 178,
        "Id": 0,
        "X": "1461918.06762535",
        "Y": "11473248.9978931",
        "z": "7.15355e+02",
        "layer": "Spot level"
      },
      "geometry": {
        "type": "Point",
        "coordinates": [
          74.42643326138952,
          31.60731223758893,
          715.35498046875
        ]
      }
    },
    {
      "type": "Feature",
      "properties": {
        "OBJECTID_1": 179,
        "OBJECTID": 179,
        "Id": 0,
        "X": "1462070.28393031",
        "Y": "11473246.6070611",
        "z": "7.14905e+02",
        "layer": "Spot level"
      },
      "geometry": {
        "type": "Point",
        "coordinates": [
          74.42692239506,
          31.607307858284365,
          714.905029296875
        ]
      }
    },
    {
      "type": "Feature",
      "properties": {
        "OBJECTID_1": 180,
        "OBJECTID": 180,
        "Id": 0,
        "X": "1461840.76405685",
        "Y": "11473277.6878773",
        "z": "7.15787e+02",
        "layer": "Spot level"
      },
      "geometry": {
        "type": "Point",
        "coordinates": [
          74.42618438978518,
          31.607390016206683,
          715.7869873046875
        ]
      }
    },
    {
      "type": "Feature",
      "properties": {
        "OBJECTID_1": 181,
        "OBJECTID": 181,
        "Id": 0,
        "X": "1462000.15285787",
        "Y": "11473279.2817653",
        "z": "7.14904e+02",
        "layer": "Spot level"
      },
      "geometry": {
        "type": "Point",
        "coordinates": [
          74.42669650301686,
          31.60739669882438,
          714.9039916992188
        ]
      }
    },
    {
      "type": "Feature",
      "properties": {
        "OBJECTID_1": 182,
        "OBJECTID": 182,
        "Id": 0,
        "X": "1462138.82111475",
        "Y": "11473279.2817653",
        "z": "7.15019e+02",
        "layer": "Spot level"
      },
      "geometry": {
        "type": "Point",
        "coordinates": [
          74.42714206496349,
          31.607398697812936,
          715.0189819335938
        ]
      }
    },
    {
      "type": "Feature",
      "properties": {
        "OBJECTID_1": 183,
        "OBJECTID": 183,
        "Id": 0,
        "X": "1462263.14437954",
        "Y": "11473283.2664853",
        "z": "7.14354e+02",
        "layer": "Spot level"
      },
      "geometry": {
        "type": "Point",
        "coordinates": [
          74.42754146728618,
          31.607411446215902,
          714.35400390625
        ]
      }
    },
    {
      "type": "Feature",
      "properties": {
        "OBJECTID_1": 184,
        "OBJECTID": 184,
        "Id": 0,
        "X": "1462273.50465161",
        "Y": "11473245.8101171",
        "z": "7.14525e+02",
        "layer": "Spot level"
      },
      "geometry": {
        "type": "Point",
        "coordinates": [
          74.42757538660427,
          31.607308594638873,
          714.5250244140625
        ]
      }
    },
    {
      "type": "Feature",
      "properties": {
        "OBJECTID_1": 185,
        "OBJECTID": 185,
        "Id": 0,
        "X": "1462181.05914702",
        "Y": "11473247.4040051",
        "z": "7.14969e+02",
        "layer": "Spot level"
      },
      "geometry": {
        "type": "Point",
        "coordinates": [
          74.4272783187343,
          31.607311646174402,
          714.968994140625
        ]
      }
    },
    {
      "type": "Feature",
      "properties": {
        "OBJECTID_1": 186,
        "OBJECTID": 186,
        "Id": 0,
        "X": "1462055.14199422",
        "Y": "11473147.7860044",
        "z": "7.14695e+02",
        "layer": "Spot level"
      },
      "geometry": {
        "type": "Point",
        "coordinates": [
          74.42687540646465,
          31.607035893334942,
          714.6950073242188
        ]
      }
    },
    {
      "type": "Feature",
      "properties": {
        "OBJECTID_1": 187,
        "OBJECTID": 187,
        "Id": 0,
        "X": "1462180.26220301",
        "Y": "11473144.5982284",
        "z": "7.14571e+02",
        "layer": "Spot level"
      },
      "geometry": {
        "type": "Point",
        "coordinates": [
          74.42727748861836,
          31.607028930484983,
          714.5709838867188
        ]
      }
    },
    {
      "type": "Feature",
      "properties": {
        "OBJECTID_1": 188,
        "OBJECTID": 188,
        "Id": 0,
        "X": "1462263.14437954",
        "Y": "11473143.0043404",
        "z": "7.14142e+02",
        "layer": "Spot level"
      },
      "geometry": {
        "type": "Point",
        "coordinates": [
          74.42754382729905,
          31.60702574123464,
          714.1420288085938
        ]
      }
    },
    {
      "type": "Feature",
      "properties": {
        "OBJECTID_1": 189,
        "OBJECTID": 189,
        "Id": 0,
        "X": "1462259.95660352",
        "Y": "11473013.1024676",
        "z": "7.14399e+02",
        "layer": "Spot level"
      },
      "geometry": {
        "type": "Point",
        "coordinates": [
          74.42753577022776,
          31.606668479901973,
          714.3989868164062
        ]
      }
    },
    {
      "type": "Feature",
      "properties": {
        "OBJECTID_1": 190,
        "OBJECTID": 190,
        "Id": 0,
        "X": "1462121.28834663",
        "Y": "11473116.7051882",
        "z": "7.14449e+02",
        "layer": "Spot level"
      },
      "geometry": {
        "type": "Point",
        "coordinates": [
          74.42708846718405,
          31.60695137804827,
          714.448974609375
        ]
      }
    },
    {
      "type": "Feature",
      "properties": {
        "OBJECTID_1": 191,
        "OBJECTID": 191,
        "Id": 0,
        "X": "1461994.57424983",
        "Y": "11473118.2990762",
        "z": "7.14804e+02",
        "layer": "Spot level"
      },
      "geometry": {
        "type": "Point",
        "coordinates": [
          74.42668129084034,
          31.60695393431043,
          714.8040161132812
        ]
      }
    },
    {
      "type": "Feature",
      "properties": {
        "OBJECTID_1": 192,
        "OBJECTID": 192,
        "Id": 0,
        "X": "1461874.23570507",
        "Y": "11473117.5021322",
        "z": "7.14947e+02",
        "layer": "Spot level"
      },
      "geometry": {
        "type": "Point",
        "coordinates": [
          74.42629464031808,
          31.606950006766958,
          714.947021484375
        ]
      }
    },
    {
      "type": "Feature",
      "properties": {
        "OBJECTID_1": 193,
        "OBJECTID": 193,
        "Id": 0,
        "X": "1462381.8890363",
        "Y": "11473113.5174122",
        "z": "7.14618e+02",
        "layer": "Spot level"
      },
      "geometry": {
        "type": "Point",
        "coordinates": [
          74.4279258660684,
          31.606946364844376,
          714.6179809570312
        ]
      }
    },
    {
      "type": "Feature",
      "properties": {
        "OBJECTID_1": 194,
        "OBJECTID": 194,
        "Id": 0,
        "X": "1462431.29956461",
        "Y": "11473146.9890604",
        "z": "7.13921e+02",
        "layer": "Spot level"
      },
      "geometry": {
        "type": "Point",
        "coordinates": [
          74.42808406613857,
          31.607039119015074,
          713.9210205078125
        ]
      }
    },
    {
      "type": "Feature",
      "properties": {
        "OBJECTID_1": 195,
        "OBJECTID": 195,
        "Id": 0,
        "X": "1462565.98310147",
        "Y": "11473117.5021322",
        "z": "7.13151e+02",
        "layer": "Spot level"
      },
      "geometry": {
        "type": "Point",
        "coordinates": [
          74.42851731832187,
          31.60695997013991,
          713.1510009765625
        ]
      }
    },
    {
      "type": "Feature",
      "properties": {
        "OBJECTID_1": 196,
        "OBJECTID": 196,
        "Id": 0,
        "X": "1462636.11417392",
        "Y": "11473152.5676685",
        "z": "7.13420e+02",
        "layer": "Spot level"
      },
      "geometry": {
        "type": "Point",
        "coordinates": [
          74.42874207024849,
          31.6070574043611,
          713.4199829101562
        ]
      }
    },
    {
      "type": "Feature",
      "properties": {
        "OBJECTID_1": 197,
        "OBJECTID": 197,
        "Id": 0,
        "X": "1462755.65577467",
        "Y": "11473117.5021322",
        "z": "7.13250e+02",
        "layer": "Spot level"
      },
      "geometry": {
        "type": "Point",
        "coordinates": [
          74.42912676248287,
          31.606962695277062,
          713.25
        ]
      }
    },
    {
      "type": "Feature",
      "properties": {
        "OBJECTID_1": 198,
        "OBJECTID": 198,
        "Id": 0,
        "X": "1462804.26935899",
        "Y": "11473148.5829484",
        "z": "7.13006e+02",
        "layer": "Spot level"
      },
      "geometry": {
        "type": "Point",
        "coordinates": [
          74.42928244320753,
          31.60704886201478,
          713.0059814453125
        ]
      }
    },
    {
      "type": "Feature",
      "properties": {
        "OBJECTID_1": 199,
        "OBJECTID": 199,
        "Id": 0,
        "X": "1462780.36103884",
        "Y": "11473242.622341",
        "z": "7.13607e+02",
        "layer": "Spot level"
      },
      "geometry": {
        "type": "Point",
        "coordinates": [
          74.4292040447529,
          31.607307116497694,
          713.6069946289062
        ]
      }
    },
    {
      "type": "Feature",
      "properties": {
        "OBJECTID_1": 200,
        "OBJECTID": 200,
        "Id": 0,
        "X": "1462697.47886231",
        "Y": "11473278.4848213",
        "z": "7.13261e+02",
        "layer": "Spot level"
      },
      "geometry": {
        "type": "Point",
        "coordinates": [
          74.42893713007912,
          31.607404543961497,
          713.260986328125
        ]
      }
    },
    {
      "type": "Feature",
      "properties": {
        "OBJECTID_1": 201,
        "OBJECTID": 201,
        "Id": 0,
        "X": "1462620.97223782",
        "Y": "11473248.2009491",
        "z": "7.13979e+02",
        "layer": "Spot level"
      },
      "geometry": {
        "type": "Point",
        "coordinates": [
          74.42869181122866,
          31.607320167491004,
          713.97900390625
        ]
      }
    },
    {
      "type": "Feature",
      "properties": {
        "OBJECTID_1": 202,
        "OBJECTID": 202,
        "Id": 0,
        "X": "1462530.12062124",
        "Y": "11473276.8909332",
        "z": "7.14724e+02",
        "layer": "Spot level"
      },
      "geometry": {
        "type": "Point",
        "coordinates": [
          74.42839940948355,
          31.60739775573963,
          714.7239990234375
        ]
      }
    },
    {
      "type": "Feature",
      "properties": {
        "OBJECTID_1": 203,
        "OBJECTID": 203,
        "Id": 0,
        "X": "1462389.85847635",
        "Y": "11473281.6725973",
        "z": "7.14130e+02",
        "layer": "Spot level"
      },
      "geometry": {
        "type": "Point",
        "coordinates": [
          74.42794864564236,
          31.607408887235312,
          714.1300048828125
        ]
      }
    },
    {
      "type": "Feature",
      "properties": {
        "OBJECTID_1": 204,
        "OBJECTID": 204,
        "Id": 0,
        "X": "1462427.31484459",
        "Y": "11473245.8101171",
        "z": "7.15020e+02",
        "layer": "Spot level"
      },
      "geometry": {
        "type": "Point",
        "coordinates": [
          74.42806960148025,
          31.60731080840786,
          715.02001953125
        ]
      }
    },
    {
      "type": "Feature",
      "properties": {
        "OBJECTID_1": 205,
        "OBJECTID": 205,
        "Id": 0,
        "X": "1462911.05985566",
        "Y": "11473257.7642771",
        "z": "7.13075e+02",
        "layer": "Spot level"
      },
      "geometry": {
        "type": "Point",
        "coordinates": [
          74.42962374562288,
          31.607350631015787,
          713.0750122070312
        ]
      }
    },
    {
      "type": "Feature",
      "properties": {
        "OBJECTID_1": 206,
        "OBJECTID": 206,
        "Id": 0,
        "X": "1462869.6187674",
        "Y": "11473282.4695413",
        "z": "7.13251e+02",
        "layer": "Spot level"
      },
      "geometry": {
        "type": "Point",
        "coordinates": [
          74.42949017491259,
          31.60741797306164,
          713.2509765625
        ]
      }
    },
    {
      "type": "Feature",
      "properties": {
        "OBJECTID_1": 207,
        "OBJECTID": 207,
        "Id": 0,
        "X": "1462970.03371204",
        "Y": "11473172.4912686",
        "z": "7.12663e+02",
        "layer": "Spot level"
      },
      "geometry": {
        "type": "Point",
        "coordinates": [
          74.4298146665724,
          31.607116985817854,
          712.6630249023438
        ]
      }
    },
    {
      "type": "Feature",
      "properties": {
        "OBJECTID_1": 208,
        "OBJECTID": 208,
        "Id": 0,
        "X": "1463067.26088066",
        "Y": "11473170.8973806",
        "z": "7.12247e+02",
        "layer": "Spot level"
      },
      "geometry": {
        "type": "Point",
        "coordinates": [
          74.43012709800398,
          31.60711399692027,
          712.2470092773438
        ]
      }
    },
    {
      "type": "Feature",
      "properties": {
        "OBJECTID_1": 209,
        "OBJECTID": 209,
        "Id": 0,
        "X": "1463178.03609736",
        "Y": "11473242.622341",
        "z": "7.12355e+02",
        "layer": "Spot level"
      },
      "geometry": {
        "type": "Point",
        "coordinates": [
          74.4304818339281,
          31.607312819969707,
          712.35498046875
        ]
      }
    },
    {
      "type": "Feature",
      "properties": {
        "OBJECTID_1": 210,
        "OBJECTID": 210,
        "Id": 0,
        "X": "1463107.90502492",
        "Y": "11473239.434565",
        "z": "7.12793e+02",
        "layer": "Spot level"
      },
      "geometry": {
        "type": "Point",
        "coordinates": [
          74.43025654570637,
          31.607303049048888,
          712.7930297851562
        ]
      }
    },
    {
      "type": "Feature",
      "properties": {
        "OBJECTID_1": 211,
        "OBJECTID": 211,
        "Id": 0,
        "X": "1463179.62998537",
        "Y": "11473287.2512053",
        "z": "7.12536e+02",
        "layer": "Spot level"
      },
      "geometry": {
        "type": "Point",
        "coordinates": [
          74.43048620827213,
          31.6074355671759,
          712.5360107421875
        ]
      }
    },
    {
      "type": "Feature",
      "properties": {
        "OBJECTID_1": 212,
        "OBJECTID": 212,
        "Id": 0,
        "X": "1463038.57089648",
        "Y": "11473311.1595255",
        "z": "7.12712e+02",
        "layer": "Spot level"
      },
      "geometry": {
        "type": "Point",
        "coordinates": [
          74.43003256325093,
          31.60749929076516,
          712.7119750976562
        ]
      }
    },
    {
      "type": "Feature",
      "properties": {
        "OBJECTID_1": 213,
        "OBJECTID": 213,
        "Id": 0,
        "X": "1463001.91147224",
        "Y": "11473323.1136856",
        "z": "7.12470e+02",
        "layer": "Spot level"
      },
      "geometry": {
        "type": "Point",
        "coordinates": [
          74.42991457051534,
          31.60753163770766,
          712.469970703125
        ]
      }
    },
    {
      "type": "Feature",
      "properties": {
        "OBJECTID_1": 214,
        "OBJECTID": 214,
        "Id": 0,
        "X": "1463014.66257632",
        "Y": "11473409.9805821",
        "z": "7.11887e+02",
        "layer": "Spot level"
      },
      "geometry": {
        "type": "Point",
        "coordinates": [
          74.42995408634418,
          31.607770694748258,
          711.8870239257812
        ]
      }
    },
    {
      "type": "Feature",
      "properties": {
        "OBJECTID_1": 215,
        "OBJECTID": 215,
        "Id": 0,
        "X": "1462990.75425617",
        "Y": "11473461.7819424",
        "z": "7.10884e+02",
        "layer": "Spot level"
      },
      "geometry": {
        "type": "Point",
        "coordinates": [
          74.42987639690958,
          31.60791279979997,
          710.8839721679688
        ]
      }
    },
    {
      "type": "Feature",
      "properties": {
        "OBJECTID_1": 216,
        "OBJECTID": 216,
        "Id": 0,
        "X": "1462966.84593602",
        "Y": "11473521.5527428",
        "z": "7.09934e+02",
        "layer": "Spot level"
      },
      "geometry": {
        "type": "Point",
        "coordinates": [
          74.42979857366858,
          31.608076819860006,
          709.9340209960938
        ]
      }
    },
    {
      "type": "Feature",
      "properties": {
        "OBJECTID_1": 217,
        "OBJECTID": 217,
        "Id": 0,
        "X": "1462871.21265541",
        "Y": "11473540.6793989",
        "z": "7.10977e+02",
        "layer": "Spot level"
      },
      "geometry": {
        "type": "Point",
        "coordinates": [
          74.4294909664572,
          31.608128043922022,
          710.9769897460938
        ]
      }
    },
    {
      "type": "Feature",
      "properties": {
        "OBJECTID_1": 218,
        "OBJECTID": 218,
        "Id": 0,
        "X": "1462862.44627136",
        "Y": "11473599.6532553",
        "z": "7.10489e+02",
        "layer": "Spot level"
      },
      "geometry": {
        "type": "Point",
        "coordinates": [
          74.42946180952642,
          31.60829008955235,
          710.489013671875
        ]
      }
    },
    {
      "type": "Feature",
      "properties": {
        "OBJECTID_1": 219,
        "OBJECTID": 219,
        "Id": 0,
        "X": "1462866.43099138",
        "Y": "11473657.8301677",
        "z": "7.09250e+02",
        "layer": "Spot level"
      },
      "geometry": {
        "type": "Point",
        "coordinates": [
          74.42947363754823,
          31.608450126672622,
          709.25
        ]
      }
    },
    {
      "type": "Feature",
      "properties": {
        "OBJECTID_1": 220,
        "OBJECTID": 220,
        "Id": 0,
        "X": "1462780.36103884",
        "Y": "11473572.5571591",
        "z": "7.11091e+02",
        "layer": "Spot level"
      },
      "geometry": {
        "type": "Point",
        "coordinates": [
          74.42919850932577,
          31.608214399991752,
          711.0910034179688
        ]
      }
    },
    {
      "type": "Feature",
      "properties": {
        "OBJECTID_1": 221,
        "OBJECTID": 221,
        "Id": 0,
        "X": "1462616.19057379",
        "Y": "11473572.5571591",
        "z": "7.12116e+02",
        "layer": "Spot level"
      },
      "geometry": {
        "type": "Point",
        "coordinates": [
          74.42867100016815,
          31.608212041641778,
          712.1160278320312
        ]
      }
    },
    {
      "type": "Feature",
      "properties": {
        "OBJECTID_1": 222,
        "OBJECTID": 222,
        "Id": 0,
        "X": "1462469.55287686",
        "Y": "11473571.7602151",
        "z": "7.13521e+02",
        "layer": "Spot level"
      },
      "geometry": {
        "type": "Point",
        "coordinates": [
          74.42819984038663,
          31.608207741807195,
          713.52099609375
        ]
      }
    },
    {
      "type": "Feature",
      "properties": {
        "OBJECTID_1": 223,
        "OBJECTID": 223,
        "Id": 0,
        "X": "1462350.01127609",
        "Y": "11473571.7602151",
        "z": "7.14690e+02",
        "layer": "Spot level"
      },
      "geometry": {
        "type": "Point",
        "coordinates": [
          74.42781573186492,
          31.60820602177499,
          714.6900024414062
        ]
      }
    },
    {
      "type": "Feature",
      "properties": {
        "OBJECTID_1": 224,
        "OBJECTID": 224,
        "Id": 0,
        "X": "1462270.31687559",
        "Y": "11473566.1816071",
        "z": "7.14979e+02",
        "layer": "Spot level"
      },
      "geometry": {
        "type": "Point",
        "coordinates": [
          74.42755975340035,
          31.6081895339085,
          714.97900390625
        ]
      }
    },
    {
      "type": "Feature",
      "properties": {
        "OBJECTID_1": 225,
        "OBJECTID": 225,
        "Id": 0,
        "X": "1462267.92604357",
        "Y": "11473480.9085985",
        "z": "7.15089e+02",
        "layer": "Spot level"
      },
      "geometry": {
        "type": "Point",
        "coordinates": [
          74.4275535060349,
          31.607955008415082,
          715.0889892578125
        ]
      }
    },
    {
      "type": "Feature",
      "properties": {
        "OBJECTID_1": 226,
        "OBJECTID": 226,
        "Id": 0,
        "X": "1462265.53521155",
        "Y": "11473385.2753179",
        "z": "7.14737e+02",
        "layer": "Spot level"
      },
      "geometry": {
        "type": "Point",
        "coordinates": [
          74.42754743301225,
          31.60769199334284,
          714.7369995117188
        ]
      }
    },
    {
      "type": "Feature",
      "properties": {
        "OBJECTID_1": 227,
        "OBJECTID": 227,
        "Id": 0,
        "X": "1462789.12742289",
        "Y": "11473693.6926479",
        "z": "7.10411e+02",
        "layer": "Spot level"
      },
      "geometry": {
        "type": "Point",
        "coordinates": [
          74.42922464499911,
          31.6085476347465,
          710.4110107421875
        ]
      }
    },
    {
      "type": "Feature",
      "properties": {
        "OBJECTID_1": 228,
        "OBJECTID": 228,
        "Id": 0,
        "X": "1462813.03574304",
        "Y": "11473716.8040241",
        "z": "7.09494e+02",
        "layer": "Spot level"
      },
      "geometry": {
        "type": "Point",
        "coordinates": [
          74.42930107930843,
          31.60861153166899,
          709.4940185546875
        ]
      }
    },
    {
      "type": "Feature",
      "properties": {
        "OBJECTID_1": 229,
        "OBJECTID": 229,
        "Id": 0,
        "X": "1462824.98990312",
        "Y": "11473789.3259285",
        "z": "7.08734e+02",
        "layer": "Spot level"
      },
      "geometry": {
        "type": "Point",
        "coordinates": [
          74.42933827385943,
          31.60881113030277,
          708.7340087890625
        ]
      }
    },
    {
      "type": "Feature",
      "properties": {
        "OBJECTID_1": 230,
        "OBJECTID": 230,
        "Id": 0,
        "X": "1462789.9243669",
        "Y": "11473840.3303448",
        "z": "7.09005e+02",
        "layer": "Spot level"
      },
      "geometry": {
        "type": "Point",
        "coordinates": [
          74.42922474555412,
          31.60895088323681,
          709.0050048828125
        ]
      }
    },
    {
      "type": "Feature",
      "properties": {
        "OBJECTID_1": 231,
        "OBJECTID": 231,
        "Id": 0,
        "X": "1462749.28022264",
        "Y": "11473845.1120089",
        "z": "7.09254e+02",
        "layer": "Spot level"
      },
      "geometry": {
        "type": "Point",
        "coordinates": [
          74.42909406734991,
          31.608963448624472,
          709.2540283203125
        ]
      }
    },
    {
      "type": "Feature",
      "properties": {
        "OBJECTID_1": 232,
        "OBJECTID": 232,
        "Id": 0,
        "X": "1462814.62963105",
        "Y": "11473931.9789054",
        "z": "7.08462e+02",
        "layer": "Spot level"
      },
      "geometry": {
        "type": "Point",
        "coordinates": [
          74.42930259120807,
          31.609203261081895,
          708.4619750976562
        ]
      }
    },
    {
      "type": "Feature",
      "properties": {
        "OBJECTID_1": 233,
        "OBJECTID": 233,
        "Id": 0,
        "X": "1462771.59465478",
        "Y": "11473951.1055616",
        "z": "7.09285e+02",
        "layer": "Spot level"
      },
      "geometry": {
        "type": "Point",
        "coordinates": [
          74.42916398970486,
          31.609255239311928,
          709.2849731445312
        ]
      }
    },
    {
      "type": "Feature",
      "properties": {
        "OBJECTID_1": 234,
        "OBJECTID": 234,
        "Id": 0,
        "X": "1462717.40246244",
        "Y": "11473882.5683771",
        "z": "7.09582e+02",
        "layer": "Spot level"
      },
      "geometry": {
        "type": "Point",
        "coordinates": [
          74.42899100888424,
          31.60906599152858,
          709.5819702148438
        ]
      }
    },
    {
      "type": "Feature",
      "properties": {
        "OBJECTID_1": 235,
        "OBJECTID": 235,
        "Id": 0,
        "X": "1462640.09889394",
        "Y": "11473853.0814489",
        "z": "7.09857e+02",
        "layer": "Spot level"
      },
      "geometry": {
        "type": "Point",
        "coordinates": [
          74.42874311152396,
          31.608983795184244,
          709.8569946289062
        ]
      }
    },
    {
      "type": "Feature",
      "properties": {
        "OBJECTID_1": 236,
        "OBJECTID": 236,
        "Id": 0,
        "X": "1462577.93726154",
        "Y": "11473884.1622651",
        "z": "7.10020e+02",
        "layer": "Spot level"
      },
      "geometry": {
        "type": "Point",
        "coordinates": [
          74.42854285133248,
          31.6090683704497,
          710.02001953125
        ]
      }
    },
    {
      "type": "Feature",
      "properties": {
        "OBJECTID_1": 237,
        "OBJECTID": 237,
        "Id": 0,
        "X": "1462499.83674905",
        "Y": "11473853.0814489",
        "z": "7.10385e+02",
        "layer": "Spot level"
      },
      "geometry": {
        "type": "Point",
        "coordinates": [
          74.42829242041392,
          31.608981778768307,
          710.385009765625
        ]
      }
    },
    {
      "type": "Feature",
      "properties": {
        "OBJECTID_1": 238,
        "OBJECTID": 238,
        "Id": 0,
        "X": "1462424.12706856",
        "Y": "11473884.1622651",
        "z": "7.10566e+02",
        "layer": "Spot level"
      },
      "geometry": {
        "type": "Point",
        "coordinates": [
          74.42804862713132,
          31.609066158402005,
          710.5659790039062
        ]
      }
    },
    {
      "type": "Feature",
      "properties": {
        "OBJECTID_1": 239,
        "OBJECTID": 239,
        "Id": 0,
        "X": "1462354.79294013",
        "Y": "11473847.5028409",
        "z": "7.10943e+02",
        "layer": "Spot level"
      },
      "geometry": {
        "type": "Point",
        "coordinates": [
          74.42782645870582,
          31.608964351403074,
          710.9429931640625
        ]
      }
    },
    {
      "type": "Feature",
      "properties": {
        "OBJECTID_1": 240,
        "OBJECTID": 240,
        "Id": 0,
        "X": "1462281.47409166",
        "Y": "11473878.5836571",
        "z": "7.11227e+02",
        "layer": "Spot level"
      },
      "geometry": {
        "type": "Point",
        "coordinates": [
          74.42759034730203,
          31.609048764569966,
          711.2269897460938
        ]
      }
    },
    {
      "type": "Feature",
      "properties": {
        "OBJECTID_1": 241,
        "OBJECTID": 241,
        "Id": 0,
        "X": "1462265.53521155",
        "Y": "11473941.5422335",
        "z": "7.12186e+02",
        "layer": "Spot level"
      },
      "geometry": {
        "type": "Point",
        "coordinates": [
          74.42753807296491,
          31.6092216639376,
          712.1859741210938
        ]
      }
    },
    {
      "type": "Feature",
      "properties": {
        "OBJECTID_1": 242,
        "OBJECTID": 242,
        "Id": 0,
        "X": "1462325.30601194",
        "Y": "11473989.3588738",
        "z": "7.08037e+02",
        "layer": "Spot level"
      },
      "geometry": {
        "type": "Point",
        "coordinates": [
          74.42772932494533,
          31.60935401483634,
          708.0369873046875
        ]
      }
    },
    {
      "type": "Feature",
      "properties": {
        "OBJECTID_1": 243,
        "OBJECTID": 243,
        "Id": 0,
        "X": "1462792.31519891",
        "Y": "11474053.1143942",
        "z": "7.09360e+02",
        "layer": "Spot level"
      },
      "geometry": {
        "type": "Point",
        "coordinates": [
          74.42922885781486,
          31.609536049540264,
          709.3599853515625
        ]
      }
    },
    {
      "type": "Feature",
      "properties": {
        "OBJECTID_1": 244,
        "OBJECTID": 244,
        "Id": 0,
        "X": "1462832.16239917",
        "Y": "11474081.8043784",
        "z": "7.09360e+02",
        "layer": "Spot level"
      },
      "geometry": {
        "type": "Point",
        "coordinates": [
          74.42935641459238,
          31.609615515814262,
          709.3599853515625
        ]
      }
    },
    {
      "type": "Feature",
      "properties": {
        "OBJECTID_1": 245,
        "OBJECTID": 245,
        "Id": 0,
        "X": "1462875.99431944",
        "Y": "11474101.7279785",
        "z": "7.08623e+02",
        "layer": "Spot level"
      },
      "geometry": {
        "type": "Point",
        "coordinates": [
          74.42949692242335,
          31.609670932590415,
          708.6229858398438
        ]
      }
    },
    {
      "type": "Feature",
      "properties": {
        "OBJECTID_1": 246,
        "OBJECTID": 246,
        "Id": 0,
        "X": "1462871.21265541",
        "Y": "11474156.7171149",
        "z": "7.09544e+02",
        "layer": "Spot level"
      },
      "geometry": {
        "type": "Point",
        "coordinates": [
          74.42948063564766,
          31.609822077840462,
          709.5440063476562
        ]
      }
    },
    {
      "type": "Feature",
      "properties": {
        "OBJECTID_1": 247,
        "OBJECTID": 247,
        "Id": 0,
        "X": "1462899.90263959",
        "Y": "11474239.5992914",
        "z": "7.10157e+02",
        "layer": "Spot level"
      },
      "geometry": {
        "type": "Point",
        "coordinates": [
          74.42957143355235,
          31.6100504061343,
          710.156982421875
        ]
      }
    },
    {
      "type": "Feature",
      "properties": {
        "OBJECTID_1": 248,
        "OBJECTID": 248,
        "Id": 0,
        "X": "1462962.86121599",
        "Y": "11474261.1167795",
        "z": "7.09733e+02",
        "layer": "Spot level"
      },
      "geometry": {
        "type": "Point",
        "coordinates": [
          74.42977337407639,
          31.610110480075438,
          709.7329711914062
        ]
      }
    },
    {
      "type": "Feature",
      "properties": {
        "OBJECTID_1": 249,
        "OBJECTID": 249,
        "Id": 0,
        "X": "1463013.86563232",
        "Y": "11474260.3198355",
        "z": "7.09229e+02",
        "layer": "Spot level"
      },
      "geometry": {
        "type": "Point",
        "coordinates": [
          74.42993727712177,
          31.61010902011929,
          709.22900390625
        ]
      }
    },
    {
      "type": "Feature",
      "properties": {
        "OBJECTID_1": 250,
        "OBJECTID": 250,
        "Id": 0,
        "X": "1462796.29991893",
        "Y": "11474163.0926669",
        "z": "7.09742e+02",
        "layer": "Spot level"
      },
      "geometry": {
        "type": "Point",
        "coordinates": [
          74.42923981646328,
          31.609838534495903,
          709.7420043945312
        ]
      }
    },
    {
      "type": "Feature",
      "properties": {
        "OBJECTID_1": 251,
        "OBJECTID": 251,
        "Id": 0,
        "X": "1462682.33692621",
        "Y": "11474165.4834989",
        "z": "7.10039e+02",
        "layer": "Spot level"
      },
      "geometry": {
        "type": "Point",
        "coordinates": [
          74.4288735864175,
          31.60984347217906,
          710.0390014648438
        ]
      }
    },
    {
      "type": "Feature",
      "properties": {
        "OBJECTID_1": 252,
        "OBJECTID": 252,
        "Id": 0,
        "X": "1462601.8455817",
        "Y": "11474167.0773869",
        "z": "7.10183e+02",
        "layer": "Spot level"
      },
      "geometry": {
        "type": "Point",
        "coordinates": [
          74.4286149220193,
          31.60984669847201,
          710.1829833984375
        ]
      }
    },
    {
      "type": "Feature",
      "properties": {
        "OBJECTID_1": 253,
        "OBJECTID": 253,
        "Id": 0,
        "X": "1462432.89345262",
        "Y": "11474161.4987789",
        "z": "7.10340e+02",
        "layer": "Spot level"
      },
      "geometry": {
        "type": "Point",
        "coordinates": [
          74.42807213288864,
          31.609828928273362,
          710.3400268554688
        ]
      }
    },
    {
      "type": "Feature",
      "properties": {
        "OBJECTID_1": 254,
        "OBJECTID": 254,
        "Id": 0,
        "X": "1462285.45881168",
        "Y": "11474164.6865549",
        "z": "7.10844e+02",
        "layer": "Spot level"
      },
      "geometry": {
        "type": "Point",
        "coordinates": [
          74.42759833721438,
          31.60983557218227,
          710.843994140625
        ]
      }
    },
    {
      "type": "Feature",
      "properties": {
        "OBJECTID_1": 255,
        "OBJECTID": 255,
        "Id": 0,
        "X": "1462284.66186768",
        "Y": "11474234.8176273",
        "z": "7.10675e+02",
        "layer": "Spot level"
      },
      "geometry": {
        "type": "Point",
        "coordinates": [
          74.42759459642335,
          31.610028413117014,
          710.6749877929688
        ]
      }
    },
    {
      "type": "Feature",
      "properties": {
        "OBJECTID_1": 256,
        "OBJECTID": 256,
        "Id": 0,
        "X": "1462281.47409166",
        "Y": "11474313.7150839",
        "z": "7.10832e+02",
        "layer": "Spot level"
      },
      "geometry": {
        "type": "Point",
        "coordinates": [
          74.4275830257674,
          31.610245326167874,
          710.8319702148438
        ]
      }
    },
    {
      "type": "Feature",
      "properties": {
        "OBJECTID_1": 257,
        "OBJECTID": 257,
        "Id": 0,
        "X": "1462614.59668578",
        "Y": "11474214.0970832",
        "z": "7.10059e+02",
        "layer": "Spot level"
      },
      "geometry": {
        "type": "Point",
        "coordinates": [
          74.42865510463183,
          31.60997618054879,
          710.0590209960938
        ]
      }
    },
    {
      "type": "Feature",
      "properties": {
        "OBJECTID_1": 258,
        "OBJECTID": 258,
        "Id": 0,
        "X": "1462659.22555006",
        "Y": "11474285.0250997",
        "z": "7.10066e+02",
        "layer": "Spot level"
      },
      "geometry": {
        "type": "Point",
        "coordinates": [
          74.4287973169455,
          31.6101718658707,
          710.0659790039062
        ]
      }
    },
    {
      "type": "Feature",
      "properties": {
        "OBJECTID_1": 259,
        "OBJECTID": 259,
        "Id": 0,
        "X": "1463022.91891622",
        "Y": "11474338.0696927",
        "z": "7.10345e+02",
        "layer": "Spot level"
      },
      "geometry": {
        "type": "Point",
        "coordinates": [
          74.42996506472839,
          31.61032295322128,
          710.344970703125
        ]
      }
    },
    {
      "type": "Feature",
      "properties": {
        "OBJECTID_1": 260,
        "OBJECTID": 260,
        "Id": 0,
        "X": "1463071.88315589",
        "Y": "11474332.4592069",
        "z": "7.09931e+02",
        "layer": "Spot level"
      },
      "geometry": {
        "type": "Point",
        "coordinates": [
          74.4301224931805,
          31.610308227082065,
          709.9310302734375
        ]
      }
    },
    {
      "type": "Feature",
      "properties": {
        "OBJECTID_1": 261,
        "OBJECTID": 261,
        "Id": 0,
        "X": "1463145.3295154",
        "Y": "11474332.969251",
        "z": "7.09618e+02",
        "layer": "Spot level"
      },
      "geometry": {
        "type": "Point",
        "coordinates": [
          74.43035848630967,
          31.610310682370898,
          709.6179809570312
        ]
      }
    },
    {
      "type": "Feature",
      "properties": {
        "OBJECTID_1": 262,
        "OBJECTID": 262,
        "Id": 0,
        "X": "1463164.7111936",
        "Y": "11474403.3553456",
        "z": "7.10303e+02",
        "layer": "Spot level"
      },
      "geometry": {
        "type": "Point",
        "coordinates": [
          74.43041958603979,
          31.610504513873607,
          710.302978515625
        ]
      }
    },
    {
      "type": "Feature",
      "properties": {
        "OBJECTID_1": 263,
        "OBJECTID": 263,
        "Id": 0,
        "X": "1463191.23349009",
        "Y": "11474375.8129607",
        "z": "7.10181e+02",
        "layer": "Spot level"
      },
      "geometry": {
        "type": "Point",
        "coordinates": [
          74.43050527012792,
          31.610429155445313,
          710.1810302734375
        ]
      }
    },
    {
      "type": "Feature",
      "properties": {
        "OBJECTID_1": 264,
        "OBJECTID": 264,
        "Id": 0,
        "X": "1463229.04051369",
        "Y": "11474258.7259475",
        "z": "7.09903e+02",
        "layer": "Spot level"
      },
      "geometry": {
        "type": "Point",
        "coordinates": [
          74.43062871348098,
          31.610107721016632,
          709.9030151367188
        ]
      }
    },
    {
      "type": "Feature",
      "properties": {
        "OBJECTID_1": 265,
        "OBJECTID": 265,
        "Id": 0,
        "X": "1463230.6344017",
        "Y": "11474118.4638026",
        "z": "7.09453e+02",
        "layer": "Spot level"
      },
      "geometry": {
        "type": "Point",
        "coordinates": [
          74.43063618254621,
          31.60972203882,
          709.4530029296875
        ]
      }
    },
    {
      "type": "Feature",
      "properties": {
        "OBJECTID_1": 266,
        "OBJECTID": 266,
        "Id": 0,
        "X": "1463390.02320271",
        "Y": "11474143.9660108",
        "z": "7.09647e+02",
        "layer": "Spot level"
      },
      "geometry": {
        "type": "Point",
        "coordinates": [
          74.431147909367,
          31.609794448923687,
          709.64697265625
        ]
      }
    },
    {
      "type": "Feature",
      "properties": {
        "OBJECTID_1": 267,
        "OBJECTID": 267,
        "Id": 0,
        "X": "1463390.02320271",
        "Y": "11474251.5534515",
        "z": "7.10050e+02",
        "layer": "Spot level"
      },
      "geometry": {
        "type": "Point",
        "coordinates": [
          74.43114611033593,
          31.610090302236056,
          710.0499877929688
        ]
      }
    },
    {
      "type": "Feature",
      "properties": {
        "OBJECTID_1": 268,
        "OBJECTID": 268,
        "Id": 0,
        "X": "1463453.77872312",
        "Y": "11474337.623404",
        "z": "7.09426e+02",
        "layer": "Spot level"
      },
      "geometry": {
        "type": "Point",
        "coordinates": [
          74.43134953372947,
          31.61032789708609,
          709.426025390625
        ]
      }
    },
    {
      "type": "Feature",
      "properties": {
        "OBJECTID_1": 269,
        "OBJECTID": 269,
        "Id": 0,
        "X": "1463487.25037134",
        "Y": "11474356.7500601",
        "z": "7.10390e+02",
        "layer": "Spot level"
      },
      "geometry": {
        "type": "Point",
        "coordinates": [
          74.4314567669592,
          31.61038097200873,
          710.3900146484375
        ]
      }
    },
    {
      "type": "Feature",
      "properties": {
        "OBJECTID_1": 270,
        "OBJECTID": 270,
        "Id": 0,
        "X": "1463455.37261113",
        "Y": "11474399.7850364",
        "z": "7.10610e+02",
        "layer": "Spot level"
      },
      "geometry": {
        "type": "Point",
        "coordinates": [
          74.43135361621468,
          31.610498857350066,
          710.6099853515625
        ]
      }
    },
    {
      "type": "Feature",
      "properties": {
        "OBJECTID_1": 271,
        "OBJECTID": 271,
        "Id": 0,
        "X": "1463587.66531597",
        "Y": "11474314.5120279",
        "z": "7.10250e+02",
        "layer": "Spot level"
      },
      "geometry": {
        "type": "Point",
        "coordinates": [
          74.43178013133223,
          31.610266257979937,
          710.25
        ]
      }
    },
    {
      "type": "Feature",
      "properties": {
        "OBJECTID_1": 272,
        "OBJECTID": 272,
        "Id": 0,
        "X": "1463612.37058013",
        "Y": "11474345.5928441",
        "z": "7.10524e+02",
        "layer": "Spot level"
      },
      "geometry": {
        "type": "Point",
        "coordinates": [
          74.43185899648356,
          31.610352079845157,
          710.5239868164062
        ]
      }
    },
    {
      "type": "Feature",
      "properties": {
        "OBJECTID_1": 273,
        "OBJECTID": 273,
        "Id": 0,
        "X": "1463661.78110845",
        "Y": "11474291.4006517",
        "z": "7.10822e+02",
        "layer": "Spot level"
      },
      "geometry": {
        "type": "Point",
        "coordinates": [
          74.43201866989176,
          31.610203763525274,
          710.822021484375
        ]
      }
    },
    {
      "type": "Feature",
      "properties": {
        "OBJECTID_1": 274,
        "OBJECTID": 274,
        "Id": 0,
        "X": "1463665.76582847",
        "Y": "11474250.7565075",
        "z": "7.10127e+02",
        "layer": "Spot level"
      },
      "geometry": {
        "type": "Point",
        "coordinates": [
          74.43203215237372,
          31.61009205363976,
          710.1270141601562
        ]
      }
    },
    {
      "type": "Feature",
      "properties": {
        "OBJECTID_1": 275,
        "OBJECTID": 275,
        "Id": 0,
        "X": "1463667.35971648",
        "Y": "11474206.9245872",
        "z": "7.09275e+02",
        "layer": "Spot level"
      },
      "geometry": {
        "type": "Point",
        "coordinates": [
          74.43203800572111,
          31.609971543565322,
          709.2750244140625
        ]
      }
    },
    {
      "type": "Feature",
      "properties": {
        "OBJECTID_1": 276,
        "OBJECTID": 276,
        "Id": 0,
        "X": "1463765.3838291",
        "Y": "11474175.046827",
        "z": "7.10446e+02",
        "layer": "Spot level"
      },
      "geometry": {
        "type": "Point",
        "coordinates": [
          74.43235351279785,
          31.6098852834764,
          710.4459838867188
        ]
      }
    },
    {
      "type": "Feature",
      "properties": {
        "OBJECTID_1": 277,
        "OBJECTID": 277,
        "Id": 0,
        "X": "1463763.78994109",
        "Y": "11474124.8393546",
        "z": "7.09990e+02",
        "layer": "Spot level"
      },
      "geometry": {
        "type": "Point",
        "coordinates": [
          74.4323492290252,
          31.609747195805024,
          709.989990234375
        ]
      }
    },
    {
      "type": "Feature",
      "properties": {
        "OBJECTID_1": 278,
        "OBJECTID": 278,
        "Id": 0,
        "X": "1463759.00827706",
        "Y": "11474064.2716103",
        "z": "7.09312e+02",
        "layer": "Spot level"
      },
      "geometry": {
        "type": "Point",
        "coordinates": [
          74.43233487508273,
          31.60958057302308,
          709.31201171875
        ]
      }
    },
    {
      "type": "Feature",
      "properties": {
        "OBJECTID_1": 279,
        "OBJECTID": 279,
        "Id": 0,
        "X": "1463849.06294964",
        "Y": "11473971.8261057",
        "z": "7.10073e+02",
        "layer": "Spot level"
      },
      "geometry": {
        "type": "Point",
        "coordinates": [
          74.43262578310033,
          31.609327643917993,
          710.072998046875
        ]
      }
    },
    {
      "type": "Feature",
      "properties": {
        "OBJECTID_1": 280,
        "OBJECTID": 280,
        "Id": 0,
        "X": "1463832.32712553",
        "Y": "11473899.3042012",
        "z": "7.09711e+02",
        "layer": "Spot level"
      },
      "geometry": {
        "type": "Point",
        "coordinates": [
          74.4325732168276,
          31.60912797791937,
          709.7109985351562
        ]
      }
    },
    {
      "type": "Feature",
      "properties": {
        "OBJECTID_1": 281,
        "OBJECTID": 281,
        "Id": 0,
        "X": "1463802.04325333",
        "Y": "11473813.2342487",
        "z": "7.09544e+02",
        "layer": "Spot level"
      },
      "geometry": {
        "type": "Point",
        "coordinates": [
          74.43247734410973,
          31.60889086286817,
          709.5440063476562
        ]
      }
    },
    {
      "type": "Feature",
      "properties": {
        "OBJECTID_1": 282,
        "OBJECTID": 282,
        "Id": 0,
        "X": "1463750.24189301",
        "Y": "11473657.0332237",
        "z": "7.09792e+02",
        "layer": "Spot level"
      },
      "geometry": {
        "type": "Point",
        "coordinates": [
          74.43231350218804,
          31.60846058787048,
          709.7919921875
        ]
      }
    },
    {
      "type": "Feature",
      "properties": {
        "OBJECTID_1": 283,
        "OBJECTID": 283,
        "Id": 0,
        "X": "1463803.63714135",
        "Y": "11473709.631528",
        "z": "7.10518e+02",
        "layer": "Spot level"
      },
      "geometry": {
        "type": "Point",
        "coordinates": [
          74.4324841938483,
          31.608605989721376,
          710.5180053710938
        ]
      }
    },
    {
      "type": "Feature",
      "properties": {
        "OBJECTID_1": 284,
        "OBJECTID": 284,
        "Id": 0,
        "X": "1463839.49962158",
        "Y": "11473729.5551281",
        "z": "7.11235e+02",
        "layer": "Spot level"
      },
      "geometry": {
        "type": "Point",
        "coordinates": [
          74.43259909470127,
          31.608661289322168,
          711.2349853515625
        ]
      }
    },
    {
      "type": "Feature",
      "properties": {
        "OBJECTID_1": 285,
        "OBJECTID": 285,
        "Id": 0,
        "X": "1463771.75938114",
        "Y": "11473610.8104714",
        "z": "7.10559e+02",
        "layer": "Spot level"
      },
      "geometry": {
        "type": "Point",
        "coordinates": [
          74.43238341315296,
          31.608333787722128,
          710.5590209960938
        ]
      }
    },
    {
      "type": "Feature",
      "properties": {
        "OBJECTID_1": 286,
        "OBJECTID": 286,
        "Id": 0,
        "X": "1463830.73323752",
        "Y": "11473612.4043594",
        "z": "7.10942e+02",
        "layer": "Spot level"
      },
      "geometry": {
        "type": "Point",
        "coordinates": [
          74.43257288051193,
          31.60833901265705,
          710.9420166015625
        ]
      }
    },
    {
      "type": "Feature",
      "properties": {
        "OBJECTID_1": 287,
        "OBJECTID": 287,
        "Id": 0,
        "X": "1463930.35123815",
        "Y": "11473612.4043594",
        "z": "7.10762e+02",
        "layer": "Spot level"
      },
      "geometry": {
        "type": "Point",
        "coordinates": [
          74.43289297166454,
          31.60834043418216,
          710.7620239257812
        ]
      }
    },
    {
      "type": "Feature",
      "properties": {
        "OBJECTID_1": 288,
        "OBJECTID": 288,
        "Id": 0,
        "X": "1464069.01949504",
        "Y": "11473616.3890794",
        "z": "7.11336e+02",
        "layer": "Spot level"
      },
      "geometry": {
        "type": "Point",
        "coordinates": [
          74.43333847221669,
          31.608353369146837,
          711.3359985351562
        ]
      }
    },
    {
      "type": "Feature",
      "properties": {
        "OBJECTID_1": 289,
        "OBJECTID": 289,
        "Id": 0,
        "X": "1464163.05888764",
        "Y": "11473611.6074154",
        "z": "7.11281e+02",
        "layer": "Spot level"
      },
      "geometry": {
        "type": "Point",
        "coordinates": [
          74.4336407179521,
          31.608341560232205,
          711.281005859375
        ]
      }
    },
    {
      "type": "Feature",
      "properties": {
        "OBJECTID_1": 290,
        "OBJECTID": 290,
        "Id": 0,
        "X": "1464325.63546467",
        "Y": "11473613.9982474",
        "z": "7.11665e+02",
        "layer": "Spot level"
      },
      "geometry": {
        "type": "Point",
        "coordinates": [
          74.43416306707165,
          31.608350449903924,
          711.6649780273438
        ]
      }
    },
    {
      "type": "Feature",
      "properties": {
        "OBJECTID_1": 291,
        "OBJECTID": 291,
        "Id": 0,
        "X": "1464418.08096925",
        "Y": "11473610.0135274",
        "z": "7.12023e+02",
        "layer": "Spot level"
      },
      "geometry": {
        "type": "Point",
        "coordinates": [
          74.43446017801719,
          31.60834080786945,
          712.0230102539062
        ]
      }
    },
    {
      "type": "Feature",
      "properties": {
        "OBJECTID_1": 292,
        "OBJECTID": 292,
        "Id": 0,
        "X": "1464508.93258584",
        "Y": "11473613.9982474",
        "z": "7.11896e+02",
        "layer": "Spot level"
      },
      "geometry": {
        "type": "Point",
        "coordinates": [
          74.43475203504406,
          31.608353057559224,
          711.89599609375
        ]
      }
    },
    {
      "type": "Feature",
      "properties": {
        "OBJECTID_1": 293,
        "OBJECTID": 293,
        "Id": 0,
        "X": "1464579.86060229",
        "Y": "11473611.6074154",
        "z": "7.11935e+02",
        "layer": "Spot level"
      },
      "geometry": {
        "type": "Point",
        "coordinates": [
          74.43497997976921,
          31.60834749135572,
          711.9349975585938
        ]
      }
    },
    {
      "type": "Feature",
      "properties": {
        "OBJECTID_1": 294,
        "OBJECTID": 294,
        "Id": 0,
        "X": "1464459.52205752",
        "Y": "11473527.9282948",
        "z": "7.11957e+02",
        "layer": "Spot level"
      },
      "geometry": {
        "type": "Point",
        "coordinates": [
          74.4345947001657,
          31.608115672038615,
          711.9569702148438
        ]
      }
    },
    {
      "type": "Feature",
      "properties": {
        "OBJECTID_1": 295,
        "OBJECTID": 295,
        "Id": 0,
        "X": "1464502.5570338",
        "Y": "11473448.2338943",
        "z": "7.12320e+02",
        "layer": "Spot level"
      },
      "geometry": {
        "type": "Point",
        "coordinates": [
          74.43473430337278,
          31.607897133238847,
          712.3200073242188
        ]
      }
    },
    {
      "type": "Feature",
      "properties": {
        "OBJECTID_1": 296,
        "OBJECTID": 296,
        "Id": 0,
        "X": "1464539.21645803",
        "Y": "11473351.8036697",
        "z": "7.12284e+02",
        "layer": "Spot level"
      },
      "geometry": {
        "type": "Point",
        "coordinates": [
          74.43485369822639,
          31.607632481964743,
          712.2839965820312
        ]
      }
    },
    {
      "type": "Feature",
      "properties": {
        "OBJECTID_1": 297,
        "OBJECTID": 297,
        "Id": 0,
        "X": "1464585.43921033",
        "Y": "11473519.1619108",
        "z": "7.11848e+02",
        "layer": "Spot level"
      },
      "geometry": {
        "type": "Point",
        "coordinates": [
          74.43499944014671,
          31.608093355708156,
          711.8480224609375
        ]
      }
    },
    {
      "type": "Feature",
      "properties": {
        "OBJECTID_1": 298,
        "OBJECTID": 298,
        "Id": 0,
        "X": "1464587.03309834",
        "Y": "11473395.63559",
        "z": "7.12553e+02",
        "layer": "Spot level"
      },
      "geometry": {
        "type": "Point",
        "coordinates": [
          74.43500661297578,
          31.607753694594052,
          712.552978515625
        ]
      }
    },
    {
      "type": "Feature",
      "properties": {
        "OBJECTID_1": 299,
        "OBJECTID": 299,
        "Id": 0,
        "X": "1464586.23615433",
        "Y": "11473260.1551091",
        "z": "7.12630e+02",
        "layer": "Spot level"
      },
      "geometry": {
        "type": "Point",
        "coordinates": [
          74.43500630213484,
          31.607381126856765,
          712.6300048828125
        ]
      }
    },
    {
      "type": "Feature",
      "properties": {
        "OBJECTID_1": 300,
        "OBJECTID": 300,
        "Id": 0,
        "X": "1464583.04837831",
        "Y": "11473173.2882126",
        "z": "7.13531e+02",
        "layer": "Spot level"
      },
      "geometry": {
        "type": "Point",
        "coordinates": [
          74.4349975018889,
          31.607142207135407,
          713.531005859375
        ]
      }
    },
    {
      "type": "Feature",
      "properties": {
        "OBJECTID_1": 301,
        "OBJECTID": 301,
        "Id": 0,
        "X": "1464587.03309833",
        "Y": "11473062.5129959",
        "z": "7.13061e+02",
        "layer": "Spot level"
      },
      "geometry": {
        "type": "Point",
        "coordinates": [
          74.43501214491725,
          31.606837644085438,
          713.0609741210938
        ]
      }
    },
    {
      "type": "Feature",
      "properties": {
        "OBJECTID_1": 302,
        "OBJECTID": 302,
        "Id": 0,
        "X": "1464587.03309833",
        "Y": "11472969.2705473",
        "z": "7.14062e+02",
        "layer": "Spot level"
      },
      "geometry": {
        "type": "Point",
        "coordinates": [
          74.43501369328635,
          31.606581237579633,
          714.06201171875
        ]
      }
    },
    {
      "type": "Feature",
      "properties": {
        "OBJECTID_1": 303,
        "OBJECTID": 303,
        "Id": 0,
        "X": "1464343.96517679",
        "Y": "11472958.1133312",
        "z": "7.13157e+02",
        "layer": "Spot level"
      },
      "geometry": {
        "type": "Point",
        "coordinates": [
          74.43423287084178,
          31.60654709967061,
          713.156982421875
        ]
      }
    },
    {
      "type": "Feature",
      "properties": {
        "OBJECTID_1": 304,
        "OBJECTID": 304,
        "Id": 0,
        "X": "1464351.13767283",
        "Y": "11473036.2138437",
        "z": "7.12827e+02",
        "layer": "Spot level"
      },
      "geometry": {
        "type": "Point",
        "coordinates": [
          74.43425461830834,
          31.60676196955875,
          712.8270263671875
        ]
      }
    },
    {
      "type": "Feature",
      "properties": {
        "OBJECTID_1": 305,
        "OBJECTID": 305,
        "Id": 0,
        "X": "1464354.32544885",
        "Y": "11473136.6287884",
        "z": "7.12574e+02",
        "layer": "Spot level"
      },
      "geometry": {
        "type": "Point",
        "coordinates": [
          74.43426319135821,
          31.60703814496228,
          712.573974609375
        ]
      }
    },
    {
      "type": "Feature",
      "properties": {
        "OBJECTID_1": 306,
        "OBJECTID": 306,
        "Id": 0,
        "X": "1464347.94989681",
        "Y": "11473227.4804049",
        "z": "7.12673e+02",
        "layer": "Spot level"
      },
      "geometry": {
        "type": "Point",
        "coordinates": [
          74.43424119505133,
          31.60728788616071,
          712.6729736328125
        ]
      }
    },
    {
      "type": "Feature",
      "properties": {
        "OBJECTID_1": 307,
        "OBJECTID": 307,
        "Id": 0,
        "X": "1464325.63546467",
        "Y": "11473304.7839734",
        "z": "7.11849e+02",
        "layer": "Spot level"
      },
      "geometry": {
        "type": "Point",
        "coordinates": [
          74.43416820977836,
          31.60750014485504,
          711.8489990234375
        ]
      }
    },
    {
      "type": "Feature",
      "properties": {
        "OBJECTID_1": 308,
        "OBJECTID": 308,
        "Id": 0,
        "X": "1464290.56992845",
        "Y": "11473378.8997659",
        "z": "7.12031e+02",
        "layer": "Spot level"
      },
      "geometry": {
        "type": "Point",
        "coordinates": [
          74.43405430579244,
          31.607703455943543,
          712.031005859375
        ]
      }
    },
    {
      "type": "Feature",
      "properties": {
        "OBJECTID_1": 309,
        "OBJECTID": 309,
        "Id": 0,
        "X": "1464236.3777361",
        "Y": "11473464.9697184",
        "z": "7.11454e+02",
        "layer": "Spot level"
      },
      "geometry": {
        "type": "Point",
        "coordinates": [
          74.4338787451599,
          31.60793936717113,
          711.4539794921875
        ]
      }
    },
    {
      "type": "Feature",
      "properties": {
        "OBJECTID_1": 310,
        "OBJECTID": 310,
        "Id": 0,
        "X": "1464154.29250358",
        "Y": "11473547.054951",
        "z": "7.11369e+02",
        "layer": "Spot level"
      },
      "geometry": {
        "type": "Point",
        "coordinates": [
          74.43361362459419,
          31.608163923224655,
          711.3690185546875
        ]
      }
    },
    {
      "type": "Feature",
      "properties": {
        "OBJECTID_1": 311,
        "OBJECTID": 311,
        "Id": 0,
        "X": "1463883.36341962",
        "Y": "11473885.6605198",
        "z": "7.10050e+02",
        "layer": "Spot level"
      },
      "geometry": {
        "type": "Point",
        "coordinates": [
          74.43273743480565,
          31.609091187712803,
          710.0499877929688
        ]
      }
    },
    {
      "type": "Feature",
      "properties": {
        "OBJECTID_1": 312,
        "OBJECTID": 312,
        "Id": 0,
        "X": "1463941.50845422",
        "Y": "11473855.05787",
        "z": "7.10175e+02",
        "layer": "Spot level"
      },
      "geometry": {
        "type": "Point",
        "coordinates": [
          74.43292477722193,
          31.609007863434112,
          710.1749877929688
        ]
      }
    },
    {
      "type": "Feature",
      "properties": {
        "OBJECTID_1": 313,
        "OBJECTID": 313,
        "Id": 0,
        "X": "1464047.08759601",
        "Y": "11473883.110299",
        "z": "7.09979e+02",
        "layer": "Spot level"
      },
      "geometry": {
        "type": "Point",
        "coordinates": [
          74.43326355775694,
          31.6090865101427,
          709.97900390625
        ]
      }
    },
    {
      "type": "Feature",
      "properties": {
        "OBJECTID_1": 314,
        "OBJECTID": 314,
        "Id": 0,
        "X": "1464111.86320475",
        "Y": "11473854.0377817",
        "z": "7.10478e+02",
        "layer": "Spot level"
      },
      "geometry": {
        "type": "Point",
        "coordinates": [
          74.4334721796478,
          31.609007487277456,
          710.47802734375
        ]
      }
    },
    {
      "type": "Feature",
      "properties": {
        "OBJECTID_1": 315,
        "OBJECTID": 315,
        "Id": 0,
        "X": "1464160.31740026",
        "Y": "11473886.170564",
        "z": "7.10320e+02",
        "layer": "Spot level"
      },
      "geometry": {
        "type": "Point",
        "coordinates": [
          74.43362733816927,
          31.609096539297358,
          710.3200073242188
        ]
      }
    },
    {
      "type": "Feature",
      "properties": {
        "OBJECTID_1": 316,
        "OBJECTID": 316,
        "Id": 0,
        "X": "1464225.09300899",
        "Y": "11473851.9976051",
        "z": "7.10678e+02",
        "layer": "Spot level"
      },
      "geometry": {
        "type": "Point",
        "coordinates": [
          74.43383604466601,
          31.60900349018762,
          710.677978515625
        ]
      }
    },
    {
      "type": "Feature",
      "properties": {
        "OBJECTID_1": 317,
        "OBJECTID": 317,
        "Id": 0,
        "X": "1464329.14201829",
        "Y": "11473885.1504757",
        "z": "7.10333e+02",
        "layer": "Spot level"
      },
      "geometry": {
        "type": "Point",
        "coordinates": [
          74.43416982451846,
          31.609096138356126,
          710.3330078125
        ]
      }
    },
    {
      "type": "Feature",
      "properties": {
        "OBJECTID_1": 318,
        "OBJECTID": 318,
        "Id": 0,
        "X": "1464363.82502139",
        "Y": "11473854.5478259",
        "z": "7.10125e+02",
        "layer": "Spot level"
      },
      "geometry": {
        "type": "Point",
        "coordinates": [
          74.4342817772714,
          31.609012478094094,
          710.125
        ]
      }
    },
    {
      "type": "Feature",
      "properties": {
        "OBJECTID_1": 319,
        "OBJECTID": 319,
        "Id": 0,
        "X": "1464497.96663633",
        "Y": "11473885.1504757",
        "z": "7.10519e+02",
        "layer": "Spot level"
      },
      "geometry": {
        "type": "Point",
        "coordinates": [
          74.43471229394994,
          31.60909854024057,
          710.5189819335938
        ]
      }
    },
    {
      "type": "Feature",
      "properties": {
        "OBJECTID_1": 320,
        "OBJECTID": 320,
        "Id": 0,
        "X": "1464542.8505227",
        "Y": "11473850.9775168",
        "z": "7.10780e+02",
        "layer": "Spot level"
      },
      "geometry": {
        "type": "Point",
        "coordinates": [
          74.43485708312052,
          31.60900520656885,
          710.780029296875
        ]
      }
    },
    {
      "type": "Feature",
      "properties": {
        "OBJECTID_1": 321,
        "OBJECTID": 321,
        "Id": 0,
        "X": "1464645.87944367",
        "Y": "11473883.6203432",
        "z": "7.10532e+02",
        "layer": "Spot level"
      },
      "geometry": {
        "type": "Point",
        "coordinates": [
          74.43518759473953,
          31.60909643502232,
          710.531982421875
        ]
      }
    },
    {
      "type": "Feature",
      "properties": {
        "OBJECTID_1": 322,
        "OBJECTID": 322,
        "Id": 0,
        "X": "1464651.48992946",
        "Y": "11473849.9574284",
        "z": "7.10890e+02",
        "layer": "Spot level"
      },
      "geometry": {
        "type": "Point",
        "coordinates": [
          74.43520618128785,
          31.609003945444375,
          710.8900146484375
        ]
      }
    },
    {
      "type": "Feature",
      "properties": {
        "OBJECTID_1": 323,
        "OBJECTID": 323,
        "Id": 0,
        "X": "1464598.44533648",
        "Y": "11473933.6046712",
        "z": "7.10158e+02",
        "layer": "Spot level"
      },
      "geometry": {
        "type": "Point",
        "coordinates": [
          74.43503434876216,
          31.6092332123393,
          710.1580200195312
        ]
      }
    },
    {
      "type": "Feature",
      "properties": {
        "OBJECTID_1": 324,
        "OBJECTID": 324,
        "Id": 0,
        "X": "1464598.98725841",
        "Y": "11474022.033578",
        "z": "7.10387e+02",
        "layer": "Spot level"
      },
      "geometry": {
        "type": "Point",
        "coordinates": [
          74.43503462154578,
          31.609476389735157,
          710.3870239257812
        ]
      }
    },
    {
      "type": "Feature",
      "properties": {
        "OBJECTID_1": 325,
        "OBJECTID": 325,
        "Id": 0,
        "X": "1464599.78420242",
        "Y": "11474101.7279785",
        "z": "7.10638e+02",
        "layer": "Spot level"
      },
      "geometry": {
        "type": "Point",
        "coordinates": [
          74.43503585882137,
          31.609695551823318,
          710.6380004882812
        ]
      }
    },
    {
      "type": "Feature",
      "properties": {
        "OBJECTID_1": 326,
        "OBJECTID": 326,
        "Id": 0,
        "X": "1464596.59642639",
        "Y": "11474187.000987",
        "z": "7.10708e+02",
        "layer": "Spot level"
      },
      "geometry": {
        "type": "Point",
        "coordinates": [
          74.43502419958054,
          31.609929997823272,
          710.7080078125
        ]
      }
    },
    {
      "type": "Feature",
      "properties": {
        "OBJECTID_1": 327,
        "OBJECTID": 327,
        "Id": 0,
        "X": "1464508.13564183",
        "Y": "11474186.204043",
        "z": "7.10643e+02",
        "layer": "Spot level"
      },
      "geometry": {
        "type": "Point",
        "coordinates": [
          74.43473996694352,
          31.60992654872745,
          710.6430053710938
        ]
      }
    },
    {
      "type": "Feature",
      "properties": {
        "OBJECTID_1": 328,
        "OBJECTID": 328,
        "Id": 0,
        "X": "1464426.84735331",
        "Y": "11474182.219323",
        "z": "7.10894e+02",
        "layer": "Spot level"
      },
      "geometry": {
        "type": "Point",
        "coordinates": [
          74.43447883428993,
          31.609914435011692,
          710.8939819335938
        ]
      }
    },
    {
      "type": "Feature",
      "properties": {
        "OBJECTID_1": 329,
        "OBJECTID": 329,
        "Id": 0,
        "X": "1464427.64429732",
        "Y": "11474120.0576906",
        "z": "7.10547e+02",
        "layer": "Spot level"
      },
      "geometry": {
        "type": "Point",
        "coordinates": [
          74.43448242840513,
          31.60974350877809,
          710.5469970703125
        ]
      }
    },
    {
      "type": "Feature",
      "properties": {
        "OBJECTID_1": 330,
        "OBJECTID": 330,
        "Id": 0,
        "X": "1464430.03512933",
        "Y": "11474039.5663461",
        "z": "7.10185e+02",
        "layer": "Spot level"
      },
      "geometry": {
        "type": "Point",
        "coordinates": [
          74.43449144872466,
          31.609522200543733,
          710.1849975585938
        ]
      }
    },
    {
      "type": "Feature",
      "properties": {
        "OBJECTID_1": 331,
        "OBJECTID": 331,
        "Id": 0,
        "X": "1464426.84735331",
        "Y": "11473937.5575135",
        "z": "7.10134e+02",
        "layer": "Spot level"
      },
      "geometry": {
        "type": "Point",
        "coordinates": [
          74.434482901386,
          31.609241642236892,
          710.1339721679688
        ]
      }
    },
    {
      "type": "Feature",
      "properties": {
        "OBJECTID_1": 332,
        "OBJECTID": 332,
        "Id": 0,
        "X": "1464259.48911225",
        "Y": "11473937.5575135",
        "z": "7.10313e+02",
        "layer": "Spot level"
      },
      "geometry": {
        "type": "Point",
        "coordinates": [
          74.43394514293433,
          31.609239260249318,
          710.31298828125
        ]
      }
    },
    {
      "type": "Feature",
      "properties": {
        "OBJECTID_1": 333,
        "OBJECTID": 333,
        "Id": 0,
        "X": "1464260.28605625",
        "Y": "11474028.40913",
        "z": "7.10168e+02",
        "layer": "Spot level"
      },
      "geometry": {
        "type": "Point",
        "coordinates": [
          74.43394619201833,
          31.609489103427503,
          710.1680297851562
        ]
      }
    },
    {
      "type": "Feature",
      "properties": {
        "OBJECTID_1": 334,
        "OBJECTID": 334,
        "Id": 0,
        "X": "1464256.30133623",
        "Y": "11474144.7629548",
        "z": "7.10705e+02",
        "layer": "Spot level"
      },
      "geometry": {
        "type": "Point",
        "coordinates": [
          74.43393145214215,
          31.6098090067335,
          710.7050170898438
        ]
      }
    },
    {
      "type": "Feature",
      "properties": {
        "OBJECTID_1": 335,
        "OBJECTID": 335,
        "Id": 0,
        "X": "1464087.34920715",
        "Y": "11474194.1734831",
        "z": "7.10541e+02",
        "layer": "Spot level"
      },
      "geometry": {
        "type": "Point",
        "coordinates": [
          74.43338774597669,
          31.609942473094694,
          710.541015625
        ]
      }
    },
    {
      "type": "Feature",
      "properties": {
        "OBJECTID_1": 336,
        "OBJECTID": 336,
        "Id": 0,
        "X": "1464089.74003917",
        "Y": "11474077.8196583",
        "z": "7.09979e+02",
        "layer": "Spot level"
      },
      "geometry": {
        "type": "Point",
        "coordinates": [
          74.4333973662103,
          31.609622547161685,
          709.97900390625
        ]
      }
    },
    {
      "type": "Feature",
      "properties": {
        "OBJECTID_1": 337,
        "OBJECTID": 337,
        "Id": 0,
        "X": "1464088.94309517",
        "Y": "11473940.7452895",
        "z": "7.09994e+02",
        "layer": "Spot level"
      },
      "geometry": {
        "type": "Point",
        "coordinates": [
          74.43339708843779,
          31.60924559659015,
          709.9940185546875
        ]
      }
    },
    {
      "type": "Feature",
      "properties": {
        "OBJECTID_1": 338,
        "OBJECTID": 338,
        "Id": 0,
        "X": "1464037.14173484",
        "Y": "11474141.5751788",
        "z": "7.09821e+02",
        "layer": "Spot level"
      },
      "geometry": {
        "type": "Point",
        "coordinates": [
          74.43322729356471,
          31.609797117887766,
          709.8209838867188
        ]
      }
    },
    {
      "type": "Feature",
      "properties": {
        "OBJECTID_1": 339,
        "OBJECTID": 339,
        "Id": 0,
        "X": "1463982.94954249",
        "Y": "11474243.5840114",
        "z": "7.10221e+02",
        "layer": "Spot level"
      },
      "geometry": {
        "type": "Point",
        "coordinates": [
          74.43305146121892,
          31.610076857964874,
          710.2210083007812
        ]
      }
    },
    {
      "type": "Feature",
      "properties": {
        "OBJECTID_1": 340,
        "OBJECTID": 340,
        "Id": 0,
        "X": "1464342.37128877",
        "Y": "11474182.219323",
        "z": "7.10846e+02",
        "layer": "Spot level"
      },
      "geometry": {
        "type": "Point",
        "coordinates": [
          74.43420739234972,
          31.609913232926598,
          710.8460083007812
        ]
      }
    },
    {
      "type": "Feature",
      "properties": {
        "OBJECTID_1": 341,
        "OBJECTID": 341,
        "Id": 0,
        "X": "1464175.01304771",
        "Y": "11474208.5184752",
        "z": "7.11127e+02",
        "layer": "Spot level"
      },
      "geometry": {
        "type": "Point",
        "coordinates": [
          74.43366919224997,
          31.609983169464147,
          711.1270141601562
        ]
      }
    },
    {
      "type": "Feature",
      "properties": {
        "OBJECTID_1": 342,
        "OBJECTID": 342,
        "Id": 0,
        "X": "1464026.78146277",
        "Y": "11474270.6801076",
        "z": "7.10981e+02",
        "layer": "Spot level"
      },
      "geometry": {
        "type": "Point",
        "coordinates": [
          74.4331918524877,
          31.61015199426672,
          710.9810180664062
        ]
      }
    },
    {
      "type": "Feature",
      "properties": {
        "OBJECTID_1": 343,
        "OBJECTID": 343,
        "Id": 0,
        "X": "1463948.68095027",
        "Y": "11474320.8875799",
        "z": "7.10961e+02",
        "layer": "Spot level"
      },
      "geometry": {
        "type": "Point",
        "coordinates": [
          74.43294005923966,
          31.610288945305314,
          710.9609985351562
        ]
      }
    },
    {
      "type": "Feature",
      "properties": {
        "OBJECTID_1": 344,
        "OBJECTID": 344,
        "Id": 0,
        "X": "1463887.31626188",
        "Y": "11474393.4094844",
        "z": "7.10594e+02",
        "layer": "Spot level"
      },
      "geometry": {
        "type": "Point",
        "coordinates": [
          74.43274166967805,
          31.6104874968542,
          710.593994140625
        ]
      }
    },
    {
      "type": "Feature",
      "properties": {
        "OBJECTID_1": 345,
        "OBJECTID": 345,
        "Id": 0,
        "X": "1463821.96685346",
        "Y": "11474481.0733249",
        "z": "7.11009e+02",
        "layer": "Spot level"
      },
      "geometry": {
        "type": "Point",
        "coordinates": [
          74.43253022271682,
          31.61072762981381,
          711.0089721679688
        ]
      }
    },
    {
      "type": "Feature",
      "properties": {
        "OBJECTID_1": 346,
        "OBJECTID": 346,
        "Id": 0,
        "X": "1463889.70709389",
        "Y": "11474524.1083012",
        "z": "7.10923e+02",
        "layer": "Spot level"
      },
      "geometry": {
        "type": "Point",
        "coordinates": [
          74.4327471726425,
          31.610846938018152,
          710.9229736328125
        ]
      }
    },
    {
      "type": "Feature",
      "properties": {
        "OBJECTID_1": 347,
        "OBJECTID": 347,
        "Id": 0,
        "X": "1463967.80760639",
        "Y": "11474555.1891174",
        "z": "7.11159e+02",
        "layer": "Spot level"
      },
      "geometry": {
        "type": "Point",
        "coordinates": [
          74.43299761279097,
          31.610933521047606,
          711.1589965820312
        ]
      }
    },
    {
      "type": "Feature",
      "properties": {
        "OBJECTID_1": 348,
        "OBJECTID": 348,
        "Id": 0,
        "X": "1464021.99979874",
        "Y": "11474494.621373",
        "z": "7.11202e+02",
        "layer": "Spot level"
      },
      "geometry": {
        "type": "Point",
        "coordinates": [
          74.43317275643527,
          31.610767739442103,
          711.2020263671875
        ]
      }
    },
    {
      "type": "Feature",
      "properties": {
        "OBJECTID_1": 349,
        "OBJECTID": 349,
        "Id": 0,
        "X": "1464126.3994634",
        "Y": "11474414.1300285",
        "z": "7.11561e+02",
        "layer": "Spot level"
      },
      "geometry": {
        "type": "Point",
        "coordinates": [
          74.43350956109855,
          31.610547885533155,
          711.5609741210938
        ]
      }
    },
    {
      "type": "Feature",
      "properties": {
        "OBJECTID_1": 350,
        "OBJECTID": 350,
        "Id": 0,
        "X": "1464244.34717615",
        "Y": "11474367.9072762",
        "z": "7.11434e+02",
        "layer": "Spot level"
      },
      "geometry": {
        "type": "Point",
        "coordinates": [
          74.43388932724346,
          31.61042245845848,
          711.4340209960938
        ]
      }
    },
    {
      "type": "Feature",
      "properties": {
        "OBJECTID_1": 351,
        "OBJECTID": 351,
        "Id": 0,
        "X": "1464359.10711289",
        "Y": "11474358.3439481",
        "z": "7.11220e+02",
        "layer": "Spot level"
      },
      "geometry": {
        "type": "Point",
        "coordinates": [
          74.43425823959161,
          31.610397794196505,
          711.219970703125
        ]
      }
    },
    {
      "type": "Feature",
      "properties": {
        "OBJECTID_1": 352,
        "OBJECTID": 352,
        "Id": 0,
        "X": "1464509.72952984",
        "Y": "11474354.3592281",
        "z": "7.10918e+02",
        "layer": "Spot level"
      },
      "geometry": {
        "type": "Point",
        "coordinates": [
          74.43474229442587,
          31.610388979434767,
          710.9180297851562
        ]
      }
    },
    {
      "type": "Feature",
      "properties": {
        "OBJECTID_1": 353,
        "OBJECTID": 353,
        "Id": 0,
        "X": "1464602.97197843",
        "Y": "11474355.9531161",
        "z": "7.11476e+02",
        "layer": "Spot level"
      },
      "geometry": {
        "type": "Point",
        "coordinates": [
          74.43504187995131,
          31.610394688009322,
          711.4760131835938
        ]
      }
    },
    {
      "type": "Feature",
      "properties": {
        "OBJECTID_1": 354,
        "OBJECTID": 354,
        "Id": 0,
        "X": "1464598.19031441",
        "Y": "11474261.9137235",
        "z": "7.10847e+02",
        "layer": "Spot level"
      },
      "geometry": {
        "type": "Point",
        "coordinates": [
          74.43502807701252,
          31.610136022178047,
          710.8469848632812
        ]
      }
    },
    {
      "type": "Feature",
      "properties": {
        "OBJECTID_1": 355,
        "OBJECTID": 355,
        "Id": 0,
        "X": "1464602.97197843",
        "Y": "11474442.8200127",
        "z": "7.11430e+02",
        "layer": "Spot level"
      },
      "geometry": {
        "type": "Point",
        "coordinates": [
          74.43504043731139,
          31.610633562305065,
          711.4299926757812
        ]
      }
    },
    {
      "type": "Feature",
      "properties": {
        "OBJECTID_1": 356,
        "OBJECTID": 356,
        "Id": 0,
        "X": "1464595.79948239",
        "Y": "11474531.2807972",
        "z": "7.11741e+02",
        "layer": "Spot level"
      },
      "geometry": {
        "type": "Point",
        "coordinates": [
          74.43501592098625,
          31.610876717663,
          711.7410278320312
        ]
      }
    },
    {
      "type": "Feature",
      "properties": {
        "OBJECTID_1": 357,
        "OBJECTID": 357,
        "Id": 0,
        "X": "1463748.648005",
        "Y": "11474442.0230687",
        "z": "7.10690e+02",
        "layer": "Spot level"
      },
      "geometry": {
        "type": "Point",
        "coordinates": [
          74.43229528131216,
          31.610619199105752,
          710.6900024414062
        ]
      }
    },
    {
      "type": "Feature",
      "properties": {
        "OBJECTID_1": 358,
        "OBJECTID": 358,
        "Id": 0,
        "X": "1463688.08026061",
        "Y": "11474389.4247643",
        "z": "7.10901e+02",
        "layer": "Spot level"
      },
      "geometry": {
        "type": "Point",
        "coordinates": [
          74.43210153924025,
          31.610473694540396,
          710.9010009765625
        ]
      }
    },
    {
      "type": "Feature",
      "properties": {
        "OBJECTID_1": 359,
        "OBJECTID": 359,
        "Id": 0,
        "X": "1463605.99502809",
        "Y": "11474408.5514205",
        "z": "7.10670e+02",
        "layer": "Spot level"
      },
      "geometry": {
        "type": "Point",
        "coordinates": [
          74.43183745870432,
          31.610525117703283,
          710.6699829101562
        ]
      }
    },
    {
      "type": "Feature",
      "properties": {
        "OBJECTID_1": 360,
        "OBJECTID": 360,
        "Id": 0,
        "X": "1463610.77669212",
        "Y": "11474490.636653",
        "z": "7.11104e+02",
        "layer": "Spot level"
      },
      "geometry": {
        "type": "Point",
        "coordinates": [
          74.43185145250624,
          31.610750911170335,
          711.10400390625
        ]
      }
    },
    {
      "type": "Feature",
      "properties": {
        "OBJECTID_1": 361,
        "OBJECTID": 361,
        "Id": 0,
        "X": "1463605.99502809",
        "Y": "11474587.8638216",
        "z": "7.11131e+02",
        "layer": "Spot level"
      },
      "geometry": {
        "type": "Point",
        "coordinates": [
          74.43183446385353,
          31.61101820655221,
          711.1309814453125
        ]
      }
    },
    {
      "type": "Feature",
      "properties": {
        "OBJECTID_1": 362,
        "OBJECTID": 362,
        "Id": 0,
        "X": "1463649.82694837",
        "Y": "11474418.1147485",
        "z": "7.04659e+02",
        "layer": "Spot level"
      },
      "geometry": {
        "type": "Point",
        "coordinates": [
          74.43197814239787,
          31.61055204219617,
          704.6589965820312
        ]
      }
    },
    {
      "type": "Feature",
      "properties": {
        "OBJECTID_1": 363,
        "OBJECTID": 363,
        "Id": 0,
        "X": "1463702.4252527",
        "Y": "11474481.0733249",
        "z": "6.97954e+02",
        "layer": "Spot level"
      },
      "geometry": {
        "type": "Point",
        "coordinates": [
          74.43214610355915,
          31.610725922681702,
          697.9539794921875
        ]
      }
    },
    {
      "type": "Feature",
      "properties": {
        "OBJECTID_1": 364,
        "OBJECTID": 364,
        "Id": 0,
        "X": "1463782.91659721",
        "Y": "11474535.2655173",
        "z": "6.96895e+02",
        "layer": "Spot level"
      },
      "geometry": {
        "type": "Point",
        "coordinates": [
          74.43240383958222,
          31.610876094699382,
          696.89501953125
        ]
      }
    },
    {
      "type": "Feature",
      "properties": {
        "OBJECTID_1": 365,
        "OBJECTID": 365,
        "Id": 0,
        "X": "1463875.3621018",
        "Y": "11474587.0668776",
        "z": "6.97009e+02",
        "layer": "Spot level"
      },
      "geometry": {
        "type": "Point",
        "coordinates": [
          74.4327000283494,
          31.611019862296075,
          697.0089721679688
        ]
      }
    },
    {
      "type": "Feature",
      "properties": {
        "OBJECTID_1": 366,
        "OBJECTID": 366,
        "Id": 0,
        "X": "1463981.35565448",
        "Y": "11474606.9904777",
        "z": "6.97345e+02",
        "layer": "Spot level"
      },
      "geometry": {
        "type": "Point",
        "coordinates": [
          74.4330402830444,
          31.611076162205773,
          697.344970703125
        ]
      }
    },
    {
      "type": "Feature",
      "properties": {
        "OBJECTID_1": 367,
        "OBJECTID": 367,
        "Id": 0,
        "X": "1464055.47144695",
        "Y": "11474552.7982854",
        "z": "6.97466e+02",
        "layer": "Spot level"
      },
      "geometry": {
        "type": "Point",
        "coordinates": [
          74.43327934066694,
          31.610928196667444,
          697.4660034179688
        ]
      }
    },
    {
      "type": "Feature",
      "properties": {
        "OBJECTID_1": 368,
        "OBJECTID": 368,
        "Id": 0,
        "X": "1464175.01304771",
        "Y": "11474449.9925087",
        "z": "6.98533e+02",
        "layer": "Spot level"
      },
      "geometry": {
        "type": "Point",
        "coordinates": [
          74.43366517225425,
          31.610647196039135,
          698.5330200195312
        ]
      }
    },
    {
      "type": "Feature",
      "properties": {
        "OBJECTID_1": 369,
        "OBJECTID": 369,
        "Id": 0,
        "X": "1464277.02188036",
        "Y": "11474428.4750206",
        "z": "6.96937e+02",
        "layer": "Spot level"
      },
      "geometry": {
        "type": "Point",
        "coordinates": [
          74.43399331175938,
          31.61058947827734,
          696.93701171875
        ]
      }
    },
    {
      "type": "Feature",
      "properties": {
        "OBJECTID_1": 370,
        "OBJECTID": 370,
        "Id": 0,
        "X": "1464399.75125714",
        "Y": "11474420.5055805",
        "z": "6.97613e+02",
        "layer": "Spot level"
      },
      "geometry": {
        "type": "Point",
        "coordinates": [
          74.43438780615175,
          31.610569310137073,
          697.6129760742188
        ]
      }
    },
    {
      "type": "Feature",
      "properties": {
        "OBJECTID_1": 371,
        "OBJECTID": 371,
        "Id": 0,
        "X": "1464504.94786581",
        "Y": "11474417.3178045",
        "z": "6.97795e+02",
        "layer": "Spot level"
      },
      "geometry": {
        "type": "Point",
        "coordinates": [
          74.43472588354469,
          31.610562040506736,
          697.7949829101562
        ]
      }
    },
    {
      "type": "Feature",
      "properties": {
        "OBJECTID_1": 372,
        "OBJECTID": 372,
        "Id": 0,
        "X": "1464546.38895408",
        "Y": "11474474.6977729",
        "z": "6.96950e+02",
        "layer": "Spot level"
      },
      "geometry": {
        "type": "Point",
        "coordinates": [
          74.43485809142604,
          31.610720418268684,
          696.9500122070312
        ]
      }
    },
    {
      "type": "Feature",
      "properties": {
        "OBJECTID_1": 373,
        "OBJECTID": 373,
        "Id": 0,
        "X": "1463466.5298272",
        "Y": "11474584.6760456",
        "z": "7.02078e+02",
        "layer": "Spot level"
      },
      "geometry": {
        "type": "Point",
        "coordinates": [
          74.431386376786,
          31.611007446305475,
          702.0780029296875
        ]
      }
    },
    {
      "type": "Feature",
      "properties": {
        "OBJECTID_1": 374,
        "OBJECTID": 374,
        "Id": 0,
        "X": "1463526.30062758",
        "Y": "11474494.621373",
        "z": "7.02128e+02",
        "layer": "Spot level"
      },
      "geometry": {
        "type": "Point",
        "coordinates": [
          74.43157994168037,
          31.61076066100297,
          702.1279907226562
        ]
      }
    },
    {
      "type": "Feature",
      "properties": {
        "OBJECTID_1": 375,
        "OBJECTID": 375,
        "Id": 0,
        "X": "1463841.02975407",
        "Y": "11473018.0753982",
        "z": "7.09574e+02",
        "layer": "Spot level"
      },
      "geometry": {
        "type": "Point",
        "coordinates": [
          74.43261587673535,
          31.6067048210597,
          709.573974609375
        ]
      }
    },
    {
      "type": "Feature",
      "properties": {
        "OBJECTID_1": 376,
        "OBJECTID": 376,
        "Id": 0,
        "X": "1463888.46386125",
        "Y": "11473182.8196629",
        "z": "7.11818e+02",
        "layer": "Spot level"
      },
      "geometry": {
        "type": "Point",
        "coordinates": [
          74.43276554205912,
          31.6071585264158,
          711.8179931640625
        ]
      }
    },
    {
      "type": "Feature",
      "properties": {
        "OBJECTID_1": 377,
        "OBJECTID": 377,
        "Id": 0,
        "X": "1463881.32324296",
        "Y": "11473118.5540983",
        "z": "7.12253e+02",
        "layer": "Spot level"
      },
      "geometry": {
        "type": "Point",
        "coordinates": [
          74.4327436697008,
          31.606981701354247,
          712.2529907226562
        ]
      }
    },
    {
      "type": "Feature",
      "properties": {
        "OBJECTID_1": 378,
        "OBJECTID": 378,
        "Id": 0,
        "X": "1463895.09443537",
        "Y": "11473059.3889754",
        "z": "7.12458e+02",
        "layer": "Spot level"
      },
      "geometry": {
        "type": "Point",
        "coordinates": [
          74.43278890482183,
          31.60681920031628,
          712.4580078125
        ]
      }
    },
    {
      "type": "Feature",
      "properties": {
        "OBJECTID_1": 379,
        "OBJECTID": 379,
        "Id": 0,
        "X": "1464001.2792546",
        "Y": "11472950.9408352",
        "z": "7.07554e+02",
        "layer": "Spot level"
      },
      "geometry": {
        "type": "Point",
        "coordinates": [
          74.4331318977225,
          31.606522494483734,
          707.5540161132812
        ]
      }
    },
    {
      "type": "Feature",
      "properties": {
        "OBJECTID_1": 380,
        "OBJECTID": 380,
        "Id": 0,
        "X": "1464030.76618279",
        "Y": "11473037.8077317",
        "z": "7.08858e+02",
        "layer": "Spot level"
      },
      "geometry": {
        "type": "Point",
        "coordinates": [
          74.43322519581473,
          31.606761789268248,
          708.8579711914062
        ]
      }
    },
    {
      "type": "Feature",
      "properties": {
        "OBJECTID_1": 381,
        "OBJECTID": 381,
        "Id": 0,
        "X": "1464039.53256685",
        "Y": "11473139.0196204",
        "z": "7.09428e+02",
        "layer": "Spot level"
      },
      "geometry": {
        "type": "Point",
        "coordinates": [
          74.43325167740602,
          31.607040235743895,
          709.427978515625
        ]
      }
    },
    {
      "type": "Feature",
      "properties": {
        "OBJECTID_1": 382,
        "OBJECTID": 382,
        "Id": 0,
        "X": "1464024.39063075",
        "Y": "11473213.1354128",
        "z": "7.09559e+02",
        "layer": "Spot level"
      },
      "geometry": {
        "type": "Point",
        "coordinates": [
          74.43320178950285,
          31.607243830090134,
          709.5590209960938
        ]
      }
    },
    {
      "type": "Feature",
      "properties": {
        "OBJECTID_1": 383,
        "OBJECTID": 383,
        "Id": 0,
        "X": "1463983.7464865",
        "Y": "11473279.2817653",
        "z": "7.09911e+02",
        "layer": "Spot level"
      },
      "geometry": {
        "type": "Point",
        "coordinates": [
          74.43307009161505,
          31.607425145672966,
          709.9110107421875
        ]
      }
    },
    {
      "type": "Feature",
      "properties": {
        "OBJECTID_1": 384,
        "OBJECTID": 384,
        "Id": 0,
        "X": "1463923.17874211",
        "Y": "11473335.0678456",
        "z": "7.10014e+02",
        "layer": "Spot level"
      },
      "geometry": {
        "type": "Point",
        "coordinates": [
          74.43287454818079,
          31.607577687299436,
          710.0139770507812
        ]
      }
    },
    {
      "type": "Feature",
      "properties": {
        "OBJECTID_1": 385,
        "OBJECTID": 385,
        "Id": 0,
        "X": "1463835.51490155",
        "Y": "11473375.7119899",
        "z": "7.09792e+02",
        "layer": "Spot level"
      },
      "geometry": {
        "type": "Point",
        "coordinates": [
          74.43259219241678,
          31.60768820326137,
          709.7919921875
        ]
      }
    },
    {
      "type": "Feature",
      "properties": {
        "OBJECTID_1": 386,
        "OBJECTID": 386,
        "Id": 0,
        "X": "1463735.09995691",
        "Y": "11473375.7119899",
        "z": "7.09989e+02",
        "layer": "Spot level"
      },
      "geometry": {
        "type": "Point",
        "coordinates": [
          74.43226954280117,
          31.607686769627463,
          709.989013671875
        ]
      }
    },
    {
      "type": "Feature",
      "properties": {
        "OBJECTID_1": 387,
        "OBJECTID": 387,
        "Id": 0,
        "X": "1463643.45139633",
        "Y": "11473336.6617336",
        "z": "7.09531e+02",
        "layer": "Spot level"
      },
      "geometry": {
        "type": "Point",
        "coordinates": [
          74.43197571300121,
          31.60757807659156,
          709.531005859375
        ]
      }
    },
    {
      "type": "Feature",
      "properties": {
        "OBJECTID_1": 388,
        "OBJECTID": 388,
        "Id": 0,
        "X": "1463566.94477184",
        "Y": "11473245.810117",
        "z": "7.10728e+02",
        "layer": "Spot level"
      },
      "geometry": {
        "type": "Point",
        "coordinates": [
          74.43173140251183,
          31.607327151381085,
          710.72802734375
        ]
      }
    },
    {
      "type": "Feature",
      "properties": {
        "OBJECTID_1": 389,
        "OBJECTID": 389,
        "Id": 0,
        "X": "1463538.25478766",
        "Y": "11473195.6026447",
        "z": "7.10142e+02",
        "layer": "Spot level"
      },
      "geometry": {
        "type": "Point",
        "coordinates": [
          74.43164005600744,
          31.607188676288516,
          710.1420288085938
        ]
      }
    },
    {
      "type": "Feature",
      "properties": {
        "OBJECTID_1": 390,
        "OBJECTID": 390,
        "Id": 0,
        "X": "1463480.07787528",
        "Y": "11473120.6899083",
        "z": "7.09768e+02",
        "layer": "Spot level"
      },
      "geometry": {
        "type": "Point",
        "coordinates": [
          74.43145437695695,
          31.606981842739863,
          709.7680053710938
        ]
      }
    },
    {
      "type": "Feature",
      "properties": {
        "OBJECTID_1": 391,
        "OBJECTID": 391,
        "Id": 0,
        "X": "1463410.74374684",
        "Y": "11473047.3710598",
        "z": "7.10348e+02",
        "layer": "Spot level"
      },
      "geometry": {
        "type": "Point",
        "coordinates": [
          74.43123282247917,
          31.606779232318825,
          710.3480224609375
        ]
      }
    },
    {
      "type": "Feature",
      "properties": {
        "OBJECTID_1": 392,
        "OBJECTID": 392,
        "Id": 0,
        "X": "1463510.36174748",
        "Y": "11472910.2966909",
        "z": "7.11072e+02",
        "layer": "Spot level"
      },
      "geometry": {
        "type": "Point",
        "coordinates": [
          74.43155519838017,
          31.60640371787962,
          711.072021484375
        ]
      }
    },
    {
      "type": "Feature",
      "properties": {
        "OBJECTID_1": 393,
        "OBJECTID": 393,
        "Id": 0,
        "X": "1463592.44698",
        "Y": "11472981.2247074",
        "z": "7.10321e+02",
        "layer": "Spot level"
      },
      "geometry": {
        "type": "Point",
        "coordinates": [
          74.43181776351693,
          31.606599935475217,
          710.3209838867188
        ]
      }
    },
    {
      "type": "Feature",
      "properties": {
        "OBJECTID_1": 394,
        "OBJECTID": 394,
        "Id": 0,
        "X": "1463661.78110845",
        "Y": "11473069.6854919",
        "z": "7.09646e+02",
        "layer": "Spot level"
      },
      "geometry": {
        "type": "Point",
        "coordinates": [
          74.43203906609041,
          31.606844183538392,
          709.64599609375
        ]
      }
    },
    {
      "type": "Feature",
      "properties": {
        "OBJECTID_1": 395,
        "OBJECTID": 395,
        "Id": 0,
        "X": "1463746.25717298",
        "Y": "11473182.8515407",
        "z": "7.09595e+02",
        "layer": "Spot level"
      },
      "geometry": {
        "type": "Point",
        "coordinates": [
          74.43230861079434,
          31.607156584187674,
          709.594970703125
        ]
      }
    },
    {
      "type": "Feature",
      "properties": {
        "OBJECTID_1": 396,
        "OBJECTID": 396,
        "Id": 0,
        "X": "1463821.16990946",
        "Y": "11472961.3011072",
        "z": "7.09758e+02",
        "layer": "Spot level"
      },
      "geometry": {
        "type": "Point",
        "coordinates": [
          74.43255301136713,
          31.606548414595164,
          709.7579956054688
        ]
      }
    },
    {
      "type": "Feature",
      "properties": {
        "OBJECTID_1": 397,
        "OBJECTID": 397,
        "Id": 0,
        "X": "1463753.42966902",
        "Y": "11472852.1197785",
        "z": "7.09941e+02",
        "layer": "Spot level"
      },
      "geometry": {
        "type": "Point",
        "coordinates": [
          74.43233717517718,
          31.60624721096167,
          709.9409790039062
        ]
      }
    },
    {
      "type": "Feature",
      "properties": {
        "OBJECTID_1": 398,
        "OBJECTID": 398,
        "Id": 0,
        "X": "1463686.4863726",
        "Y": "11472770.83149",
        "z": "7.09574e+02",
        "layer": "Spot level"
      },
      "geometry": {
        "type": "Point",
        "coordinates": [
          74.43212343548791,
          31.606022721120585,
          709.573974609375
        ]
      }
    },
    {
      "type": "Feature",
      "properties": {
        "OBJECTID_1": 399,
        "OBJECTID": 399,
        "Id": 0,
        "X": "1463471.31149123",
        "Y": "11472663.2440494",
        "z": "7.04685e+02",
        "layer": "Spot level"
      },
      "geometry": {
        "type": "Point",
        "coordinates": [
          74.43143385368704,
          31.60572379214162,
          704.6849975585938
        ]
      }
    },
    {
      "type": "Feature",
      "properties": {
        "OBJECTID_1": 400,
        "OBJECTID": 400,
        "Id": 0,
        "X": "1463360.53627453",
        "Y": "11472605.864081",
        "z": "7.04813e+02",
        "layer": "Spot level"
      },
      "geometry": {
        "type": "Point",
        "coordinates": [
          74.4310788818092,
          31.605564418869154,
          704.81298828125
        ]
      }
    },
    {
      "type": "Feature",
      "properties": {
        "OBJECTID_1": 401,
        "OBJECTID": 401,
        "Id": 0,
        "X": "1463225.85273767",
        "Y": "11472543.7024486",
        "z": "7.08839e+02",
        "layer": "Spot level"
      },
      "geometry": {
        "type": "Point",
        "coordinates": [
          74.43064717172561,
          31.605391553207266,
          708.8389892578125
        ]
      }
    },
    {
      "type": "Feature",
      "properties": {
        "OBJECTID_1": 402,
        "OBJECTID": 402,
        "Id": 0,
        "X": "1463406.75902682",
        "Y": "11472817.8511863",
        "z": "7.05501e+02",
        "layer": "Spot level"
      },
      "geometry": {
        "type": "Point",
        "coordinates": [
          74.43122385595613,
          31.606148021223863,
          705.5009765625
        ]
      }
    },
    {
      "type": "Feature",
      "properties": {
        "OBJECTID_1": 403,
        "OBJECTID": 403,
        "Id": 0,
        "X": "1463296.78075412",
        "Y": "11472770.034546",
        "z": "7.04273e+02",
        "layer": "Spot level"
      },
      "geometry": {
        "type": "Point",
        "coordinates": [
          74.43087128354485,
          31.60601495685959,
          704.2730102539062
        ]
      }
    },
    {
      "type": "Feature",
      "properties": {
        "OBJECTID_1": 404,
        "OBJECTID": 404,
        "Id": 0,
        "X": "1463196.36580948",
        "Y": "11472723.8117937",
        "z": "7.04505e+02",
        "layer": "Spot level"
      },
      "geometry": {
        "type": "Point",
        "coordinates": [
          74.43054941340475,
          31.605886411531483,
          704.5050048828125
        ]
      }
    },
    {
      "type": "Feature",
      "properties": {
        "OBJECTID_1": 405,
        "OBJECTID": 405,
        "Id": 0,
        "X": "1463086.38753678",
        "Y": "11472695.1218095",
        "z": "7.03982e+02",
        "layer": "Spot level"
      },
      "geometry": {
        "type": "Point",
        "coordinates": [
          74.43019652265265,
          31.605805941493237,
          703.9819946289062
        ]
      }
    },
    {
      "type": "Feature",
      "properties": {
        "OBJECTID_1": 406,
        "OBJECTID": 406,
        "Id": 0,
        "X": "1462979.5970401",
        "Y": "11472663.2440493",
        "z": "7.05099e+02",
        "layer": "Spot level"
      },
      "geometry": {
        "type": "Point",
        "coordinates": [
          74.42985392856474,
          31.605716750175027,
          705.0989990234375
        ]
      }
    },
    {
      "type": "Feature",
      "properties": {
        "OBJECTID_1": 407,
        "OBJECTID": 407,
        "Id": 0,
        "X": "1463025.81979239",
        "Y": "11472505.4491363",
        "z": "7.08393e+02",
        "layer": "Spot level"
      },
      "geometry": {
        "type": "Point",
        "coordinates": [
          74.43000509004696,
          31.605283494567516,
          708.3930053710938
        ]
      }
    },
    {
      "type": "Feature",
      "properties": {
        "OBJECTID_1": 408,
        "OBJECTID": 408,
        "Id": 0,
        "X": "1462939.74983985",
        "Y": "11472507.0430243",
        "z": "7.07622e+02",
        "layer": "Spot level"
      },
      "geometry": {
        "type": "Point",
        "coordinates": [
          74.42972851375045,
          31.60528664328512,
          707.6220092773438
        ]
      }
    },
    {
      "type": "Feature",
      "properties": {
        "OBJECTID_1": 409,
        "OBJECTID": 409,
        "Id": 0,
        "X": "1462811.44185503",
        "Y": "11472496.6827523",
        "z": "7.05830e+02",
        "layer": "Spot level"
      },
      "geometry": {
        "type": "Point",
        "coordinates": [
          74.42931642379881,
          31.60525631256728,
          705.8300170898438
        ]
      }
    },
    {
      "type": "Feature",
      "properties": {
        "OBJECTID_1": 410,
        "OBJECTID": 410,
        "Id": 0,
        "X": "1462698.27580631",
        "Y": "11472495.0888643",
        "z": "7.05983e+02",
        "layer": "Spot level"
      },
      "geometry": {
        "type": "Point",
        "coordinates": [
          74.42895283921358,
          31.605250304599508,
          705.9829711914062
        ]
      }
    },
    {
      "type": "Feature",
      "properties": {
        "OBJECTID_1": 411,
        "OBJECTID": 411,
        "Id": 0,
        "X": "1462573.95254152",
        "Y": "11472499.8705283",
        "z": "7.02361e+02",
        "layer": "Spot level"
      },
      "geometry": {
        "type": "Point",
        "coordinates": [
          74.42855329861904,
          31.605261667285653,
          702.3610229492188
        ]
      }
    },
    {
      "type": "Feature",
      "properties": {
        "OBJECTID_1": 412,
        "OBJECTID": 412,
        "Id": 0,
        "X": "1462489.47647698",
        "Y": "11472501.4644163",
        "z": "7.04083e+02",
        "layer": "Spot level"
      },
      "geometry": {
        "type": "Point",
        "coordinates": [
          74.42828184367526,
          31.605264835781007,
          704.0830078125
        ]
      }
    },
    {
      "type": "Feature",
      "properties": {
        "OBJECTID_1": 413,
        "OBJECTID": 413,
        "Id": 0,
        "X": "1462483.89786894",
        "Y": "11472656.8684973",
        "z": "7.04781e+02",
        "layer": "Spot level"
      },
      "geometry": {
        "type": "Point",
        "coordinates": [
          74.42826130785264,
          31.605692099314258,
          704.781005859375
        ]
      }
    },
    {
      "type": "Feature",
      "properties": {
        "OBJECTID_1": 414,
        "OBJECTID": 414,
        "Id": 0,
        "X": "1462572.35865351",
        "Y": "11472656.8684973",
        "z": "7.04912e+02",
        "layer": "Spot level"
      },
      "geometry": {
        "type": "Point",
        "coordinates": [
          74.42854554054057,
          31.605693371167536,
          704.9119873046875
        ]
      }
    },
    {
      "type": "Feature",
      "properties": {
        "OBJECTID_1": 415,
        "OBJECTID": 415,
        "Id": 0,
        "X": "1462674.36748616",
        "Y": "11472656.8684973",
        "z": "7.04993e+02",
        "layer": "Spot level"
      },
      "geometry": {
        "type": "Point",
        "coordinates": [
          74.42887330438316,
          31.605694837024082,
          704.9929809570312
        ]
      }
    },
    {
      "type": "Feature",
      "properties": {
        "OBJECTID_1": 416,
        "OBJECTID": 416,
        "Id": 0,
        "X": "1462790.7213109",
        "Y": "11472652.0868333",
        "z": "7.06405e+02",
        "layer": "Spot level"
      },
      "geometry": {
        "type": "Point",
        "coordinates": [
          74.42924724025595,
          31.60568335894955,
          706.405029296875
        ]
      }
    },
    {
      "type": "Feature",
      "properties": {
        "OBJECTID_1": 417,
        "OBJECTID": 417,
        "Id": 0,
        "X": "1462491.07036499",
        "Y": "11472826.6175704",
        "z": "7.06025e+02",
        "layer": "Spot level"
      },
      "geometry": {
        "type": "Point",
        "coordinates": [
          74.428281501431,
          31.606158993303616,
          706.0250244140625
        ]
      }
    },
    {
      "type": "Feature",
      "properties": {
        "OBJECTID_1": 418,
        "OBJECTID": 418,
        "Id": 0,
        "X": "1462599.45474968",
        "Y": "11472822.6328504",
        "z": "7.05060e+02",
        "layer": "Spot level"
      },
      "geometry": {
        "type": "Point",
        "coordinates": [
          74.42862981914728,
          31.606149593956786,
          705.0599975585938
        ]
      }
    },
    {
      "type": "Feature",
      "properties": {
        "OBJECTID_1": 419,
        "OBJECTID": 419,
        "Id": 0,
        "X": "1462697.47886231",
        "Y": "11472827.4145144",
        "z": "7.05391e+02",
        "layer": "Spot level"
      },
      "geometry": {
        "type": "Point",
        "coordinates": [
          74.42894470100009,
          31.60616415141826,
          705.3909912109375
        ]
      }
    },
    {
      "type": "Feature",
      "properties": {
        "OBJECTID_1": 420,
        "OBJECTID": 420,
        "Id": 0,
        "X": "1462807.45713501",
        "Y": "11472823.4297944",
        "z": "7.05753e+02",
        "layer": "Spot level"
      },
      "geometry": {
        "type": "Point",
        "coordinates": [
          74.42929814003399,
          31.606154773143206,
          705.7529907226562
        ]
      }
    },
    {
      "type": "Feature",
      "properties": {
        "OBJECTID_1": 421,
        "OBJECTID": 421,
        "Id": 0,
        "X": "1462971.62760005",
        "Y": "11472836.9778425",
        "z": "7.04227e+02",
        "layer": "Spot level"
      },
      "geometry": {
        "type": "Point",
        "coordinates": [
          74.42982541061289,
          31.606194384382405,
          704.2269897460938
        ]
      }
    },
    {
      "type": "Feature",
      "properties": {
        "OBJECTID_1": 422,
        "OBJECTID": 422,
        "Id": 0,
        "X": "1463068.05782467",
        "Y": "11472856.1044986",
        "z": "7.04157e+02",
        "layer": "Spot level"
      },
      "geometry": {
        "type": "Point",
        "coordinates": [
          74.43013493124789,
          31.60624836317774,
          704.156982421875
        ]
      }
    },
    {
      "type": "Feature",
      "properties": {
        "OBJECTID_1": 423,
        "OBJECTID": 423,
        "Id": 0,
        "X": "1463175.64526535",
        "Y": "11472893.5608668",
        "z": "7.04875e+02",
        "layer": "Spot level"
      },
      "geometry": {
        "type": "Point",
        "coordinates": [
          74.43047999484838,
          31.606352905726805,
          704.875
        ]
      }
    },
    {
      "type": "Feature",
      "properties": {
        "OBJECTID_1": 424,
        "OBJECTID": 424,
        "Id": 0,
        "X": "1463272.87243397",
        "Y": "11472942.1744511",
        "z": "7.04980e+02",
        "layer": "Spot level"
      },
      "geometry": {
        "type": "Point",
        "coordinates": [
          74.43079158377678,
          31.606487980117866,
          704.97998046875
        ]
      }
    },
    {
      "type": "Feature",
      "properties": {
        "OBJECTID_1": 425,
        "OBJECTID": 425,
        "Id": 0,
        "X": "1462967.64288003",
        "Y": "11473021.8688516",
        "z": "7.04423e+02",
        "layer": "Spot level"
      },
      "geometry": {
        "type": "Point",
        "coordinates": [
          74.42980950876088,
          31.606702756789023,
          704.4229736328125
        ]
      }
    },
    {
      "type": "Feature",
      "properties": {
        "OBJECTID_1": 426,
        "OBJECTID": 426,
        "Id": 0,
        "X": "1463073.6364327",
        "Y": "11473051.3557798",
        "z": "7.04153e+02",
        "layer": "Spot level"
      },
      "geometry": {
        "type": "Point",
        "coordinates": [
          74.43014958575783,
          31.60678536231127,
          704.1530151367188
        ]
      }
    },
    {
      "type": "Feature",
      "properties": {
        "OBJECTID_1": 427,
        "OBJECTID": 427,
        "Id": 0,
        "X": "1463195.56886548",
        "Y": "11473119.8929642",
        "z": "7.04817e+02",
        "layer": "Spot level"
      },
      "geometry": {
        "type": "Point",
        "coordinates": [
          74.43054022352722,
          31.60697557909215,
          704.8170166015625
        ]
      }
    },
    {
      "type": "Feature",
      "properties": {
        "OBJECTID_1": 428,
        "OBJECTID": 428,
        "Id": 0,
        "X": "1463292.79603409",
        "Y": "11473177.2729326",
        "z": "7.05351e+02",
        "layer": "Spot level"
      },
      "geometry": {
        "type": "Point",
        "coordinates": [
          74.43085166795659,
          31.607134759924385,
          705.3510131835938
        ]
      }
    },
    {
      "type": "Feature",
      "properties": {
        "OBJECTID_1": 429,
        "OBJECTID": 429,
        "Id": 0,
        "X": "1463374.88126662",
        "Y": "11473254.5765011",
        "z": "7.10228e+02",
        "layer": "Spot level"
      },
      "geometry": {
        "type": "Point",
        "coordinates": [
          74.43111412701687,
          31.607348511005753,
          710.22802734375
        ]
      }
    },
    {
      "type": "Feature",
      "properties": {
        "OBJECTID_1": 430,
        "OBJECTID": 430,
        "Id": 0,
        "X": "1463401.97736279",
        "Y": "11473330.2861816",
        "z": "7.11770e+02",
        "layer": "Spot level"
      },
      "geometry": {
        "type": "Point",
        "coordinates": [
          74.43119992512172,
          31.60755709187832,
          711.77001953125
        ]
      }
    },
    {
      "type": "Feature",
      "properties": {
        "OBJECTID_1": 431,
        "OBJECTID": 431,
        "Id": 0,
        "X": "1462797.89380695",
        "Y": "11473076.857988",
        "z": "6.72113e+02",
        "layer": "Spot level"
      },
      "geometry": {
        "type": "Point",
        "coordinates": [
          74.42926316085517,
          31.60685153491614,
          672.1129760742188
        ]
      }
    },
    {
      "type": "Feature",
      "properties": {
        "OBJECTID_1": 432,
        "OBJECTID": 432,
        "Id": 0,
        "X": "1462797.89380695",
        "Y": "11472974.0522113",
        "z": "6.68865e+02",
        "layer": "Spot level"
      },
      "geometry": {
        "type": "Point",
        "coordinates": [
          74.42926488540182,
          31.60656883058937,
          668.864990234375
        ]
      }
    },
    {
      "type": "Feature",
      "properties": {
        "OBJECTID_1": 433,
        "OBJECTID": 433,
        "Id": 0,
        "X": "1462715.80857442",
        "Y": "11473084.030484",
        "z": "6.91732e+02",
        "layer": "Spot level"
      },
      "geometry": {
        "type": "Point",
        "coordinates": [
          74.42899928973395,
          31.60687007974853,
          691.7319946289062
        ]
      }
    },
    {
      "type": "Feature",
      "properties": {
        "OBJECTID_1": 434,
        "OBJECTID": 434,
        "Id": 0,
        "X": "1462707.04219037",
        "Y": "11473016.2902436",
        "z": "7.00912e+02",
        "layer": "Spot level"
      },
      "geometry": {
        "type": "Point",
        "coordinates": [
          74.42897225908752,
          31.606683675799786,
          700.9119873046875
        ]
      }
    },
    {
      "type": "Feature",
      "properties": {
        "OBJECTID_1": 435,
        "OBJECTID": 435,
        "Id": 0,
        "X": "1462732.70378733",
        "Y": "11472948.1993478",
        "z": "6.97707e+02",
        "layer": "Spot level"
      },
      "geometry": {
        "type": "Point",
        "coordinates": [
          74.42905585567951,
          31.606496802064104,
          697.7069702148438
        ]
      }
    },
    {
      "type": "Feature",
      "properties": {
        "OBJECTID_1": 436,
        "OBJECTID": 436,
        "Id": 0,
        "X": "1462622.02420391",
        "Y": "11472950.7495686",
        "z": "7.06269e+02",
        "layer": "Spot level"
      },
      "geometry": {
        "type": "Point",
        "coordinates": [
          74.42870018603058,
          31.606502224863245,
          706.2689819335938
        ]
      }
    },
    {
      "type": "Feature",
      "properties": {
        "OBJECTID_1": 437,
        "OBJECTID": 437,
        "Id": 0,
        "X": "1462637.83557297",
        "Y": "11473020.625619",
        "z": "7.05694e+02",
        "layer": "Spot level"
      },
      "geometry": {
        "type": "Point",
        "coordinates": [
          74.4287498166585,
          31.606694603337832,
          705.6939697265625
        ]
      }
    },
    {
      "type": "Feature",
      "properties": {
        "OBJECTID_1": 438,
        "OBJECTID": 438,
        "Id": 0,
        "X": "1462625.08446889",
        "Y": "11473074.6903003",
        "z": "7.05867e+02",
        "layer": "Spot level"
      },
      "geometry": {
        "type": "Point",
        "coordinates": [
          74.42870793793061,
          31.606843091886002,
          705.8670043945312
        ]
      }
    },
    {
      "type": "Feature",
      "properties": {
        "OBJECTID_1": 439,
        "OBJECTID": 439,
        "Id": 0,
        "X": "1462558.2686835",
        "Y": "11473072.1400795",
        "z": "7.05789e+02",
        "layer": "Spot level"
      },
      "geometry": {
        "type": "Point",
        "coordinates": [
          74.42849329281995,
          31.60683511871654,
          705.7890014648438
        ]
      }
    },
    {
      "type": "Feature",
      "properties": {
        "OBJECTID_1": 440,
        "OBJECTID": 440,
        "Id": 0,
        "X": "1462554.18833019",
        "Y": "11473012.4649124",
        "z": "7.05551e+02",
        "layer": "Spot level"
      },
      "geometry": {
        "type": "Point",
        "coordinates": [
          74.4284811845216,
          31.60667096008114,
          705.551025390625
        ]
      }
    },
    {
      "type": "Feature",
      "properties": {
        "OBJECTID_1": 441,
        "OBJECTID": 441,
        "Id": 0,
        "X": "1462526.13590121",
        "Y": "11472931.8779346",
        "z": "7.12581e+02",
        "layer": "Spot level"
      },
      "geometry": {
        "type": "Point",
        "coordinates": [
          74.4283924024171,
          31.606448951667097,
          712.5809936523438
        ]
      }
    },
    {
      "type": "Feature",
      "properties": {
        "OBJECTID_1": 442,
        "OBJECTID": 442,
        "Id": 0,
        "X": "1462459.32011583",
        "Y": "11472952.2797011",
        "z": "7.05407e+02",
        "layer": "Spot level"
      },
      "geometry": {
        "type": "Point",
        "coordinates": [
          74.42817737250127,
          31.606504093352918,
          705.406982421875
        ]
      }
    },
    {
      "type": "Feature",
      "properties": {
        "OBJECTID_1": 443,
        "OBJECTID": 443,
        "Id": 0,
        "X": "1462447.58910007",
        "Y": "11473012.9749565",
        "z": "7.04363e+02",
        "layer": "Spot level"
      },
      "geometry": {
        "type": "Point",
        "coordinates": [
          74.42813865918407,
          31.606670829711565,
          704.3629760742188
        ]
      }
    },
    {
      "type": "Feature",
      "properties": {
        "OBJECTID_1": 444,
        "OBJECTID": 444,
        "Id": 0,
        "X": "1462441.46857012",
        "Y": "11473069.0798145",
        "z": "7.03615e+02",
        "layer": "Spot level"
      },
      "geometry": {
        "type": "Point",
        "coordinates": [
          74.42811805011202,
          31.606825023687794,
          703.614990234375
        ]
      }
    },
    {
      "type": "Feature",
      "properties": {
        "OBJECTID_1": 445,
        "OBJECTID": 445,
        "Id": 0,
        "X": "1462346.09031159",
        "Y": "11473069.5898587",
        "z": "7.03038e+02",
        "layer": "Spot level"
      },
      "geometry": {
        "type": "Point",
        "coordinates": [
          74.42781157867941,
          31.60682505384555,
          703.0380249023438
        ]
      }
    },
    {
      "type": "Feature",
      "properties": {
        "OBJECTID_1": 446,
        "OBJECTID": 446,
        "Id": 0,
        "X": "1462358.84141567",
        "Y": "11473011.9548682",
        "z": "7.03564e+02",
        "layer": "Spot level"
      },
      "geometry": {
        "type": "Point",
        "coordinates": [
          74.42785351885581,
          31.606666747661304,
          703.5640258789062
        ]
      }
    },
    {
      "type": "Feature",
      "properties": {
        "OBJECTID_1": 447,
        "OBJECTID": 447,
        "Id": 0,
        "X": "1462337.92960498",
        "Y": "11472945.649127",
        "z": "7.05481e+02",
        "layer": "Spot level"
      },
      "geometry": {
        "type": "Point",
        "coordinates": [
          74.4277874417186,
          31.60648411339456,
          705.4810180664062
        ]
      }
    },
    {
      "type": "Feature",
      "properties": {
        "OBJECTID_1": 448,
        "OBJECTID": 448,
        "Id": 0,
        "X": "1462302.73655771",
        "Y": "11473015.5251774",
        "z": "7.02304e+02",
        "layer": "Spot level"
      },
      "geometry": {
        "type": "Point",
        "coordinates": [
          74.4276731868409,
          31.606675758029095,
          702.3040161132812
        ]
      }
    },
    {
      "type": "Feature",
      "properties": {
        "OBJECTID_1": 449,
        "OBJECTID": 449,
        "Id": 0,
        "X": "1462171.49581896",
        "Y": "11473038.6046757",
        "z": "7.04578e+02",
        "layer": "Spot level"
      },
      "geometry": {
        "type": "Point",
        "coordinates": [
          74.42725110532488,
          31.606737333947372,
          704.5780029296875
        ]
      }
    },
    {
      "type": "Feature",
      "properties": {
        "OBJECTID_1": 450,
        "OBJECTID": 450,
        "Id": 0,
        "X": "1462071.87781833",
        "Y": "11473035.4168997",
        "z": "7.04397e+02",
        "layer": "Spot level"
      },
      "geometry": {
        "type": "Point",
        "coordinates": [
          74.42693107366448,
          31.606727132327578,
          704.39697265625
        ]
      }
    },
    {
      "type": "Feature",
      "properties": {
        "OBJECTID_1": 451,
        "OBJECTID": 451,
        "Id": 0,
        "X": "1461920.45845736",
        "Y": "11473063.3099399",
        "z": "7.15886e+02",
        "layer": "Spot level"
      },
      "geometry": {
        "type": "Point",
        "coordinates": [
          74.42644407380394,
          31.60680165136958,
          715.885986328125
        ]
      }
    },
    {
      "type": "Feature",
      "properties": {
        "OBJECTID_1": 452,
        "OBJECTID": 452,
        "Id": 0,
        "X": "1461877.35972557",
        "Y": "11473197.6109436",
        "z": "7.16425e+02",
        "layer": "Spot level"
      },
      "geometry": {
        "type": "Point",
        "coordinates": [
          74.42630332741908,
          31.607170341947874,
          716.4249877929688
        ]
      }
    },
    {
      "type": "Feature",
      "properties": {
        "OBJECTID_1": 453,
        "OBJECTID": 453,
        "Id": 0,
        "X": "1461954.37639422",
        "Y": "11473197.1008995",
        "z": "7.17135e+02",
        "layer": "Spot level"
      },
      "geometry": {
        "type": "Point",
        "coordinates": [
          74.42655080152402,
          31.607170050573846,
          717.135009765625
        ]
      }
    },
    {
      "type": "Feature",
      "properties": {
        "OBJECTID_1": 454,
        "OBJECTID": 454,
        "Id": 0,
        "X": "1462031.39306287",
        "Y": "11473198.631032",
        "z": "7.15963e+02",
        "layer": "Spot level"
      },
      "geometry": {
        "type": "Point",
        "coordinates": [
          74.42679824126317,
          31.60717536897388,
          715.9630126953125
        ]
      }
    },
    {
      "type": "Feature",
      "properties": {
        "OBJECTID_1": 455,
        "OBJECTID": 455,
        "Id": 0,
        "X": "1462105.8595107",
        "Y": "11473198.1209878",
        "z": "7.16147e+02",
        "layer": "Spot level"
      },
      "geometry": {
        "type": "Point",
        "coordinates": [
          74.42703752117208,
          31.607175039886183,
          716.14697265625
        ]
      }
    },
    {
      "type": "Feature",
      "properties": {
        "OBJECTID_1": 456,
        "OBJECTID": 456,
        "Id": 0,
        "X": "1462184.91635601",
        "Y": "11473199.6511203",
        "z": "7.15589e+02",
        "layer": "Spot level"
      },
      "geometry": {
        "type": "Point",
        "coordinates": [
          74.42729151634678,
          31.607180386735145,
          715.5889892578125
        ]
      }
    },
    {
      "type": "Feature",
      "properties": {
        "OBJECTID_1": 457,
        "OBJECTID": 457,
        "Id": 0,
        "X": "1462259.38280384",
        "Y": "11473199.6511203",
        "z": "7.15597e+02",
        "layer": "Spot level"
      },
      "geometry": {
        "type": "Point",
        "coordinates": [
          74.42753078769977,
          31.60718145928709,
          715.5969848632812
        ]
      }
    },
    {
      "type": "Feature",
      "properties": {
        "OBJECTID_1": 458,
        "OBJECTID": 458,
        "Id": 0,
        "X": "1462342.52000245",
        "Y": "11473201.1812528",
        "z": "7.15644e+02",
        "layer": "Spot level"
      },
      "geometry": {
        "type": "Point",
        "coordinates": [
          74.42779789369676,
          31.60718686388666,
          715.6439819335938
        ]
      }
    },
    {
      "type": "Feature",
      "properties": {
        "OBJECTID_1": 459,
        "OBJECTID": 459,
        "Id": 0,
        "X": "1462426.16724522",
        "Y": "11473194.5506786",
        "z": "7.15522e+02",
        "layer": "Spot level"
      },
      "geometry": {
        "type": "Point",
        "coordinates": [
          74.4280667757629,
          31.607169834246637,
          715.52197265625
        ]
      }
    },
    {
      "type": "Feature",
      "properties": {
        "OBJECTID_1": 460,
        "OBJECTID": 460,
        "Id": 0,
        "X": "1462521.54550375",
        "Y": "11473197.1008995",
        "z": "7.15249e+02",
        "layer": "Spot level"
      },
      "geometry": {
        "type": "Point",
        "coordinates": [
          74.42837319691839,
          31.60717821887268,
          715.2490234375
        ]
      }
    },
    {
      "type": "Feature",
      "properties": {
        "OBJECTID_1": 461,
        "OBJECTID": 461,
        "Id": 0,
        "X": "1462609.27309982",
        "Y": "11473206.2816944",
        "z": "7.14786e+02",
        "layer": "Spot level"
      },
      "geometry": {
        "type": "Point",
        "coordinates": [
          74.42865492411319,
          31.60720472614226,
          714.7860107421875
        ]
      }
    },
    {
      "type": "Feature",
      "properties": {
        "OBJECTID_1": 462,
        "OBJECTID": 462,
        "Id": 0,
        "X": "1462700.57100504",
        "Y": "11473196.0808111",
        "z": "7.14808e+02",
        "layer": "Spot level"
      },
      "geometry": {
        "type": "Point",
        "coordinates": [
          74.42894844871101,
          31.607177986649734,
          714.8079833984375
        ]
      }
    },
    {
      "type": "Feature",
      "properties": {
        "OBJECTID_1": 463,
        "OBJECTID": 463,
        "Id": 0,
        "X": "1462786.76846863",
        "Y": "11473193.0205462",
        "z": "7.14196e+02",
        "layer": "Spot level"
      },
      "geometry": {
        "type": "Point",
        "coordinates": [
          74.42922546491033,
          31.607170809147934,
          714.1959838867188
        ]
      }
    },
    {
      "type": "Feature",
      "properties": {
        "OBJECTID_1": 464,
        "OBJECTID": 464,
        "Id": 0,
        "X": "1462880.61659467",
        "Y": "11473203.2214294",
        "z": "7.14590e+02",
        "layer": "Spot level"
      },
      "geometry": {
        "type": "Point",
        "coordinates": [
          74.42952684139985,
          31.607200207499286,
          714.5900268554688
        ]
      }
    },
    {
      "type": "Feature",
      "properties": {
        "OBJECTID_1": 465,
        "OBJECTID": 465,
        "Id": 0,
        "X": "1462964.77388161",
        "Y": "11473226.1734168",
        "z": "7.14162e+02",
        "layer": "Spot level"
      },
      "geometry": {
        "type": "Point",
        "coordinates": [
          74.42979686630609,
          31.607264530251054,
          714.1619873046875
        ]
      }
    },
    {
      "type": "Feature",
      "properties": {
        "OBJECTID_1": 466,
        "OBJECTID": 466,
        "Id": 0,
        "X": "1463018.32851875",
        "Y": "11473232.2939467",
        "z": "7.14078e+02",
        "layer": "Spot level"
      },
      "geometry": {
        "type": "Point",
        "coordinates": [
          74.42996884270148,
          31.607282129048826,
          714.0780029296875
        ]
      }
    },
    {
      "type": "Feature",
      "properties": {
        "OBJECTID_1": 467,
        "OBJECTID": 467,
        "Id": 0,
        "X": "1463093.30501074",
        "Y": "11473284.3184514",
        "z": "7.13960e+02",
        "layer": "Spot level"
      },
      "geometry": {
        "type": "Point",
        "coordinates": [
          74.43020888199662,
          31.607426265446822,
          713.9600219726562
        ]
      }
    },
    {
      "type": "Feature",
      "properties": {
        "OBJECTID_1": 468,
        "OBJECTID": 468,
        "Id": 0,
        "X": "1463142.77929458",
        "Y": "11473319.0014545",
        "z": "7.13735e+02",
        "layer": "Spot level"
      },
      "geometry": {
        "type": "Point",
        "coordinates": [
          74.43036726975465,
          31.60752234882289,
          713.7349853515625
        ]
      }
    },
    {
      "type": "Feature",
      "properties": {
        "OBJECTID_1": 469,
        "OBJECTID": 469,
        "Id": 0,
        "X": "1462359.57460415",
        "Y": "11473331.0831256",
        "z": "7.04230e+02",
        "layer": "Spot level"
      },
      "geometry": {
        "type": "Point",
        "coordinates": [
          74.42785050805335,
          31.607544324769027,
          704.22998046875
        ]
      }
    },
    {
      "type": "Feature",
      "properties": {
        "OBJECTID_1": 470,
        "OBJECTID": 470,
        "Id": 0,
        "X": "1462355.58988413",
        "Y": "11473409.1836381",
        "z": "7.04809e+02",
        "layer": "Spot level"
      },
      "geometry": {
        "type": "Point",
        "coordinates": [
          74.42783639108251,
          31.60775903496215,
          704.8090209960938
        ]
      }
    },
    {
      "type": "Feature",
      "properties": {
        "OBJECTID_1": 471,
        "OBJECTID": 471,
        "Id": 0,
        "X": "1462369.13793221",
        "Y": "11473469.7513825",
        "z": "7.03899e+02",
        "layer": "Spot level"
      },
      "geometry": {
        "type": "Point",
        "coordinates": [
          74.42787890465036,
          31.60792578436493,
          703.8989868164062
        ]
      }
    },
    {
      "type": "Feature",
      "properties": {
        "OBJECTID_1": 472,
        "OBJECTID": 472,
        "Id": 0,
        "X": "1462553.23199739",
        "Y": "11473514.3802468",
        "z": "7.10969e+02",
        "layer": "Spot level"
      },
      "geometry": {
        "type": "Point",
        "coordinates": [
          74.42846968030285,
          31.608051156738124,
          710.968994140625
        ]
      }
    },
    {
      "type": "Feature",
      "properties": {
        "OBJECTID_1": 473,
        "OBJECTID": 473,
        "Id": 0,
        "X": "1462475.9284289",
        "Y": "11473387.66615",
        "z": "7.13514e+02",
        "layer": "Spot level"
      },
      "geometry": {
        "type": "Point",
        "coordinates": [
          74.42822342010608,
          31.60770159572018,
          713.5139770507812
        ]
      }
    },
    {
      "type": "Feature",
      "properties": {
        "OBJECTID_1": 474,
        "OBJECTID": 474,
        "Id": 0,
        "X": "1462625.75390185",
        "Y": "11473421.9347422",
        "z": "7.04271e+02",
        "layer": "Spot level"
      },
      "geometry": {
        "type": "Point",
        "coordinates": [
          74.42870425812812,
          31.607797984494432,
          704.27099609375
        ]
      }
    },
    {
      "type": "Feature",
      "properties": {
        "OBJECTID_1": 475,
        "OBJECTID": 475,
        "Id": 0,
        "X": "1462746.88939062",
        "Y": "11473515.1771908",
        "z": "7.03667e+02",
        "layer": "Spot level"
      },
      "geometry": {
        "type": "Point",
        "coordinates": [
          74.42909192179226,
          31.60805613091842,
          703.6669921875
        ]
      }
    },
    {
      "type": "Feature",
      "properties": {
        "OBJECTID_1": 476,
        "OBJECTID": 476,
        "Id": 0,
        "X": "1462707.83913438",
        "Y": "11473405.1989181",
        "z": "7.03502e+02",
        "layer": "Spot level"
      },
      "geometry": {
        "type": "Point",
        "coordinates": [
          74.42896829243084,
          31.607753142234703,
          703.5020141601562
        ]
      }
    },
    {
      "type": "Feature",
      "properties": {
        "OBJECTID_1": 477,
        "OBJECTID": 477,
        "Id": 0,
        "X": "1462852.8829433",
        "Y": "11473462.5788864",
        "z": "7.07498e+02",
        "layer": "Spot level"
      },
      "geometry": {
        "type": "Point",
        "coordinates": [
          74.42943337965244,
          31.607913013264294,
          707.4979858398438
        ]
      }
    },
    {
      "type": "Feature",
      "properties": {
        "OBJECTID_1": 478,
        "OBJECTID": 478,
        "Id": 0,
        "X": "1462774.7824308",
        "Y": "11473399.62031",
        "z": "7.02430e+02",
        "layer": "Spot level"
      },
      "geometry": {
        "type": "Point",
        "coordinates": [
          74.42918348579808,
          31.607738763099814,
          702.4299926757812
        ]
      }
    },
    {
      "type": "Feature",
      "properties": {
        "OBJECTID_1": 479,
        "OBJECTID": 479,
        "Id": 0,
        "X": "1462691.90025427",
        "Y": "11473327.0984056",
        "z": "7.06644e+02",
        "layer": "Spot level"
      },
      "geometry": {
        "type": "Point",
        "coordinates": [
          74.4289183891648,
          31.607538145691205,
          706.6439819335938
        ]
      }
    },
    {
      "type": "Feature",
      "properties": {
        "OBJECTID_1": 480,
        "OBJECTID": 480,
        "Id": 0,
        "X": "1462858.46155133",
        "Y": "11473398.026422",
        "z": "7.08216e+02",
        "layer": "Spot level"
      },
      "geometry": {
        "type": "Point",
        "coordinates": [
          74.4294523872106,
          31.60773558133655,
          708.2160034179688
        ]
      }
    },
    {
      "type": "Feature",
      "properties": {
        "OBJECTID_1": 481,
        "OBJECTID": 481,
        "Id": 0,
        "X": "1462898.30875158",
        "Y": "11473351.0067257",
        "z": "7.13820e+02",
        "layer": "Spot level"
      },
      "geometry": {
        "type": "Point",
        "coordinates": [
          74.42958121111158,
          31.60760685429508,
          713.8200073242188
        ]
      }
    },
    {
      "type": "Feature",
      "properties": {
        "OBJECTID_1": 482,
        "OBJECTID": 482,
        "Id": 0,
        "X": "1463067.26088066",
        "Y": "11473417.1530781",
        "z": "7.11371e+02",
        "layer": "Spot level"
      },
      "geometry": {
        "type": "Point",
        "coordinates": [
          74.43012297322524,
          31.607791172423568,
          711.3709716796875
        ]
      }
    },
    {
      "type": "Feature",
      "properties": {
        "OBJECTID_1": 483,
        "OBJECTID": 483,
        "Id": 0,
        "X": "1462578.73420555",
        "Y": "11473370.1333818",
        "z": "7.07229e+02",
        "layer": "Spot level"
      },
      "geometry": {
        "type": "Point",
        "coordinates": [
          74.4285540461611,
          31.607654860814378,
          707.22900390625
        ]
      }
    },
    {
      "type": "Feature",
      "properties": {
        "OBJECTID_1": 484,
        "OBJECTID": 484,
        "Id": 0,
        "X": "1462287.8496437",
        "Y": "11473664.2057197",
        "z": "7.05978e+02",
        "layer": "Spot level"
      },
      "geometry": {
        "type": "Point",
        "coordinates": [
          74.42761444011316,
          31.6084593415074,
          705.97802734375
        ]
      }
    },
    {
      "type": "Feature",
      "properties": {
        "OBJECTID_1": 485,
        "OBJECTID": 485,
        "Id": 0,
        "X": "1462312.55490786",
        "Y": "11473755.0573363",
        "z": "7.06627e+02",
        "layer": "Spot level"
      },
      "geometry": {
        "type": "Point",
        "coordinates": [
          74.42769229442584,
          31.608709528791728,
          706.6270141601562
        ]
      }
    },
    {
      "type": "Feature",
      "properties": {
        "OBJECTID_1": 486,
        "OBJECTID": 486,
        "Id": 0,
        "X": "1462406.59430045",
        "Y": "11473770.9962164",
        "z": "7.08148e+02",
        "layer": "Spot level"
      },
      "geometry": {
        "type": "Point",
        "coordinates": [
          74.42799419342559,
          31.6087547123964,
          708.1480102539062
        ]
      }
    },
    {
      "type": "Feature",
      "properties": {
        "OBJECTID_1": 487,
        "OBJECTID": 487,
        "Id": 0,
        "X": "1462373.91959625",
        "Y": "11473677.7537678",
        "z": "7.05839e+02",
        "layer": "Spot level"
      },
      "geometry": {
        "type": "Point",
        "coordinates": [
          74.42789077115619,
          31.608497836081348,
          705.8389892578125
        ]
      }
    },
    {
      "type": "Feature",
      "properties": {
        "OBJECTID_1": 488,
        "OBJECTID": 488,
        "Id": 0,
        "X": "1462479.11620492",
        "Y": "11473673.7690478",
        "z": "7.05025e+02",
        "layer": "Spot level"
      },
      "geometry": {
        "type": "Point",
        "coordinates": [
          74.42822885468107,
          31.60848839205759,
          705.0250244140625
        ]
      }
    },
    {
      "type": "Feature",
      "properties": {
        "OBJECTID_1": 489,
        "OBJECTID": 489,
        "Id": 0,
        "X": "1462476.7253729",
        "Y": "11473763.0267763",
        "z": "7.09057e+02",
        "layer": "Spot level"
      },
      "geometry": {
        "type": "Point",
        "coordinates": [
          74.42821967235737,
          31.608733806269676,
          709.0570068359375
        ]
      }
    },
    {
      "type": "Feature",
      "properties": {
        "OBJECTID_1": 490,
        "OBJECTID": 490,
        "Id": 0,
        "X": "1462563.59226946",
        "Y": "11473764.6206644",
        "z": "7.08336e+02",
        "layer": "Spot level"
      },
      "geometry": {
        "type": "Point",
        "coordinates": [
          74.42849876603238,
          31.608739438421225,
          708.3359985351562
        ]
      }
    },
    {
      "type": "Feature",
      "properties": {
        "OBJECTID_1": 491,
        "OBJECTID": 491,
        "Id": 0,
        "X": "1462659.22555006",
        "Y": "11473795.7014806",
        "z": "7.07497e+02",
        "layer": "Spot level"
      },
      "geometry": {
        "type": "Point",
        "coordinates": [
          74.42880553280037,
          31.608826281632314,
          707.4970092773438
        ]
      }
    },
    {
      "type": "Feature",
      "properties": {
        "OBJECTID_1": 492,
        "OBJECTID": 492,
        "Id": 0,
        "X": "1462698.27580631",
        "Y": "11473681.7384878",
        "z": "7.06221e+02",
        "layer": "Spot level"
      },
      "geometry": {
        "type": "Point",
        "coordinates": [
          74.4289329220661,
          31.60851345737201,
          706.2210083007812
        ]
      }
    },
    {
      "type": "Feature",
      "properties": {
        "OBJECTID_1": 493,
        "OBJECTID": 493,
        "Id": 0,
        "X": "1462605.83030172",
        "Y": "11473672.1751598",
        "z": "7.06471e+02",
        "layer": "Spot level"
      },
      "geometry": {
        "type": "Point",
        "coordinates": [
          74.42863603774178,
          31.608485830941564,
          706.4710083007812
        ]
      }
    },
    {
      "type": "Feature",
      "properties": {
        "OBJECTID_1": 494,
        "OBJECTID": 494,
        "Id": 0,
        "X": "1462718.19940644",
        "Y": "11473617.9829674",
        "z": "7.05078e+02",
        "layer": "Spot level"
      },
      "geometry": {
        "type": "Point",
        "coordinates": [
          74.42899801043107,
          31.608338423109377,
          705.0780029296875
        ]
      }
    },
    {
      "type": "Feature",
      "properties": {
        "OBJECTID_1": 495,
        "OBJECTID": 495,
        "Id": 0,
        "X": "1462550.84116537",
        "Y": "11473626.7493515",
        "z": "7.07861e+02",
        "layer": "Spot level"
      },
      "geometry": {
        "type": "Point",
        "coordinates": [
          74.42846011041289,
          31.608360124653096,
          707.8610229492188
        ]
      }
    },
    {
      "type": "Feature",
      "properties": {
        "OBJECTID_1": 496,
        "OBJECTID": 496,
        "Id": 0,
        "X": "1462439.26900466",
        "Y": "11473950.3086175",
        "z": "7.02687e+02",
        "layer": "Spot level"
      },
      "geometry": {
        "type": "Point",
        "coordinates": [
          74.42809616935726,
          31.60924827117835,
          702.68701171875
        ]
      }
    },
    {
      "type": "Feature",
      "properties": {
        "OBJECTID_1": 497,
        "OBJECTID": 497,
        "Id": 0,
        "X": "1462357.98071614",
        "Y": "11474065.8654983",
        "z": "7.03802e+02",
        "layer": "Spot level"
      },
      "geometry": {
        "type": "Point",
        "coordinates": [
          74.42783302915342,
          31.609564869651432,
          703.802001953125
        ]
      }
    },
    {
      "type": "Feature",
      "properties": {
        "OBJECTID_1": 498,
        "OBJECTID": 498,
        "Id": 0,
        "X": "1462283.06797967",
        "Y": "11474093.7585385",
        "z": "7.04194e+02",
        "layer": "Spot level"
      },
      "geometry": {
        "type": "Point",
        "coordinates": [
          74.42759184834246,
          31.60964049383437,
          704.1939697265625
        ]
      }
    },
    {
      "type": "Feature",
      "properties": {
        "OBJECTID_1": 499,
        "OBJECTID": 499,
        "Id": 0,
        "X": "1462463.17732481",
        "Y": "11474095.3524265",
        "z": "7.03891e+02",
        "layer": "Spot level"
      },
      "geometry": {
        "type": "Point",
        "coordinates": [
          74.42817055392042,
          31.609647469037863,
          703.8909912109375
        ]
      }
    },
    {
      "type": "Feature",
      "properties": {
        "OBJECTID_1": 500,
        "OBJECTID": 500,
        "Id": 0,
        "X": "1462503.82146907",
        "Y": "11474021.236634",
        "z": "7.03495e+02",
        "layer": "Spot level"
      },
      "geometry": {
        "type": "Point",
        "coordinates": [
          74.4283023983462,
          31.60944424366817,
          703.4949951171875
        ]
      }
    },
    {
      "type": "Feature",
      "properties": {
        "OBJECTID_1": 501,
        "OBJECTID": 501,
        "Id": 0,
        "X": "1462590.68836563",
        "Y": "11473928.7911294",
        "z": "7.03120e+02",
        "layer": "Spot level"
      },
      "geometry": {
        "type": "Point",
        "coordinates": [
          74.4285830736855,
          31.609191278043884,
          703.1199951171875
        ]
      }
    },
    {
      "type": "Feature",
      "properties": {
        "OBJECTID_1": 502,
        "OBJECTID": 502,
        "Id": 0,
        "X": "1462628.14473386",
        "Y": "11474092.1646504",
        "z": "7.01869e+02",
        "layer": "Spot level"
      },
      "geometry": {
        "type": "Point",
        "coordinates": [
          74.42870068542214,
          31.609641074982758,
          701.8690185546875
        ]
      }
    },
    {
      "type": "Feature",
      "properties": {
        "OBJECTID_1": 503,
        "OBJECTID": 503,
        "Id": 0,
        "X": "1462658.42860606",
        "Y": "11474027.612186",
        "z": "7.01314e+02",
        "layer": "Spot level"
      },
      "geometry": {
        "type": "Point",
        "coordinates": [
          74.42879907827718,
          31.609463998251314,
          701.3140258789062
        ]
      }
    },
    {
      "type": "Feature",
      "properties": {
        "OBJECTID_1": 504,
        "OBJECTID": 504,
        "Id": 0,
        "X": "1462707.83913438",
        "Y": "11473924.8064094",
        "z": "7.05273e+02",
        "layer": "Spot level"
      },
      "geometry": {
        "type": "Point",
        "coordinates": [
          74.42895957093617,
          31.60918200394508,
          705.2730102539062
        ]
      }
    },
    {
      "type": "Feature",
      "properties": {
        "OBJECTID_1": 505,
        "OBJECTID": 505,
        "Id": 0,
        "X": "1462735.73217455",
        "Y": "11474069.0532743",
        "z": "7.01239e+02",
        "layer": "Spot level"
      },
      "geometry": {
        "type": "Point",
        "coordinates": [
          74.42904677632677,
          31.609579067076748,
          701.239013671875
        ]
      }
    },
    {
      "type": "Feature",
      "properties": {
        "OBJECTID_1": 506,
        "OBJECTID": 506,
        "Id": 0,
        "X": "1462498.24286104",
        "Y": "11474224.4573553",
        "z": "7.04802e+02",
        "layer": "Spot level"
      },
      "geometry": {
        "type": "Point",
        "coordinates": [
          74.42828105779365,
          31.610002997211918,
          704.802001953125
        ]
      }
    },
    {
      "type": "Feature",
      "properties": {
        "OBJECTID_1": 507,
        "OBJECTID": 507,
        "Id": 0,
        "X": "1462407.39124446",
        "Y": "11474229.2390193",
        "z": "7.03778e+02",
        "layer": "Spot level"
      },
      "geometry": {
        "type": "Point",
        "coordinates": [
          74.42798904930719,
          31.610014839240904,
          703.7780151367188
        ]
      }
    },
    {
      "type": "Feature",
      "properties": {
        "OBJECTID_1": 508,
        "OBJECTID": 508,
        "Id": 0,
        "X": "1462338.85406002",
        "Y": "11474247.5687314",
        "z": "7.03999e+02",
        "layer": "Spot level"
      },
      "geometry": {
        "type": "Point",
        "coordinates": [
          74.42776851451538,
          31.610064257424664,
          703.9990234375
        ]
      }
    },
    {
      "type": "Feature",
      "properties": {
        "OBJECTID_1": 509,
        "OBJECTID": 509,
        "Id": 0,
        "X": "1462350.01127609",
        "Y": "11474328.8570199",
        "z": "7.03995e+02",
        "layer": "Spot level"
      },
      "geometry": {
        "type": "Point",
        "coordinates": [
          74.42780299808548,
          31.61028795150678,
          703.9949951171875
        ]
      }
    },
    {
      "type": "Feature",
      "properties": {
        "OBJECTID_1": 510,
        "OBJECTID": 510,
        "Id": 0,
        "X": "1462448.83233272",
        "Y": "11474310.5273078",
        "z": "7.03878e+02",
        "layer": "Spot level"
      },
      "geometry": {
        "type": "Point",
        "coordinates": [
          74.42812084299597,
          31.610238968988703,
          703.8779907226562
        ]
      }
    },
    {
      "type": "Feature",
      "properties": {
        "OBJECTID_1": 511,
        "OBJECTID": 511,
        "Id": 0,
        "X": "1462555.6228294",
        "Y": "11474328.8570199",
        "z": "7.04635e+02",
        "layer": "Spot level"
      },
      "geometry": {
        "type": "Point",
        "coordinates": [
          74.4284636794641,
          31.61029090948655,
          704.635009765625
        ]
      }
    },
    {
      "type": "Feature",
      "properties": {
        "OBJECTID_1": 512,
        "OBJECTID": 512,
        "Id": 0,
        "X": "1462573.15559752",
        "Y": "11474206.9245872",
        "z": "7.11241e+02",
        "layer": "Spot level"
      },
      "geometry": {
        "type": "Point",
        "coordinates": [
          74.42852206496856,
          31.60995586130156,
          711.2410278320312
        ]
      }
    },
    {
      "type": "Feature",
      "properties": {
        "OBJECTID_1": 513,
        "OBJECTID": 513,
        "Id": 0,
        "X": "1462587.5005896",
        "Y": "11474250.7565074",
        "z": "7.11657e+02",
        "layer": "Spot level"
      },
      "geometry": {
        "type": "Point",
        "coordinates": [
          74.42856742259343,
          31.61007660029708,
          711.656982421875
        ]
      }
    },
    {
      "type": "Feature",
      "properties": {
        "OBJECTID_1": 514,
        "OBJECTID": 514,
        "Id": 0,
        "X": "1462538.8870053",
        "Y": "11474443.6169567",
        "z": "7.05768e+02",
        "layer": "Spot level"
      },
      "geometry": {
        "type": "Point",
        "coordinates": [
          74.42840797482832,
          31.610606245539433,
          705.7680053710938
        ]
      }
    },
    {
      "type": "Feature",
      "properties": {
        "OBJECTID_1": 515,
        "OBJECTID": 515,
        "Id": 0,
        "X": "1462538.09006129",
        "Y": "11474508.1694211",
        "z": "7.08968e+02",
        "layer": "Spot level"
      },
      "geometry": {
        "type": "Point",
        "coordinates": [
          74.42840432938533,
          31.6107837459614,
          708.968017578125
        ]
      }
    },
    {
      "type": "Feature",
      "properties": {
        "OBJECTID_1": 516,
        "OBJECTID": 516,
        "Id": 0,
        "X": "1462547.65338935",
        "Y": "11474591.0515976",
        "z": "7.05416e+02",
        "layer": "Spot level"
      },
      "geometry": {
        "type": "Point",
        "coordinates": [
          74.42843366633483,
          31.611011799958813,
          705.416015625
        ]
      }
    },
    {
      "type": "Feature",
      "properties": {
        "OBJECTID_1": 517,
        "OBJECTID": 517,
        "Id": 0,
        "X": "1462377.10737226",
        "Y": "11474614.1629738",
        "z": "7.07551e+02",
        "layer": "Spot level"
      },
      "geometry": {
        "type": "Point",
        "coordinates": [
          74.42788526638196,
          31.61107290013118,
          707.551025390625
        ]
      }
    },
    {
      "type": "Feature",
      "properties": {
        "OBJECTID_1": 518,
        "OBJECTID": 518,
        "Id": 0,
        "X": "1462376.31042826",
        "Y": "11474532.8746852",
        "z": "7.07513e+02",
        "layer": "Spot level"
      },
      "geometry": {
        "type": "Point",
        "coordinates": [
          74.42788407270052,
          31.610849355209986,
          707.5130004882812
        ]
      }
    },
    {
      "type": "Feature",
      "properties": {
        "OBJECTID_1": 519,
        "OBJECTID": 519,
        "Id": 0,
        "X": "1462367.5440442",
        "Y": "11474435.6475166",
        "z": "7.07899e+02",
        "layer": "Spot level"
      },
      "geometry": {
        "type": "Point",
        "coordinates": [
          74.42785753919112,
          31.610581865486154,
          707.8989868164062
        ]
      }
    },
    {
      "type": "Feature",
      "properties": {
        "OBJECTID_1": 520,
        "OBJECTID": 520,
        "Id": 0,
        "X": "1462757.24966268",
        "Y": "11474226.0512433",
        "z": "7.02778e+02",
        "layer": "Spot level"
      },
      "geometry": {
        "type": "Point",
        "coordinates": [
          74.42911328227098,
          31.610011102656024,
          702.7780151367188
        ]
      }
    },
    {
      "type": "Feature",
      "properties": {
        "OBJECTID_1": 521,
        "OBJECTID": 521,
        "Id": 0,
        "X": "1462821.8021271",
        "Y": "11474311.3242518",
        "z": "7.02212e+02",
        "layer": "Spot level"
      },
      "geometry": {
        "type": "Point",
        "coordinates": [
          74.42931927442903,
          31.610246520619537,
          702.2119750976562
        ]
      }
    },
    {
      "type": "Feature",
      "properties": {
        "OBJECTID_1": 522,
        "OBJECTID": 522,
        "Id": 0,
        "X": "1462918.23235171",
        "Y": "11474387.8308763",
        "z": "7.01500e+02",
        "layer": "Spot level"
      },
      "geometry": {
        "type": "Point",
        "coordinates": [
          74.42962784606027,
          31.610458289143338,
          701.5
        ]
      }
    },
    {
      "type": "Feature",
      "properties": {
        "OBJECTID_1": 523,
        "OBJECTID": 523,
        "Id": 0,
        "X": "1463027.4136804",
        "Y": "11474434.0536286",
        "z": "7.01550e+02",
        "layer": "Spot level"
      },
      "geometry": {
        "type": "Point",
        "coordinates": [
          74.42997789920979,
          31.61058696258609,
          701.5499877929688
        ]
      }
    },
    {
      "type": "Feature",
      "properties": {
        "OBJECTID_1": 524,
        "OBJECTID": 524,
        "Id": 0,
        "X": "1463125.43779303",
        "Y": "11474520.1235812",
        "z": "6.96876e+02",
        "layer": "Spot level"
      },
      "geometry": {
        "type": "Point",
        "coordinates": [
          74.43029143489943,
          31.610825050447094,
          696.8759765625
        ]
      }
    },
    {
      "type": "Feature",
      "properties": {
        "OBJECTID_1": 525,
        "OBJECTID": 525,
        "Id": 0,
        "X": "1462946.9223359",
        "Y": "11474469.1191648",
        "z": "7.03130e+02",
        "layer": "Spot level"
      },
      "geometry": {
        "type": "Point",
        "coordinates": [
          74.42971867163843,
          31.610682234311042,
          703.1300048828125
        ]
      }
    },
    {
      "type": "Feature",
      "properties": {
        "OBJECTID_1": 526,
        "OBJECTID": 526,
        "Id": 0,
        "X": "1462950.49264504",
        "Y": "11474611.4533641",
        "z": "7.07214e+02",
        "layer": "Spot level"
      },
      "geometry": {
        "type": "Point",
        "coordinates": [
          74.42972775791506,
          31.61107368835277,
          707.2139892578125
        ]
      }
    },
    {
      "type": "Feature",
      "properties": {
        "OBJECTID_1": 527,
        "OBJECTID": 527,
        "Id": 0,
        "X": "1462857.66460732",
        "Y": "11474595.6419951",
        "z": "7.07385e+02",
        "layer": "Spot level"
      },
      "geometry": {
        "type": "Point",
        "coordinates": [
          74.42942974082492,
          31.611028876791867,
          707.385009765625
        ]
      }
    },
    {
      "type": "Feature",
      "properties": {
        "OBJECTID_1": 528,
        "OBJECTID": 528,
        "Id": 0,
        "X": "1462728.5596785",
        "Y": "11474593.4424296",
        "z": "7.08023e+02",
        "layer": "Spot level"
      },
      "geometry": {
        "type": "Point",
        "coordinates": [
          74.42901492794357,
          31.611020974400507,
          708.0230102539062
        ]
      }
    },
    {
      "type": "Feature",
      "properties": {
        "OBJECTID_1": 529,
        "OBJECTID": 529,
        "Id": 0,
        "X": "1462746.88939062",
        "Y": "11474517.7327492",
        "z": "7.07803e+02",
        "layer": "Spot level"
      },
      "geometry": {
        "type": "Point",
        "coordinates": [
          74.42907509701149,
          31.610813044717048,
          707.802978515625
        ]
      }
    },
    {
      "type": "Feature",
      "properties": {
        "OBJECTID_1": 530,
        "OBJECTID": 530,
        "Id": 0,
        "X": "1463783.16564221",
        "Y": "11474344.9951361",
        "z": "7.02349e+02",
        "layer": "Spot level"
      },
      "geometry": {
        "type": "Point",
        "coordinates": [
          74.4324078144922,
          31.610352876134463,
          702.3489990234375
        ]
      }
    },
    {
      "type": "Feature",
      "properties": {
        "OBJECTID_1": 531,
        "OBJECTID": 531,
        "Id": 0,
        "X": "1463867.84094276",
        "Y": "11474220.4726353",
        "z": "7.01083e+02",
        "layer": "Spot level"
      },
      "geometry": {
        "type": "Point",
        "coordinates": [
          74.43268197443638,
          31.6100116620086,
          701.0830078125
        ]
      }
    },
    {
      "type": "Feature",
      "properties": {
        "OBJECTID_1": 532,
        "OBJECTID": 532,
        "Id": 0,
        "X": "1463941.30921822",
        "Y": "11474090.9692344",
        "z": "7.01321e+02",
        "layer": "Spot level"
      },
      "geometry": {
        "type": "Point",
        "coordinates": [
          74.43292020462978,
          31.609656590465356,
          701.3209838867188
        ]
      }
    },
    {
      "type": "Feature",
      "properties": {
        "OBJECTID_1": 533,
        "OBJECTID": 533,
        "Id": 0,
        "X": "1463991.11821854",
        "Y": "11474000.0678089",
        "z": "7.04275e+02",
        "layer": "Spot level"
      },
      "geometry": {
        "type": "Point",
        "coordinates": [
          74.43308176728969,
          31.60940733216425,
          704.2750244140625
        ]
      }
    },
    {
      "type": "Feature",
      "properties": {
        "OBJECTID_1": 534,
        "OBJECTID": 534,
        "Id": 0,
        "X": "1464167.84055166",
        "Y": "11473957.4811136",
        "z": "7.05548e+02",
        "layer": "Spot level"
      },
      "geometry": {
        "type": "Point",
        "coordinates": [
          74.43365032451118,
          31.609292742548337,
          705.5479736328125
        ]
      }
    },
    {
      "type": "Feature",
      "properties": {
        "OBJECTID_1": 535,
        "OBJECTID": 535,
        "Id": 0,
        "X": "1464175.01304771",
        "Y": "11474048.3327302",
        "z": "7.08666e+02",
        "layer": "Spot level"
      },
      "geometry": {
        "type": "Point",
        "coordinates": [
          74.43367185890654,
          31.60954267654936,
          708.666015625
        ]
      }
    },
    {
      "type": "Feature",
      "properties": {
        "OBJECTID_1": 536,
        "OBJECTID": 536,
        "Id": 0,
        "X": "1464171.02832769",
        "Y": "11474129.6210187",
        "z": "7.08830e+02",
        "layer": "Spot level"
      },
      "geometry": {
        "type": "Point",
        "coordinates": [
          74.43365770184174,
          31.609766153501198,
          708.8300170898438
        ]
      }
    },
    {
      "type": "Feature",
      "properties": {
        "OBJECTID_1": 537,
        "OBJECTID": 537,
        "Id": 0,
        "X": "1464346.3560088",
        "Y": "11473938.3544575",
        "z": "7.06003e+02",
        "layer": "Spot level"
      },
      "geometry": {
        "type": "Point",
        "coordinates": [
          74.43422425191662,
          31.60924268840429,
          706.0029907226562
        ]
      }
    },
    {
      "type": "Feature",
      "properties": {
        "OBJECTID_1": 538,
        "OBJECTID": 538,
        "Id": 0,
        "X": "1464342.37128877",
        "Y": "11474026.815242",
        "z": "7.07675e+02",
        "layer": "Spot level"
      },
      "geometry": {
        "type": "Point",
        "coordinates": [
          74.43420997693993,
          31.609485889009953,
          707.6749877929688
        ]
      }
    },
    {
      "type": "Feature",
      "properties": {
        "OBJECTID_1": 539,
        "OBJECTID": 539,
        "Id": 0,
        "X": "1464340.77740077",
        "Y": "11474136.7935147",
        "z": "7.07665e+02",
        "layer": "Spot level"
      },
      "geometry": {
        "type": "Point",
        "coordinates": [
          74.43420302631196,
          31.60978829432917,
          707.6649780273438
        ]
      }
    },
    {
      "type": "Feature",
      "properties": {
        "OBJECTID_1": 540,
        "OBJECTID": 540,
        "Id": 0,
        "X": "1464509.72952984",
        "Y": "11474142.3721228",
        "z": "7.04804e+02",
        "layer": "Spot level"
      },
      "geometry": {
        "type": "Point",
        "coordinates": [
          74.43474581679077,
          31.609806038484688,
          704.8040161132812
        ]
      }
    },
    {
      "type": "Feature",
      "properties": {
        "OBJECTID_1": 541,
        "OBJECTID": 541,
        "Id": 0,
        "X": "1464514.51119388",
        "Y": "11474038.7694021",
        "z": "7.04390e+02",
        "layer": "Spot level"
      },
      "geometry": {
        "type": "Point",
        "coordinates": [
          74.43476290278488,
          31.609521210504386,
          704.3900146484375
        ]
      }
    },
    {
      "type": "Feature",
      "properties": {
        "OBJECTID_1": 542,
        "OBJECTID": 542,
        "Id": 0,
        "X": "1464516.10508188",
        "Y": "11473955.0902816",
        "z": "7.04356e+02",
        "layer": "Spot level"
      },
      "geometry": {
        "type": "Point",
        "coordinates": [
          74.43476941461877,
          31.609291124872406,
          704.3560180664062
        ]
      }
    },
    {
      "type": "Feature",
      "properties": {
        "OBJECTID_1": 543,
        "OBJECTID": 543,
        "Id": 0,
        "X": "1464657.96111478",
        "Y": "11473956.6841696",
        "z": "7.04156e+02",
        "layer": "Spot level"
      },
      "geometry": {
        "type": "Point",
        "coordinates": [
          74.43522520277837,
          31.609297524113845,
          704.156005859375
        ]
      }
    },
    {
      "type": "Feature",
      "properties": {
        "OBJECTID_1": 544,
        "OBJECTID": 544,
        "Id": 0,
        "X": "1464653.17945076",
        "Y": "11474061.0838342",
        "z": "7.03693e+02",
        "layer": "Spot level"
      },
      "geometry": {
        "type": "Point",
        "coordinates": [
          74.43520810501182,
          31.609584543690588,
          703.6929931640625
        ]
      }
    },
    {
      "type": "Feature",
      "properties": {
        "OBJECTID_1": 545,
        "OBJECTID": 545,
        "Id": 0,
        "X": "1464653.97639476",
        "Y": "11474153.5293388",
        "z": "7.05609e+02",
        "layer": "Spot level"
      },
      "geometry": {
        "type": "Point",
        "coordinates": [
          74.4352091309963,
          31.60983876989976,
          705.6090087890625
        ]
      }
    },
    {
      "type": "Feature",
      "properties": {
        "OBJECTID_1": 546,
        "OBJECTID": 546,
        "Id": 0,
        "X": "1464540.01340203",
        "Y": "11474262.7106675",
        "z": "7.03582e+02",
        "layer": "Spot level"
      },
      "geometry": {
        "type": "Point",
        "coordinates": [
          74.43484112688,
          31.610137386694827,
          703.5819702148438
        ]
      }
    },
    {
      "type": "Feature",
      "properties": {
        "OBJECTID_1": 547,
        "OBJECTID": 547,
        "Id": 0,
        "X": "1464422.86263329",
        "Y": "11474261.1167795",
        "z": "7.03224e+02",
        "layer": "Spot level"
      },
      "geometry": {
        "type": "Point",
        "coordinates": [
          74.43446471882665,
          31.61013133754035,
          703.2239990234375
        ]
      }
    },
    {
      "type": "Feature",
      "properties": {
        "OBJECTID_1": 548,
        "OBJECTID": 548,
        "Id": 0,
        "X": "1464334.40184873",
        "Y": "11474268.2892756",
        "z": "6.98867e+02",
        "layer": "Spot level"
      },
      "geometry": {
        "type": "Point",
        "coordinates": [
          74.43418035306658,
          31.610149802263695,
          698.8670043945312
        ]
      }
    },
    {
      "type": "Feature",
      "properties": {
        "OBJECTID_1": 549,
        "OBJECTID": 549,
        "Id": 0,
        "X": "1464223.62663202",
        "Y": "11474282.6342677",
        "z": "6.97708e+02",
        "layer": "Spot level"
      },
      "geometry": {
        "type": "Point",
        "coordinates": [
          74.43382416599883,
          31.610187672109866,
          697.7080078125
        ]
      }
    },
    {
      "type": "Feature",
      "properties": {
        "OBJECTID_1": 550,
        "OBJECTID": 550,
        "Id": 0,
        "X": "1464153.49555957",
        "Y": "11474302.5578678",
        "z": "6.97046e+02",
        "layer": "Spot level"
      },
      "geometry": {
        "type": "Point",
        "coordinates": [
          74.43359848561752,
          31.610241460701847,
          697.0460205078125
        ]
      }
    },
    {
      "type": "Feature",
      "properties": {
        "OBJECTID_1": 551,
        "OBJECTID": 551,
        "Id": 0,
        "X": "1464081.77059912",
        "Y": "11474340.81118",
        "z": "6.97175e+02",
        "layer": "Spot level"
      },
      "geometry": {
        "type": "Point",
        "coordinates": [
          74.43336737810687,
          31.6103456308263,
          697.1749877929688
        ]
      }
    },
    {
      "type": "Feature",
      "properties": {
        "OBJECTID_1": 552,
        "OBJECTID": 552,
        "Id": 0,
        "X": "1464032.3600708",
        "Y": "11474378.2675483",
        "z": "6.96915e+02",
        "layer": "Spot level"
      },
      "geometry": {
        "type": "Point",
        "coordinates": [
          74.4332079854054,
          31.610447927212256,
          696.9149780273438
        ]
      }
    },
    {
      "type": "Feature",
      "properties": {
        "OBJECTID_1": 553,
        "OBJECTID": 553,
        "Id": 0,
        "X": "1463984.5434305",
        "Y": "11474405.3636444",
        "z": "6.97004e+02",
        "layer": "Spot level"
      },
      "geometry": {
        "type": "Point",
        "coordinates": [
          74.43305388659985,
          31.610521756541594,
          697.0040283203125
        ]
      }
    },
    {
      "type": "Feature",
      "properties": {
        "OBJECTID_1": 554,
        "OBJECTID": 554,
        "Id": 0,
        "X": "1463944.69623025",
        "Y": "11474461.9466688",
        "z": "6.96235e+02",
        "layer": "Spot level"
      },
      "geometry": {
        "type": "Point",
        "coordinates": [
          74.4329249039237,
          31.61067678511341,
          696.2349853515625
        ]
      }
    },
    {
      "type": "Feature",
      "properties": {
        "OBJECTID_1": 555,
        "OBJECTID": 555,
        "Id": 0,
        "X": "1464131.18112743",
        "Y": "11474527.2960772",
        "z": "6.98799e+02",
        "layer": "Spot level"
      },
      "geometry": {
        "type": "Point",
        "coordinates": [
          74.4335230413753,
          31.610859147622048,
          698.7990112304688
        ]
      }
    },
    {
      "type": "Feature",
      "properties": {
        "OBJECTID_1": 556,
        "OBJECTID": 556,
        "Id": 0,
        "X": "1464247.53495217",
        "Y": "11474494.621373",
        "z": "6.97028e+02",
        "layer": "Spot level"
      },
      "geometry": {
        "type": "Point",
        "coordinates": [
          74.43389746172622,
          31.61077095344423,
          697.0280151367188
        ]
      }
    },
    {
      "type": "Feature",
      "properties": {
        "OBJECTID_1": 557,
        "OBJECTID": 557,
        "Id": 0,
        "X": "1464411.70541722",
        "Y": "11474489.839709",
        "z": "6.97603e+02",
        "layer": "Spot level"
      },
      "geometry": {
        "type": "Point",
        "coordinates": [
          74.43442506529051,
          31.610760141337717,
          697.60302734375
        ]
      }
    },
    {
      "type": "Feature",
      "properties": {
        "OBJECTID_1": 558,
        "OBJECTID": 558,
        "Id": 0,
        "X": "1464516.90202589",
        "Y": "11474489.839709",
        "z": "6.96943e+02",
        "layer": "Spot level"
      },
      "geometry": {
        "type": "Point",
        "coordinates": [
          74.4347630904046,
          31.610761637645496,
          696.9429931640625
        ]
      }
    },
    {
      "type": "Feature",
      "properties": {
        "OBJECTID_1": 559,
        "OBJECTID": 559,
        "Id": 0,
        "X": "1463712.18781677",
        "Y": "11474586.5687876",
        "z": "6.96969e+02",
        "layer": "Spot level"
      },
      "geometry": {
        "type": "Point",
        "coordinates": [
          74.43217571236808,
          31.611016162759583,
          696.968994140625
        ]
      }
    },
    {
      "type": "Feature",
      "properties": {
        "OBJECTID_1": 560,
        "OBJECTID": 560,
        "Id": 0,
        "X": "1463905.19769299",
        "Y": "11473731.0992071",
        "z": "7.04311e+02",
        "layer": "Spot level"
      },
      "geometry": {
        "type": "Point",
        "coordinates": [
          74.43281016979934,
          31.608666472918223,
          704.3109741210938
        ]
      }
    },
    {
      "type": "Feature",
      "properties": {
        "OBJECTID_1": 561,
        "OBJECTID": 561,
        "Id": 0,
        "X": "1464080.77441911",
        "Y": "11473729.8539821",
        "z": "7.03512e+02",
        "layer": "Spot level"
      },
      "geometry": {
        "type": "Point",
        "coordinates": [
          74.43337435320841,
          31.60866555256228,
          703.5120239257812
        ]
      }
    },
    {
      "type": "Feature",
      "properties": {
        "OBJECTID_1": 562,
        "OBJECTID": 562,
        "Id": 0,
        "X": "1464248.87979518",
        "Y": "11473729.8539821",
        "z": "7.01741e+02",
        "layer": "Spot level"
      },
      "geometry": {
        "type": "Point",
        "coordinates": [
          74.43391450900188,
          31.608667947553606,
          701.7410278320312
        ]
      }
    },
    {
      "type": "Feature",
      "properties": {
        "OBJECTID_1": 563,
        "OBJECTID": 563,
        "Id": 0,
        "X": "1464362.1952709",
        "Y": "11473713.666057",
        "z": "7.05980e+02",
        "layer": "Spot level"
      },
      "geometry": {
        "type": "Point",
        "coordinates": [
          74.43427888323824,
          31.6086250456673,
          705.97998046875
        ]
      }
    },
    {
      "type": "Feature",
      "properties": {
        "OBJECTID_1": 564,
        "OBJECTID": 564,
        "Id": 0,
        "X": "1464540.26244704",
        "Y": "11473719.8921821",
        "z": "7.10459e+02",
        "layer": "Spot level"
      },
      "geometry": {
        "type": "Point",
        "coordinates": [
          74.43485094468026,
          31.60864469961312,
          710.458984375
        ]
      }
    },
    {
      "type": "Feature",
      "properties": {
        "OBJECTID_1": 566,
        "OBJECTID": 566,
        "Id": 0,
        "X": "1464242.65367014",
        "Y": "11473559.2581561",
        "z": "7.11008e+02",
        "layer": "Spot level"
      },
      "geometry": {
        "type": "Point",
        "coordinates": [
          74.43389734190906,
          31.608198739299322,
          711.0079956054688
        ]
      }
    },
    {
      "type": "Feature",
      "properties": {
        "OBJECTID_1": 567,
        "OBJECTID": 567,
        "Id": 0,
        "X": "1464346.0073458",
        "Y": "11473483.2994306",
        "z": "7.09402e+02",
        "layer": "Spot level"
      },
      "geometry": {
        "type": "Point",
        "coordinates": [
          74.43423069923303,
          31.607991332577416,
          709.4019775390625
        ]
      }
    },
    {
      "type": "Feature",
      "properties": {
        "OBJECTID_1": 568,
        "OBJECTID": 568,
        "Id": 0,
        "X": "1464425.70174631",
        "Y": "11473391.15278",
        "z": "7.09997e+02",
        "layer": "Spot level"
      },
      "geometry": {
        "type": "Point",
        "coordinates": [
          74.4344883029397,
          31.607739073414628,
          709.9970092773438
        ]
      }
    },
    {
      "type": "Feature",
      "properties": {
        "OBJECTID_1": 569,
        "OBJECTID": 569,
        "Id": 0,
        "X": "1464466.79417156",
        "Y": "11473265.3850542",
        "z": "7.09633e+02",
        "layer": "Spot level"
      },
      "geometry": {
        "type": "Point",
        "coordinates": [
          74.43462242973035,
          31.607393810520623,
          709.6329956054688
        ]
      }
    },
    {
      "type": "Feature",
      "properties": {
        "OBJECTID_1": 570,
        "OBJECTID": 570,
        "Id": 0,
        "X": "1464481.73687166",
        "Y": "11473133.3912033",
        "z": "7.09080e+02",
        "layer": "Spot level"
      },
      "geometry": {
        "type": "Point",
        "coordinates": [
          74.43467263616986,
          31.607031054463178,
          709.0800170898438
        ]
      }
    },
    {
      "type": "Feature",
      "properties": {
        "OBJECTID_1": 571,
        "OBJECTID": 571,
        "Id": 0,
        "X": "1464463.05849654",
        "Y": "11473013.8496026",
        "z": "7.09759e+02",
        "layer": "Spot level"
      },
      "geometry": {
        "type": "Point",
        "coordinates": [
          74.43461460640216,
          31.606702062575597,
          709.7589721679688
        ]
      }
    },
    {
      "type": "Feature",
      "properties": {
        "OBJECTID_1": 572,
        "OBJECTID": 572,
        "Id": 0,
        "X": "1464235.18232009",
        "Y": "11472982.7189774",
        "z": "7.09269e+02",
        "layer": "Spot level"
      },
      "geometry": {
        "type": "Point",
        "coordinates": [
          74.43388292851053,
          31.60661321388576,
          709.2689819335938
        ]
      }
    },
    {
      "type": "Feature",
      "properties": {
        "OBJECTID_1": 573,
        "OBJECTID": 573,
        "Id": 0,
        "X": "1464250.12502019",
        "Y": "11473076.110853",
        "z": "7.10295e+02",
        "layer": "Spot level"
      },
      "geometry": {
        "type": "Point",
        "coordinates": [
          74.43392938748282,
          31.6068702440272,
          710.2949829101562
        ]
      }
    },
    {
      "type": "Feature",
      "properties": {
        "OBJECTID_1": 574,
        "OBJECTID": 574,
        "Id": 0,
        "X": "1464232.69187008",
        "Y": "11473176.9740786",
        "z": "7.09837e+02",
        "layer": "Spot level"
      },
      "geometry": {
        "type": "Point",
        "coordinates": [
          74.43387169408095,
          31.607147358522024,
          709.8369750976562
        ]
      }
    },
    {
      "type": "Feature",
      "properties": {
        "OBJECTID_1": 575,
        "OBJECTID": 575,
        "Id": 0,
        "X": "1464207.78736992",
        "Y": "11473265.3850542",
        "z": "7.09603e+02",
        "layer": "Spot level"
      },
      "geometry": {
        "type": "Point",
        "coordinates": [
          74.43379020095173,
          31.607390124253257,
          709.60302734375
        ]
      }
    },
    {
      "type": "Feature",
      "properties": {
        "OBJECTID_1": 576,
        "OBJECTID": 576,
        "Id": 0,
        "X": "1464181.63764476",
        "Y": "11473333.8724296",
        "z": "7.10001e+02",
        "layer": "Spot level"
      },
      "geometry": {
        "type": "Point",
        "coordinates": [
          74.43370503790608,
          31.607578084485286,
          710.0009765625
        ]
      }
    },
    {
      "type": "Feature",
      "properties": {
        "OBJECTID_1": 577,
        "OBJECTID": 577,
        "Id": 0,
        "X": "1464143.03566951",
        "Y": "11473402.3598051",
        "z": "7.09890e+02",
        "layer": "Spot level"
      },
      "geometry": {
        "type": "Point",
        "coordinates": [
          74.43357986335837,
          31.607765867234807,
          709.8900146484375
        ]
      }
    },
    {
      "type": "Feature",
      "properties": {
        "OBJECTID_1": 578,
        "OBJECTID": 578,
        "Id": 0,
        "X": "1464083.26486913",
        "Y": "11473480.8089805",
        "z": "7.03723e+02",
        "layer": "Spot level"
      },
      "geometry": {
        "type": "Point",
        "coordinates": [
          74.43338650329846,
          31.607980741989973,
          703.7230224609375
        ]
      }
    },
    {
      "type": "Feature",
      "properties": {
        "OBJECTID_1": 579,
        "OBJECTID": 579,
        "Id": 0,
        "X": "1464009.79659366",
        "Y": "11473511.9396057",
        "z": "7.03413e+02",
        "layer": "Spot level"
      },
      "geometry": {
        "type": "Point",
        "coordinates": [
          74.43314991827754,
          31.608065300374886,
          703.4130249023438
        ]
      }
    },
    {
      "type": "Feature",
      "properties": {
        "OBJECTID_1": 580,
        "OBJECTID": 580,
        "Id": 0,
        "X": "1463900.21679296",
        "Y": "11473529.3727559",
        "z": "7.10290e+02",
        "layer": "Spot level"
      },
      "geometry": {
        "type": "Point",
        "coordinates": [
          74.43279752838792,
          31.60811167659536,
          710.2899780273438
        ]
      }
    },
    {
      "type": "Feature",
      "properties": {
        "OBJECTID_1": 581,
        "OBJECTID": 581,
        "Id": 0,
        "X": "1463779.42996719",
        "Y": "11473516.9205058",
        "z": "7.10848e+02",
        "layer": "Spot level"
      },
      "geometry": {
        "type": "Point",
        "coordinates": [
          74.43240962656776,
          31.608075710315006,
          710.8480224609375
        ]
      }
    },
    {
      "type": "Feature",
      "properties": {
        "OBJECTID_1": 582,
        "OBJECTID": 582,
        "Id": 0,
        "X": "1463934.36783594",
        "Y": "11473574.0235361",
        "z": "7.10402e+02",
        "layer": "Spot level"
      },
      "geometry": {
        "type": "Point",
        "coordinates": [
          74.43290651750196,
          31.60823494849179,
          710.4019775390625
        ]
      }
    },
    {
      "type": "Feature",
      "properties": {
        "OBJECTID_1": 583,
        "OBJECTID": 583,
        "Id": 0,
        "X": "1463243.25799474",
        "Y": "11473444.4723186",
        "z": "7.13153e+02",
        "layer": "Spot level"
      },
      "geometry": {
        "type": "Point",
        "coordinates": [
          74.43068802397828,
          31.60786881896943,
          713.1530151367188
        ]
      }
    },
    {
      "type": "Feature",
      "properties": {
        "OBJECTID_1": 584,
        "OBJECTID": 584,
        "Id": 0,
        "X": "1463267.23007041",
        "Y": "11473489.356205",
        "z": "7.13111e+02",
        "layer": "Spot level"
      },
      "geometry": {
        "type": "Point",
        "coordinates": [
          74.4307642993243,
          31.60799258790015,
          713.1110229492188
        ]
      }
    },
    {
      "type": "Feature",
      "properties": {
        "OBJECTID_1": 585,
        "OBJECTID": 585,
        "Id": 0,
        "X": "1463282.02135115",
        "Y": "11473531.6898706",
        "z": "7.12762e+02",
        "layer": "Spot level"
      },
      "geometry": {
        "type": "Point",
        "coordinates": [
          74.43081111801565,
          31.608109212517146,
          712.7620239257812
        ]
      }
    },
    {
      "type": "Feature",
      "properties": {
        "OBJECTID_1": 586,
        "OBJECTID": 586,
        "Id": 0,
        "X": "1463296.81263188",
        "Y": "11473582.6942869",
        "z": "7.12350e+02",
        "layer": "Spot level"
      },
      "geometry": {
        "type": "Point",
        "coordinates": [
          74.43085779176907,
          31.608249680706823,
          712.3499755859375
        ]
      }
    },
    {
      "type": "Feature",
      "properties": {
        "OBJECTID_1": 587,
        "OBJECTID": 587,
        "Id": 0,
        "X": "1463307.01351515",
        "Y": "11473632.1685707",
        "z": "7.11725e+02",
        "layer": "Spot level"
      },
      "geometry": {
        "type": "Point",
        "coordinates": [
          74.4308897414522,
          31.60838587546971,
          711.7249755859375
        ]
      }
    },
    {
      "type": "Feature",
      "properties": {
        "OBJECTID_1": 588,
        "OBJECTID": 588,
        "Id": 0,
        "X": "1463460.65236516",
        "Y": "11473536.8441059",
        "z": "7.04336e+02",
        "layer": "Spot level"
      },
      "geometry": {
        "type": "Point",
        "coordinates": [
          74.43138500495286,
          31.608125942438207,
          704.3359985351562
        ]
      }
    },
    {
      "type": "Feature",
      "properties": {
        "OBJECTID_1": 589,
        "OBJECTID": 589,
        "Id": 0,
        "X": "1463567.74171585",
        "Y": "11473600.3505813",
        "z": "7.09258e+02",
        "layer": "Spot level"
      },
      "geometry": {
        "type": "Point",
        "coordinates": [
          74.43172804131736,
          31.60830210943679,
          709.2579956054688
        ]
      }
    },
    {
      "type": "Feature",
      "properties": {
        "OBJECTID_1": 590,
        "OBJECTID": 590,
        "Id": 0,
        "X": "1463648.68134136",
        "Y": "11473691.2520069",
        "z": "7.10231e+02",
        "layer": "Spot level"
      },
      "geometry": {
        "type": "Point",
        "coordinates": [
          74.43198659755686,
          31.608553234956876,
          710.2310180664062
        ]
      }
    },
    {
      "type": "Feature",
      "properties": {
        "OBJECTID_1": 591,
        "OBJECTID": 591,
        "Id": 0,
        "X": "1463667.35971648",
        "Y": "11473773.4368574",
        "z": "7.09662e+02",
        "layer": "Spot level"
      },
      "geometry": {
        "type": "Point",
        "coordinates": [
          74.43204524275767,
          31.608779500969586,
          709.6619873046875
        ]
      }
    },
    {
      "type": "Feature",
      "properties": {
        "OBJECTID_1": 592,
        "OBJECTID": 592,
        "Id": 0,
        "X": "1463663.62404146",
        "Y": "11473863.093058",
        "z": "7.04934e+02",
        "layer": "Spot level"
      },
      "geometry": {
        "type": "Point",
        "coordinates": [
          74.43203174248626,
          31.609025992101643,
          704.9340209960938
        ]
      }
    },
    {
      "type": "Feature",
      "properties": {
        "OBJECTID_1": 593,
        "OBJECTID": 593,
        "Id": 0,
        "X": "1463643.70044133",
        "Y": "11473955.2397086",
        "z": "7.04557e+02",
        "layer": "Spot level"
      },
      "geometry": {
        "type": "Point",
        "coordinates": [
          74.43196618522595,
          31.609279100374465,
          704.5570068359375
        ]
      }
    },
    {
      "type": "Feature",
      "properties": {
        "OBJECTID_1": 594,
        "OBJECTID": 594,
        "Id": 0,
        "X": "1463606.34369109",
        "Y": "11474037.4245591",
        "z": "7.04424e+02",
        "layer": "Spot level"
      },
      "geometry": {
        "type": "Point",
        "coordinates": [
          74.43184477731302,
          31.609504565616547,
          704.4240112304688
        ]
      }
    },
    {
      "type": "Feature",
      "properties": {
        "OBJECTID_1": 595,
        "OBJECTID": 595,
        "Id": 0,
        "X": "1463576.4582909",
        "Y": "11474095.9501345",
        "z": "7.04495e+02",
        "layer": "Spot level"
      },
      "geometry": {
        "type": "Point",
        "coordinates": [
          74.43174777119584,
          31.609665077190233,
          704.4949951171875
        ]
      }
    },
    {
      "type": "Feature",
      "properties": {
        "OBJECTID_1": 596,
        "OBJECTID": 596,
        "Id": 0,
        "X": "1463516.68749052",
        "Y": "11474170.6636349",
        "z": "7.04693e+02",
        "layer": "Spot level"
      },
      "geometry": {
        "type": "Point",
        "coordinates": [
          74.43155446539807,
          31.609869676327037,
          704.6929931640625
        ]
      }
    },
    {
      "type": "Feature",
      "properties": {
        "OBJECTID_1": 597,
        "OBJECTID": 597,
        "Id": 0,
        "X": "1463455.67146513",
        "Y": "11474211.7560602",
        "z": "7.03823e+02",
        "layer": "Spot level"
      },
      "geometry": {
        "type": "Point",
        "coordinates": [
          74.43135771953068,
          31.609981803179583,
          703.822998046875
        ]
      }
    },
    {
      "type": "Feature",
      "properties": {
        "OBJECTID_1": 598,
        "OBJECTID": 598,
        "Id": 0,
        "X": "1463140.62953813",
        "Y": "11474186.85156",
        "z": "7.01434e+02",
        "layer": "Spot level"
      },
      "geometry": {
        "type": "Point",
        "coordinates": [
          74.43034583087689,
          31.609908807935064,
          701.4340209960938
        ]
      }
    },
    {
      "type": "Feature",
      "properties": {
        "OBJECTID_1": 599,
        "OBJECTID": 599,
        "Id": 0,
        "X": "1463043.50198751",
        "Y": "11474120.8546346",
        "z": "7.01817e+02",
        "layer": "Spot level"
      },
      "geometry": {
        "type": "Point",
        "coordinates": [
          74.4300348426345,
          31.609725931612594,
          701.8170166015625
        ]
      }
    },
    {
      "type": "Feature",
      "properties": {
        "OBJECTID_1": 600,
        "OBJECTID": 600,
        "Id": 0,
        "X": "1462992.44776218",
        "Y": "11474008.7843839",
        "z": "7.01705e+02",
        "layer": "Spot level"
      },
      "geometry": {
        "type": "Point",
        "coordinates": [
          74.42987267173251,
          31.609417018998744,
          701.7050170898438
        ]
      }
    },
    {
      "type": "Feature",
      "properties": {
        "OBJECTID_1": 601,
        "OBJECTID": 601,
        "Id": 0,
        "X": "1462970.03371204",
        "Y": "11473917.8829583",
        "z": "7.00873e+02",
        "layer": "Spot level"
      },
      "geometry": {
        "type": "Point",
        "coordinates": [
          74.42980217400161,
          31.609166728890834,
          700.8729858398438
        ]
      }
    },
    {
      "type": "Feature",
      "properties": {
        "OBJECTID_1": 602,
        "OBJECTID": 602,
        "Id": 0,
        "X": "1462951.35533692",
        "Y": "11473812.0388327",
        "z": "7.01110e+02",
        "layer": "Spot level"
      },
      "geometry": {
        "type": "Point",
        "coordinates": [
          74.42974393059525,
          31.608875401593643,
          701.1099853515625
        ]
      }
    },
    {
      "type": "Feature",
      "properties": {
        "OBJECTID_1": 603,
        "OBJECTID": 603,
        "Id": 0,
        "X": "1462966.29803702",
        "Y": "11473736.0801072",
        "z": "7.02482e+02",
        "layer": "Spot level"
      },
      "geometry": {
        "type": "Point",
        "coordinates": [
          74.42979321763347,
          31.608666738033723,
          702.4819946289062
        ]
      }
    },
    {
      "type": "Feature",
      "properties": {
        "OBJECTID_1": 604,
        "OBJECTID": 604,
        "Id": 0,
        "X": "1462999.91911223",
        "Y": "11473665.1022817",
        "z": "7.02189e+02",
        "layer": "Spot level"
      },
      "geometry": {
        "type": "Point",
        "coordinates": [
          74.42990243811603,
          31.608472039238993,
          702.1890258789062
        ]
      }
    },
    {
      "type": "Feature",
      "properties": {
        "OBJECTID_1": 605,
        "OBJECTID": 605,
        "Id": 0,
        "X": "1463044.74721252",
        "Y": "11473614.0480564",
        "z": "7.02722e+02",
        "layer": "Spot level"
      },
      "geometry": {
        "type": "Point",
        "coordinates": [
          74.43004733457622,
          31.608332288676944,
          702.7219848632812
        ]
      }
    },
    {
      "type": "Feature",
      "properties": {
        "OBJECTID_1": 606,
        "OBJECTID": 606,
        "Id": 0,
        "X": "1463110.74413794",
        "Y": "11473549.296356",
        "z": "7.02298e+02",
        "layer": "Spot level"
      },
      "geometry": {
        "type": "Point",
        "coordinates": [
          74.4302604792206,
          31.608155174835687,
          702.2979736328125
        ]
      }
    }
  ]
}