{
"type": "FeatureCollection",
"name": "F:\\MOEED\\CB_1\\Topography CB_1\\orange\\Ruda_Phase.geojson",
"crs": { "type": "name", "properties": { "name": "urn:ogc:def:crs:OGC:1.3:CRS84" } },
"features": [
{ "type": "Feature", "properties": { "OID_": 0, "Name": "Phase 2B", "FolderPath": "RUDA_Updated_Phases_10June2023\/RUDA_Updated_Phases_10June2023", "SymbolID": 0, "AltMode": 0, "Base": "0.00000000000e+00", "Clamped": -1, "Extruded": 0, "Snippet": "", "PopupInfo": "<html xmlns:fo=\"http:\/\/www.w3.org\/1999\/XSL\/Format\" xmlns:msxsl=\"urn:schemas-microsoft-com:xslt\">\n\n<head>\n\n<META http-equiv=\"Content-Type\" content=\"text\/html\">\n\n<meta http-equiv=\"content-type\" content=\"text\/html; charset=UTF-8\">\n\n<\/head>\n\n<body style=\"mar", "Shape_Leng": "3.35260561753e-01", "Shape_Area": "3.72721055975e+03" }, "geometry": { "type": "Polygon", "coordinates": [ [ [ 74.266961654000113, 31.691797498000145, 0.0 ], [ 74.267456583000126, 31.69127401700009, 0.0 ], [ 74.267415351000125, 31.691277909000064, 0.0 ], [ 74.266907406000115, 31.69132586200006, 0.0 ], [ 74.266095531000161, 31.691402508000195, 0.0 ], [ 74.265577075000067, 31.691456207000041, 0.0 ], [ 74.264766402000021, 31.691540168000181, 0.0 ], [ 74.265032466000221, 31.690795823000173, 0.0 ], [ 74.265529219000044, 31.689422796000159, 0.0 ], [ 74.265686264000124, 31.689023047000035, 0.0 ], [ 74.265971799000056, 31.688261619000055, 0.0 ], [ 74.266825530000077, 31.687648663000193, 0.0 ], [ 74.266273597000122, 31.68746468400014, 0.0 ], [ 74.266259500000118, 31.68745998499999, 0.0 ], [ 74.264586100000031, 31.687720193000185, 0.0 ], [ 74.264501292000148, 31.687733379000072, 0.0 ], [ 74.264158650000041, 31.686529372000191, 0.0 ], [ 74.264131420000083, 31.686436794000191, 0.0 ], [ 74.263879069999987, 31.685724483000122, 0.0 ], [ 74.263849258, 31.685640335000077, 0.0 ], [ 74.26379407795298, 31.685405601872429, 0.0 ], [ 74.263786302788233, 31.685372526621954, 0.0 ], [ 74.263637843000097, 31.684740980000083, 0.0 ], [ 74.263492401000079, 31.684230812000074, 0.0 ], [ 74.263319733000074, 31.683604890000034, 0.0 ], [ 74.263187830000049, 31.683126743000066, 0.0 ], [ 74.26135034400005, 31.68336122400007, 0.0 ], [ 74.261136734000047, 31.683388483000066, 0.0 ], [ 74.259992357000044, 31.683526482000048, 0.0 ], [ 74.259518701000047, 31.683583599000031, 0.0 ], [ 74.259328606000068, 31.68360793100004, 0.0 ], [ 74.258923836000065, 31.683659742000014, 0.0 ], [ 74.258924977000078, 31.68365746100006, 0.0 ], [ 74.258932835000053, 31.683641744000067, 0.0 ], [ 74.258947630000122, 31.683612153000094, 0.0 ], [ 74.259062554000096, 31.683438462000034, 0.0 ], [ 74.259785200000067, 31.682346279000058, 0.0 ], [ 74.260188865000032, 31.681701668000091, 0.0 ], [ 74.260371696000078, 31.681409705000078, 0.0 ], [ 74.26039910100009, 31.681365941000045, 0.0 ], [ 74.260517397000058, 31.681184891000054, 0.0 ], [ 74.261043197000049, 31.680398840000091, 0.0 ], [ 74.261473403000096, 31.679759241000031, 0.0 ], [ 74.26175512500005, 31.6793550310001, 0.0 ], [ 74.261779878000112, 31.679319516000092, 0.0 ], [ 74.261786737965764, 31.675536409474791, 0.0 ], [ 74.261791621000043, 31.672842268000121, 0.0 ], [ 74.26180076600015, 31.672113419000159, 0.0 ], [ 74.261754990000114, 31.669477463000209, 0.0 ], [ 74.263097763000076, 31.669511795000179, 0.0 ], [ 74.26309776300009, 31.668142319000044, 0.0 ], [ 74.263162613000148, 31.666463852000152, 0.0 ], [ 74.262811661000072, 31.666334152000047, 0.0 ], [ 74.262346268000158, 31.665803909000125, 0.0 ], [ 74.263048172000154, 31.665750503000019, 0.0 ], [ 74.263071060000129, 31.664075852000131, 0.0 ], [ 74.263433457000161, 31.66398811300018, 0.0 ], [ 74.263532638000129, 31.663034439000178, 0.0 ], [ 74.265077591000136, 31.662897110000074, 0.0 ], [ 74.265485763000129, 31.66197776800006, 0.0 ], [ 74.265859604000084, 31.661817551000208, 0.0 ], [ 74.265775681000164, 31.660253525000126, 0.0 ], [ 74.263765335000073, 31.6601886750001, 0.0 ], [ 74.263774363000124, 31.659226281000024, 0.0 ], [ 74.263776430000021, 31.659005848000181, 0.0 ], [ 74.263784408000163, 31.658155441000073, 0.0 ], [ 74.264585495000063, 31.658185959000111, 0.0 ], [ 74.264528274000071, 31.659162521000102, 0.0 ], [ 74.265173065000056, 31.659153640000131, 0.0 ], [ 74.265389421000194, 31.659150659000147, 0.0 ], [ 74.265913009000158, 31.659143448000183, 0.0 ], [ 74.265890122000144, 31.657835007000212, 0.0 ], [ 74.265977131000128, 31.655449272000034, 0.0 ], [ 74.266008377000077, 31.654592514000058, 0.0 ], [ 74.264982223000089, 31.654932022000089, 0.0 ], [ 74.26442146300019, 31.654626846000038, 0.0 ], [ 74.263898850000032, 31.653757095000138, 0.0 ], [ 74.263174057000214, 31.653627396000111, 0.0 ], [ 74.263032914000135, 31.652860641000188, 0.0 ], [ 74.263067245000059, 31.649919510000117, 0.0 ], [ 74.263929367000188, 31.649923324000113, 0.0 ], [ 74.268014908000055, 31.649892807000132, 0.0 ], [ 74.26802635200012, 31.648855210000161, 0.0 ], [ 74.26666832, 31.648759842000079, 0.0 ], [ 74.266661888667798, 31.648244036200971, 0.0 ], [ 74.266649247000146, 31.647230149000105, 0.0 ], [ 74.269021988000091, 31.647226334000059, 0.0 ], [ 74.269006729000154, 31.647649765000175, 0.0 ], [ 74.270799636000106, 31.647672653000097, 0.0 ], [ 74.270784378000101, 31.648187637000081, 0.0 ], [ 74.27217674300006, 31.648176193000246, 0.0 ], [ 74.272253037000155, 31.647687912000244, 0.0 ], [ 74.27358436600008, 31.647710800000141, 0.0 ], [ 74.273633957000214, 31.647165298000139, 0.0 ], [ 74.274114608000119, 31.647039413000133, 0.0 ], [ 74.274153506036569, 31.644970811106969, 0.0 ], [ 74.274156571000105, 31.64480781600016, 0.0 ], [ 74.2764148710001, 31.644826889000175, 0.0 ], [ 74.276365280000164, 31.641767502000118, 0.0 ], [ 74.275339127000052, 31.641702652000063, 0.0 ], [ 74.275384903000145, 31.641222, 0.0 ], [ 74.275037766000096, 31.641180038000194, 0.0 ], [ 74.274999618000166, 31.639570236000022, 0.0 ], [ 74.274644852000137, 31.639570236, 0.0 ], [ 74.274595260000083, 31.639009475000094, 0.0 ], [ 74.273794174000045, 31.638944626000146, 0.0 ], [ 74.273778916000211, 31.638574600000123, 0.0 ], [ 74.272192001000064, 31.638563155999968, 0.0 ], [ 74.272192001000079, 31.638822556000171, 0.0 ], [ 74.271390915000055, 31.638849258000043, 0.0 ], [ 74.271471024000036, 31.639284134000157, 0.0 ], [ 74.271570206000121, 31.639966964000191, 0.0 ], [ 74.271345138000072, 31.640363693000062, 0.0 ], [ 74.271379470000113, 31.641157150000065, 0.0 ], [ 74.270518884000126, 31.641176310000056, 0.0 ], [ 74.269323349000061, 31.64120292700003, 0.0 ], [ 74.269304275000081, 31.64057350200008, 0.0 ], [ 74.268682480000066, 31.640546799000113, 0.0 ], [ 74.268629074000117, 31.640188217000077, 0.0 ], [ 74.267976761000014, 31.64016151500017, 0.0 ], [ 74.267938614000172, 31.639036179000151, 0.0 ], [ 74.267267227000104, 31.638933182000098, 0.0 ], [ 74.267267227000119, 31.638456345000122, 0.0 ], [ 74.266706466000187, 31.638444901000078, 0.0 ], [ 74.26667213400016, 31.637964249000078, 0.0 ], [ 74.264558792000102, 31.637968063000073, 0.0 ], [ 74.264413833000106, 31.637418747000087, 0.0 ], [ 74.262327194000207, 31.637334823000263, 0.0 ], [ 74.262243271000102, 31.636926651000053, 0.0 ], [ 74.26107215899998, 31.636941910000171, 0.0 ], [ 74.26107215899998, 31.636598587000066, 0.0 ], [ 74.260179520000122, 31.636529922000214, 0.0 ], [ 74.260114670000121, 31.635751725000144, 0.0 ], [ 74.259614945000081, 31.635740280000071, 0.0 ], [ 74.259614945000081, 31.633569717000121, 0.0 ], [ 74.260936111009542, 31.63354156914064, 0.0 ], [ 74.262300491000218, 31.633512496999987, 0.0 ], [ 74.262353897000196, 31.634561539000153, 0.0 ], [ 74.263525009000091, 31.63457298300019, 0.0 ], [ 74.263582230000111, 31.632452011000193, 0.0 ], [ 74.267534256000076, 31.632436752000082, 0.0 ], [ 74.267576217000112, 31.631830216000132, 0.0 ], [ 74.267911911000184, 31.631826401000126, 0.0 ], [ 74.267911911000184, 31.631338120000134, 0.0 ], [ 74.268873215000099, 31.63137245100026, 0.0 ], [ 74.266450882000157, 31.628923416000198, 0.0 ], [ 74.264998582000089, 31.627472729000139, 0.0 ], [ 74.262105942000204, 31.624490738000034, 0.0 ], [ 74.260942460000209, 31.624467850000098, 0.0 ], [ 74.260778427000048, 31.624315262000113, 0.0 ], [ 74.260137558000068, 31.624330520000125, 0.0 ], [ 74.260126114000187, 31.624914170000096, 0.0 ], [ 74.258699417000187, 31.624891281000071, 0.0 ], [ 74.258703232000187, 31.625661850000174, 0.0 ], [ 74.258694349391945, 31.625915742720665, 0.0 ], [ 74.258657455000048, 31.626970291000145, 0.0 ], [ 74.257093429000122, 31.626947403000035, 0.0 ], [ 74.257062912000052, 31.627492904000142, 0.0 ], [ 74.254593942000014, 31.627148395000127, 0.0 ], [ 74.254587392000218, 31.627147481000083, 0.0 ], [ 74.254491935000033, 31.627193695000145, 0.0 ], [ 74.25413767400012, 31.627365202000213, 0.0 ], [ 74.253301584000042, 31.627738845000142, 0.0 ], [ 74.252086143000099, 31.628296990000198, 0.0 ], [ 74.25160027800014, 31.628526787000116, 0.0 ], [ 74.251216191000026, 31.62871288100008, 0.0 ], [ 74.250174977000029, 31.629217353000087, 0.0 ], [ 74.25017445300017, 31.629198691000116, 0.0 ], [ 74.25015844800005, 31.628628306000135, 0.0 ], [ 74.250165164000023, 31.628111163000046, 0.0 ], [ 74.24952270900009, 31.628468082000154, 0.0 ], [ 74.248034356000119, 31.629217612000183, 0.0 ], [ 74.24664256200009, 31.629434192000161, 0.0 ], [ 74.246641159000035, 31.629457473000077, 0.0 ], [ 74.245809555000164, 31.629583359000168, 0.0 ], [ 74.245008406000068, 31.629692941000151, 0.0 ], [ 74.244561533000095, 31.629763698000041, 0.0 ], [ 74.243709696000053, 31.628953934000037, 0.0 ], [ 74.243677139000113, 31.628953934000251, 0.0 ], [ 74.24367764700014, 31.628923467000121, 0.0 ], [ 74.243116011000055, 31.628389560000091, 0.0 ], [ 74.242735895000237, 31.628027045000213, 0.0 ], [ 74.242308447000212, 31.627619387, 0.0 ], [ 74.241959593000118, 31.627286679000171, 0.0 ], [ 74.24170618, 31.627061820000186, 0.0 ], [ 74.241614012000014, 31.627061347, 0.0 ], [ 74.241010188000189, 31.627058251000115, 0.0 ], [ 74.240364164000198, 31.626087431000101, 0.0 ], [ 74.24018046000009, 31.625813901000207, 0.0 ], [ 74.240023964000102, 31.625580882000193, 0.0 ], [ 74.239759996000103, 31.625187836000183, 0.0 ], [ 74.239519119000136, 31.624982834000129, 0.0 ], [ 74.239530500000114, 31.624712678000119, 0.0 ], [ 74.239591599000107, 31.623262405000098, 0.0 ], [ 74.239597645000075, 31.622616957000169, 0.0 ], [ 74.239252597000132, 31.622733595000259, 0.0 ], [ 74.238470787000097, 31.622938464000015, 0.0 ], [ 74.237228898000126, 31.623339242000174, 0.0 ], [ 74.233116717000172, 31.624805338000158, 0.0 ], [ 74.231878985000023, 31.625203700000053, 0.0 ], [ 74.229472098000102, 31.62613805900023, 0.0 ], [ 74.228555833000101, 31.626454782000017, 0.0 ], [ 74.226212292000085, 31.627311881000125, 0.0 ], [ 74.222805798000081, 31.628502629000103, 0.0 ], [ 74.220588042000102, 31.629318615999971, 0.0 ], [ 74.217635690000066, 31.630398609000157, 0.0 ], [ 74.21604784800013, 31.630943862000024, 0.0 ], [ 74.214430375418843, 31.631523323331038, 0.0 ], [ 74.213886124000169, 31.631718302000138, 0.0 ], [ 74.211660588000044, 31.632611663000095, 0.0 ], [ 74.210491603000051, 31.633105722, 0.0 ], [ 74.207956943000113, 31.634253716000128, 0.0 ], [ 74.20753017300018, 31.634406226000092, 0.0 ], [ 74.207354338000087, 31.634578197000078, 0.0 ], [ 74.207367897000069, 31.634811995000071, 0.0 ], [ 74.207374384000175, 31.635046013000043, 0.0 ], [ 74.207373794000091, 31.635280099000251, 0.0 ], [ 74.207366129000107, 31.635514092000157, 0.0 ], [ 74.207351392000206, 31.635747837000043, 0.0 ], [ 74.207354730000148, 31.635902778000176, 0.0 ], [ 74.207365384000155, 31.636057476000136, 0.0 ], [ 74.207383339000131, 31.636211679000063, 0.0 ], [ 74.20740856600014, 31.636365135000133, 0.0 ], [ 74.207441023000072, 31.636517593000125, 0.0 ], [ 74.207480657000133, 31.636668804000145, 0.0 ], [ 74.207527404000189, 31.636818520000091, 0.0 ], [ 74.207581187000144, 31.636966498000042, 0.0 ], [ 74.207641918000107, 31.637112495000146, 0.0 ], [ 74.207709498000185, 31.637256271000123, 0.0 ], [ 74.207783816000088, 31.637397593000149, 0.0 ], [ 74.208058918000134, 31.637858808000153, 0.0 ], [ 74.208928619000048, 31.639767880000207, 0.0 ], [ 74.20894441199999, 31.639852843000025, 0.0 ], [ 74.208954204000136, 31.639938465000174, 0.0 ], [ 74.208957961000181, 31.640024437000214, 0.0 ], [ 74.208955669000161, 31.640110445000062, 0.0 ], [ 74.208947336000108, 31.64019618000011, 0.0 ], [ 74.208930795000086, 31.640291841000135, 0.0 ], [ 74.208906736000102, 31.640386328000048, 0.0 ], [ 74.20887526800017, 31.640479206000087, 0.0 ], [ 74.20883653400017, 31.64057005400015, 0.0 ], [ 74.20881441099999, 31.640622532000066, 0.0 ], [ 74.208785618000036, 31.640672585000189, 0.0 ], [ 74.208750511000076, 31.640719598000096, 0.0 ], [ 74.208709523000039, 31.640762987000194, 0.0 ], [ 74.208663163000111, 31.640802218000143, 0.0 ], [ 74.208587070000149, 31.640832001000046, 0.0 ], [ 74.208508076000157, 31.640855615000106, 0.0 ], [ 74.208426863000113, 31.640872857000076, 0.0 ], [ 74.208344129000182, 31.640883576000174, 0.0 ], [ 74.208260588000087, 31.640887682000152, 0.0 ], [ 74.208176963000213, 31.640885138000105, 0.0 ], [ 74.20810310300017, 31.64091517300016, 0.0 ], [ 74.208032689000163, 31.640950755000134, 0.0 ], [ 74.20796628800008, 31.64099159500012, 0.0 ], [ 74.207904436000149, 31.641037367, 0.0 ], [ 74.207847631000107, 31.641087698000142, 0.0 ], [ 74.207796332000058, 31.641142186000042, 0.0 ], [ 74.207750951000151, 31.641200389000193, 0.0 ], [ 74.207711854000223, 31.641261840000226, 0.0 ], [ 74.207679358000178, 31.641326043000042, 0.0 ], [ 74.207449717000117, 31.641754287000129, 0.0 ], [ 74.207505968000206, 31.643017390000121, 0.0 ], [ 74.207571104000081, 31.648496088000126, 0.0 ], [ 74.207577874000108, 31.649007188000141, 0.0 ], [ 74.207576825000118, 31.64951832200013, 0.0 ], [ 74.207567957000123, 31.650029399000079, 0.0 ], [ 74.207551272000046, 31.650540333000031, 0.0 ], [ 74.207526774000129, 31.651051037000077, 0.0 ], [ 74.207494465000039, 31.651561423000146, 0.0 ], [ 74.207454352000184, 31.6520714030001, 0.0 ], [ 74.207406441000046, 31.652580891000149, 0.0 ], [ 74.207350741000056, 31.653089799000167, 0.0 ], [ 74.20728957200005, 31.653557703000168, 0.0 ], [ 74.207220188000193, 31.654024769000038, 0.0 ], [ 74.207142605000072, 31.654490889000098, 0.0 ], [ 74.207056840000192, 31.654955959000183, 0.0 ], [ 74.206962912000051, 31.655419875, 0.0 ], [ 74.206860842000083, 31.655882530000053, 0.0 ], [ 74.206750655000121, 31.656343821000092, 0.0 ], [ 74.206632372000087, 31.656803642000057, 0.0 ], [ 74.206506023000159, 31.657261891000218, 0.0 ], [ 74.206045123000195, 31.658953831000051, 0.0 ], [ 74.20577757500007, 31.659744528000239, 0.0 ], [ 74.205736641999977, 31.65986550000008, 0.0 ], [ 74.205058510000185, 31.661869545000258, 0.0 ], [ 74.204995540000141, 31.66205563100015, 0.0 ], [ 74.204799801000036, 31.662634069000102, 0.0 ], [ 74.204228941000068, 31.664122416000048, 0.0 ], [ 74.203654974000074, 31.665544269000179, 0.0 ], [ 74.203530494000233, 31.665852627000127, 0.0 ], [ 74.202968682000119, 31.667244313000143, 0.0 ], [ 74.202900744000019, 31.667412601000041, 0.0 ], [ 74.201553303000154, 31.670750193000114, 0.0 ], [ 74.201239164000185, 31.671381044000039, 0.0 ], [ 74.200817243000188, 31.672397712000137, 0.0 ], [ 74.200596384000107, 31.672929887000176, 0.0 ], [ 74.20010633200009, 31.674110679000048, 0.0 ], [ 74.199923496000068, 31.674551217000054, 0.0 ], [ 74.199563349000186, 31.675418967999985, 0.0 ], [ 74.19950465600003, 31.675526294000203, 0.0 ], [ 74.199449556000104, 31.675635004000156, 0.0 ], [ 74.199398092000081, 31.675745010000174, 0.0 ], [ 74.199338930000181, 31.675884227000033, 0.0 ], [ 74.199285593000141, 31.676025156000058, 0.0 ], [ 74.199238147000059, 31.676167617000029, 0.0 ], [ 74.199192283000073, 31.676327980000064, 0.0 ], [ 74.199153883000065, 31.676489771000053, 0.0 ], [ 74.199123010000079, 31.676652735000019, 0.0 ], [ 74.199099709, 31.676816618, 0.0 ], [ 74.199084020000214, 31.67698116100021, 0.0 ], [ 74.199075965000191, 31.677146107000183, 0.0 ], [ 74.199075558000075, 31.677311197000158, 0.0 ], [ 74.199082800000113, 31.677476170000059, 0.0 ], [ 74.199097679000033, 31.677640770000178, 0.0 ], [ 74.199112830000104, 31.677745794000163, 0.0 ], [ 74.199135617000152, 31.677849805000101, 0.0 ], [ 74.199165949000189, 31.677952398000173, 0.0 ], [ 74.199203709000074, 31.678053171000098, 0.0 ], [ 74.19924875, 31.678151733000057, 0.0 ], [ 74.199300897000128, 31.678247698000149, 0.0 ], [ 74.199359945000026, 31.678340694000177, 0.0 ], [ 74.199425665000177, 31.67843035700005, 0.0 ], [ 74.199469556000182, 31.678484010000101, 0.0 ], [ 74.19954408100017, 31.678566055000051, 0.0 ], [ 74.199624343000096, 31.678644041000126, 0.0 ], [ 74.199710042000163, 31.678717676000097, 0.0 ], [ 74.199800856000209, 31.678786681000226, 0.0 ], [ 74.199896445000036, 31.678850798999981, 0.0 ], [ 74.19999644700016, 31.678909787000268, 0.0 ], [ 74.200100487000057, 31.67896342500007, 0.0 ], [ 74.200158714000167, 31.678990316000228, 0.0 ], [ 74.200235459000012, 31.679022577000207, 0.0 ], [ 74.20031375799999, 31.679051979000121, 0.0 ], [ 74.200549860000208, 31.679136562999965, 0.0 ], [ 74.200788863000128, 31.679214965000078, 0.0 ], [ 74.201030543000044, 31.679287112000143, 0.0 ], [ 74.201274681000214, 31.679352936000051, 0.0 ], [ 74.201521046000124, 31.679412379000091, 0.0 ], [ 74.201769412000033, 31.679465384000157, 0.0 ], [ 74.202019550000102, 31.679511903000169, 0.0 ], [ 74.202271228000157, 31.679551892000188, 0.0 ], [ 74.20252421100021, 31.679585314000128, 0.0 ], [ 74.20277826600018, 31.679612137000127, 0.0 ], [ 74.203033158000153, 31.6796323390002, 0.0 ], [ 74.204016169, 31.679673274000116, 0.0 ], [ 74.204998867000143, 31.67971937900014, 0.0 ], [ 74.205981215000065, 31.67977065200018, 0.0 ], [ 74.206963176000059, 31.679827092000036, 0.0 ], [ 74.207944713000188, 31.679888695000034, 0.0 ], [ 74.208925791000198, 31.679955461000098, 0.0 ], [ 74.209416134000151, 31.680008349000065, 0.0 ], [ 74.209905568000153, 31.68006707799999, 0.0 ], [ 74.210393997000153, 31.68013163700012, 0.0 ], [ 74.210881327000166, 31.680202011000066, 0.0 ], [ 74.211367462000112, 31.680278189000173, 0.0 ], [ 74.21185230899998, 31.680360155000191, 0.0 ], [ 74.212335773000078, 31.680447894000061, 0.0 ], [ 74.21281776000005, 31.680541387000062, 0.0 ], [ 74.212885284000151, 31.680554968000038, 0.0 ], [ 74.213340475000066, 31.68064964500013, 0.0 ], [ 74.213794162000184, 31.680749457000072, 0.0 ], [ 74.214246269000029, 31.680854387000039, 0.0 ], [ 74.214696715000187, 31.680964416000201, 0.0 ], [ 74.215145422000077, 31.681079526000076, 0.0 ], [ 74.215592312000126, 31.681199696000103, 0.0 ], [ 74.217464044000067, 31.681688601000147, 0.0 ], [ 74.218743939000049, 31.682146173000145, 0.0 ], [ 74.219263645000041, 31.682331966000167, 0.0 ], [ 74.219997493806076, 31.682594307189838, 0.0 ], [ 74.220915119000111, 31.682922344000215, 0.0 ], [ 74.223529754703222, 31.683857802497894, 0.0 ], [ 74.225123318, 31.684427944000078, 0.0 ], [ 74.225490290000153, 31.684562821000117, 0.0 ], [ 74.225859305000085, 31.68469355700006, 0.0 ], [ 74.226230299, 31.684820132000169, 0.0 ], [ 74.226352775000024, 31.684860859000079, 0.0 ], [ 74.226754354000164, 31.684990763000151, 0.0 ], [ 74.227158042000156, 31.685115797000044, 0.0 ], [ 74.227563758000144, 31.685235938000098, 0.0 ], [ 74.227971421000021, 31.685351160000039, 0.0 ], [ 74.22821815899999, 31.685418256000112, 0.0 ], [ 74.228465558000153, 31.685483551000083, 0.0 ], [ 74.228872343000162, 31.685586639000064, 0.0 ], [ 74.229280775000177, 31.685684857, 0.0 ], [ 74.229690772000083, 31.685778186000071, 0.0 ], [ 74.230102255000133, 31.685866606000246, 0.0 ], [ 74.230515143000176, 31.685950101000127, 0.0 ], [ 74.23092746900015, 31.686055183000128, 0.0 ], [ 74.231341657, 31.686154768999959, 0.0 ], [ 74.231757606000045, 31.686248835000143, 0.0 ], [ 74.232175217000034, 31.686337358000124, 0.0 ], [ 74.232594388000194, 31.686420317000106, 0.0 ], [ 74.232762184000208, 31.686451885000047, 0.0 ], [ 74.233112148000046, 31.686514729000152, 0.0 ], [ 74.233463033000206, 31.686573701000054, 0.0 ], [ 74.233814782000096, 31.686628789000174, 0.0 ], [ 74.234348367000067, 31.686736779000015, 0.0 ], [ 74.234880855000085, 31.686848663000177, 0.0 ], [ 74.235412206000092, 31.686964432000156, 0.0 ], [ 74.235588606000135, 31.687003780000179, 0.0 ], [ 74.236285054000177, 31.68716361600023, 0.0 ], [ 74.236979360000078, 31.68733013000022, 0.0 ], [ 74.237671436000142, 31.68750330200011, 0.0 ], [ 74.237712491000096, 31.687513802000147, 0.0 ], [ 74.238374019000119, 31.687686521000103, 0.0 ], [ 74.239033333000137, 31.687865324000033, 0.0 ], [ 74.239690358000217, 31.688050191000197, 0.0 ], [ 74.239838639000169, 31.68809284200006, 0.0 ], [ 74.240468098000065, 31.688277744000054, 0.0 ], [ 74.24109528299999, 31.688468217000121, 0.0 ], [ 74.241720125000043, 31.688664238000051, 0.0 ], [ 74.242342560000125, 31.688865788000047, 0.0 ], [ 74.24296251900013, 31.689072844000123, 0.0 ], [ 74.245410247000166, 31.689832108000083, 0.0 ], [ 74.247934313000087, 31.690477197000074, 0.0 ], [ 74.249049308000053, 31.690772155000179, 0.0 ], [ 74.249054037, 31.690773405000087, 0.0 ], [ 74.251095791000026, 31.691313495000166, 0.0 ], [ 74.251174172000049, 31.691334228000201, 0.0 ], [ 74.2520043600002, 31.691553819000166, 0.0 ], [ 74.25544701300015, 31.692547879000127, 0.0 ], [ 74.25673974099999, 31.692949374000083, 0.0 ], [ 74.256837688000203, 31.692979794000106, 0.0 ], [ 74.260213592000113, 31.694028200000155, 0.0 ], [ 74.260404067000138, 31.694087350000078, 0.0 ], [ 74.267037798000061, 31.696147153000098, 0.0 ], [ 74.267589833000173, 31.695752163000275, 0.0 ], [ 74.268647539000085, 31.695010597000223, 0.0 ], [ 74.268669052000178, 31.694995514000091, 0.0 ], [ 74.268879500000224, 31.694847967000062, 0.0 ], [ 74.267646940000191, 31.693648719000109, 0.0 ], [ 74.266371548000194, 31.692444712000061, 0.0 ], [ 74.266961654000113, 31.691797498000145, 0.0 ] ] ] } },
{ "type": "Feature", "properties": { "OID_": 0, "Name": "Phase 1", "FolderPath": "RUDA_Updated_Phases_10June2023\/RUDA_Updated_Phases_10June2023", "SymbolID": 0, "AltMode": 0, "Base": "0.00000000000e+00", "Clamped": -1, "Extruded": 0, "Snippet": "", "PopupInfo": "<html xmlns:fo=\"http:\/\/www.w3.org\/1999\/XSL\/Format\" xmlns:msxsl=\"urn:schemas-microsoft-com:xslt\">\n\n<head>\n\n<META http-equiv=\"Content-Type\" content=\"text\/html\">\n\n<meta http-equiv=\"content-type\" content=\"text\/html; charset=UTF-8\">\n\n<\/head>\n\n<body style=\"mar", "Shape_Leng": "8.11954805512e-01", "Shape_Area": "1.92824787721e+04" }, "geometry": { "type": "Polygon", "coordinates": [ [ [ 74.490250584000094, 31.615445236000074, 0.0 ], [ 74.490250584000094, 31.615445236000063, 0.0 ], [ 74.489612365000085, 31.615291355000078, 0.0 ], [ 74.487935091000068, 31.614728497000069, 0.0 ], [ 74.484618492000038, 31.613694660000071, 0.0 ], [ 74.48150263800008, 31.612642400000031, 0.0 ], [ 74.480817855000069, 31.612425111000086, 0.0 ], [ 74.476560173000053, 31.611008946000041, 0.0 ], [ 74.469650904000048, 31.608710433000059, 0.0 ], [ 74.463869693000049, 31.606888298000065, 0.0 ], [ 74.462992823000036, 31.606583838000066, 0.0 ], [ 74.454232140000045, 31.603653511000076, 0.0 ], [ 74.44870211600005, 31.601799192000044, 0.0 ], [ 74.447771542000069, 31.601493277000035, 0.0 ], [ 74.446912606000097, 31.601210186000035, 0.0 ], [ 74.440715428000047, 31.599167481000087, 0.0 ], [ 74.436559131000081, 31.597827570000089, 0.0 ], [ 74.432525387000069, 31.596594773000067, 0.0 ], [ 74.432136331000066, 31.596461947000076, 0.0 ], [ 74.43177702900006, 31.597067444000089, 0.0 ], [ 74.43136445600004, 31.59777028800006, 0.0 ], [ 74.430807212000076, 31.598779947000029, 0.0 ], [ 74.430102500000032, 31.600188072000041, 0.0 ], [ 74.429870243000039, 31.600608674000064, 0.0 ], [ 74.429715119000036, 31.600926394000087, 0.0 ], [ 74.429103243000071, 31.602036443000056, 0.0 ], [ 74.42884089100005, 31.602512384000111, 0.0 ], [ 74.428671603000055, 31.602819493000048, 0.0 ], [ 74.428401292000046, 31.603232969000047, 0.0 ], [ 74.428150354000095, 31.603616806000066, 0.0 ], [ 74.427612240000016, 31.604439900000084, 0.0 ], [ 74.427466045000088, 31.604663517000077, 0.0 ], [ 74.427217308000095, 31.605043975000058, 0.0 ], [ 74.427182171000084, 31.605097716000046, 0.0 ], [ 74.427237705000053, 31.605104387000075, 0.0 ], [ 74.42712939900008, 31.605300601000078, 0.0 ], [ 74.427030204000076, 31.605466300000053, 0.0 ], [ 74.426995039000104, 31.605458732000091, 0.0 ], [ 74.426699803000091, 31.605856304000032, 0.0 ], [ 74.426542077000093, 31.606105767000052, 0.0 ], [ 74.426187878000064, 31.60668438500004, 0.0 ], [ 74.425763853000049, 31.607301083000035, 0.0 ], [ 74.425268044000063, 31.608098537000039, 0.0 ], [ 74.425189335000113, 31.608137013000071, 0.0 ], [ 74.424873577000099, 31.608592487000067, 0.0 ], [ 74.424220444000071, 31.609569695000058, 0.0 ], [ 74.423954496000079, 31.60992565300009, 0.0 ], [ 74.423952910000082, 31.610002973000086, 0.0 ], [ 74.423944985000048, 31.610080007000104, 0.0 ], [ 74.423930759000044, 31.610156375000049, 0.0 ], [ 74.423910302000095, 31.610231700000071, 0.0 ], [ 74.423883716000049, 31.6103056090001, 0.0 ], [ 74.423851131000063, 31.610377739000082, 0.0 ], [ 74.423812708000085, 31.610447733000097, 0.0 ], [ 74.423768506000059, 31.610515429000067, 0.0 ], [ 74.423718845000067, 31.61058029300008, 0.0 ], [ 74.423663969000089, 31.610642005000049, 0.0 ], [ 74.42359539800006, 31.610708121000094, 0.0 ], [ 74.423520847000077, 31.610769315000042, 0.0 ], [ 74.423440798000058, 31.610825192000085, 0.0 ], [ 74.423355768000079, 31.610875390000054, 0.0 ], [ 74.423331417000057, 31.610892683000017, 0.0 ], [ 74.423249574000067, 31.611006304000057, 0.0 ], [ 74.423173624000086, 31.611122883000082, 0.0 ], [ 74.423103713000046, 31.611242197000031, 0.0 ], [ 74.423039977000045, 31.611364017000039, 0.0 ], [ 74.423055538000014, 31.611373635000099, 0.0 ], [ 74.422943043000046, 31.61152089000009, 0.0 ], [ 74.42288922700007, 31.611591066000084, 0.0 ], [ 74.422768040000051, 31.611749091000025, 0.0 ], [ 74.422528066000055, 31.612052965000032, 0.0 ], [ 74.422283307000043, 31.612354029000105, 0.0 ], [ 74.422033806000059, 31.612652231000023, 0.0 ], [ 74.42191567800009, 31.612774368000032, 0.0 ], [ 74.421792407000055, 31.612892724000066, 0.0 ], [ 74.421664159000059, 31.613007143000079, 0.0 ], [ 74.421531105000057, 31.613117469000027, 0.0 ], [ 74.42139342400003, 31.613223557000026, 0.0 ], [ 74.421251300000051, 31.613325263000046, 0.0 ], [ 74.42110492300003, 31.613422451000083, 0.0 ], [ 74.420954489000067, 31.613514993000024, 0.0 ], [ 74.420800200000031, 31.613602762000049, 0.0 ], [ 74.42075772400004, 31.613630420000053, 0.0 ], [ 74.420551117000059, 31.613753097000021, 0.0 ], [ 74.420340185000057, 31.613870259000095, 0.0 ], [ 74.420125129000041, 31.613981797000097, 0.0 ], [ 74.419896081000076, 31.614090744000045, 0.0 ], [ 74.419664489000084, 31.614195678000058, 0.0 ], [ 74.419430449000075, 31.614296557000038, 0.0 ], [ 74.419078687000081, 31.614407958000069, 0.0 ], [ 74.418724750000095, 31.614514199000041, 0.0 ], [ 74.418368744000077, 31.614615246, 0.0 ], [ 74.41801077100007, 31.614711071000045, 0.0 ], [ 74.417693920000033, 31.614750209000078, 0.0 ], [ 74.417701145000095, 31.614776977000073, 0.0 ], [ 74.417484410000057, 31.614798188000101, 0.0 ], [ 74.417481761000047, 31.61477549900011, 0.0 ], [ 74.416742144000068, 31.614840156000071, 0.0 ], [ 74.416439524000054, 31.614834, 0.0 ], [ 74.415505310000071, 31.61479153400008, 0.0 ], [ 74.415048138000046, 31.614742892000031, 0.0 ], [ 74.414206351000075, 31.614641162000062, 0.0 ], [ 74.414044759000035, 31.61460938900008, 0.0 ], [ 74.413088984000069, 31.614447451000071, 0.0 ], [ 74.412222449000069, 31.614289497000044, 0.0 ], [ 74.41189113400003, 31.614188907000031, 0.0 ], [ 74.411868671000036, 31.614183319000055, 0.0 ], [ 74.410580149000069, 31.613874328000069, 0.0 ], [ 74.410401255000082, 31.61382218000006, 0.0 ], [ 74.410368610000063, 31.613799896000039, 0.0 ], [ 74.410338760000059, 31.613779520000048, 0.0 ], [ 74.410245831000083, 31.613758095000055, 0.0 ], [ 74.410196850000034, 31.613741419000078, 0.0 ], [ 74.409638612000037, 31.613557865000082, 0.0 ], [ 74.408713625000104, 31.613234906000045, 0.0 ], [ 74.407932326000036, 31.61292287200007, 0.0 ], [ 74.407203478000042, 31.612610121000031, 0.0 ], [ 74.406976498000063, 31.612509763000084, 0.0 ], [ 74.40648257800008, 31.612276397000102, 0.0 ], [ 74.405889694000052, 31.611990052000085, 0.0 ], [ 74.405573798000049, 31.611835806000062, 0.0 ], [ 74.404729648000057, 31.611409833000035, 0.0 ], [ 74.404590657000043, 31.611334707000029, 0.0 ], [ 74.404408552000078, 31.611240568000028, 0.0 ], [ 74.404223895000044, 31.611150144000089, 0.0 ], [ 74.404111632000081, 31.611108791000067, 0.0 ], [ 74.403996351000046, 31.611074048000049, 0.0 ], [ 74.403878581000072, 31.61104607600004, 0.0 ], [ 74.403758867000079, 31.611025004000069, 0.0 ], [ 74.403637758000059, 31.611010930000088, 0.0 ], [ 74.403515812000094, 31.611003916000101, 0.0 ], [ 74.403393593000033, 31.611003996000083, 0.0 ], [ 74.403292020000038, 31.611010773000054, 0.0 ], [ 74.403191420000056, 31.611024557000061, 0.0 ], [ 74.403092453000056, 31.611045258000054, 0.0 ], [ 74.402995765000071, 31.611072739000068, 0.0 ], [ 74.402901992000068, 31.611106823000071, 0.0 ], [ 74.402811747000072, 31.61114728500009, 0.0 ], [ 74.402725620000069, 31.6111938600001, 0.0 ], [ 74.402644177000084, 31.611246243000043, 0.0 ], [ 74.402559376000056, 31.61132252500003, 0.0 ], [ 74.402480668000081, 31.611403449000125, 0.0 ], [ 74.402408400000056, 31.611488659000024, 0.0 ], [ 74.402342890000071, 31.611577781000062, 0.0 ], [ 74.402284426000065, 31.611670421000049, 0.0 ], [ 74.402245914000062, 31.611710561000056, 0.0 ], [ 74.402202269000043, 31.611746649000054, 0.0 ], [ 74.402154069000076, 31.61177820800004, 0.0 ], [ 74.402101951000091, 31.611804820000035, 0.0 ], [ 74.402046608000049, 31.611826132000061, 0.0 ], [ 74.401988770000045, 31.611841864000052, 0.0 ], [ 74.401919514000042, 31.611850248000078, 0.0 ], [ 74.40184963100009, 31.611852770000063, 0.0 ], [ 74.401779796000085, 31.611849406000076, 0.0 ], [ 74.401710685000083, 31.611840189000063, 0.0 ], [ 74.401642966000054, 31.611825208000045, 0.0 ], [ 74.401577293000059, 31.611804608000089, 0.0 ], [ 74.401243110000067, 31.611675928000096, 0.0 ], [ 74.401189270000046, 31.611645733000081, 0.0 ], [ 74.401138600000095, 31.61161175600007, 0.0 ], [ 74.401091461000078, 31.611574242000106, 0.0 ], [ 74.401045934000081, 31.611534126000048, 0.0 ], [ 74.401006647000031, 31.611489440000099, 0.0 ], [ 74.400974219000048, 31.611440890000043, 0.0 ], [ 74.400949163000078, 31.611389243000072, 0.0 ], [ 74.400931874000037, 31.611335314000062, 0.0 ], [ 74.400922626000096, 31.611279955000047, 0.0 ], [ 74.40092362300004, 31.611223527000043, 0.0 ], [ 74.400931897000078, 31.611167538000075, 0.0 ], [ 74.400947346000081, 31.611112675000093, 0.0 ], [ 74.400969783000065, 31.611059607000076, 0.0 ], [ 74.401008259000051, 31.610970116000026, 0.0 ], [ 74.401040769000076, 31.61087891000005, 0.0 ], [ 74.401067206000064, 31.61078627700007, 0.0 ], [ 74.401087487000055, 31.610692515000046, 0.0 ], [ 74.401101548000042, 31.610597921000057, 0.0 ], [ 74.401109342000041, 31.610502800000091, 0.0 ], [ 74.401110846000051, 31.610407453000054, 0.0 ], [ 74.401099973000058, 31.6103094210001, 0.0 ], [ 74.401082819000067, 31.610212049000076, 0.0 ], [ 74.401059438000047, 31.610115631000081, 0.0 ], [ 74.401029900000083, 31.61002045900009, 0.0 ], [ 74.400994295000046, 31.609926820000048, 0.0 ], [ 74.400952730000029, 31.609834997000057, 0.0 ], [ 74.400904365000031, 31.609751492000061, 0.0 ], [ 74.400850001000038, 31.609670734000087, 0.0 ], [ 74.400789849000049, 31.60959304000006, 0.0 ], [ 74.400724144000037, 31.609518713000078, 0.0 ], [ 74.400653143000056, 31.609448044000047, 0.0 ], [ 74.400577123000076, 31.60938130600006, 0.0 ], [ 74.400479360000091, 31.609304585000078, 0.0 ], [ 74.400376815000072, 31.609232578000086, 0.0 ], [ 74.400269802000096, 31.609165503000039, 0.0 ], [ 74.400158642000079, 31.60910356400009, 0.0 ], [ 74.400043672000038, 31.609046947000046, 0.0 ], [ 74.399925240000087, 31.608995823000019, 0.0 ], [ 74.399803704000064, 31.608950347000075, 0.0 ], [ 74.399679431000038, 31.608910657000031, 0.0 ], [ 74.398816208000099, 31.608646035000046, 0.0 ], [ 74.398424685000066, 31.608537329000065, 0.0 ], [ 74.398359360000057, 31.608530090000031, 0.0 ], [ 74.398293511000091, 31.608528690000096, 0.0 ], [ 74.398227848000033, 31.608533146000088, 0.0 ], [ 74.398163079000099, 31.608543408000035, 0.0 ], [ 74.398099903000059, 31.608559368000069, 0.0 ], [ 74.39803900500003, 31.608580851000077, 0.0 ], [ 74.397981040000047, 31.608607626000037, 0.0 ], [ 74.397926634000044, 31.608639405000101, 0.0 ], [ 74.397876375000095, 31.608675843000078, 0.0 ], [ 74.397830805000098, 31.608716548000086, 0.0 ], [ 74.39774691000008, 31.608817771000062, 0.0 ], [ 74.397657800000061, 31.608915674000073, 0.0 ], [ 74.397563654000066, 31.609010063000035, 0.0 ], [ 74.397464660000082, 31.609100746000038, 0.0 ], [ 74.397361019000087, 31.609187543000079, 0.0 ], [ 74.397252936000044, 31.609270279000082, 0.0 ], [ 74.397140631000084, 31.609348787000041, 0.0 ], [ 74.397024328000043, 31.609422910000049, 0.0 ], [ 74.396899554000072, 31.609481567000053, 0.0 ], [ 74.39677145900005, 31.609534726000067, 0.0 ], [ 74.396640374000086, 31.609582248000049, 0.0 ], [ 74.396506639000052, 31.609624012000079, 0.0 ], [ 74.396370597000043, 31.60965990800003, 0.0 ], [ 74.396232601000065, 31.609689844000041, 0.0 ], [ 74.396093005000083, 31.609713743000064, 0.0 ], [ 74.395952172000094, 31.609731544000098, 0.0 ], [ 74.395810464000093, 31.60974320000004, 0.0 ], [ 74.39566824700006, 31.609748681000028, 0.0 ], [ 74.395356463000056, 31.609758267000107, 0.0 ], [ 74.395133435000062, 31.609772126000045, 0.0 ], [ 74.394910006000032, 31.609779875000093, 0.0 ], [ 74.394686399000079, 31.609781508000022, 0.0 ], [ 74.394462847000071, 31.609777022000081, 0.0 ], [ 74.394239576000075, 31.609766423000078, 0.0 ], [ 74.394016816000033, 31.609749721000068, 0.0 ], [ 74.393794793000055, 31.609726933000072, 0.0 ], [ 74.393573734000029, 31.609698082000115, 0.0 ], [ 74.393445676000056, 31.609677764000036, 0.0 ], [ 74.393134648000085, 31.609614994000051, 0.0 ], [ 74.392899237000051, 31.609567484000042, 0.0 ], [ 74.392903172000061, 31.609390856000072, 0.0 ], [ 74.392906689000014, 31.609278679000042, 0.0 ], [ 74.392793555000083, 31.609089559000065, 0.0 ], [ 74.392775384000089, 31.609042029000076, 0.0 ], [ 74.392740736000079, 31.609008445000025, 0.0 ], [ 74.392611603000034, 31.608920701000038, 0.0 ], [ 74.392528252000048, 31.608870175000025, 0.0 ], [ 74.391944779000085, 31.608733721000103, 0.0 ], [ 74.390969116000065, 31.608514153000069, 0.0 ], [ 74.39078416100007, 31.608475077000044, 0.0 ], [ 74.390545660000058, 31.608502585000057, 0.0 ], [ 74.390358264000056, 31.608505771000114, 0.0 ], [ 74.388101046000045, 31.608531154000083, 0.0 ], [ 74.387905821000061, 31.608527234000068, 0.0 ], [ 74.380450910000036, 31.60860647100003, 0.0 ], [ 74.377059047000046, 31.608618619000048, 0.0 ], [ 74.375251515000059, 31.608628889000059, 0.0 ], [ 74.370710245000083, 31.608673435000089, 0.0 ], [ 74.367898537000045, 31.608688197000042, 0.0 ], [ 74.365488344000099, 31.608723989000051, 0.0 ], [ 74.362715457000036, 31.608772250000094, 0.0 ], [ 74.361739269000083, 31.608762601000024, 0.0 ], [ 74.359189320000056, 31.608840544000028, 0.0 ], [ 74.357454175000072, 31.60887002100003, 0.0 ], [ 74.352689001000044, 31.609022607000043, 0.0 ], [ 74.350646908000058, 31.609069533000014, 0.0 ], [ 74.347137392000064, 31.609151901000093, 0.0 ], [ 74.345837456000098, 31.60916912100004, 0.0 ], [ 74.342260726000063, 31.609289205000032, 0.0 ], [ 74.34072074900007, 31.609329008000035, 0.0 ], [ 74.340190632000031, 31.609350141000082, 0.0 ], [ 74.335297384000057, 31.60946322300007, 0.0 ], [ 74.333684747000063, 31.609521659000077, 0.0 ], [ 74.330599373000041, 31.609577140000052, 0.0 ], [ 74.328830708000069, 31.609610827000065, 0.0 ], [ 74.32682182700006, 31.609690964000045, 0.0 ], [ 74.321705454000039, 31.609797574000019, 0.0 ], [ 74.320009303000077, 31.609831524000047, 0.0 ], [ 74.31880966500006, 31.609863325000042, 0.0 ], [ 74.317543435000061, 31.609847017000071, 0.0 ], [ 74.317074569000056, 31.609882705000086, 0.0 ], [ 74.316972337000067, 31.609941681000098, 0.0 ], [ 74.316865821000093, 31.609994817000036, 0.0 ], [ 74.316755477000086, 31.610041883000104, 0.0 ], [ 74.316641774000061, 31.610082680000097, 0.0 ], [ 74.316525201000047, 31.610117033000058, 0.0 ], [ 74.316406254000086, 31.61014479400006, 0.0 ], [ 74.316285443000098, 31.610165847000058, 0.0 ], [ 74.316163282000062, 31.610180100000047, 0.0 ], [ 74.316040294000075, 31.610187493000065, 0.0 ], [ 74.314940992000075, 31.610229344000061, 0.0 ], [ 74.314814966000029, 31.610203541000029, 0.0 ], [ 74.314690690000077, 31.610172137000102, 0.0 ], [ 74.314568500000064, 31.610135218000043, 0.0 ], [ 74.314448731000113, 31.610092884000036, 0.0 ], [ 74.314331712000083, 31.610045252000099, 0.0 ], [ 74.314222828000084, 31.610008515000075, 0.0 ], [ 74.31411182100004, 31.609976775000085, 0.0 ], [ 74.31399900100007, 31.60995012200005, 0.0 ], [ 74.313884687000055, 31.60992863200007, 0.0 ], [ 74.31376920200006, 31.609912364000031, 0.0 ], [ 74.31365287000007, 31.609901364000063, 0.0 ], [ 74.313085073000096, 31.609829683000044, 0.0 ], [ 74.312178919000075, 31.609871203000097, 0.0 ], [ 74.311415614000069, 31.60989143900003, 0.0 ], [ 74.310744246000098, 31.609926489000035, 0.0 ], [ 74.310513131000064, 31.609948158000062, 0.0 ], [ 74.308340433000069, 31.610112400000045, 0.0 ], [ 74.307364969000048, 31.610193049000056, 0.0 ], [ 74.306340404000096, 31.61027437900005, 0.0 ], [ 74.306142947000055, 31.610297871000082, 0.0 ], [ 74.305944598000039, 31.610315017000062, 0.0 ], [ 74.305745640000055, 31.61032579200004, 0.0 ], [ 74.305546349000068, 31.610330182000034, 0.0 ], [ 74.305347005000058, 31.610328180000089, 0.0 ], [ 74.305272762000072, 31.610325949000103, 0.0 ], [ 74.305198912000037, 31.610319048000104, 0.0 ], [ 74.305125856000075, 31.610307515000041, 0.0 ], [ 74.305053989000044, 31.610291410000098, 0.0 ], [ 74.304983704000051, 31.610270823000079, 0.0 ], [ 74.304948202000062, 31.610248530000035, 0.0 ], [ 74.304917422000074, 31.610221580000026, 0.0 ], [ 74.304892189000057, 31.610190696000082, 0.0 ], [ 74.304873178000037, 31.610156704000097, 0.0 ], [ 74.304860899000076, 31.610120515000073, 0.0 ], [ 74.30485567900007, 31.610083097000068, 0.0 ], [ 74.304857659000035, 31.610045450000033, 0.0 ], [ 74.304866785000058, 31.610008584000077, 0.0 ], [ 74.304882812000088, 31.609973484000083, 0.0 ], [ 74.304854418000048, 31.609970218000072, 0.0 ], [ 74.304666730000065, 31.609941502000023, 0.0 ], [ 74.304480670000032, 31.609905858000069, 0.0 ], [ 74.304296589000046, 31.609863354000016, 0.0 ], [ 74.304114830000088, 31.609814069000048, 0.0 ], [ 74.303935735000039, 31.609758096000078, 0.0 ], [ 74.303749669000069, 31.609695965000089, 0.0 ], [ 74.30356679700003, 31.609627241000062, 0.0 ], [ 74.303387437000083, 31.609552042000061, 0.0 ], [ 74.303211901000054, 31.609470501000054, 0.0 ], [ 74.30304049700004, 31.609382759000049, 0.0 ], [ 74.302873523000073, 31.609288969000044, 0.0 ], [ 74.302711271000064, 31.609189295000078, 0.0 ], [ 74.302656112000079, 31.609152330000047, 0.0 ], [ 74.302132249000067, 31.608989878000081, 0.0 ], [ 74.301832086000033, 31.608845011000032, 0.0 ], [ 74.301435450000042, 31.608439601000057, 0.0 ], [ 74.294982083000065, 31.613846183000067, 0.0 ], [ 74.293941117000031, 31.614607700000114, 0.0 ], [ 74.295437001000039, 31.615589, 0.0 ], [ 74.295800831000065, 31.615810324000066, 0.0 ], [ 74.295966186000058, 31.615910911000086, 0.0 ], [ 74.297847, 31.617055, 0.0 ], [ 74.298234, 31.617287, 0.0 ], [ 74.298625, 31.617513, 0.0 ], [ 74.29902, 31.617734, 0.0 ], [ 74.299419, 31.617949, 0.0 ], [ 74.299823, 31.618159, 0.0 ], [ 74.30023, 31.618364, 0.0 ], [ 74.300641, 31.618563, 0.0 ], [ 74.301055, 31.618757, 0.0 ], [ 74.301473, 31.618944, 0.0 ], [ 74.301895, 31.619127, 0.0 ], [ 74.302319001000086, 31.619303, 0.0 ], [ 74.302747, 31.619474, 0.0 ], [ 74.303178, 31.619639, 0.0 ], [ 74.303612, 31.619798, 0.0 ], [ 74.304049, 31.619951, 0.0 ], [ 74.304489, 31.620098, 0.0 ], [ 74.305901278000107, 31.62055985300006, 0.0 ], [ 74.306136872000096, 31.620635115000038, 0.0 ], [ 74.306366199000081, 31.621309520000064, 0.0 ], [ 74.306537001000038, 31.62197644500003, 0.0 ], [ 74.306698003000065, 31.622836672000066, 0.0 ], [ 74.306800851000062, 31.623639292000096, 0.0 ], [ 74.30698231100007, 31.623998339000064, 0.0 ], [ 74.307564260000063, 31.624524269000073, 0.0 ], [ 74.308054225000049, 31.625016621000043, 0.0 ], [ 74.308922984000048, 31.625782464000061, 0.0 ], [ 74.310083463000069, 31.626737606000081, 0.0 ], [ 74.310748399000047, 31.627364227000044, 0.0 ], [ 74.311267780000065, 31.627868318000033, 0.0 ], [ 74.311662576000074, 31.628242833000069, 0.0 ], [ 74.312040163000077, 31.628681706000094, 0.0 ], [ 74.312843957000041, 31.629778126000083, 0.0 ], [ 74.313771866000081, 31.631072144000026, 0.0 ], [ 74.313886, 31.631353, 0.0 ], [ 74.31384, 31.631459, 0.0 ], [ 74.31272, 31.634196, 0.0 ], [ 74.312675, 31.634298, 0.0 ], [ 74.312625000000111, 31.634399, 0.0 ], [ 74.31257, 31.634497, 0.0 ], [ 74.31251, 31.634593, 0.0 ], [ 74.3124450010001, 31.634687, 0.0 ], [ 74.312265867000065, 31.634931631000011, 0.0 ], [ 74.312090618000084, 31.635170954000046, 0.0 ], [ 74.311992762000045, 31.635304590000061, 0.0 ], [ 74.310492, 31.637354, 0.0 ], [ 74.310427, 31.63744, 0.0 ], [ 74.309562, 31.638518, 0.0 ], [ 74.308860733000088, 31.63939318700006, 0.0 ], [ 74.308684692000043, 31.639612709000097, 0.0 ], [ 74.308577, 31.639747, 0.0 ], [ 74.308195, 31.640228, 0.0 ], [ 74.30782, 31.640712, 0.0 ], [ 74.30745, 31.6412, 0.0 ], [ 74.307415998000081, 31.641245999000041, 0.0 ], [ 74.307087, 31.641691, 0.0 ], [ 74.30673, 31.642185, 0.0 ], [ 74.306378, 31.642682, 0.0 ], [ 74.306033, 31.643183, 0.0 ], [ 74.305694, 31.643686, 0.0 ], [ 74.305169, 31.644476, 0.0 ], [ 74.30516880800009, 31.644475923000098, 0.0 ], [ 74.304627972000063, 31.645289358000067, 0.0 ], [ 74.304506333000063, 31.645472304000105, 0.0 ], [ 74.304137555000068, 31.646026947000049, 0.0 ], [ 74.303831, 31.646488, 0.0 ], [ 74.303763, 31.646587, 0.0 ], [ 74.302568, 31.648295, 0.0 ], [ 74.302565546000054, 31.648298604000058, 0.0 ], [ 74.302536001000092, 31.648342000000106, 0.0 ], [ 74.302448683000094, 31.64846564100004, 0.0 ], [ 74.302411, 31.648519, 0.0 ], [ 74.302337561000073, 31.64862447100008, 0.0 ], [ 74.302316927000049, 31.648653964000058, 0.0 ], [ 74.301131, 31.650349, 0.0 ], [ 74.301063, 31.65044, 0.0 ], [ 74.300989000000101, 31.650527, 0.0 ], [ 74.30091332700006, 31.650604541000082, 0.0 ], [ 74.300908, 31.65061, 0.0 ], [ 74.30082714100007, 31.650684277000046, 0.0 ], [ 74.300822, 31.650689, 0.0 ], [ 74.300816227000041, 31.650693644000068, 0.0 ], [ 74.30073, 31.650763, 0.0 ], [ 74.300633, 31.650832, 0.0 ], [ 74.300531, 31.650896, 0.0 ], [ 74.300424, 31.650954, 0.0 ], [ 74.300314, 31.651007, 0.0 ], [ 74.3002, 31.651054, 0.0 ], [ 74.30018070000007, 31.651060598000051, 0.0 ], [ 74.30008300100009, 31.651094, 0.0 ], [ 74.300008784000056, 31.651115828000076, 0.0 ], [ 74.299976568000048, 31.65108246400008, 0.0 ], [ 74.299101301000078, 31.650266758000051, 0.0 ], [ 74.297300380000067, 31.648550095000111, 0.0 ], [ 74.296756432000052, 31.648040469000104, 0.0 ], [ 74.29648102200008, 31.647782434000092, 0.0 ], [ 74.295494104000056, 31.646849193000051, 0.0 ], [ 74.294342569000051, 31.645768806000053, 0.0 ], [ 74.293359886000076, 31.644800319000076, 0.0 ], [ 74.289750449000053, 31.641381585000044, 0.0 ], [ 74.289721841000073, 31.641355426000096, 0.0 ], [ 74.289651642000081, 31.641278713000094, 0.0 ], [ 74.28957512900007, 31.641206554000089, 0.0 ], [ 74.289492705000043, 31.641139328000094, 0.0 ], [ 74.289404804000085, 31.641077389000056, 0.0 ], [ 74.289311886000078, 31.641021064, 0.0 ], [ 74.289214442000059, 31.640970646000053, 0.0 ], [ 74.289112983000081, 31.640926402000083, 0.0 ], [ 74.289008043000095, 31.640888566000072, 0.0 ], [ 74.288900174000048, 31.640857336000078, 0.0 ], [ 74.288789942000065, 31.6408328740001, 0.0 ], [ 74.288677929000087, 31.640815312000022, 0.0 ], [ 74.288564722000061, 31.6408047400001, 0.0 ], [ 74.288455561000035, 31.640787633000098, 0.0 ], [ 74.288345538000044, 31.64077519600005, 0.0 ], [ 74.288234929000055, 31.640767459000052, 0.0 ], [ 74.288124006000032, 31.640764442000034, 0.0 ], [ 74.28801304600006, 31.64076615200004, 0.0 ], [ 74.287088379000082, 31.640742571000057, 0.0 ], [ 74.286950222000044, 31.640739047000061, 0.0 ], [ 74.286691637000061, 31.640732451000094, 0.0 ], [ 74.28641745200008, 31.640841920000092, 0.0 ], [ 74.286168781000072, 31.640956916000057, 0.0 ], [ 74.286385, 31.641328, 0.0 ], [ 74.286535235000031, 31.641749591000085, 0.0 ], [ 74.286578222000088, 31.641870219000069, 0.0 ], [ 74.287542203000058, 31.644575254000053, 0.0 ], [ 74.287583440000063, 31.644690965000045, 0.0 ], [ 74.288646738000068, 31.64767449600004, 0.0 ], [ 74.288649188000093, 31.647919539000057, 0.0 ], [ 74.288644178000084, 31.648164553000086, 0.0 ], [ 74.288631714000076, 31.64840937300005, 0.0 ], [ 74.288611800000069, 31.648653832000033, 0.0 ], [ 74.288584452000066, 31.64889776500009, 0.0 ], [ 74.288554408000053, 31.649110842000066, 0.0 ], [ 74.288518691000036, 31.649323277000057, 0.0 ], [ 74.288477320000084, 31.64953495900005, 0.0 ], [ 74.288430315000099, 31.649745781000053, 0.0 ], [ 74.288377703000037, 31.649955629000047, 0.0 ], [ 74.288357965000046, 31.650056621000033, 0.0 ], [ 74.288082485000075, 31.651721339000066, 0.0 ], [ 74.287756163000026, 31.653225684000098, 0.0 ], [ 74.287628465000083, 31.653869482000076, 0.0 ], [ 74.287443134000071, 31.654751664000081, 0.0 ], [ 74.287531037000079, 31.654751242000032, 0.0 ], [ 74.287416110000052, 31.655367378000072, 0.0 ], [ 74.286616668000093, 31.6591917750001, 0.0 ], [ 74.286422160000043, 31.659811326000099, 0.0 ], [ 74.286154321000097, 31.661261166000013, 0.0 ], [ 74.285738723000065, 31.663053916000027, 0.0 ], [ 74.28505494400008, 31.666334693000056, 0.0 ], [ 74.284849, 31.667391, 0.0 ], [ 74.284491, 31.669275, 0.0 ], [ 74.284417266000048, 31.669617645000073, 0.0 ], [ 74.284382257000075, 31.669780335000066, 0.0 ], [ 74.283576763000042, 31.673523317000065, 0.0 ], [ 74.283541878000065, 31.673685419000069, 0.0 ], [ 74.282923, 31.676561, 0.0 ], [ 74.281964119000065, 31.68099945400008, 0.0 ], [ 74.281883224000069, 31.68153608700008, 0.0 ], [ 74.281730810000056, 31.682195828000026, 0.0 ], [ 74.281504871000067, 31.682939936000029, 0.0 ], [ 74.281296701000031, 31.683872104000024, 0.0 ], [ 74.281009737000034, 31.68524782000004, 0.0 ], [ 74.280937301000066, 31.685591149000039, 0.0 ], [ 74.280751790000068, 31.686697328000051, 0.0 ], [ 74.280690974000038, 31.687038046000051, 0.0 ], [ 74.280616628000089, 31.687454563000095, 0.0 ], [ 74.28055120900008, 31.687821068000066, 0.0 ], [ 74.280411098000087, 31.688606001000053, 0.0 ], [ 74.280368132000035, 31.68884670100007, 0.0 ], [ 74.28032444300004, 31.689091452000063, 0.0 ], [ 74.280324097000062, 31.68909339000006, 0.0 ], [ 74.280294361000088, 31.689259973000063, 0.0 ], [ 74.280026605000046, 31.69057918000005, 0.0 ], [ 74.279992938000078, 31.69074505300005, 0.0 ], [ 74.279809241000066, 31.691650081000024, 0.0 ], [ 74.279568472000065, 31.692773152000036, 0.0 ], [ 74.279546530000061, 31.692875499000063, 0.0 ], [ 74.279054391000045, 31.695170993000048, 0.0 ], [ 74.27902313500006, 31.695316780000052, 0.0 ], [ 74.278484584000068, 31.697828608000066, 0.0 ], [ 74.27845863000006, 31.69794965700007, 0.0 ], [ 74.278081844000056, 31.699706911000071, 0.0 ], [ 74.278058731000058, 31.699818018000055, 0.0 ], [ 74.278088946000096, 31.69982736400004, 0.0 ], [ 74.278091, 31.699828, 0.0 ], [ 74.278429, 31.699926, 0.0 ], [ 74.27868, 31.700005, 0.0 ], [ 74.278919, 31.700084, 0.0 ], [ 74.279387, 31.700229, 0.0 ], [ 74.279766001000056, 31.700339, 0.0 ], [ 74.280145, 31.700438000000101, 0.0 ], [ 74.28049, 31.700525, 0.0 ], [ 74.280839, 31.70061, 0.0 ], [ 74.281376, 31.700735, 0.0 ], [ 74.281765, 31.700823, 0.0 ], [ 74.282283, 31.700934, 0.0 ], [ 74.282695, 31.701018, 0.0 ], [ 74.283098, 31.701096, 0.0 ], [ 74.283572, 31.701185, 0.0 ], [ 74.283978, 31.701257, 0.0 ], [ 74.284379, 31.701326, 0.0 ], [ 74.284769, 31.701403, 0.0 ], [ 74.28508, 31.701461, 0.0 ], [ 74.285386, 31.701512, 0.0 ], [ 74.285698, 31.701554, 0.0 ], [ 74.286177, 31.701615, 0.0 ], [ 74.286413999000047, 31.701645, 0.0 ], [ 74.286689, 31.701677, 0.0 ], [ 74.286994, 31.701711, 0.0 ], [ 74.28742, 31.701754, 0.0 ], [ 74.288047, 31.701813, 0.0 ], [ 74.288398, 31.701841, 0.0 ], [ 74.288751, 31.701868, 0.0 ], [ 74.289022, 31.701887, 0.0 ], [ 74.289356001000058, 31.701907, 0.0 ], [ 74.289784, 31.70193, 0.0 ], [ 74.290138, 31.701949, 0.0 ], [ 74.290546, 31.701964, 0.0 ], [ 74.290897, 31.701974, 0.0 ], [ 74.291089, 31.701979, 0.0 ], [ 74.291387, 31.701986, 0.0 ], [ 74.291758, 31.701992, 0.0 ], [ 74.292179, 31.701995, 0.0 ], [ 74.292727, 31.701998, 0.0 ], [ 74.293082, 31.702, 0.0 ], [ 74.293457, 31.702003, 0.0 ], [ 74.293738000000104, 31.702003, 0.0 ], [ 74.294015, 31.702006, 0.0 ], [ 74.294527, 31.702008, 0.0 ], [ 74.294925, 31.70201, 0.0 ], [ 74.295125, 31.702009, 0.0 ], [ 74.295313, 31.702003, 0.0 ], [ 74.295553, 31.701997, 0.0 ], [ 74.295836, 31.701991, 0.0 ], [ 74.296104, 31.701984, 0.0 ], [ 74.296352, 31.701986, 0.0 ], [ 74.296449, 31.701986, 0.0 ], [ 74.296845000000104, 31.701989, 0.0 ], [ 74.297775, 31.701993, 0.0 ], [ 74.297798, 31.701994, 0.0 ], [ 74.298121, 31.701996, 0.0 ], [ 74.298398, 31.701997, 0.0 ], [ 74.298736, 31.702, 0.0 ], [ 74.299232, 31.702001, 0.0 ], [ 74.299306, 31.702002, 0.0 ], [ 74.299662, 31.702003, 0.0 ], [ 74.299924, 31.702005, 0.0 ], [ 74.300063624000089, 31.70200574700004, 0.0 ], [ 74.300005, 31.702122, 0.0 ], [ 74.299949, 31.702239, 0.0 ], [ 74.299887, 31.702372, 0.0 ], [ 74.299886963000063, 31.702372085000029, 0.0 ], [ 74.299804, 31.702564, 0.0 ], [ 74.299726, 31.702756, 0.0 ], [ 74.299653, 31.702951, 0.0 ], [ 74.299586, 31.703147, 0.0 ], [ 74.299516, 31.703374, 0.0 ], [ 74.299453, 31.703603, 0.0 ], [ 74.299397, 31.703834, 0.0 ], [ 74.299393, 31.70385, 0.0 ], [ 74.299345, 31.704083, 0.0 ], [ 74.299305, 31.704318, 0.0 ], [ 74.299272, 31.704554, 0.0 ], [ 74.299247, 31.704791, 0.0 ], [ 74.299229, 31.705028, 0.0 ], [ 74.299219, 31.705265, 0.0 ], [ 74.299217, 31.705503, 0.0 ], [ 74.299223, 31.70574, 0.0 ], [ 74.299236, 31.705977, 0.0 ], [ 74.299257, 31.706214, 0.0 ], [ 74.299286, 31.706451000000119, 0.0 ], [ 74.299322001000078, 31.706686, 0.0 ], [ 74.299366, 31.706921, 0.0 ], [ 74.299418, 31.707154, 0.0 ], [ 74.299698981000077, 31.708072935000093, 0.0 ], [ 74.299699, 31.708073, 0.0 ], [ 74.299786, 31.708294, 0.0 ], [ 74.299881, 31.708513, 0.0 ], [ 74.299982, 31.708731, 0.0 ], [ 74.300091, 31.708945, 0.0 ], [ 74.300206, 31.709157, 0.0 ], [ 74.300328, 31.709367, 0.0 ], [ 74.300456, 31.709573, 0.0 ], [ 74.300591, 31.709776, 0.0 ], [ 74.300733, 31.709976, 0.0 ], [ 74.300881, 31.710173, 0.0 ], [ 74.301035, 31.710366000000111, 0.0 ], [ 74.301195, 31.710555, 0.0 ], [ 74.301362001000015, 31.710741, 0.0 ], [ 74.301534, 31.710923, 0.0 ], [ 74.301712, 31.7111, 0.0 ], [ 74.301975, 31.711347, 0.0 ], [ 74.302169, 31.711515, 0.0 ], [ 74.302368, 31.71168, 0.0 ], [ 74.302572, 31.711839, 0.0 ], [ 74.302649260000081, 31.711896299000074, 0.0 ], [ 74.302781, 31.711994, 0.0 ], [ 74.302995, 31.712143, 0.0 ], [ 74.303213, 31.712288, 0.0 ], [ 74.303437, 31.712427, 0.0 ], [ 74.303664000000111, 31.712561, 0.0 ], [ 74.303896, 31.71269, 0.0 ], [ 74.304079485000045, 31.712785630000059, 0.0 ], [ 74.304132, 31.712813, 0.0 ], [ 74.304372, 31.71293, 0.0 ], [ 74.304616, 31.713042, 0.0 ], [ 74.304847980000034, 31.713140615000079, 0.0 ], [ 74.304863, 31.713147, 0.0 ], [ 74.305114, 31.713247, 0.0 ], [ 74.305367, 31.713341, 0.0 ], [ 74.30562956600005, 31.713434722000049, 0.0 ], [ 74.309337, 31.71475800000011, 0.0 ], [ 74.310698, 31.715243, 0.0 ], [ 74.312245543000088, 31.715794993000017, 0.0 ], [ 74.312739, 31.715971, 0.0 ], [ 74.313018018000037, 31.716070529000032, 0.0 ], [ 74.313449925000057, 31.716224594000046, 0.0 ], [ 74.313868005000074, 31.716373724000089, 0.0 ], [ 74.314825945000052, 31.716715419000046, 0.0 ], [ 74.315164, 31.716836, 0.0 ], [ 74.315167, 31.716837, 0.0 ], [ 74.315114, 31.716938, 0.0 ], [ 74.316686, 31.717498, 0.0 ], [ 74.317182, 31.717675, 0.0 ], [ 74.318446424000072, 31.718125972000063, 0.0 ], [ 74.321933827000066, 31.719369708000055, 0.0 ], [ 74.323556220000057, 31.719948269000078, 0.0 ], [ 74.326214, 31.720896, 0.0 ], [ 74.326893, 31.721138, 0.0 ], [ 74.329201003000051, 31.721960885000065, 0.0 ], [ 74.336890519000065, 31.724702066000098, 0.0 ], [ 74.337289518000034, 31.724844286000074, 0.0 ], [ 74.345975831000047, 31.72794002200003, 0.0 ], [ 74.346133250000037, 31.727996118000085, 0.0 ], [ 74.34869357000008, 31.728908441000051, 0.0 ], [ 74.352668015000077, 31.730324524000043, 0.0 ], [ 74.355684, 31.731399, 0.0 ], [ 74.355829, 31.731459, 0.0 ], [ 74.357285537000052, 31.732043619000038, 0.0 ], [ 74.357399596000064, 31.732089400000081, 0.0 ], [ 74.360420235000049, 31.733301731000065, 0.0 ], [ 74.36561636600004, 31.735386957000042, 0.0 ], [ 74.365690461000042, 31.735416689000026, 0.0 ], [ 74.370631506000052, 31.737399261000082, 0.0 ], [ 74.370701903000068, 31.737427505000053, 0.0 ], [ 74.375091185000045, 31.739188452000068, 0.0 ], [ 74.375255305000053, 31.739254291000066, 0.0 ], [ 74.380863228000081, 31.741503820000073, 0.0 ], [ 74.382482843000062, 31.742153436000059, 0.0 ], [ 74.388832855000061, 31.744700099000063, 0.0 ], [ 74.389339449000033, 31.744903248000082, 0.0 ], [ 74.395624602000083, 31.747423415000082, 0.0 ], [ 74.397317992000097, 31.748102341000052, 0.0 ], [ 74.401719866000079, 31.749867018000028, 0.0 ], [ 74.407316863000062, 31.752110496000071, 0.0 ], [ 74.407453562000057, 31.752165286000047, 0.0 ], [ 74.41179751500006, 31.753906248000096, 0.0 ], [ 74.411935220000032, 31.753961434000068, 0.0 ], [ 74.41281, 31.754312, 0.0 ], [ 74.413039, 31.754399, 0.0 ], [ 74.413271, 31.754481, 0.0 ], [ 74.413507, 31.754555, 0.0 ], [ 74.413745, 31.754623, 0.0 ], [ 74.41398500000011, 31.754684, 0.0 ], [ 74.414228, 31.754739, 0.0 ], [ 74.414473, 31.754786, 0.0 ], [ 74.414719, 31.754827, 0.0 ], [ 74.414967001000036, 31.75486, 0.0 ], [ 74.415216, 31.754886, 0.0 ], [ 74.415466, 31.754906, 0.0 ], [ 74.415525001000049, 31.754908832000087, 0.0 ], [ 74.415715999000042, 31.754918, 0.0 ], [ 74.415967000000109, 31.754923, 0.0 ], [ 74.416218, 31.754921, 0.0 ], [ 74.416469, 31.754912, 0.0 ], [ 74.416719, 31.754896, 0.0 ], [ 74.416968, 31.754872, 0.0 ], [ 74.417217, 31.754842, 0.0 ], [ 74.41737079800005, 31.75481833900006, 0.0 ], [ 74.417464, 31.754804, 0.0 ], [ 74.417709, 31.75476, 0.0 ], [ 74.417953, 31.754709, 0.0 ], [ 74.418195001000086, 31.754651, 0.0 ], [ 74.418434, 31.754586, 0.0 ], [ 74.41867, 31.754514, 0.0 ], [ 74.418904, 31.754435, 0.0 ], [ 74.419134, 31.75435, 0.0 ], [ 74.419361, 31.754259, 0.0 ], [ 74.419584, 31.754161, 0.0 ], [ 74.419804, 31.754057, 0.0 ], [ 74.420019, 31.753947, 0.0 ], [ 74.42023, 31.75383, 0.0 ], [ 74.420436, 31.753708, 0.0 ], [ 74.420637, 31.75358, 0.0 ], [ 74.420833, 31.753446, 0.0 ], [ 74.421024, 31.753307, 0.0 ], [ 74.42121, 31.753163, 0.0 ], [ 74.421389, 31.753013, 0.0 ], [ 74.421563, 31.752858, 0.0 ], [ 74.42165071000008, 31.752774989000059, 0.0 ], [ 74.421730999000047, 31.752699, 0.0 ], [ 74.421892, 31.752535000000101, 0.0 ], [ 74.422047, 31.752366, 0.0 ], [ 74.422195, 31.752193, 0.0 ], [ 74.422337000000113, 31.752016, 0.0 ], [ 74.422471, 31.751835, 0.0 ], [ 74.422599, 31.75165, 0.0 ], [ 74.422719, 31.751462, 0.0 ], [ 74.422832, 31.751271, 0.0 ], [ 74.422937, 31.751076, 0.0 ], [ 74.423035, 31.750878, 0.0 ], [ 74.423125, 31.750678, 0.0 ], [ 74.423207, 31.750476, 0.0 ], [ 74.423281, 31.750271, 0.0 ], [ 74.423347, 31.750064, 0.0 ], [ 74.423406, 31.749856000000108, 0.0 ], [ 74.423456, 31.749645, 0.0 ], [ 74.423449552000093, 31.749568877000065, 0.0 ], [ 74.423490344000072, 31.749360707000083, 0.0 ], [ 74.423523158000094, 31.749151511000036, 0.0 ], [ 74.423547960000079, 31.748941510000101, 0.0 ], [ 74.423564723000098, 31.748730929000036, 0.0 ], [ 74.423597964000095, 31.74818075600005, 0.0 ], [ 74.423618738000073, 31.748053334000087, 0.0 ], [ 74.423673105000034, 31.747153261000086, 0.0 ], [ 74.423660482000045, 31.747145988000064, 0.0 ], [ 74.423673289000078, 31.746934012000047, 0.0 ], [ 74.42368139000007, 31.746799936000091, 0.0 ], [ 74.424711097000056, 31.729752927000057, 0.0 ], [ 74.424735838000075, 31.729343236000048, 0.0 ], [ 74.424937080000092, 31.726010761000055, 0.0 ], [ 74.424945247000039, 31.725821927000041, 0.0 ], [ 74.424946950000049, 31.725632970000067, 0.0 ], [ 74.424942188000045, 31.725444050000092, 0.0 ], [ 74.424930967000094, 31.725255331000046, 0.0 ], [ 74.424913294000106, 31.72506697300004, 0.0 ], [ 74.42488918500004, 31.72487913600003, 0.0 ], [ 74.424858662000076, 31.724691982000021, 0.0 ], [ 74.424818382000083, 31.724490170000042, 0.0 ], [ 74.424770643000045, 31.724289549000076, 0.0 ], [ 74.424715494000054, 31.724090321000084, 0.0 ], [ 74.424652988000048, 31.723892686000081, 0.0 ], [ 74.424583190000078, 31.723696844000095, 0.0 ], [ 74.42450616900004, 31.723502989000078, 0.0 ], [ 74.42442200300006, 31.723311317000043, 0.0 ], [ 74.424330776000048, 31.723122020000073, 0.0 ], [ 74.42423258000008, 31.722935287000062, 0.0 ], [ 74.424127512000069, 31.722751307000099, 0.0 ], [ 74.424015681000085, 31.722570264000073, 0.0 ], [ 74.423897196000041, 31.722392340000077, 0.0 ], [ 74.423772178000036, 31.722217712000031, 0.0 ], [ 74.418302356000083, 31.714841726000031, 0.0 ], [ 74.418129738000076, 31.714660222000084, 0.0 ], [ 74.417589761000073, 31.713931980000041, 0.0 ], [ 74.411221240000089, 31.711017500000143, 0.0 ], [ 74.408244973000137, 31.697105430000111, 0.0 ], [ 74.408242750000056, 31.695476235000072, 0.0 ], [ 74.408931105000093, 31.69434660000017, 0.0 ], [ 74.409652082000122, 31.69209800800008, 0.0 ], [ 74.411103553000032, 31.69038241800007, 0.0 ], [ 74.411779833000182, 31.689831464000143, 0.0 ], [ 74.414602778000116, 31.688618852000161, 0.0 ], [ 74.417371569000125, 31.687317047000203, 0.0 ], [ 74.420101961000071, 31.686819533000079, 0.0 ], [ 74.426030634000028, 31.680135274000104, 0.0 ], [ 74.428975791000099, 31.676838465000081, 0.0 ], [ 74.43013273300005, 31.675543301000065, 0.0 ], [ 74.433468631000054, 31.671808591000069, 0.0 ], [ 74.433404064000058, 31.671806771000028, 0.0 ], [ 74.447621728000072, 31.655884944, 0.0 ], [ 74.447642, 31.655849, 0.0 ], [ 74.448530018000042, 31.65494170400007, 0.0 ], [ 74.453786539000092, 31.649053167000055, 0.0 ], [ 74.45381, 31.649026882000083, 0.0 ], [ 74.45433427600004, 31.648439517000082, 0.0 ], [ 74.454520486000035, 31.648230897000076, 0.0 ], [ 74.454748, 31.647976, 0.0 ], [ 74.454854, 31.647854, 0.0 ], [ 74.454957, 31.647729, 0.0 ], [ 74.455056, 31.647603, 0.0 ], [ 74.457431107000048, 31.644511564000037, 0.0 ], [ 74.457498324000085, 31.644424071000071, 0.0 ], [ 74.460974357000069, 31.639899205000074, 0.0 ], [ 74.462085502000036, 31.638452676000043, 0.0 ], [ 74.462873460000083, 31.6374268530001, 0.0 ], [ 74.467687080000076, 31.631159498000045, 0.0 ], [ 74.468295584000032, 31.63036714900008, 0.0 ], [ 74.469999, 31.628149, 0.0 ], [ 74.470168001000047, 31.627876, 0.0 ], [ 74.470345, 31.627606, 0.0 ], [ 74.470529001000045, 31.627339, 0.0 ], [ 74.47072, 31.627077, 0.0 ], [ 74.470918, 31.626818000000107, 0.0 ], [ 74.471123, 31.626563, 0.0 ], [ 74.471335, 31.626312, 0.0 ], [ 74.471554, 31.626066, 0.0 ], [ 74.471779, 31.625824000000101, 0.0 ], [ 74.472011, 31.625586, 0.0 ], [ 74.472249, 31.625353, 0.0 ], [ 74.472493, 31.625125, 0.0 ], [ 74.472744, 31.624902, 0.0 ], [ 74.473, 31.624684, 0.0 ], [ 74.473263, 31.624471, 0.0 ], [ 74.473531, 31.624263, 0.0 ], [ 74.473804, 31.624061, 0.0 ], [ 74.474083, 31.623864, 0.0 ], [ 74.474367999000037, 31.623673, 0.0 ], [ 74.474657, 31.623488, 0.0 ], [ 74.474951, 31.623308, 0.0 ], [ 74.47525, 31.623134, 0.0 ], [ 74.475554, 31.622966000000122, 0.0 ], [ 74.475862, 31.622804, 0.0 ], [ 74.483088082000052, 31.61910871, 0.0 ], [ 74.483344524000074, 31.618977558000054, 0.0 ], [ 74.490134795000088, 31.615504466000083, 0.0 ], [ 74.490250584000094, 31.615445236000074, 0.0 ] ] ] } },
{ "type": "Feature", "properties": { "OID_": 0, "Name": "Phase 3", "FolderPath": "RUDA_Updated_Phases_10June2023\/RUDA_Updated_Phases_10June2023", "SymbolID": 0, "AltMode": 0, "Base": "0.00000000000e+00", "Clamped": -1, "Extruded": 0, "Snippet": "", "PopupInfo": "<html xmlns:fo=\"http:\/\/www.w3.org\/1999\/XSL\/Format\" xmlns:msxsl=\"urn:schemas-microsoft-com:xslt\">\n\n<head>\n\n<META http-equiv=\"Content-Type\" content=\"text\/html\">\n\n<meta http-equiv=\"content-type\" content=\"text\/html; charset=UTF-8\">\n\n<\/head>\n\n<body style=\"mar", "Shape_Leng": "5.09232787370e-01", "Shape_Area": "1.32496265592e+04" }, "geometry": { "type": "Polygon", "coordinates": [ [ [ 74.237883619000058, 31.499503723000032, 0.0 ], [ 74.236601147000044, 31.497812870000075, 0.0 ], [ 74.234948454000062, 31.495611806000056, 0.0 ], [ 74.23492480200008, 31.495580303000054, 0.0 ], [ 74.234853797000085, 31.495485737000024, 0.0 ], [ 74.234483176000083, 31.49501887200006, 0.0 ], [ 74.234373977000075, 31.494881314000054, 0.0 ], [ 74.234222988000056, 31.494681719000027, 0.0 ], [ 74.23391235400004, 31.494280629000059, 0.0 ], [ 74.233594995000033, 31.493883422000067, 0.0 ], [ 74.233270978000064, 31.493490182000073, 0.0 ], [ 74.233011812000029, 31.493105673000059, 0.0 ], [ 74.23274641200004, 31.492724298000041, 0.0 ], [ 74.232474829000068, 31.492346135000048, 0.0 ], [ 74.232197116000066, 31.491971255000067, 0.0 ], [ 74.231913327000029, 31.491599731000065, 0.0 ], [ 74.23162351600007, 31.491231637000055, 0.0 ], [ 74.231423827000071, 31.490933075000044, 0.0 ], [ 74.231231224000055, 31.490631114000053, 0.0 ], [ 74.231045787000085, 31.490325877000032, 0.0 ], [ 74.230867591000049, 31.490017490000071, 0.0 ], [ 74.230696708000039, 31.48970607800004, 0.0 ], [ 74.230533212000068, 31.489391769000065, 0.0 ], [ 74.23037716400006, 31.489074692000031, 0.0 ], [ 74.230228632000035, 31.488754974000074, 0.0 ], [ 74.230116748000057, 31.48853454500005, 0.0 ], [ 74.230008546000079, 31.48831277000005, 0.0 ], [ 74.23000773800004, 31.488311079000027, 0.0 ], [ 74.229867630000058, 31.488009721000026, 0.0 ], [ 74.22973432200007, 31.487706106000076, 0.0 ], [ 74.229607860000044, 31.487400348000051, 0.0 ], [ 74.229488294000078, 31.487092559000075, 0.0 ], [ 74.229375666000067, 31.486782855000058, 0.0 ], [ 74.229294363000065, 31.48660545000007, 0.0 ], [ 74.229219982000075, 31.486425828000051, 0.0 ], [ 74.229152603000045, 31.486244188000057, 0.0 ], [ 74.229092301000037, 31.486060730000077, 0.0 ], [ 74.229039145000058, 31.485875658000055, 0.0 ], [ 74.22899319000004, 31.485689174000072, 0.0 ], [ 74.228954488000056, 31.485501486000032, 0.0 ], [ 74.228923083000041, 31.485312799000042, 0.0 ], [ 74.228899007000052, 31.485123323000039, 0.0 ], [ 74.228687715000035, 31.484083343000066, 0.0 ], [ 74.228605354000081, 31.483677955000076, 0.0 ], [ 74.228513457000076, 31.483225626000035, 0.0 ], [ 74.228323254000031, 31.481964080000068, 0.0 ], [ 74.228248661000066, 31.481505015000039, 0.0 ], [ 74.22816642500004, 31.481046910000032, 0.0 ], [ 74.228076567000073, 31.480589857000041, 0.0 ], [ 74.227979104000042, 31.480133950000038, 0.0 ], [ 74.227874055000029, 31.479679283000053, 0.0 ], [ 74.227613176000034, 31.478207242000053, 0.0 ], [ 74.227276908000078, 31.476419645000078, 0.0 ], [ 74.227154989000041, 31.47498663500005, 0.0 ], [ 74.227073959000052, 31.474701703000051, 0.0 ], [ 74.226999203000048, 31.474415513000054, 0.0 ], [ 74.226930745000061, 31.47412816800005, 0.0 ], [ 74.226868612000032, 31.473839770000041, 0.0 ], [ 74.226812824000035, 31.473550421000027, 0.0 ], [ 74.226763402000074, 31.473260223000068, 0.0 ], [ 74.226720361000048, 31.472969278000051, 0.0 ], [ 74.226671030000034, 31.47271801200003, 0.0 ], [ 74.226627934000078, 31.472465904000046, 0.0 ], [ 74.226591091000046, 31.472213070000066, 0.0 ], [ 74.226560519000031, 31.471959621000053, 0.0 ], [ 74.226536231000068, 31.471705674000077, 0.0 ], [ 74.226518239000029, 31.471451342000023, 0.0 ], [ 74.226506550000067, 31.471196740000039, 0.0 ], [ 74.226510497000049, 31.470982478000053, 0.0 ], [ 74.226522302000035, 31.470768429000032, 0.0 ], [ 74.226541953000037, 31.470554803000027, 0.0 ], [ 74.22656943000004, 31.470341813000061, 0.0 ], [ 74.226604706000046, 31.470129668000027, 0.0 ], [ 74.226647748000062, 31.469918580000069, 0.0 ], [ 74.226698510000062, 31.469708754000067, 0.0 ], [ 74.226756944000044, 31.469500401000062, 0.0 ], [ 74.226822992000052, 31.469293725000057, 0.0 ], [ 74.227696521000041, 31.467379747000052, 0.0 ], [ 74.227749867000057, 31.467274828000029, 0.0 ], [ 74.227796194000064, 31.46716748800003, 0.0 ], [ 74.227835354000035, 31.467058071000054, 0.0 ], [ 74.227867220000064, 31.466946928000027, 0.0 ], [ 74.227891691000082, 31.46683441700003, 0.0 ], [ 74.227908686000035, 31.466720899000052, 0.0 ], [ 74.227918155000054, 31.466606738000053, 0.0 ], [ 74.227920063000056, 31.466492300000027, 0.0 ], [ 74.227914406000082, 31.466377953000062, 0.0 ], [ 74.227901202000055, 31.466264064000029, 0.0 ], [ 74.227880494000033, 31.466151, 0.0 ], [ 74.227852348000056, 31.466039122000041, 0.0 ], [ 74.227825949000078, 31.465922778000049, 0.0 ], [ 74.227792697000041, 31.465807733000076, 0.0 ], [ 74.227752679000048, 31.465694281000026, 0.0 ], [ 74.227705999000079, 31.465582717000075, 0.0 ], [ 74.227652773000045, 31.465473325000062, 0.0 ], [ 74.227593143000036, 31.465366389000053, 0.0 ], [ 74.227527259000055, 31.465262184000039, 0.0 ], [ 74.227455293000048, 31.465160978000029, 0.0 ], [ 74.227377429000057, 31.465063032000046, 0.0 ], [ 74.22729386900005, 31.464968598000041, 0.0 ], [ 74.227204825000058, 31.46487791900006, 0.0 ], [ 74.226143314000069, 31.464059425000073, 0.0 ], [ 74.223072079000076, 31.461872419000031, 0.0 ], [ 74.222643160000075, 31.461565248000056, 0.0 ], [ 74.220216847000074, 31.459892272000047, 0.0 ], [ 74.219035553000083, 31.459080914000026, 0.0 ], [ 74.218283550000081, 31.45860245800003, 0.0 ], [ 74.217245082000034, 31.457901461000063, 0.0 ], [ 74.215119506000065, 31.456327270000031, 0.0 ], [ 74.211630262000028, 31.453637843000024, 0.0 ], [ 74.209100110000065, 31.451878830000055, 0.0 ], [ 74.205187453000065, 31.448964232000037, 0.0 ], [ 74.203928101000031, 31.448085368000079, 0.0 ], [ 74.198905674000059, 31.444629047000035, 0.0 ], [ 74.197615308000081, 31.443764573000067, 0.0 ], [ 74.197009583000067, 31.443336216000034, 0.0 ], [ 74.196407983000029, 31.442903607000062, 0.0 ], [ 74.195152775000054, 31.441946844000029, 0.0 ], [ 74.194955782000079, 31.441784476000066, 0.0 ], [ 74.193705195000064, 31.440770421000025, 0.0 ], [ 74.193377743000042, 31.440522507000026, 0.0 ], [ 74.19334764000007, 31.44049971700008, 0.0 ], [ 74.192988072000048, 31.440231204000042, 0.0 ], [ 74.19169832800003, 31.439313954000056, 0.0 ], [ 74.189255815000081, 31.437576786000079, 0.0 ], [ 74.188779947000057, 31.43722764000006, 0.0 ], [ 74.186784884000076, 31.435801813000069, 0.0 ], [ 74.186488753000049, 31.435597027000028, 0.0 ], [ 74.183655759000033, 31.433528465000052, 0.0 ], [ 74.182465772000057, 31.432677824000052, 0.0 ], [ 74.180719150000073, 31.431437297000059, 0.0 ], [ 74.179256614000053, 31.430347762000054, 0.0 ], [ 74.177994268000077, 31.42945046400007, 0.0 ], [ 74.17785709900005, 31.429330193000055, 0.0 ], [ 74.177725571000053, 31.429205374000048, 0.0 ], [ 74.177599888000032, 31.429076201000044, 0.0 ], [ 74.177480247000062, 31.428942878000043, 0.0 ], [ 74.177366835000043, 31.42880561100003, 0.0 ], [ 74.177259827000057, 31.42866461400007, 0.0 ], [ 74.177159391000032, 31.428520105000075, 0.0 ], [ 74.17706568300008, 31.428372312000079, 0.0 ], [ 74.177004903000068, 31.428291709000064, 0.0 ], [ 74.176886962000083, 31.428123582000069, 0.0 ], [ 74.176775441000075, 31.427952265000044, 0.0 ], [ 74.176132601000063, 31.427030802000047, 0.0 ], [ 74.175661727000033, 31.426463506000061, 0.0 ], [ 74.175400403000083, 31.426171623000073, 0.0 ], [ 74.175133724000034, 31.42588332300005, 0.0 ], [ 74.174861759000066, 31.425598678000028, 0.0 ], [ 74.174584577000076, 31.425317760000041, 0.0 ], [ 74.174302244000046, 31.425040638000041, 0.0 ], [ 74.174014834000047, 31.424767382000027, 0.0 ], [ 74.17352991100006, 31.424420099000031, 0.0 ], [ 74.173040254000057, 31.424077736000072, 0.0 ], [ 74.172545931000059, 31.423740343000077, 0.0 ], [ 74.172047011000075, 31.423407964000035, 0.0 ], [ 74.171543563000057, 31.423080647000063, 0.0 ], [ 74.170038089000059, 31.422073086000069, 0.0 ], [ 74.169903059000035, 31.42197324600005, 0.0 ], [ 74.169772533000071, 31.421869094000044, 0.0 ], [ 74.169646699000054, 31.421760779000067, 0.0 ], [ 74.169525738000061, 31.421648456000071, 0.0 ], [ 74.169409822000034, 31.421532287000048, 0.0 ], [ 74.169299118000083, 31.421412438000061, 0.0 ], [ 74.169193785000061, 31.421289081000054, 0.0 ], [ 74.169093973000031, 31.421162392000042, 0.0 ], [ 74.168999826000061, 31.421032554000078, 0.0 ], [ 74.168828072000053, 31.420792105000032, 0.0 ], [ 74.168514415000061, 31.420305365000047, 0.0 ], [ 74.16832043800008, 31.419995106000044, 0.0 ], [ 74.167247597000085, 31.41843132300005, 0.0 ], [ 74.166793589000065, 31.417775992000031, 0.0 ], [ 74.166342892000046, 31.417118984000069, 0.0 ], [ 74.165895514000056, 31.416460311000037, 0.0 ], [ 74.165370779000057, 31.415553941000042, 0.0 ], [ 74.164852125000039, 31.414645002000043, 0.0 ], [ 74.164749586000084, 31.414463725000076, 0.0 ], [ 74.164653120000082, 31.414277005000031, 0.0 ], [ 74.16358886900008, 31.412337148000063, 0.0 ], [ 74.162775527000065, 31.411092799000073, 0.0 ], [ 74.161738372000059, 31.409410255000068, 0.0 ], [ 74.160514637000063, 31.407430476000059, 0.0 ], [ 74.160355428000059, 31.407181172000037, 0.0 ], [ 74.159323003000054, 31.405406072000062, 0.0 ], [ 74.158803803000069, 31.404606397000066, 0.0 ], [ 74.15813650900003, 31.403652998000041, 0.0 ], [ 74.157962583000028, 31.40340649500007, 0.0 ], [ 74.157795543000077, 31.403156510000031, 0.0 ], [ 74.157635488000039, 31.402903188000039, 0.0 ], [ 74.157482508000044, 31.402646670000024, 0.0 ], [ 74.157336687000054, 31.402387102000034, 0.0 ], [ 74.157186866000075, 31.402179773000057, 0.0 ], [ 74.157043245000068, 31.401969241000074, 0.0 ], [ 74.156905919000053, 31.401755643000058, 0.0 ], [ 74.15677497300004, 31.401539115000048, 0.0 ], [ 74.156650495000065, 31.401319801000056, 0.0 ], [ 74.156532564000031, 31.401097840000034, 0.0 ], [ 74.156421257000034, 31.400873377000039, 0.0 ], [ 74.156316645000061, 31.400646557000073, 0.0 ], [ 74.156218797000065, 31.400417527000059, 0.0 ], [ 74.156129356000065, 31.400215244000037, 0.0 ], [ 74.155699241000036, 31.399242468000068, 0.0 ], [ 74.154256516000032, 31.399003224000069, 0.0 ], [ 74.152970699000036, 31.398789985000064, 0.0 ], [ 74.15155592900004, 31.398555344000044, 0.0 ], [ 74.150547599000049, 31.398395332000064, 0.0 ], [ 74.149232668000082, 31.398186653000039, 0.0 ], [ 74.14876823600008, 31.398120437000046, 0.0 ], [ 74.146536415000071, 31.397802216000059, 0.0 ], [ 74.145256179000057, 31.397619655000028, 0.0 ], [ 74.144596641000078, 31.397525601000041, 0.0 ], [ 74.142742651000049, 31.397233443000061, 0.0 ], [ 74.141085012000076, 31.396972202000029, 0.0 ], [ 74.140483759000062, 31.396877440000026, 0.0 ], [ 74.139438860000041, 31.396672102000025, 0.0 ], [ 74.13899080200008, 31.396584049000069, 0.0 ], [ 74.137716916000045, 31.396333693000031, 0.0 ], [ 74.136572081000054, 31.396144567000078, 0.0 ], [ 74.13629415500003, 31.396104501000025, 0.0 ], [ 74.135628046000079, 31.395909042000028, 0.0 ], [ 74.133848493000073, 31.395744255000068, 0.0 ], [ 74.133093343000041, 31.395548181000038, 0.0 ], [ 74.132049585000061, 31.395264213000075, 0.0 ], [ 74.131933379000031, 31.395203239000068, 0.0 ], [ 74.131813283000042, 31.395148091000067, 0.0 ], [ 74.131689693000055, 31.39509895100008, 0.0 ], [ 74.131563018000065, 31.395055979000063, 0.0 ], [ 74.13143367400005, 31.395019319000028, 0.0 ], [ 74.131302090000077, 31.39498909200006, 0.0 ], [ 74.131168699000057, 31.394965397000078, 0.0 ], [ 74.131033941000055, 31.394948312000054, 0.0 ], [ 74.130898263000063, 31.394937894000066, 0.0 ], [ 74.130762111000081, 31.394934177000039, 0.0 ], [ 74.130625934000079, 31.394937174000063, 0.0 ], [ 74.130490183000063, 31.394946874000027, 0.0 ], [ 74.13035530500008, 31.394963245000042, 0.0 ], [ 74.130221746000075, 31.394986235000033, 0.0 ], [ 74.130089947000045, 31.395015766000029, 0.0 ], [ 74.129960342000061, 31.395051740000042, 0.0 ], [ 74.129833360000077, 31.39509404100005, 0.0 ], [ 74.129709419000051, 31.395142526000029, 0.0 ], [ 74.129588929000079, 31.395197039000038, 0.0 ], [ 74.129472288000045, 31.395257396000034, 0.0 ], [ 74.129359880000038, 31.395323400000052, 0.0 ], [ 74.129252077000046, 31.395394833000069, 0.0 ], [ 74.129149234000067, 31.395471458000031, 0.0 ], [ 74.129051691000029, 31.395553024000037, 0.0 ], [ 74.128959770000051, 31.395639260000053, 0.0 ], [ 74.128873775000045, 31.395729882000069, 0.0 ], [ 74.128793988000041, 31.395824590000075, 0.0 ], [ 74.128557064000063, 31.396166727000036, 0.0 ], [ 74.128532258000064, 31.396221652000065, 0.0 ], [ 74.128514908000056, 31.396278644000063, 0.0 ], [ 74.128505241000084, 31.396336961000031, 0.0 ], [ 74.12850338100003, 31.39639584300005, 0.0 ], [ 74.128509353000084, 31.396454522000056, 0.0 ], [ 74.128523079000047, 31.396512237000024, 0.0 ], [ 74.12854438100004, 31.396568234000028, 0.0 ], [ 74.128572981000048, 31.396621786000026, 0.0 ], [ 74.128608507000081, 31.396672193000029, 0.0 ], [ 74.128650496000034, 31.396718802000066, 0.0 ], [ 74.128698402000055, 31.396761003000051, 0.0 ], [ 74.128751601000033, 31.396798249000028, 0.0 ], [ 74.129969642000049, 31.397135706000029, 0.0 ], [ 74.130018104000044, 31.397165283000049, 0.0 ], [ 74.130061907000083, 31.397199793000027, 0.0 ], [ 74.130100374000051, 31.397238702000038, 0.0 ], [ 74.130132911000032, 31.397281407000037, 0.0 ], [ 74.130159012000036, 31.397327249000057, 0.0 ], [ 74.130178275000048, 31.397375516000068, 0.0 ], [ 74.130190399000071, 31.397425461000068, 0.0 ], [ 74.130195198000081, 31.397476311000048, 0.0 ], [ 74.130192598000065, 31.397527280000077, 0.0 ], [ 74.130182639000054, 31.39757757600006, 0.0 ], [ 74.129129563000049, 31.398150498000064, 0.0 ], [ 74.128938618000063, 31.398267013000066, 0.0 ], [ 74.12879199200006, 31.398445825000067, 0.0 ], [ 74.128573341000049, 31.398712467000053, 0.0 ], [ 74.128054417000044, 31.399303333000034, 0.0 ], [ 74.127654816000074, 31.399630038000055, 0.0 ], [ 74.127519815000085, 31.399783088000049, 0.0 ], [ 74.12684610000008, 31.399957535000055, 0.0 ], [ 74.126078060000054, 31.400224914000034, 0.0 ], [ 74.125993831000073, 31.400254236000023, 0.0 ], [ 74.125464038000075, 31.400438669000039, 0.0 ], [ 74.125191911000059, 31.400522748000071, 0.0 ], [ 74.124535448000074, 31.400636430000077, 0.0 ], [ 74.124370279000061, 31.400646313000038, 0.0 ], [ 74.124204748000068, 31.400649430000044, 0.0 ], [ 74.124039233000076, 31.400645776000033, 0.0 ], [ 74.123874109000042, 31.400635357000056, 0.0 ], [ 74.123709752000082, 31.400618199000064, 0.0 ], [ 74.12354653500006, 31.400594338000076, 0.0 ], [ 74.123384831000067, 31.400563832000046, 0.0 ], [ 74.123225005000052, 31.400526747000072, 0.0 ], [ 74.123067423000066, 31.40048316900004, 0.0 ], [ 74.12298644100008, 31.400434086000075, 0.0 ], [ 74.122910082000033, 31.400379826000062, 0.0 ], [ 74.122838795000064, 31.400320706000059, 0.0 ], [ 74.122772996000037, 31.400257076000059, 0.0 ], [ 74.122713075000036, 31.40018931000003, 0.0 ], [ 74.122659383000041, 31.400117805000036, 0.0 ], [ 74.12261223400003, 31.400042982000059, 0.0 ], [ 74.122571909000044, 31.39996528000006, 0.0 ], [ 74.122538641000062, 31.399885157000028, 0.0 ], [ 74.12253516100003, 31.399817563000056, 0.0 ], [ 74.12252335800008, 31.399750665000056, 0.0 ], [ 74.122503367000036, 31.399685213000055, 0.0 ], [ 74.122475411000039, 31.399621945000035, 0.0 ], [ 74.122439803000077, 31.39956157000006, 0.0 ], [ 74.122396946000038, 31.399504766000064, 0.0 ], [ 74.122347322000053, 31.399452174000032, 0.0 ], [ 74.122291484000073, 31.399404382000057, 0.0 ], [ 74.122230063000075, 31.399361928000076, 0.0 ], [ 74.122163748000048, 31.399325289000046, 0.0 ], [ 74.122093285000062, 31.399294877000045, 0.0 ], [ 74.121666344000062, 31.399417276000065, 0.0 ], [ 74.12111232500007, 31.399623949000045, 0.0 ], [ 74.120961484000077, 31.399680218000071, 0.0 ], [ 74.120648395000046, 31.399797011000032, 0.0 ], [ 74.120349751000049, 31.400038449000078, 0.0 ], [ 74.120080761000054, 31.400233540000045, 0.0 ], [ 74.119975568000029, 31.400322335000055, 0.0 ], [ 74.119544212000051, 31.400469762000057, 0.0 ], [ 74.119034947000046, 31.400466264000045, 0.0 ], [ 74.118696763000059, 31.400471101000051, 0.0 ], [ 74.11857062100006, 31.400472897000043, 0.0 ], [ 74.118444876000069, 31.400481652000053, 0.0 ], [ 74.118320047000054, 31.400497328000029, 0.0 ], [ 74.11819665400003, 31.400519861000078, 0.0 ], [ 74.118075206000071, 31.400549158000047, 0.0 ], [ 74.117956208000066, 31.400585096000043, 0.0 ], [ 74.117840152000042, 31.40062752800003, 0.0 ], [ 74.117727520000074, 31.400676278000049, 0.0 ], [ 74.117618778000065, 31.400731142000041, 0.0 ], [ 74.11754264800004, 31.400774603000059, 0.0 ], [ 74.117468966000047, 31.400821062000034, 0.0 ], [ 74.117397889000074, 31.400870420000047, 0.0 ], [ 74.117310454000062, 31.400914716000045, 0.0 ], [ 74.117226222000056, 31.400963365000052, 0.0 ], [ 74.117145486000084, 31.401016196000057, 0.0 ], [ 74.11706853000004, 31.401073024000027, 0.0 ], [ 74.116995621000058, 31.401133653000045, 0.0 ], [ 74.116927014000055, 31.401197868000054, 0.0 ], [ 74.116852394000034, 31.401277404000041, 0.0 ], [ 74.116784372000041, 31.401361181000027, 0.0 ], [ 74.116723273000048, 31.401448794000032, 0.0 ], [ 74.116678960000058, 31.401522465000028, 0.0 ], [ 74.116639547000034, 31.401598156000034, 0.0 ], [ 74.116605156000048, 31.401675628000078, 0.0 ], [ 74.11659867700007, 31.401762215000076, 0.0 ], [ 74.116599654000083, 31.401848975000064, 0.0 ], [ 74.11660807800007, 31.401935439000056, 0.0 ], [ 74.11662390500004, 31.402021135000041, 0.0 ], [ 74.116647049000051, 31.402105598000048, 0.0 ], [ 74.116610666000042, 31.402188219000038, 0.0 ], [ 74.116568286000074, 31.402268710000044, 0.0 ], [ 74.116520077000075, 31.40234674900006, 0.0 ], [ 74.116466230000071, 31.402422028000046, 0.0 ], [ 74.116406959000074, 31.40249424700005, 0.0 ], [ 74.116371656000069, 31.402531968000062, 0.0 ], [ 74.116262126000038, 31.402672274000054, 0.0 ], [ 74.116122308000058, 31.402742923000062, 0.0 ], [ 74.115720269000064, 31.402789771000073, 0.0 ], [ 74.115564952000057, 31.402835961000051, 0.0 ], [ 74.115412363000075, 31.402888415000064, 0.0 ], [ 74.115347358000065, 31.402912047000029, 0.0 ], [ 74.115279565000037, 31.402928968000026, 0.0 ], [ 74.115209926000034, 31.40293894000007, 0.0 ], [ 74.115139402000068, 31.402941828000053, 0.0 ], [ 74.115068971000085, 31.402937590000079, 0.0 ], [ 74.114999609000051, 31.402926286000024, 0.0 ], [ 74.114932274000068, 31.40290807100007, 0.0 ], [ 74.114867899000046, 31.40288319900003, 0.0 ], [ 74.114809699000034, 31.402843566000058, 0.0 ], [ 74.114547797000057, 31.402665218000038, 0.0 ], [ 74.11433270200007, 31.402453665000053, 0.0 ], [ 74.114167587000054, 31.402254394000067, 0.0 ], [ 74.113929131000077, 31.402159648000065, 0.0 ], [ 74.113623078000046, 31.402150371000062, 0.0 ], [ 74.113332781000054, 31.402241461000074, 0.0 ], [ 74.11269459500005, 31.402332530000024, 0.0 ], [ 74.111873028000048, 31.40239129400004, 0.0 ], [ 74.111486271000047, 31.402381452000043, 0.0 ], [ 74.111013354000079, 31.402359076000039, 0.0 ], [ 74.110926757000072, 31.402353507000043, 0.0 ], [ 74.110839924000061, 31.402354384000034, 0.0 ], [ 74.110753504000058, 31.402361702000064, 0.0 ], [ 74.110668147000069, 31.402375405000043, 0.0 ], [ 74.110584491000054, 31.402395392000074, 0.0 ], [ 74.110503166000058, 31.402421512000046, 0.0 ], [ 74.110424780000073, 31.402453568000055, 0.0 ], [ 74.110349922000069, 31.40249132200006, 0.0 ], [ 74.110279152000032, 31.402534489000061, 0.0 ], [ 74.11021300200008, 31.402582745000075, 0.0 ], [ 74.110151969000071, 31.402635730000043, 0.0 ], [ 74.110096508000083, 31.402693045000035, 0.0 ], [ 74.110047037000072, 31.40275426200003, 0.0 ], [ 74.110003925000058, 31.402818919000026, 0.0 ], [ 74.10996749800006, 31.402886534000061, 0.0 ], [ 74.109960182000066, 31.402892424000072, 0.0 ], [ 74.10992920800004, 31.40292321700008, 0.0 ], [ 74.10990490000006, 31.402958136000052, 0.0 ], [ 74.109887991000051, 31.402996132000055, 0.0 ], [ 74.109878988000048, 31.403036063000059, 0.0 ], [ 74.10987816200003, 31.403076726000052, 0.0 ], [ 74.109885538000071, 31.403116902000079, 0.0 ], [ 74.109900896000056, 31.403155380000044, 0.0 ], [ 74.10992377000008, 31.403191005000053, 0.0 ], [ 74.109953477000033, 31.403222704000029, 0.0 ], [ 74.109989121000069, 31.403249526000025, 0.0 ], [ 74.11004895700006, 31.403297525000028, 0.0 ], [ 74.110113144000081, 31.403341194000063, 0.0 ], [ 74.110181258000068, 31.403380243000072, 0.0 ], [ 74.110252847000083, 31.403414413000064, 0.0 ], [ 74.11032743700008, 31.403443480000078, 0.0 ], [ 74.110404536000033, 31.403467250000062, 0.0 ], [ 74.110576471000059, 31.403532895000069, 0.0 ], [ 74.110637065000049, 31.40360015400006, 0.0 ], [ 74.11068089500003, 31.403674459000058, 0.0 ], [ 74.110824167000033, 31.403828229000055, 0.0 ], [ 74.110864427000081, 31.403986057000054, 0.0 ], [ 74.110817738000037, 31.404214897000031, 0.0 ], [ 74.110724753000056, 31.404335996000043, 0.0 ], [ 74.110572468000044, 31.40454739200004, 0.0 ], [ 74.11048848300004, 31.404599326000039, 0.0 ], [ 74.11039902300007, 31.404641673000071, 0.0 ], [ 74.110273496000048, 31.404671835000045, 0.0 ], [ 74.110131271000057, 31.404701879000072, 0.0 ], [ 74.11007255800007, 31.404730118000032, 0.0 ], [ 74.110034007000081, 31.404732701000057, 0.0 ], [ 74.109995501000071, 31.404729670000052, 0.0 ], [ 74.109958142000039, 31.404721112000061, 0.0 ], [ 74.109923, 31.404707273000042, 0.0 ], [ 74.109891084000083, 31.404688548000024, 0.0 ], [ 74.109863308000058, 31.404665474000069, 0.0 ], [ 74.109840467000083, 31.404638713000054, 0.0 ], [ 74.109823216000052, 31.404609031000064, 0.0 ], [ 74.10969082400004, 31.404531126000052, 0.0 ], [ 74.109635249000064, 31.404521788000068, 0.0 ], [ 74.109576214000072, 31.404534048000073, 0.0 ], [ 74.109519184000078, 31.40455197600005, 0.0 ], [ 74.109464895000031, 31.404575342000044, 0.0 ], [ 74.109414049000065, 31.40460384000005, 0.0 ], [ 74.109367304000045, 31.404637107000042, 0.0 ], [ 74.109325264000063, 31.404674709000062, 0.0 ], [ 74.109288473000049, 31.404716161000067, 0.0 ], [ 74.109257405000051, 31.404760927000041, 0.0 ], [ 74.109232461000033, 31.404808428000024, 0.0 ], [ 74.109178573000065, 31.404853906000028, 0.0 ], [ 74.108983470000055, 31.405018555000026, 0.0 ], [ 74.108929293000074, 31.40506317300003, 0.0 ], [ 74.108692451000081, 31.405258227000047, 0.0 ], [ 74.108426768000072, 31.405393638000078, 0.0 ], [ 74.108060286000068, 31.405519396000045, 0.0 ], [ 74.107879333000085, 31.40552410500004, 0.0 ], [ 74.107712494000054, 31.405508024000028, 0.0 ], [ 74.107622809000077, 31.405426835000071, 0.0 ], [ 74.107554024000081, 31.405342807000068, 0.0 ], [ 74.107524212000044, 31.405184453000061, 0.0 ], [ 74.107510890000071, 31.405121698000073, 0.0 ], [ 74.107225464000066, 31.405042903000037, 0.0 ], [ 74.107000815000049, 31.404980887000079, 0.0 ], [ 74.106947349000052, 31.405036923000068, 0.0 ], [ 74.106768901000066, 31.405223951000039, 0.0 ], [ 74.106684054000084, 31.405366586000071, 0.0 ], [ 74.106292426000039, 31.405575713000076, 0.0 ], [ 74.10602037600006, 31.405648414000041, 0.0 ], [ 74.10567843900003, 31.405753448000041, 0.0 ], [ 74.104946256000062, 31.405921404000026, 0.0 ], [ 74.104263496000044, 31.406120903000044, 0.0 ], [ 74.104098505000081, 31.406169112000043, 0.0 ], [ 74.10375422900006, 31.40625981900007, 0.0 ], [ 74.102754686000083, 31.406681737000042, 0.0 ], [ 74.102307900000085, 31.406870328000025, 0.0 ], [ 74.099645402000078, 31.407994128000041, 0.0 ], [ 74.096011962000034, 31.407759447000046, 0.0 ], [ 74.089874254000051, 31.409267635000049, 0.0 ], [ 74.08722857500004, 31.409427855000047, 0.0 ], [ 74.083393976000082, 31.410206139000024, 0.0 ], [ 74.080115362000072, 31.411047978000056, 0.0 ], [ 74.078824659000077, 31.411396773000035, 0.0 ], [ 74.07833468900003, 31.411691639000026, 0.0 ], [ 74.078632345000074, 31.412117739000053, 0.0 ], [ 74.079261455000051, 31.412170102000061, 0.0 ], [ 74.079791224000076, 31.412214194000057, 0.0 ], [ 74.079899177000073, 31.412223178000033, 0.0 ], [ 74.080043041000067, 31.412241453000036, 0.0 ], [ 74.080185437000068, 31.412266806000048, 0.0 ], [ 74.080325896000033, 31.41229915100007, 0.0 ], [ 74.080463948000045, 31.41233838200003, 0.0 ], [ 74.080599135000057, 31.412384367000072, 0.0 ], [ 74.080731010000079, 31.412436956000079, 0.0 ], [ 74.080859134000036, 31.412495972000045, 0.0 ], [ 74.080983080000067, 31.412561220000043, 0.0 ], [ 74.081102438000073, 31.412632483000039, 0.0 ], [ 74.081216811000047, 31.412709525000025, 0.0 ], [ 74.081325821000064, 31.412792090000039, 0.0 ], [ 74.081429103000062, 31.412879902000043, 0.0 ], [ 74.081526315000076, 31.412972671000034, 0.0 ], [ 74.081617134000055, 31.413070090000076, 0.0 ], [ 74.081701260000045, 31.413171833000035, 0.0 ], [ 74.081778411000073, 31.413277564000055, 0.0 ], [ 74.081848333000039, 31.413386930000058, 0.0 ], [ 74.081910793000077, 31.413499569000066, 0.0 ], [ 74.081965582000066, 31.413615107000055, 0.0 ], [ 74.082012521000081, 31.413733160000049, 0.0 ], [ 74.082051451000041, 31.413853337000035, 0.0 ], [ 74.082082244000048, 31.413975236000056, 0.0 ], [ 74.082104799000035, 31.414098455000044, 0.0 ], [ 74.082119039000077, 31.414222583000026, 0.0 ], [ 74.082124918000034, 31.414347209000027, 0.0 ], [ 74.082122415000072, 31.414471918000061, 0.0 ], [ 74.082111540000085, 31.41459629700006, 0.0 ], [ 74.082092328000044, 31.414719931000036, 0.0 ], [ 74.082064843000069, 31.414842411000052, 0.0 ], [ 74.082070456000054, 31.415914386000054, 0.0 ], [ 74.082072747000041, 31.417065395000066, 0.0 ], [ 74.082074361000082, 31.417876224000054, 0.0 ], [ 74.082846368000048, 31.419813267000052, 0.0 ], [ 74.082997568000053, 31.427015643000061, 0.0 ], [ 74.082968921000031, 31.427171305000059, 0.0 ], [ 74.082884162000084, 31.427586919000078, 0.0 ], [ 74.082791363000069, 31.42800126800006, 0.0 ], [ 74.082690551000042, 31.428414238000073, 0.0 ], [ 74.08250488300007, 31.429183972000033, 0.0 ], [ 74.082383511000046, 31.429685882000058, 0.0 ], [ 74.081977020000068, 31.431359582000027, 0.0 ], [ 74.08188644300003, 31.431651267000063, 0.0 ], [ 74.081802431000028, 31.431944392000048, 0.0 ], [ 74.081741825000051, 31.432172619000028, 0.0 ], [ 74.081685199000049, 31.432401597000023, 0.0 ], [ 74.081613372000049, 31.432719868000049, 0.0 ], [ 74.081549236000058, 31.433039344000065, 0.0 ], [ 74.081492817000083, 31.43335988900003, 0.0 ], [ 74.081444142000066, 31.43368136600003, 0.0 ], [ 74.081403230000035, 31.434003636000057, 0.0 ], [ 74.081370099000083, 31.43432656400006, 0.0 ], [ 74.08134476400005, 31.434650010000041, 0.0 ], [ 74.081327234000071, 31.43497383600004, 0.0 ], [ 74.081317518000048, 31.435297903000048, 0.0 ], [ 74.081315620000055, 31.435622074000037, 0.0 ], [ 74.081321540000033, 31.435946209000065, 0.0 ], [ 74.081335277000051, 31.436270170000057, 0.0 ], [ 74.081313778000037, 31.436484330000042, 0.0 ], [ 74.081299923000074, 31.436698953000075, 0.0 ], [ 74.081293722000055, 31.436913839000056, 0.0 ], [ 74.08129518100003, 31.437128787000063, 0.0 ], [ 74.081304300000056, 31.437343597000051, 0.0 ], [ 74.081321071000048, 31.437558067000055, 0.0 ], [ 74.081345476000081, 31.437771998000073, 0.0 ], [ 74.081377494000037, 31.437985189000074, 0.0 ], [ 74.081417096000052, 31.438197443000035, 0.0 ], [ 74.081464243000084, 31.438408559000038, 0.0 ], [ 74.081518892000076, 31.438618342000041, 0.0 ], [ 74.081575845000032, 31.438810294000064, 0.0 ], [ 74.081639080000059, 31.439000795000027, 0.0 ], [ 74.081708544000037, 31.439189694000049, 0.0 ], [ 74.08178418600005, 31.439376841000069, 0.0 ], [ 74.081865943000082, 31.439562088000059, 0.0 ], [ 74.081953751000071, 31.43974528800004, 0.0 ], [ 74.082068288000073, 31.440084280000065, 0.0 ], [ 74.082174763000069, 31.44042519900006, 0.0 ], [ 74.082273131000079, 31.44076790400004, 0.0 ], [ 74.082363351000083, 31.441112253000028, 0.0 ], [ 74.082445385000028, 31.441458103000059, 0.0 ], [ 74.082519202000071, 31.441805312000042, 0.0 ], [ 74.082584768000061, 31.442153737000069, 0.0 ], [ 74.082642058000033, 31.442503232000035, 0.0 ], [ 74.082691047000083, 31.442853654000032, 0.0 ], [ 74.083007856000052, 31.450007396000046, 0.0 ], [ 74.083010351000041, 31.450322, 0.0 ], [ 74.083037847000071, 31.453788763000034, 0.0 ], [ 74.083024755000054, 31.454542584000023, 0.0 ], [ 74.082915679000052, 31.455538422000075, 0.0 ], [ 74.082874369000081, 31.45584844800004, 0.0 ], [ 74.08290310600006, 31.456114218000039, 0.0 ], [ 74.082904029000076, 31.456376804000058, 0.0 ], [ 74.082933319000063, 31.456585884000049, 0.0 ], [ 74.082938566000053, 31.456618943000024, 0.0 ], [ 74.082987826000078, 31.456668712000067, 0.0 ], [ 74.08305658900008, 31.456738187000042, 0.0 ], [ 74.083098474000053, 31.456897945000037, 0.0 ], [ 74.083113042000036, 31.457006902000046, 0.0 ], [ 74.083154950000051, 31.45721947100003, 0.0 ], [ 74.083167438000032, 31.457274214000051, 0.0 ], [ 74.083301554000059, 31.457862112000043, 0.0 ], [ 74.083305558000063, 31.458480159000032, 0.0 ], [ 74.083301938000034, 31.458935605000079, 0.0 ], [ 74.083826514000066, 31.458945072000063, 0.0 ], [ 74.084397962000082, 31.458943430000033, 0.0 ], [ 74.08595388100008, 31.458907280000062, 0.0 ], [ 74.08621107700003, 31.458919141000024, 0.0 ], [ 74.087357191000081, 31.458928746000026, 0.0 ], [ 74.087525895000056, 31.458934246000069, 0.0 ], [ 74.087552640000069, 31.458933004000073, 0.0 ], [ 74.088119267000081, 31.458989151000026, 0.0 ], [ 74.088685271000031, 31.459049727000036, 0.0 ], [ 74.088737569000045, 31.458730462000062, 0.0 ], [ 74.088799429000062, 31.457734291000065, 0.0 ], [ 74.089057762000039, 31.457834011000045, 0.0 ], [ 74.089504765000072, 31.458006557000033, 0.0 ], [ 74.08955751600007, 31.458019474000025, 0.0 ], [ 74.089603853000028, 31.458030820000033, 0.0 ], [ 74.089606998000079, 31.457705720000035, 0.0 ], [ 74.08960533000004, 31.457383745000072, 0.0 ], [ 74.08960662700008, 31.457340970000075, 0.0 ], [ 74.090375115000029, 31.457350727000062, 0.0 ], [ 74.090373549000049, 31.457394715000078, 0.0 ], [ 74.091491713000039, 31.457410675000062, 0.0 ], [ 74.091555682000035, 31.457404852000025, 0.0 ], [ 74.091293304000033, 31.456843509000066, 0.0 ], [ 74.093648955000049, 31.456864976000077, 0.0 ], [ 74.094021239000028, 31.457425864000072, 0.0 ], [ 74.094564075000051, 31.457432018000077, 0.0 ], [ 74.094842414000084, 31.457445921000044, 0.0 ], [ 74.094850473000065, 31.45769363900007, 0.0 ], [ 74.095971451000082, 31.457680670000059, 0.0 ], [ 74.09593890900004, 31.457444715000065, 0.0 ], [ 74.096489169000051, 31.457415775000072, 0.0 ], [ 74.096664993000047, 31.457593064000037, 0.0 ], [ 74.096702277000077, 31.457697762000066, 0.0 ], [ 74.097345236000081, 31.457673873000033, 0.0 ], [ 74.096633608000047, 31.45687373100003, 0.0 ], [ 74.09775095100008, 31.456875639000032, 0.0 ], [ 74.097745240000052, 31.457108341000037, 0.0 ], [ 74.098079297000083, 31.457119646000024, 0.0 ], [ 74.098112107000077, 31.457422256000029, 0.0 ], [ 74.098143080000057, 31.457666596000024, 0.0 ], [ 74.098814011000059, 31.457685470000058, 0.0 ], [ 74.098814010000069, 31.457834756000068, 0.0 ], [ 74.098847883000076, 31.457918765000045, 0.0 ], [ 74.098861405000036, 31.457960634000074, 0.0 ], [ 74.098902889000044, 31.457998030000056, 0.0 ], [ 74.099048640000035, 31.457985115000042, 0.0 ], [ 74.099088669000082, 31.457422257000076, 0.0 ], [ 74.099117371000034, 31.457423504000076, 0.0 ], [ 74.099126178000063, 31.456846530000064, 0.0 ], [ 74.09878602100008, 31.456832559000077, 0.0 ], [ 74.098830124000074, 31.456298160000074, 0.0 ], [ 74.098790784000073, 31.455753626000046, 0.0 ], [ 74.09843980100004, 31.455765478000046, 0.0 ], [ 74.098434113000053, 31.454681792000031, 0.0 ], [ 74.098841505000053, 31.454676249000045, 0.0 ], [ 74.099692162000053, 31.454670300000032, 0.0 ], [ 74.100072886000078, 31.454668659000049, 0.0 ], [ 74.100382207000052, 31.454667326000049, 0.0 ], [ 74.100799932000029, 31.454666169000063, 0.0 ], [ 74.101455938000072, 31.454664352000066, 0.0 ], [ 74.102095418000033, 31.454661378000026, 0.0 ], [ 74.102163264000069, 31.454662658000075, 0.0 ], [ 74.102253058000031, 31.454664352000066, 0.0 ], [ 74.102247109000075, 31.455187833000025, 0.0 ], [ 74.101805011000067, 31.455179795000049, 0.0 ], [ 74.101522733000081, 31.456025853000028, 0.0 ], [ 74.10130655200004, 31.456273321000026, 0.0 ], [ 74.10237932800004, 31.456280844000048, 0.0 ], [ 74.102966361000028, 31.456304318000036, 0.0 ], [ 74.102966360000039, 31.456263994000039, 0.0 ], [ 74.103685909000035, 31.456263994000039, 0.0 ], [ 74.103686257000049, 31.456284224000058, 0.0 ], [ 74.103695428000037, 31.456817933000025, 0.0 ], [ 74.103688913000042, 31.45844414700008, 0.0 ], [ 74.104840510000031, 31.458441650000054, 0.0 ], [ 74.105159185000048, 31.45844095800004, 0.0 ], [ 74.105130742000028, 31.46064526300006, 0.0 ], [ 74.105849923000051, 31.460625424000057, 0.0 ], [ 74.105849910000074, 31.460626082000033, 0.0 ], [ 74.105860618000065, 31.461157892000074, 0.0 ], [ 74.106571087000077, 31.461163329000044, 0.0 ], [ 74.106547712000065, 31.463297173000058, 0.0 ], [ 74.107254411000042, 31.463268619000075, 0.0 ], [ 74.107261550000032, 31.463903935000076, 0.0 ], [ 74.105826734000061, 31.463921781000067, 0.0 ], [ 74.10582316600005, 31.465606439000055, 0.0 ], [ 74.106537004000074, 31.465602870000055, 0.0 ], [ 74.107968250000056, 31.465577886000062, 0.0 ], [ 74.107950404000064, 31.467076946000077, 0.0 ], [ 74.107957542000065, 31.467194730000074, 0.0 ], [ 74.10864282700004, 31.467159038000034, 0.0 ], [ 74.10864639600004, 31.467708693000077, 0.0 ], [ 74.108679887000051, 31.467798280000068, 0.0 ], [ 74.109376066000038, 31.46782005700004, 0.0 ], [ 74.109857607000038, 31.467835118000039, 0.0 ], [ 74.109830025000065, 31.468812863000039, 0.0 ], [ 74.109786052000061, 31.469657465000068, 0.0 ], [ 74.110160377000057, 31.46983313100003, 0.0 ], [ 74.112129664000065, 31.470694221000031, 0.0 ], [ 74.112857699000074, 31.471018540000046, 0.0 ], [ 74.112972220000074, 31.47105431600005, 0.0 ], [ 74.113083863000043, 31.471096246000059, 0.0 ], [ 74.113192179000066, 31.471144159000062, 0.0 ], [ 74.113296732000038, 31.471197863000043, 0.0 ], [ 74.113397100000043, 31.471257143000059, 0.0 ], [ 74.113492880000081, 31.471321759000034, 0.0 ], [ 74.113583685000037, 31.471391451000045, 0.0 ], [ 74.113669152000057, 31.471465939000041, 0.0 ], [ 74.113748935000046, 31.471544923000067, 0.0 ], [ 74.113822713000047, 31.471628084000031, 0.0 ], [ 74.114152730000058, 31.471985209000024, 0.0 ], [ 74.114631992000056, 31.472506219000024, 0.0 ], [ 74.115160265000043, 31.473122535000073, 0.0 ], [ 74.115350011000032, 31.473343466000074, 0.0 ], [ 74.115623671000037, 31.473627481000051, 0.0 ], [ 74.116080160000081, 31.474131923000073, 0.0 ], [ 74.116344036000044, 31.474410654000053, 0.0 ], [ 74.116603084000076, 31.474692692000076, 0.0 ], [ 74.116857246000052, 31.474977978000027, 0.0 ], [ 74.117106466000052, 31.47526644900006, 0.0 ], [ 74.117342093000047, 31.475547621000032, 0.0 ], [ 74.117573026000059, 31.475831640000024, 0.0 ], [ 74.117799216000037, 31.476118447000033, 0.0 ], [ 74.117945997000049, 31.476309392000076, 0.0 ], [ 74.118130597000061, 31.476720448000037, 0.0 ], [ 74.118195459000049, 31.476932153000064, 0.0 ], [ 74.118579846000046, 31.478114585000071, 0.0 ], [ 74.118893599000046, 31.478967898000064, 0.0 ], [ 74.119261292000033, 31.480031489000055, 0.0 ], [ 74.119678874000044, 31.481071554000039, 0.0 ], [ 74.120152288000043, 31.482353097000043, 0.0 ], [ 74.120744445000071, 31.483369291000031, 0.0 ], [ 74.122108580000031, 31.485687569000049, 0.0 ], [ 74.123197515000072, 31.487652447000073, 0.0 ], [ 74.123506259000067, 31.488149882000073, 0.0 ], [ 74.124713857000074, 31.490091689000053, 0.0 ], [ 74.124843465000083, 31.490271454000037, 0.0 ], [ 74.125074661000042, 31.490592113000048, 0.0 ], [ 74.12569959700005, 31.491458865000027, 0.0 ], [ 74.126333, 31.492718310000043, 0.0 ], [ 74.126358031000052, 31.492769849000069, 0.0 ], [ 74.126405256000055, 31.492867094000076, 0.0 ], [ 74.126870975000031, 31.493826056000046, 0.0 ], [ 74.12695842200003, 31.494006116000037, 0.0 ], [ 74.127109801000074, 31.494335098000079, 0.0 ], [ 74.127523680000081, 31.495234547000052, 0.0 ], [ 74.127658281000038, 31.495589947000042, 0.0 ], [ 74.127799414000037, 31.496021049000035, 0.0 ], [ 74.127812134000067, 31.496059901000024, 0.0 ], [ 74.128003686000056, 31.49664500800003, 0.0 ], [ 74.128097103000073, 31.496935675000032, 0.0 ], [ 74.12837520000005, 31.497622934000049, 0.0 ], [ 74.128444345000048, 31.497793811000065, 0.0 ], [ 74.128528832000029, 31.498055873000055, 0.0 ], [ 74.12862713700008, 31.498360796000043, 0.0 ], [ 74.128700759000083, 31.498533168000051, 0.0 ], [ 74.128941259000044, 31.499186480000049, 0.0 ], [ 74.128962466000075, 31.499245409000025, 0.0 ], [ 74.129153107000036, 31.499775146000047, 0.0 ], [ 74.129248435000079, 31.500037666000026, 0.0 ], [ 74.129540233000057, 31.500841227000024, 0.0 ], [ 74.129678497000043, 31.501253940000026, 0.0 ], [ 74.129894600000057, 31.501835472000039, 0.0 ], [ 74.129933966000067, 31.501967221000029, 0.0 ], [ 74.129935729000067, 31.502007585000058, 0.0 ], [ 74.130126227000062, 31.502546012000039, 0.0 ], [ 74.130514920000053, 31.503594977000034, 0.0 ], [ 74.130529281000065, 31.503633730000047, 0.0 ], [ 74.130602957000065, 31.503866923000032, 0.0 ], [ 74.130626113000062, 31.503968920000034, 0.0 ], [ 74.130653202000076, 31.504070203000026, 0.0 ], [ 74.130694832000074, 31.504202321000037, 0.0 ], [ 74.130743155000062, 31.504332757000043, 0.0 ], [ 74.130798077000065, 31.504461261000074, 0.0 ], [ 74.130859494000049, 31.504587588000049, 0.0 ], [ 74.130927289000056, 31.504711497000073, 0.0 ], [ 74.131001335000065, 31.504832753000073, 0.0 ], [ 74.131081488000063, 31.504951123000069, 0.0 ], [ 74.131167596000068, 31.505066383000042, 0.0 ], [ 74.131259494000062, 31.505178312000055, 0.0 ], [ 74.132237735000047, 31.506502621000038, 0.0 ], [ 74.133055035000041, 31.507607415000052, 0.0 ], [ 74.133153945000061, 31.507758471000045, 0.0 ], [ 74.133361397000044, 31.508052310000039, 0.0 ], [ 74.133941231000051, 31.508943262000059, 0.0 ], [ 74.13411147000005, 31.509154955000042, 0.0 ], [ 74.134469890000048, 31.509627159000047, 0.0 ], [ 74.13457560900008, 31.509765370000025, 0.0 ], [ 74.134909328000049, 31.510197302000051, 0.0 ], [ 74.134955620000085, 31.510253473000034, 0.0 ], [ 74.135920397000064, 31.511494895000055, 0.0 ], [ 74.136162818000059, 31.511811051000052, 0.0 ], [ 74.13628314500005, 31.511967976000051, 0.0 ], [ 74.136434952000059, 31.512165955000057, 0.0 ], [ 74.13683812000005, 31.512653728000032, 0.0 ], [ 74.13752356100008, 31.513414922000038, 0.0 ], [ 74.137683434000053, 31.513588264000077, 0.0 ], [ 74.138281232000054, 31.514334676000033, 0.0 ], [ 74.13846574400003, 31.514572240000064, 0.0 ], [ 74.139303028000029, 31.51564012800003, 0.0 ], [ 74.139388331000077, 31.515757669000038, 0.0 ], [ 74.140519353000059, 31.517158255000027, 0.0 ], [ 74.140597018000051, 31.517268758000057, 0.0 ], [ 74.140681349000033, 31.517375614000059, 0.0 ], [ 74.140772113000082, 31.517478530000062, 0.0 ], [ 74.140869060000057, 31.517577221000067, 0.0 ], [ 74.140971923000052, 31.517671415000052, 0.0 ], [ 74.142057241000032, 31.518681274000073, 0.0 ], [ 74.142359947000045, 31.518965145000038, 0.0 ], [ 74.142782882000063, 31.519361761000027, 0.0 ], [ 74.143112245000054, 31.519669299000043, 0.0 ], [ 74.143358918000047, 31.519899124000062, 0.0 ], [ 74.143539266000062, 31.520129767000071, 0.0 ], [ 74.14384683000003, 31.520637962000023, 0.0 ], [ 74.144146993000049, 31.521149395000066, 0.0 ], [ 74.144337259000054, 31.521482022000043, 0.0 ], [ 74.14452439400003, 31.521815949000029, 0.0 ], [ 74.144720456000073, 31.52217339200007, 0.0 ], [ 74.144912932000068, 31.522532261000038, 0.0 ], [ 74.145319259000075, 31.52326327600008, 0.0 ], [ 74.146175173000074, 31.524812242000053, 0.0 ], [ 74.146574595000061, 31.525477323000075, 0.0 ], [ 74.147510902000079, 31.526709333000042, 0.0 ], [ 74.147703775000082, 31.526951714000063, 0.0 ], [ 74.148304020000069, 31.527734028000054, 0.0 ], [ 74.148363442000061, 31.527796108000075, 0.0 ], [ 74.148465019000071, 31.527813249000076, 0.0 ], [ 74.148661539000045, 31.527846410000052, 0.0 ], [ 74.149483186000055, 31.527985054000055, 0.0 ], [ 74.150792039000066, 31.528205896000031, 0.0 ], [ 74.155364939000037, 31.529167136000069, 0.0 ], [ 74.160052159000031, 31.530444059000047, 0.0 ], [ 74.164936717000046, 31.532108806000053, 0.0 ], [ 74.168327264000084, 31.533526602000052, 0.0 ], [ 74.171768922000069, 31.535120623000068, 0.0 ], [ 74.174446344000046, 31.536481613000035, 0.0 ], [ 74.177262718000065, 31.538093409000055, 0.0 ], [ 74.177420191000067, 31.538181740000027, 0.0 ], [ 74.17800072700004, 31.53769993800006, 0.0 ], [ 74.178109370000072, 31.537613960000044, 0.0 ], [ 74.178442133000033, 31.537350613000058, 0.0 ], [ 74.17871798200008, 31.537140714000031, 0.0 ], [ 74.178946231000054, 31.536972900000023, 0.0 ], [ 74.179142726000066, 31.536828430000071, 0.0 ], [ 74.179401451000047, 31.536654491000036, 0.0 ], [ 74.180577447000076, 31.535863863000031, 0.0 ], [ 74.181474964000074, 31.535294091000026, 0.0 ], [ 74.181819727000061, 31.535075505000066, 0.0 ], [ 74.182112477000032, 31.534889894000059, 0.0 ], [ 74.182159158000047, 31.534860298000069, 0.0 ], [ 74.18263104600004, 31.534561106000069, 0.0 ], [ 74.183330776000048, 31.534117450000053, 0.0 ], [ 74.183857252000053, 31.533783638000045, 0.0 ], [ 74.184212448000039, 31.533558423000045, 0.0 ], [ 74.184611304000043, 31.53330552400007, 0.0 ], [ 74.185161784000059, 31.532956479000063, 0.0 ], [ 74.185679600000071, 31.532628143000068, 0.0 ], [ 74.186284379000028, 31.532244659000071, 0.0 ], [ 74.186804611000071, 31.531914780000079, 0.0 ], [ 74.187727783000071, 31.531329386000039, 0.0 ], [ 74.18812702200006, 31.531076221000035, 0.0 ], [ 74.188876012000037, 31.530601263000051, 0.0 ], [ 74.189414993000071, 31.530259472000068, 0.0 ], [ 74.190612642000076, 31.529499975000078, 0.0 ], [ 74.190613380000059, 31.529500417000065, 0.0 ], [ 74.190821370000037, 31.529367606000051, 0.0 ], [ 74.228490702000045, 31.505467046000035, 0.0 ], [ 74.233100419000039, 31.502540638000028, 0.0 ], [ 74.234441090000075, 31.501689468000052, 0.0 ], [ 74.237883619000058, 31.499503723000032, 0.0 ] ] ] } },
{ "type": "Feature", "properties": { "OID_": 0, "Name": "Phase 2A", "FolderPath": "RUDA_Updated_Phases_10June2023\/RUDA_Updated_Phases_10June2023", "SymbolID": 0, "AltMode": 0, "Base": "0.00000000000e+00", "Clamped": -1, "Extruded": 0, "Snippet": "", "PopupInfo": "<html xmlns:fo=\"http:\/\/www.w3.org\/1999\/XSL\/Format\" xmlns:msxsl=\"urn:schemas-microsoft-com:xslt\">\n\n<head>\n\n<META http-equiv=\"Content-Type\" content=\"text\/html\">\n\n<meta http-equiv=\"content-type\" content=\"text\/html; charset=UTF-8\">\n\n<\/head>\n\n<body style=\"mar", "Shape_Leng": "4.41265294477e-01", "Shape_Area": "7.58265383282e+03" }, "geometry": { "type": "Polygon", "coordinates": [ [ [ 74.294982083000079, 31.613846183000074, 0.0 ], [ 74.297554951156641, 31.611690769370245, 0.0 ], [ 74.301435450000042, 31.608439601000057, 0.0 ], [ 74.301306138000044, 31.608307427000046, 0.0 ], [ 74.300511478000033, 31.607424721000065, 0.0 ], [ 74.300251262000089, 31.607135669000098, 0.0 ], [ 74.300179757000066, 31.607060283000077, 0.0 ], [ 74.300101995000048, 31.606989579000079, 0.0 ], [ 74.300018393000073, 31.606923937000047, 0.0 ], [ 74.299929399000064, 31.606863711000084, 0.0 ], [ 74.299835494000035, 31.606809221000038, 0.0 ], [ 74.299737179000047, 31.606760761000025, 0.0 ], [ 74.299634982000043, 31.606718592000046, 0.0 ], [ 74.299529451000069, 31.606682939000052, 0.0 ], [ 74.299342465000066, 31.606646960000056, 0.0 ], [ 74.299062086000049, 31.606596768000053, 0.0 ], [ 74.298780700000066, 31.606550883000079, 0.0 ], [ 74.298697199000074, 31.606532323000081, 0.0 ], [ 74.298615903000041, 31.60650761100004, 0.0 ], [ 74.298537429000078, 31.60647693700005, 0.0 ], [ 74.298462373000078, 31.606440533000089, 0.0 ], [ 74.298391305000067, 31.606398676000033, 0.0 ], [ 74.298324763000053, 31.606351683000089, 0.0 ], [ 74.298267881000115, 31.606323678000052, 0.0 ], [ 74.298207409000071, 31.606301868000074, 0.0 ], [ 74.298144264000044, 31.606286582000052, 0.0 ], [ 74.298079403000031, 31.606278053000057, 0.0 ], [ 74.298013809000082, 31.606276409000021, 0.0 ], [ 74.297948476000045, 31.60628167600003, 0.0 ], [ 74.297884395000054, 31.606293773000104, 0.0 ], [ 74.297822534000048, 31.606312517000056, 0.0 ], [ 74.297763836000073, 31.606337624000037, 0.0 ], [ 74.297709185000031, 31.606368715000034, 0.0 ], [ 74.29765941400008, 31.606405316000085, 0.0 ], [ 74.297396834000025, 31.606253485000021, 0.0 ], [ 74.29727726200008, 31.606205086000042, 0.0 ], [ 74.297310990000042, 31.606155226000055, 0.0 ], [ 74.297337330000076, 31.606102205000074, 0.0 ], [ 74.297355885000059, 31.606046824000035, 0.0 ], [ 74.297366375000109, 31.605989914000087, 0.0 ], [ 74.297368642000038, 31.605932333000062, 0.0 ], [ 74.297362653000064, 31.605874948000061, 0.0 ], [ 74.297348498000076, 31.605818623000062, 0.0 ], [ 74.29732639000008, 31.605764205000089, 0.0 ], [ 74.297296661000075, 31.605712514000061, 0.0 ], [ 74.297259759000056, 31.605664328000049, 0.0 ], [ 74.297216239000079, 31.605620373000111, 0.0 ], [ 74.297166758000046, 31.605581310000044, 0.0 ], [ 74.297112059000028, 31.605547727000037, 0.0 ], [ 74.297029926000064, 31.60550916100005, 0.0 ], [ 74.296952109000102, 31.605464517000037, 0.0 ], [ 74.296879223000076, 31.605414146000061, 0.0 ], [ 74.296811840000046, 31.605358443000075, 0.0 ], [ 74.296750493000047, 31.605297848000085, 0.0 ], [ 74.296695662000076, 31.605232837000077, 0.0 ], [ 74.2966477800001, 31.605163924000077, 0.0 ], [ 74.296607224000084, 31.605091649000055, 0.0 ], [ 74.29657431400004, 31.605016581000051, 0.0 ], [ 74.29654930800011, 31.604939312000074, 0.0 ], [ 74.296532402000111, 31.604860451000057, 0.0 ], [ 74.29652373100005, 31.604780619000081, 0.0 ], [ 74.296527866000076, 31.604699964000094, 0.0 ], [ 74.296538129000055, 31.60461971300003, 0.0 ], [ 74.296554477000029, 31.604540203000052, 0.0 ], [ 74.296576841000061, 31.6044617740001, 0.0 ], [ 74.296625261000031, 31.604356778000078, 0.0 ], [ 74.296680559000052, 31.604254301000058, 0.0 ], [ 74.296742555000066, 31.604154673000032, 0.0 ], [ 74.296717558000083, 31.604130930000075, 0.0 ], [ 74.296664166000085, 31.604080216000067, 0.0 ], [ 74.295991013000048, 31.603432855000062, 0.0 ], [ 74.295883128000071, 31.603329102000071, 0.0 ], [ 74.295107683000083, 31.602574038000064, 0.0 ], [ 74.29433745700004, 31.601814656000073, 0.0 ], [ 74.293573037000073, 31.601051536000064, 0.0 ], [ 74.293258575000038, 31.600733662000074, 0.0 ], [ 74.293178837000085, 31.600653059000031, 0.0 ], [ 74.292813825000081, 31.600284082000044, 0.0 ], [ 74.292060316000075, 31.599512793000049, 0.0 ], [ 74.291312303000055, 31.598737455000069, 0.0 ], [ 74.290950753000061, 31.598357955000065, 0.0 ], [ 74.290830597000081, 31.598231833000071, 0.0 ], [ 74.290569993000076, 31.597958287000058, 0.0 ], [ 74.289833222000098, 31.597175113000052, 0.0 ], [ 74.289152998000091, 31.596442844000034, 0.0 ], [ 74.289102112000094, 31.596388064000067, 0.0 ], [ 74.288376840000083, 31.595597332000043, 0.0 ], [ 74.287657137000053, 31.594802627000057, 0.0 ], [ 74.286948395000096, 31.594009970000052, 0.0 ], [ 74.286896557000048, 31.593949043000073, 0.0 ], [ 74.286717146000072, 31.593707640000037, 0.0 ], [ 74.286614680000071, 31.593567494000084, 0.0 ], [ 74.286383325000031, 31.593239307000054, 0.0 ], [ 74.286158212000046, 31.592907902000071, 0.0 ], [ 74.285948419000093, 31.592587152000089, 0.0 ], [ 74.284795985000073, 31.590575441000059, 0.0 ], [ 74.284616910000082, 31.590262836000107, 0.0 ], [ 74.283820290000051, 31.588872174000091, 0.0 ], [ 74.283634277000033, 31.588541701000079, 0.0 ], [ 74.283455016000076, 31.588211656000059, 0.0 ], [ 74.283281103000036, 31.587879552000071, 0.0 ], [ 74.283112542000111, 31.587545394000074, 0.0 ], [ 74.282949431000063, 31.587209383000072, 0.0 ], [ 74.28278973700003, 31.586867168000051, 0.0 ], [ 74.282412265000062, 31.586051657000034, 0.0 ], [ 74.282410793000068, 31.586048513000058, 0.0 ], [ 74.282141894000063, 31.585481212000051, 0.0 ], [ 74.282022784000077, 31.585229958000106, 0.0 ], [ 74.281628475000048, 31.584417280000032, 0.0 ], [ 74.281626942000059, 31.584414156000044, 0.0 ], [ 74.281224856000051, 31.58360427700007, 0.0 ], [ 74.281223293000039, 31.583601165000054, 0.0 ], [ 74.280813457000107, 31.582794139000068, 0.0 ], [ 74.280811864000057, 31.582791038000078, 0.0 ], [ 74.280394305000073, 31.581986919000038, 0.0 ], [ 74.280392683000073, 31.581983829000031, 0.0 ], [ 74.279967431000046, 31.581182672000065, 0.0 ], [ 74.279966076000051, 31.581180143000033, 0.0 ], [ 74.279532860000103, 31.580381452000076, 0.0 ], [ 74.279531180000063, 31.580378385000081, 0.0 ], [ 74.279090627000087, 31.579583313000057, 0.0 ], [ 74.279088915000045, 31.579580258000089, 0.0 ], [ 74.278640757000076, 31.578788309000078, 0.0 ], [ 74.27863901700006, 31.578785266000093, 0.0 ], [ 74.278187606000088, 31.578003978000048, 0.0 ], [ 74.277907770000084, 31.577499318000054, 0.0 ], [ 74.277905105000059, 31.577494592000047, 0.0 ], [ 74.27774491200006, 31.577214933000068, 0.0 ], [ 74.277610292000077, 31.576979999000077, 0.0 ], [ 74.277310662000062, 31.576473325000087, 0.0 ], [ 74.277307858000071, 31.576468657000099, 0.0 ], [ 74.277000727000029, 31.575965288000106, 0.0 ], [ 74.276997854000058, 31.575960651000049, 0.0 ], [ 74.276683269000046, 31.575460666000041, 0.0 ], [ 74.276680562000081, 31.575456424000027, 0.0 ], [ 74.276358342000051, 31.574959542000027, 0.0 ], [ 74.276355333000097, 31.574954971000103, 0.0 ], [ 74.276017575000068, 31.574449391000051, 0.0 ], [ 74.276002919000064, 31.57442886500008, 0.0 ], [ 74.275996279000083, 31.574420380000078, 0.0 ], [ 74.275848354000075, 31.574236305000074, 0.0 ], [ 74.275679154000059, 31.573991769000063, 0.0 ], [ 74.275674264000045, 31.57398485600007, 0.0 ], [ 74.275474411000076, 31.573708514000046, 0.0 ], [ 74.27546834500005, 31.573700341000091, 0.0 ], [ 74.275457884000048, 31.573687171000113, 0.0 ], [ 74.275084243000052, 31.573235734000033, 0.0 ], [ 74.275081272000094, 31.573232184000084, 0.0 ], [ 74.274709354000038, 31.572792764000052, 0.0 ], [ 74.274706339000033, 31.572789241000059, 0.0 ], [ 74.274329012000052, 31.572353215000049, 0.0 ], [ 74.274325954000062, 31.572349719000041, 0.0 ], [ 74.273942869000066, 31.571916698000052, 0.0 ], [ 74.273940158000073, 31.571913670000068, 0.0 ], [ 74.27355213800007, 31.571484580000092, 0.0 ], [ 74.27354899500007, 31.571481141000039, 0.0 ], [ 74.273156486000076, 31.571056447000064, 0.0 ], [ 74.27315489700004, 31.571054738000051, 0.0 ], [ 74.272838449000076, 31.570716040000043, 0.0 ], [ 74.272647159000044, 31.570511298000053, 0.0 ], [ 74.269027291738155, 31.566636651304854, 0.0 ], [ 74.265365861000092, 31.562717089000081, 0.0 ], [ 74.265188688000094, 31.562527414000055, 0.0 ], [ 74.259440335000093, 31.556406986000095, 0.0 ], [ 74.259360515000097, 31.556321993000076, 0.0 ], [ 74.252878036000084, 31.549418646000067, 0.0 ], [ 74.252763075000075, 31.549296209000047, 0.0 ], [ 74.252358080000093, 31.548864875000039, 0.0 ], [ 74.252343625000051, 31.548850194000067, 0.0 ], [ 74.252331389000062, 31.548838776000022, 0.0 ], [ 74.252169104000075, 31.548692950000053, 0.0 ], [ 74.252027097000052, 31.548539935000065, 0.0 ], [ 74.252031738000099, 31.548532590000068, 0.0 ], [ 74.252073404000043, 31.548474389000024, 0.0 ], [ 74.252099688000044, 31.548437672000034, 0.0 ], [ 74.252173525000046, 31.548346037000037, 0.0 ], [ 74.252253034000063, 31.548257950000043, 0.0 ], [ 74.252337982000043, 31.548173669000089, 0.0 ], [ 74.252428123000087, 31.548093441000077, 0.0 ], [ 74.252523190000034, 31.548017499000029, 0.0 ], [ 74.252824445000044, 31.54781635600007, 0.0 ], [ 74.25395002700003, 31.546921797000049, 0.0 ], [ 74.254970870000093, 31.546098500000028, 0.0 ], [ 74.255299449333236, 31.545860361905056, 0.0 ], [ 74.256029065000064, 31.545331565000012, 0.0 ], [ 74.256400020000086, 31.54495059300007, 0.0 ], [ 74.256722768000031, 31.544574744000045, 0.0 ], [ 74.256782126000076, 31.544538055000029, 0.0 ], [ 74.257658543000048, 31.543859837000046, 0.0 ], [ 74.257815682776425, 31.543728593494084, 0.0 ], [ 74.25871476011713, 31.542977671056537, 0.0 ], [ 74.258856930000036, 31.542858927000047, 0.0 ], [ 74.258947786000078, 31.542771482000052, 0.0 ], [ 74.259175046000053, 31.542547192000022, 0.0 ], [ 74.259320207000059, 31.542386235000059, 0.0 ], [ 74.259626764000075, 31.541924920000049, 0.0 ], [ 74.25967173500004, 31.541812539000052, 0.0 ], [ 74.259708870000054, 31.541698078000042, 0.0 ], [ 74.25973803800008, 31.54158193700005, 0.0 ], [ 74.259759139000053, 31.541464522000062, 0.0 ], [ 74.259772098000056, 31.541346245000067, 0.0 ], [ 74.259776869000092, 31.54122751800006, 0.0 ], [ 74.259773437000035, 31.541108757000114, 0.0 ], [ 74.259761812000079, 31.540990377000046, 0.0 ], [ 74.259742036000034, 31.540872794000066, 0.0 ], [ 74.259714179000071, 31.540756417000065, 0.0 ], [ 74.259678337000082, 31.540641654000094, 0.0 ], [ 74.259634636000072, 31.540528906000095, 0.0 ], [ 74.259583229000071, 31.540418569000064, 0.0 ], [ 74.259524295000077, 31.540311028000069, 0.0 ], [ 74.259458041000073, 31.540206658000038, 0.0 ], [ 74.259339313000055, 31.539993994000046, 0.0 ], [ 74.259097608000076, 31.539541909000061, 0.0 ], [ 74.259081877000014, 31.539426163000066, 0.0 ], [ 74.259072747000062, 31.539309899000045, 0.0 ], [ 74.259070240000057, 31.539193391000033, 0.0 ], [ 74.259074360000085, 31.539076917000067, 0.0 ], [ 74.259085099000075, 31.538960754000065, 0.0 ], [ 74.259102430000041, 31.538845176000056, 0.0 ], [ 74.259126313000095, 31.538730458000053, 0.0 ], [ 74.259381641000061, 31.538304168000035, 0.0 ], [ 74.259740613000091, 31.538023612000096, 0.0 ], [ 74.259986820000094, 31.537904726000093, 0.0 ], [ 74.260498263000059, 31.537798833000089, 0.0 ], [ 74.260899580000057, 31.537803062000041, 0.0 ], [ 74.261160009000051, 31.537859948000051, 0.0 ], [ 74.26163445400006, 31.537921889000071, 0.0 ], [ 74.261722516000106, 31.537920467000045, 0.0 ], [ 74.261745653000034, 31.537813778000054, 0.0 ], [ 74.261767424000084, 31.537421104000064, 0.0 ], [ 74.261779623000038, 31.537230775000083, 0.0 ], [ 74.261784875000046, 31.537040213000079, 0.0 ], [ 74.261783173000097, 31.536849604000061, 0.0 ], [ 74.261774522000067, 31.536659132000047, 0.0 ], [ 74.261758928000063, 31.536468985000049, 0.0 ], [ 74.261736407000058, 31.536279348000051, 0.0 ], [ 74.261706981000032, 31.536090407000064, 0.0 ], [ 74.261670678000058, 31.535902344000075, 0.0 ], [ 74.261658870000076, 31.535714507000087, 0.0 ], [ 74.261639435000063, 31.535527135000049, 0.0 ], [ 74.261612394000068, 31.535340457000078, 0.0 ], [ 74.261577779000064, 31.535154698000049, 0.0 ], [ 74.26153563600009, 31.534970084000083, 0.0 ], [ 74.261486012000049, 31.534786839000063, 0.0 ], [ 74.261428970000068, 31.534605185000036, 0.0 ], [ 74.261364577000052, 31.53442534200007, 0.0 ], [ 74.261110835000068, 31.533732808000021, 0.0 ], [ 74.260707761000049, 31.532892603000054, 0.0 ], [ 74.26022826300003, 31.532202343000076, 0.0 ], [ 74.257702819417517, 31.528143725827629, 0.0 ], [ 74.257602857000052, 31.52798306900009, 0.0 ], [ 74.253797254000062, 31.52186662800008, 0.0 ], [ 74.251166989000097, 31.517621811000044, 0.0 ], [ 74.250795457000038, 31.517046211000025, 0.0 ], [ 74.250086688000067, 31.515774501000081, 0.0 ], [ 74.249012089000075, 31.51425715400007, 0.0 ], [ 74.247973763000061, 31.512911883000083, 0.0 ], [ 74.247572530000085, 31.512400803000038, 0.0 ], [ 74.247266675000063, 31.512011211000107, 0.0 ], [ 74.246968386000049, 31.511631251000036, 0.0 ], [ 74.24604613200006, 31.510411972000032, 0.0 ], [ 74.244979413000081, 31.508969832000069, 0.0 ], [ 74.244482229489321, 31.508274481909076, 0.0 ], [ 74.244094968000084, 31.50773285800005, 0.0 ], [ 74.243582285000059, 31.50704233800008, 0.0 ], [ 74.24283777300009, 31.50607831400005, 0.0 ], [ 74.241590844000029, 31.504365336000038, 0.0 ], [ 74.240142905000098, 31.502536570000075, 0.0 ], [ 74.239921766000066, 31.502239010000036, 0.0 ], [ 74.239912023000059, 31.502225898000074, 0.0 ], [ 74.239639174336702, 31.501858755182774, 0.0 ], [ 74.23857838000005, 31.500431327000051, 0.0 ], [ 74.238439259000074, 31.500244119000069, 0.0 ], [ 74.238151674000065, 31.499857127000059, 0.0 ], [ 74.237883619000058, 31.49950372300005, 0.0 ], [ 74.234441090000075, 31.501689468000052, 0.0 ], [ 74.233100419000039, 31.502540638000045, 0.0 ], [ 74.228490702000045, 31.505467046000057, 0.0 ], [ 74.190821370000052, 31.529367606000061, 0.0 ], [ 74.190613380000073, 31.529500417000101, 0.0 ], [ 74.19061264200009, 31.529499975000068, 0.0 ], [ 74.189414993000085, 31.53025947200009, 0.0 ], [ 74.188876012000051, 31.530601263000076, 0.0 ], [ 74.18812702200006, 31.531076221000031, 0.0 ], [ 74.187727783000071, 31.531329386000039, 0.0 ], [ 74.186804611000071, 31.53191478000009, 0.0 ], [ 74.186284379000014, 31.532244659000089, 0.0 ], [ 74.1856796000001, 31.532628143000093, 0.0 ], [ 74.185161784000059, 31.53295647900007, 0.0 ], [ 74.184611304000043, 31.533305524000092, 0.0 ], [ 74.184212448000054, 31.533558423000073, 0.0 ], [ 74.183857252000067, 31.533783638000045, 0.0 ], [ 74.183330776000091, 31.534117450000078, 0.0 ], [ 74.18263104600004, 31.534561106000087, 0.0 ], [ 74.182159158000047, 31.534860298000083, 0.0 ], [ 74.182112477000047, 31.534889894000077, 0.0 ], [ 74.181819727000061, 31.535075505000091, 0.0 ], [ 74.181474964000074, 31.535294091000036, 0.0 ], [ 74.18057744700009, 31.535863863000053, 0.0 ], [ 74.179401451000047, 31.536654491000029, 0.0 ], [ 74.179142726000066, 31.536828430000096, 0.0 ], [ 74.178946231000069, 31.536972900000034, 0.0 ], [ 74.17871798200008, 31.537140714000053, 0.0 ], [ 74.178442133000047, 31.537350613000079, 0.0 ], [ 74.178109370000072, 31.537613960000069, 0.0 ], [ 74.17800072700004, 31.537699938000067, 0.0 ], [ 74.177420191000067, 31.538181740000027, 0.0 ], [ 74.17726271800008, 31.538093409000052, 0.0 ], [ 74.174446344000074, 31.536481613000028, 0.0 ], [ 74.171768922000069, 31.5351206230001, 0.0 ], [ 74.168327264000084, 31.53352660200008, 0.0 ], [ 74.164936717000046, 31.532108806000046, 0.0 ], [ 74.160052159000031, 31.530444059000068, 0.0 ], [ 74.155364939000037, 31.529167136000105, 0.0 ], [ 74.150792039000066, 31.528205896000024, 0.0 ], [ 74.149483186000055, 31.52798505400008, 0.0 ], [ 74.148661539000045, 31.527846410000073, 0.0 ], [ 74.148465019000071, 31.527813249000072, 0.0 ], [ 74.148363442000061, 31.527796108000082, 0.0 ], [ 74.148660321000079, 31.528106271000073, 0.0 ], [ 74.14902308900011, 31.528624922000095, 0.0 ], [ 74.149036998000057, 31.528642743000063, 0.0 ], [ 74.149468502000033, 31.529195605000037, 0.0 ], [ 74.15022289500007, 31.530274622000043, 0.0 ], [ 74.150249852000059, 31.530313179000071, 0.0 ], [ 74.150401030000097, 31.530515202000046, 0.0 ], [ 74.150982311000064, 31.531291972000119, 0.0 ], [ 74.151042172000075, 31.531367322000044, 0.0 ], [ 74.151111515000082, 31.531454607000079, 0.0 ], [ 74.151631335000062, 31.532108918000095, 0.0 ], [ 74.15164175300005, 31.532121190000058, 0.0 ], [ 74.151850359000065, 31.53236692400003, 0.0 ], [ 74.151961020000044, 31.53249244300002, 0.0 ], [ 74.152076692000037, 31.532614603000074, 0.0 ], [ 74.152197238000056, 31.532733255000057, 0.0 ], [ 74.152322513000058, 31.532848257000083, 0.0 ], [ 74.15245236700008, 31.532959472000076, 0.0 ], [ 74.152586643000063, 31.533066765000061, 0.0 ], [ 74.152725180000061, 31.533170008000074, 0.0 ], [ 74.15401138600005, 31.534149091000096, 0.0 ], [ 74.154293315000075, 31.534369374000065, 0.0 ], [ 74.154569189000028, 31.534589734000058, 0.0 ], [ 74.154657078000071, 31.534659937000107, 0.0 ], [ 74.155249408000017, 31.535133064000064, 0.0 ], [ 74.155379499000063, 31.535236975000032, 0.0 ], [ 74.155444440000068, 31.535288847000068, 0.0 ], [ 74.155881329000096, 31.535620383000033, 0.0 ], [ 74.156495130392955, 31.536108334268036, 0.0 ], [ 74.157608027000052, 31.53699302900004, 0.0 ], [ 74.159323690000107, 31.538287634000024, 0.0 ], [ 74.159569561000069, 31.538475459000054, 0.0 ], [ 74.161166303000073, 31.539737692000077, 0.0 ], [ 74.16305585700006, 31.541160837000085, 0.0 ], [ 74.164547092000078, 31.542248356000062, 0.0 ], [ 74.164717857000113, 31.542386421000067, 0.0 ], [ 74.164884046000054, 31.54252852200009, 0.0 ], [ 74.16504552800005, 31.542674551000072, 0.0 ], [ 74.165202177000097, 31.542824391000078, 0.0 ], [ 74.165353869000043, 31.54297792500007, 0.0 ], [ 74.165393766330652, 31.543020677164492, 0.0 ], [ 74.165500488000092, 31.543135035000059, 0.0 ], [ 74.165641916000084, 31.543295596000082, 0.0 ], [ 74.165778043000046, 31.543459482000081, 0.0 ], [ 74.167103054000052, 31.544911111000044, 0.0 ], [ 74.16813023000006, 31.546006307000042, 0.0 ], [ 74.168545136000049, 31.546367068000077, 0.0 ], [ 74.169993441000031, 31.547597469000049, 0.0 ], [ 74.170358604000086, 31.547911353000082, 0.0 ], [ 74.171079065000086, 31.548528951000044, 0.0 ], [ 74.17208799239863, 31.549393806863709, 0.0 ], [ 74.172130542000048, 31.549430280000031, 0.0 ], [ 74.173056268000053, 31.550188201000015, 0.0 ], [ 74.173317525000073, 31.550433374000079, 0.0 ], [ 74.17372574200003, 31.551015639000092, 0.0 ], [ 74.173742367000045, 31.551039354000068, 0.0 ], [ 74.173978223000063, 31.551375767000042, 0.0 ], [ 74.174271705000081, 31.551760789000074, 0.0 ], [ 74.174337716831843, 31.551855314396597, 0.0 ], [ 74.174724730000051, 31.55240949200002, 0.0 ], [ 74.175118210000079, 31.552972923000038, 0.0 ], [ 74.175562971000033, 31.553542449000069, 0.0 ], [ 74.176126262000082, 31.55436154300002, 0.0 ], [ 74.177088413000035, 31.555742698000049, 0.0 ], [ 74.177265725000041, 31.556026709000051, 0.0 ], [ 74.177839520000106, 31.556836135000065, 0.0 ], [ 74.17801170000007, 31.557119773000093, 0.0 ], [ 74.178030718000059, 31.557146286000041, 0.0 ], [ 74.178119267000056, 31.557265630000082, 0.0 ], [ 74.178213908000046, 31.557381494000026, 0.0 ], [ 74.178314454000031, 31.557493652000076, 0.0 ], [ 74.178420709000065, 31.557601884000068, 0.0 ], [ 74.178532462000092, 31.557705975000054, 0.0 ], [ 74.178649493000094, 31.557805722000072, 0.0 ], [ 74.178930141000109, 31.558018945000111, 0.0 ], [ 74.179611351561775, 31.558579544565468, 0.0 ], [ 74.180831451000103, 31.559583595000067, 0.0 ], [ 74.182732057000067, 31.561126866000038, 0.0 ], [ 74.18281201700006, 31.561196822000088, 0.0 ], [ 74.182885510000062, 31.561259660000069, 0.0 ], [ 74.184403736296076, 31.562557749921048, 0.0 ], [ 74.184689618000064, 31.562802174000101, 0.0 ], [ 74.184994108000097, 31.56305237100004, 0.0 ], [ 74.186672536000046, 31.564323440000106, 0.0 ], [ 74.18815881475814, 31.565256978787335, 0.0 ], [ 74.188269689000037, 31.565326618000025, 0.0 ], [ 74.188732872000074, 31.565595806000022, 0.0 ], [ 74.190208895000069, 31.566480723000058, 0.0 ], [ 74.191488579000065, 31.567247902000112, 0.0 ], [ 74.192460615000101, 31.567826404000066, 0.0 ], [ 74.192619787000098, 31.567958698000037, 0.0 ], [ 74.193444320000097, 31.568543740000063, 0.0 ], [ 74.194223609000076, 31.569350714000056, 0.0 ], [ 74.194225657206374, 31.569352887236061, 0.0 ], [ 74.195500070000037, 31.570705069000056, 0.0 ], [ 74.195859023000096, 31.571113131000082, 0.0 ], [ 74.196688334000044, 31.571944275000085, 0.0 ], [ 74.197793807000039, 31.573087468000054, 0.0 ], [ 74.198957331000031, 31.574298358000071, 0.0 ], [ 74.199102787000072, 31.57444973300009, 0.0 ], [ 74.199240727000102, 31.574610551000028, 0.0 ], [ 74.201056142000112, 31.57649659000003, 0.0 ], [ 74.201150075000058, 31.57659127400008, 0.0 ], [ 74.202187285412791, 31.577636774668264, 0.0 ], [ 74.202625076000061, 31.578078055000049, 0.0 ], [ 74.202855711000041, 31.57833179000005, 0.0 ], [ 74.203080554000053, 31.578589307000108, 0.0 ], [ 74.203299523000069, 31.578850508000073, 0.0 ], [ 74.203512535000087, 31.579115295000054, 0.0 ], [ 74.203719511000045, 31.579383568, 0.0 ], [ 74.203920370000063, 31.579655226000074, 0.0 ], [ 74.204115040000033, 31.579930168000026, 0.0 ], [ 74.205029918000037, 31.581210562000031, 0.0 ], [ 74.20525179200007, 31.581459482000074, 0.0 ], [ 74.205479187000051, 31.581704723000048, 0.0 ], [ 74.205712020000092, 31.581946196000057, 0.0 ], [ 74.205950207000072, 31.582183812000057, 0.0 ], [ 74.206193660000054, 31.582417484000079, 0.0 ], [ 74.206442290000055, 31.58264712800009, 0.0 ], [ 74.206696007000076, 31.58287265700006, 0.0 ], [ 74.206954716000055, 31.583093992000066, 0.0 ], [ 74.207568962000053, 31.583661154000026, 0.0 ], [ 74.20859250400008, 31.584631877000064, 0.0 ], [ 74.209322551000071, 31.58535729400008, 0.0 ], [ 74.209602420362486, 31.585724571627601, 0.0 ], [ 74.209929315000068, 31.586153557000078, 0.0 ], [ 74.210075893000067, 31.586397644000037, 0.0 ], [ 74.210228193000049, 31.586639152000032, 0.0 ], [ 74.210386150000033, 31.586877982000061, 0.0 ], [ 74.210549702000051, 31.58711403600007, 0.0 ], [ 74.210718780000036, 31.587347220000023, 0.0 ], [ 74.210893317000057, 31.587577438000036, 0.0 ], [ 74.211849128000082, 31.588652748000104, 0.0 ], [ 74.212556483000085, 31.589430523000054, 0.0 ], [ 74.213054985000042, 31.58996143800006, 0.0 ], [ 74.213273066001761, 31.590200384061433, 0.0 ], [ 74.214406063000069, 31.591441756000073, 0.0 ], [ 74.214779794000052, 31.591851226000092, 0.0 ], [ 74.215328892000088, 31.592445775000076, 0.0 ], [ 74.215949377000086, 31.593203875000064, 0.0 ], [ 74.216779941000084, 31.593929866000064, 0.0 ], [ 74.218171878000092, 31.594893223000039, 0.0 ], [ 74.218615639000063, 31.595187161000066, 0.0 ], [ 74.220138849000094, 31.596466393000075, 0.0 ], [ 74.22058226500009, 31.596803290000022, 0.0 ], [ 74.221858625000039, 31.597589258000028, 0.0 ], [ 74.223214598000084, 31.598194279000072, 0.0 ], [ 74.224048270000083, 31.59855740800004, 0.0 ], [ 74.225148569000055, 31.599055823000072, 0.0 ], [ 74.22661795500008, 31.599441886000097, 0.0 ], [ 74.227139876000095, 31.599564398000059, 0.0 ], [ 74.227841820000052, 31.599840173000086, 0.0 ], [ 74.228245145000074, 31.5999709160001, 0.0 ], [ 74.228617712000073, 31.600026875000065, 0.0 ], [ 74.228945034000049, 31.600073609000074, 0.0 ], [ 74.229704164000069, 31.600179640000075, 0.0 ], [ 74.230368067000029, 31.600419365000036, 0.0 ], [ 74.231146181000042, 31.600761225000038, 0.0 ], [ 74.232154438000066, 31.601264322000098, 0.0 ], [ 74.233771417000085, 31.602030214000031, 0.0 ], [ 74.234302722000052, 31.602287028000049, 0.0 ], [ 74.234506923000112, 31.602388904000097, 0.0 ], [ 74.234714928000074, 31.602484978000074, 0.0 ], [ 74.234926513000076, 31.602575145000074, 0.0 ], [ 74.235141449000096, 31.602659306000113, 0.0 ], [ 74.235359503000041, 31.602737372000075, 0.0 ], [ 74.23558043900006, 31.602809257000064, 0.0 ], [ 74.235804018000081, 31.602874884000109, 0.0 ], [ 74.236391941000079, 31.603030577000045, 0.0 ], [ 74.236684246000038, 31.603097968000053, 0.0 ], [ 74.238542331000076, 31.603544699000086, 0.0 ], [ 74.239457410000057, 31.603770956000073, 0.0 ], [ 74.239614759000077, 31.603798379000065, 0.0 ], [ 74.239770390000047, 31.603832231000098, 0.0 ], [ 74.239923944000054, 31.603872435000021, 0.0 ], [ 74.240075069000056, 31.603918897000064, 0.0 ], [ 74.24022341400007, 31.603971511000079, 0.0 ], [ 74.240368639000053, 31.604030155000025, 0.0 ], [ 74.24051041000007, 31.604094695000086, 0.0 ], [ 74.240648401000044, 31.604164982000075, 0.0 ], [ 74.240782292000063, 31.604240853000089, 0.0 ], [ 74.24091177600009, 31.604322134000039, 0.0 ], [ 74.241036556000054, 31.604408639000049, 0.0 ], [ 74.241156342000082, 31.604500167000023, 0.0 ], [ 74.242573572000083, 31.605576797000051, 0.0 ], [ 74.244001655000034, 31.606608717000057, 0.0 ], [ 74.245399524000064, 31.607500202000079, 0.0 ], [ 74.245749915000047, 31.607717109000106, 0.0 ], [ 74.247637482000087, 31.608850169000078, 0.0 ], [ 74.249148374000086, 31.609569216000075, 0.0 ], [ 74.250111441000058, 31.609909064000089, 0.0 ], [ 74.250254719000068, 31.609998075000092, 0.0 ], [ 74.250402321000095, 31.610081750000067, 0.0 ], [ 74.250553978000099, 31.610159935000098, 0.0 ], [ 74.250709410000056, 31.610232487000083, 0.0 ], [ 74.250868332000067, 31.610299274000063, 0.0 ], [ 74.251030452000066, 31.610360171000014, 0.0 ], [ 74.251195473000053, 31.610415067000094, 0.0 ], [ 74.251363090000041, 31.610463862000085, 0.0 ], [ 74.251532997000083, 31.610506465000068, 0.0 ], [ 74.251704880000034, 31.61054280000009, 0.0 ], [ 74.251878426000104, 31.610572797000042, 0.0 ], [ 74.252053314000079, 31.610596403000059, 0.0 ], [ 74.252229222000039, 31.610613575000052, 0.0 ], [ 74.252405830000043, 31.610624280000046, 0.0 ], [ 74.252582812000071, 31.610628500000079, 0.0 ], [ 74.252759842000046, 31.610626225000058, 0.0 ], [ 74.252936595000051, 31.610617461000043, 0.0 ], [ 74.253112748000035, 31.610602224000072, 0.0 ], [ 74.253287975000035, 31.610580541000051, 0.0 ], [ 74.255580153000039, 31.610135601, 0.0 ], [ 74.256970900000056, 31.609925282000066, 0.0 ], [ 74.257406294000077, 31.609892007000063, 0.0 ], [ 74.258616450000034, 31.609766554000068, 0.0 ], [ 74.259750107000059, 31.609791033000079, 0.0 ], [ 74.261775120000053, 31.609934871000089, 0.0 ], [ 74.262207112000056, 31.609953553000043, 0.0 ], [ 74.262918239000044, 31.609971981000093, 0.0 ], [ 74.263513686000081, 31.609803546000016, 0.0 ], [ 74.264050759000042, 31.609478923000051, 0.0 ], [ 74.264351722000072, 31.609174299000088, 0.0 ], [ 74.264506176000069, 31.609041512000044, 0.0 ], [ 74.26464983200006, 31.608979387000048, 0.0 ], [ 74.265141874000065, 31.608713600000044, 0.0 ], [ 74.265203793000083, 31.608684966000069, 0.0 ], [ 74.265631818000031, 31.608487024000066, 0.0 ], [ 74.265961367000045, 31.608434015000082, 0.0 ], [ 74.26601514500004, 31.608423630000058, 0.0 ], [ 74.266078849000095, 31.608411327000059, 0.0 ], [ 74.26652112500004, 31.608396597000048, 0.0 ], [ 74.266981247000075, 31.608409981000086, 0.0 ], [ 74.267461307000076, 31.608548798000115, 0.0 ], [ 74.2680401920001, 31.608684932000099, 0.0 ], [ 74.268210957000093, 31.608694862000075, 0.0 ], [ 74.26860578700007, 31.608586720000087, 0.0 ], [ 74.268986834000046, 31.608457612000052, 0.0 ], [ 74.26914418800007, 31.608398835000067, 0.0 ], [ 74.26920339492419, 31.607519193737431, 0.0 ], [ 74.269203832000088, 31.607512700000051, 0.0 ], [ 74.26921124200004, 31.607402611000055, 0.0 ], [ 74.269217421000079, 31.606700843000088, 0.0 ], [ 74.269199799000035, 31.604671719000081, 0.0 ], [ 74.269212327000076, 31.603067669000037, 0.0 ], [ 74.269820399000068, 31.603061597000092, 0.0 ], [ 74.272732389000055, 31.603040016000101, 0.0 ], [ 74.276313346000066, 31.603070399000046, 0.0 ], [ 74.277006637862925, 31.603056366408286, 0.0 ], [ 74.27776349100003, 31.603041043000083, 0.0 ], [ 74.277809167000072, 31.603091897000102, 0.0 ], [ 74.277813244000086, 31.603096373000067, 0.0 ], [ 74.278188270000044, 31.603502232000071, 0.0 ], [ 74.278192420000053, 31.603506659000068, 0.0 ], [ 74.278573939000083, 31.60390806100003, 0.0 ], [ 74.278578159000105, 31.603912439000091, 0.0 ], [ 74.278966098000097, 31.604309311000065, 0.0 ], [ 74.278970389000051, 31.604313639000054, 0.0 ], [ 74.279364675000096, 31.604705903000042, 0.0 ], [ 74.279369006000081, 31.604710154000038, 0.0 ], [ 74.279769591000033, 31.605097764000035, 0.0 ], [ 74.279774018000069, 31.605101989000055, 0.0 ], [ 74.280180773000041, 31.605484818000043, 0.0 ], [ 74.28018526800011, 31.605488990000016, 0.0 ], [ 74.280598142000059, 31.605866992000088, 0.0 ], [ 74.280602703000085, 31.605871111000074, 0.0 ], [ 74.281021618000096, 31.60624421300005, 0.0 ], [ 74.281026245000078, 31.606248279000042, 0.0 ], [ 74.281451122000064, 31.606616411000068, 0.0 ], [ 74.281455814000097, 31.606620422000042, 0.0 ], [ 74.281886573000079, 31.606983516000096, 0.0 ], [ 74.281887981000082, 31.606984699000062, 0.0 ], [ 74.281891329000089, 31.606987470000036, 0.0 ], [ 74.282327887000065, 31.607345457000058, 0.0 ], [ 74.28233270700008, 31.607349355000078, 0.0 ], [ 74.282774982000035, 31.607702164000031, 0.0 ], [ 74.282779864000076, 31.607706005000093, 0.0 ], [ 74.282962340000068, 31.607847604000039, 0.0 ], [ 74.283232716000057, 31.608057356000078, 0.0 ], [ 74.283686173000035, 31.608399615000039, 0.0 ], [ 74.283691177000037, 31.608403340000049, 0.0 ], [ 74.284150097000079, 31.608740225000062, 0.0 ], [ 74.284153166000081, 31.608742459000069, 0.0 ], [ 74.284155159000093, 31.608743891000088, 0.0 ], [ 74.28461945600003, 31.609075338000032, 0.0 ], [ 74.284624577000088, 31.609078944000025, 0.0 ], [ 74.285094161000075, 31.609404892000036, 0.0 ], [ 74.285099341000048, 31.609408437000084, 0.0 ], [ 74.285574123000075, 31.609728823000072, 0.0 ], [ 74.285579359000067, 31.609732306000097, 0.0 ], [ 74.28605925200003, 31.610047070000086, 0.0 ], [ 74.286064543000094, 31.610050491000042, 0.0 ], [ 74.286549454000067, 31.610359573000068, 0.0 ], [ 74.286554578000064, 31.610362794000036, 0.0 ], [ 74.287044636000076, 31.610666272000067, 0.0 ], [ 74.287050036000053, 31.610669568000063, 0.0 ], [ 74.287544706000105, 31.610967110000068, 0.0 ], [ 74.287550158000059, 31.610970341000066, 0.0 ], [ 74.288049568000076, 31.611262029000059, 0.0 ], [ 74.288055072000077, 31.611265196000073, 0.0 ], [ 74.28855912800006, 31.611550974000064, 0.0 ], [ 74.288564681000096, 31.611554076000079, 0.0 ], [ 74.289065100000087, 31.611829385000085, 0.0 ], [ 74.290453575000058, 31.612615561000052, 0.0 ], [ 74.291840613000033, 31.613409506000043, 0.0 ], [ 74.291995876000044, 31.61349934700009, 0.0 ], [ 74.292050304000057, 31.613526582000066, 0.0 ], [ 74.292108419000058, 31.613547503000063, 0.0 ], [ 74.292169229000081, 31.613561754000067, 0.0 ], [ 74.292231693000076, 31.613569091000066, 0.0 ], [ 74.292294741000035, 31.613569387000073, 0.0 ], [ 74.292349401000095, 31.613563491000079, 0.0 ], [ 74.293870251000044, 31.614561210000055, 0.0 ], [ 74.293941117000031, 31.614607700000114, 0.0 ], [ 74.294982083000079, 31.613846183000074, 0.0 ] ], [ [ 74.290311288000069, 31.610602731, 0.0 ], [ 74.290265922000074, 31.610550259000039, 0.0 ], [ 74.29037720000008, 31.610589070000088, 0.0 ], [ 74.290311288000069, 31.610602731, 0.0 ] ] ] } },
{ "type": "Feature", "properties": { "OID_": 0, "Name": "Jhok Forest", "FolderPath": "RUDA_Updated_Phases_10June2023\/RUDA_Updated_Phases_10June2023", "SymbolID": 0, "AltMode": 0, "Base": "0.00000000000e+00", "Clamped": -1, "Extruded": 0, "Snippet": "", "PopupInfo": "<html xmlns:fo=\"http:\/\/www.w3.org\/1999\/XSL\/Format\" xmlns:msxsl=\"urn:schemas-microsoft-com:xslt\">\n\n<head>\n\n<META http-equiv=\"Content-Type\" content=\"text\/html\">\n\n<meta http-equiv=\"content-type\" content=\"text\/html; charset=UTF-8\">\n\n<\/head>\n\n<body style=\"mar", "Shape_Leng": "8.11954805512e-01", "Shape_Area": "2.39125229276e+03" }, "geometry": { "type": "Polygon", "coordinates": [ [ [ 74.420101961000071, 31.686819533000076, 0.0 ], [ 74.417371569000125, 31.687317047000203, 0.0 ], [ 74.414602778000116, 31.688618852000161, 0.0 ], [ 74.411779833000182, 31.689831464000143, 0.0 ], [ 74.411103553000032, 31.69038241800007, 0.0 ], [ 74.409652082000122, 31.69209800800008, 0.0 ], [ 74.408931105000093, 31.694346600000163, 0.0 ], [ 74.408242750000056, 31.695476235000072, 0.0 ], [ 74.408244973000137, 31.697105430000111, 0.0 ], [ 74.411221240000089, 31.711017500000143, 0.0 ], [ 74.417589761000073, 31.713931980000041, 0.0 ], [ 74.417628170000071, 31.713932498000077, 0.0 ], [ 74.4176812850001, 31.713933214000075, 0.0 ], [ 74.418009090000055, 31.713937637000111, 0.0 ], [ 74.418012824000073, 31.713940091000072, 0.0 ], [ 74.418012515000044, 31.71393892000005, 0.0 ], [ 74.42135380700006, 31.715190250000056, 0.0 ], [ 74.424653667000044, 31.716494696000034, 0.0 ], [ 74.427660495000083, 31.717993696000082, 0.0 ], [ 74.43071165200007, 31.720303771000072, 0.0 ], [ 74.430890692000062, 31.720439318000071, 0.0 ], [ 74.431307529000037, 31.720754895000031, 0.0 ], [ 74.433475669000075, 31.722396286000063, 0.0 ], [ 74.435454220000054, 31.723894068000071, 0.0 ], [ 74.435759497000049, 31.724125158000049, 0.0 ], [ 74.436188209000093, 31.724449683000056, 0.0 ], [ 74.437423543000079, 31.725384784000052, 0.0 ], [ 74.438562464000043, 31.726246877000055, 0.0 ], [ 74.439620459000096, 31.727047690000056, 0.0 ], [ 74.443688989000094, 31.730187140000051, 0.0 ], [ 74.444321150000064, 31.730675795000039, 0.0 ], [ 74.446412523000049, 31.73229234900003, 0.0 ], [ 74.446634822000078, 31.732464172000061, 0.0 ], [ 74.44822707000003, 31.733686762000076, 0.0 ], [ 74.449745396000083, 31.734848489000054, 0.0 ], [ 74.45050606100007, 31.735419128000075, 0.0 ], [ 74.450557059000076, 31.735457385000078, 0.0 ], [ 74.451382801000079, 31.736076829000098, 0.0 ], [ 74.451559782000075, 31.736209592000105, 0.0 ], [ 74.452065936000039, 31.736589284000083, 0.0 ], [ 74.452116067000077, 31.736626889000053, 0.0 ], [ 74.455005961000055, 31.73879464300008, 0.0 ], [ 74.458768279000083, 31.740573824000034, 0.0 ], [ 74.458909440000085, 31.74064057600005, 0.0 ], [ 74.461438353000077, 31.741836382000056, 0.0 ], [ 74.468195662000085, 31.744804292000058, 0.0 ], [ 74.468488502000099, 31.744930396000012, 0.0 ], [ 74.46871582700004, 31.745060740000064, 0.0 ], [ 74.46898920200006, 31.745273295000093, 0.0 ], [ 74.469098040000063, 31.74535747100003, 0.0 ], [ 74.469212260000077, 31.745499419000101, 0.0 ], [ 74.469332868000023, 31.745718872000062, 0.0 ], [ 74.469472926000051, 31.745973712000062, 0.0 ], [ 74.469693425000074, 31.746224487000102, 0.0 ], [ 74.469803805000083, 31.746315983000084, 0.0 ], [ 74.469946089000089, 31.74637481100007, 0.0 ], [ 74.469971284000039, 31.746385228000062, 0.0 ], [ 74.470269784000052, 31.746582199000052, 0.0 ], [ 74.470218810000063, 31.745948054000053, 0.0 ], [ 74.470211747000079, 31.745945134000095, 0.0 ], [ 74.470117225000109, 31.745428925000084, 0.0 ], [ 74.470051028000057, 31.744954253000078, 0.0 ], [ 74.470037363000074, 31.74485626400007, 0.0 ], [ 74.470037165000051, 31.744850161000041, 0.0 ], [ 74.470017131000077, 31.744233488000106, 0.0 ], [ 74.469984707000037, 31.743673434000069, 0.0 ], [ 74.469978582000067, 31.743070612000061, 0.0 ], [ 74.469705074000046, 31.73557992700005, 0.0 ], [ 74.469676612000072, 31.730769841000065, 0.0 ], [ 74.469674990000044, 31.726150830000034, 0.0 ], [ 74.469657296000051, 31.714687635000072, 0.0 ], [ 74.469649250000046, 31.713946457000102, 0.0 ], [ 74.46964092900005, 31.712970806000055, 0.0 ], [ 74.469628016000058, 31.711676145000066, 0.0 ], [ 74.469621582000059, 31.710846495000066, 0.0 ], [ 74.469613509000055, 31.710111600000076, 0.0 ], [ 74.469608222000033, 31.709371024000085, 0.0 ], [ 74.469601449000038, 31.708472734000043, 0.0 ], [ 74.469591788000074, 31.707596431000109, 0.0 ], [ 74.469707463000091, 31.704873333000023, 0.0 ], [ 74.469825583000045, 31.704539715000074, 0.0 ], [ 74.469843064000059, 31.704490340000081, 0.0 ], [ 74.469864041000051, 31.704431093000032, 0.0 ], [ 74.469863752000037, 31.704430812000059, 0.0 ], [ 74.469724677000059, 31.704295650000081, 0.0 ], [ 74.469555870000079, 31.704132711000074, 0.0 ], [ 74.469386357000076, 31.703970310000049, 0.0 ], [ 74.469304313000094, 31.703892142000036, 0.0 ], [ 74.469216140000057, 31.703808448000089, 0.0 ], [ 74.469045221000059, 31.703647127000075, 0.0 ], [ 74.466398879000067, 31.701293788000047, 0.0 ], [ 74.464174067000044, 31.699504093000034, 0.0 ], [ 74.461278770000035, 31.697380714000076, 0.0 ], [ 74.459306384000072, 31.69600651800004, 0.0 ], [ 74.455638616000073, 31.693662236000065, 0.0 ], [ 74.454498796000038, 31.692985507000081, 0.0 ], [ 74.450911561000055, 31.690950755000067, 0.0 ], [ 74.449051489000055, 31.689915283000058, 0.0 ], [ 74.445178213000077, 31.687885488000095, 0.0 ], [ 74.439844525000069, 31.68535239400007, 0.0 ], [ 74.439490633000048, 31.685183842000065, 0.0 ], [ 74.439132976000067, 31.685021205000059, 0.0 ], [ 74.438771688000031, 31.684864546000057, 0.0 ], [ 74.438406907000058, 31.684713924000075, 0.0 ], [ 74.438038770000063, 31.684569395000032, 0.0 ], [ 74.437667417000071, 31.684431016000076, 0.0 ], [ 74.437292988000081, 31.684298836000043, 0.0 ], [ 74.436915625000054, 31.684172909000051, 0.0 ], [ 74.436535469000049, 31.684053278000061, 0.0 ], [ 74.436152667000044, 31.683939992000049, 0.0 ], [ 74.435767361000046, 31.683833092000068, 0.0 ], [ 74.43537969700003, 31.6837326180001, 0.0 ], [ 74.435032911000079, 31.683651600000079, 0.0 ], [ 74.434684120000057, 31.683577136000064, 0.0 ], [ 74.434333496000107, 31.683509266000076, 0.0 ], [ 74.433981206000084, 31.683448021000071, 0.0 ], [ 74.433627425000068, 31.683393431000059, 0.0 ], [ 74.43327232200005, 31.683345523000057, 0.0 ], [ 74.432916070000061, 31.683304320000072, 0.0 ], [ 74.432558843000038, 31.683269841000051, 0.0 ], [ 74.432200815000044, 31.68324210500003, 0.0 ], [ 74.431842159000041, 31.68322112400007, 0.0 ], [ 74.431483049000065, 31.683206909000052, 0.0 ], [ 74.431123660000111, 31.683199465000062, 0.0 ], [ 74.430764166000088, 31.683198798000063, 0.0 ], [ 74.430404742000078, 31.683204906000082, 0.0 ], [ 74.430045563000078, 31.683217789000022, 0.0 ], [ 74.429703875000016, 31.683236349000055, 0.0 ], [ 74.429362718000064, 31.683261039000051, 0.0 ], [ 74.429022243000077, 31.683291848000074, 0.0 ], [ 74.42868259800008, 31.683328761000059, 0.0 ], [ 74.428343935000044, 31.6833717650001, 0.0 ], [ 74.428006402000079, 31.683420838000107, 0.0 ], [ 74.427670148000061, 31.68347596000007, 0.0 ], [ 74.427335321000058, 31.683537105000031, 0.0 ], [ 74.42700206800005, 31.68360424900003, 0.0 ], [ 74.426665608000079, 31.683673264000092, 0.0 ], [ 74.426331177000066, 31.683749152000086, 0.0 ], [ 74.425998968000044, 31.683831867000045, 0.0 ], [ 74.425669171000038, 31.683921364000078, 0.0 ], [ 74.425341975000038, 31.684017590000074, 0.0 ], [ 74.425017569000048, 31.684120491000062, 0.0 ], [ 74.424696137000083, 31.684230007000046, 0.0 ], [ 74.424377866000043, 31.684346076000065, 0.0 ], [ 74.424062937000031, 31.684468631000094, 0.0 ], [ 74.42375153100005, 31.684597600000085, 0.0 ], [ 74.423443826000039, 31.684732912000083, 0.0 ], [ 74.42314, 31.68487448700008, 0.0 ], [ 74.422840226000062, 31.685022246000084, 0.0 ], [ 74.422544677000076, 31.685176102000106, 0.0 ], [ 74.422253523000066, 31.685335968000096, 0.0 ], [ 74.421966929000064, 31.685501751000043, 0.0 ], [ 74.421685062000051, 31.68567335800002, 0.0 ], [ 74.421408083000074, 31.685850689000077, 0.0 ], [ 74.421136151000056, 31.686033642000019, 0.0 ], [ 74.420869420000045, 31.686222113000056, 0.0 ], [ 74.420608046000041, 31.686415993000022, 0.0 ], [ 74.420352177000041, 31.686615171000021, 0.0 ], [ 74.420101961000071, 31.686819533000076, 0.0 ] ] ] } }
]
}
