{
  "type": "FeatureCollection",
  "name": "F:\\MOEED\\CB_1\\Topography CB_1\\Kela\\Road Track.geojson",
  "crs": {
    "type": "name",
    "properties": {
      "name": "urn:ogc:def:crs:EPSG::3857"
    }
  },
  "features": [
    {
      "type": "Feature",
      "properties": {
        "Id": 0
      },
      "geometry": {
        "type": "LineString",
        "coordinates": [
          [
            8285311.460472343,
            3711626.726009055
          ],
          [
            8285351.530225277,
            3711627.4175670687
          ],
          [
            8285416.972109654,
            3711627.829831774
          ],
          [
            8285446.376315604,
            3711628.0527967783
          ],
          [
            8285448.6015424915,
            3711627.6968043717
          ],
          [
            8285450.732788931,
            3711626.961844365
          ],
          [
            8285452.706646067,
            3711625.869783362
          ],
          [
            8285454.464387739,
            3711624.4531124556
          ],
          [
            8285454.958410669,
            3711621.500792859
          ],
          [
            8285454.309452606,
            3711603.32650566
          ],
          [
            8285453.984675629,
            3711585.1434778143
          ]
        ]
      }
    },
    {
      "type": "Feature",
      "properties": {
        "Id": 0
      },
      "geometry": {
        "type": "LineString",
        "coordinates": [
          [
            8285463.216308836,
            3711585.1918833754
          ],
          [
            8285463.49629157,
            3711604.644251919
          ],
          [
            8285464.040104802,
            3711624.0910090217
          ],
          [
            8285465.221892307,
            3711625.6305151973
          ],
          [
            8285466.642018651,
            3711626.9510700405
          ],
          [
            8285468.2609266015,
            3711628.0158897117
          ],
          [
            8285470.033521869,
            3711628.795313811
          ],
          [
            8285483.553421375,
            3711629.9252596283
          ],
          [
            8285497.022811844,
            3711631.5541822687
          ],
          [
            8285510.4234631155,
            3711633.6798772896
          ],
          [
            8285527.601917013,
            3711637.2800289947
          ],
          [
            8285544.573857928,
            3711641.761427289
          ],
          [
            8285561.308565784,
            3711646.2951111253
          ],
          [
            8285577.781690007,
            3711651.7104882444
          ],
          [
            8285593.9472640455,
            3711657.9924489246
          ],
          [
            8285609.760179326,
            3711665.123465481
          ],
          [
            8285623.4310212275,
            3711671.5886701704
          ],
          [
            8285636.79145352,
            3711678.6789549263
          ],
          [
            8285649.813191819,
            3711686.379310831
          ],
          [
            8285662.468668603,
            3711694.673437488
          ],
          [
            8285682.029549641,
            3711707.3512906437
          ],
          [
            8285682.240593115,
            3711707.563078221
          ],
          [
            8285682.482839149,
            3711707.7379254894
          ],
          [
            8285682.7499565715,
            3711707.8712627636
          ],
          [
            8285683.034964199,
            3711707.959605238
          ],
          [
            8285683.330413274,
            3711708.0006440557
          ],
          [
            8285683.628582152,
            3711707.9933066545
          ],
          [
            8285683.9216781035,
            3711707.937784799
          ],
          [
            8285684.202040983,
            3711707.83552957
          ],
          [
            8285684.462343431,
            3711707.689213437
          ],
          [
            8285684.695782367,
            3711707.5026604165
          ],
          [
            8285686.980908984,
            3711702.2030036952
          ],
          [
            8285688.570250593,
            3711696.652458667
          ],
          [
            8285689.43751837,
            3711690.9428388565
          ],
          [
            8285689.568367604,
            3711685.168588847
          ],
          [
            8285690.244819566,
            3711657.6844741534
          ],
          [
            8285689.370707166,
            3711654.642324643
          ],
          [
            8285688.010200724,
            3711651.786259012
          ],
          [
            8285686.2004164355,
            3711649.1941931965
          ],
          [
            8285683.9907271145,
            3711646.9368408965
          ],
          [
            8285681.441415242,
            3711645.075784472
          ],
          [
            8285671.415799093,
            3711638.968663362
          ],
          [
            8285661.214196431,
            3711633.163305151
          ],
          [
            8285645.499633827,
            3711624.6078760307
          ],
          [
            8285629.437565414,
            3711616.7310662805
          ],
          [
            8285613.056995029,
            3711609.5470976573
          ],
          [
            8285599.469373914,
            3711604.144320483
          ],
          [
            8285585.673072051,
            3711599.304970433
          ],
          [
            8285571.691214247,
            3711595.0371582485
          ],
          [
            8285568.230261658,
            3711594.0183268264
          ]
        ]
      }
    },
    {
      "type": "Feature",
      "properties": {
        "Id": 0
      },
      "geometry": {
        "type": "LineString",
        "coordinates": [
          [
            8285568.448034438,
            3711587.4611289506
          ],
          [
            8285591.055222541,
            3711592.870779616
          ],
          [
            8285602.117171336,
            3711596.0209974158
          ],
          [
            8285611.944324315,
            3711599.92065296
          ],
          [
            8285626.516673148,
            3711605.7383734137
          ],
          [
            8285631.8703577705,
            3711603.5853549307
          ],
          [
            8285638.223132442,
            3711601.9408693756
          ],
          [
            8285652.583408926,
            3711601.5126344254
          ],
          [
            8285702.0013782205,
            3711601.6030929806
          ]
        ]
      }
    },
    {
      "type": "Feature",
      "properties": {
        "Id": 0
      },
      "geometry": {
        "type": "LineString",
        "coordinates": [
          [
            8285701.955384916,
            3711610.4946843134
          ],
          [
            8285641.676089193,
            3711612.1929183663
          ],
          [
            8285669.809859957,
            3711627.942644417
          ],
          [
            8285698.602826249,
            3711645.3734785644
          ],
          [
            8285698.078863194,
            3711682.1126322225
          ],
          [
            8285698.367635587,
            3711690.838258665
          ],
          [
            8285697.828596293,
            3711698.2173936144
          ],
          [
            8285690.175207887,
            3711712.444721267
          ],
          [
            8285689.551539001,
            3711713.237233014
          ],
          [
            8285705.713834207,
            3711727.7472380474
          ],
          [
            8285722.309955211,
            3711743.007172649
          ],
          [
            8285738.242360638,
            3711759.6710164193
          ],
          [
            8285756.25350415,
            3711780.611831644
          ],
          [
            8285773.5004696995,
            3711805.4629521915
          ],
          [
            8285786.180963098,
            3711824.7047166596
          ],
          [
            8285813.101901642,
            3711874.719438887
          ],
          [
            8285813.54108639,
            3711875.2398125445
          ],
          [
            8285814.060400793,
            3711875.6793939937
          ],
          [
            8285814.645331581,
            3711876.0258982396
          ],
          [
            8285815.27953169,
            3711876.269641517
          ],
          [
            8285815.9452771265,
            3711876.4038119265
          ],
          [
            8285816.623962299,
            3711876.4246598007
          ],
          [
            8285817.2966199815,
            3711876.3316025017
          ],
          [
            8285817.944451409,
            3711876.127240707
          ],
          [
            8285818.549351628,
            3711875.817285723
          ],
          [
            8285819.094415491,
            3711875.410399869
          ],
          [
            8285823.446565061,
            3711871.505043872
          ],
          [
            8285827.190925391,
            3711867.008269245
          ],
          [
            8285830.795466458,
            3711862.045166752
          ],
          [
            8285833.901829589,
            3711856.7528756536
          ],
          [
            8285836.48047772,
            3711851.181719569
          ],
          [
            8285838.50689181,
            3711845.384673668
          ],
          [
            8285840.176695753,
            3711840.111888361
          ],
          [
            8285841.1980944155,
            3711834.6745792553
          ],
          [
            8285841.556022867,
            3711829.1529477388
          ],
          [
            8285841.245202509,
            3711823.6284387624
          ],
          [
            8285840.765419594,
            3711818.8253454575
          ],
          [
            8285839.92681446,
            3711814.0722429
          ],
          [
            8285839.39251335,
            3711811.5955410153
          ],
          [
            8285838.053923837,
            3711805.9535326096
          ],
          [
            8285836.845363403,
            3711801.6178815616
          ],
          [
            8285835.359721819,
            3711797.967985934
          ],
          [
            8285833.466616893,
            3711793.7662087316
          ],
          [
            8285825.146957531,
            3711775.9931397615
          ],
          [
            8285820.427164953,
            3711762.980514344
          ]
        ]
      }
    },
    {
      "type": "Feature",
      "properties": {
        "Id": 0
      },
      "geometry": {
        "type": "LineString",
        "coordinates": [
          [
            8285829.945597357,
            3711760.487511133
          ],
          [
            8285844.231159769,
            3711801.5876575867
          ],
          [
            8285846.288876542,
            3711805.871441573
          ],
          [
            8285847.827144897,
            3711810.370003252
          ],
          [
            8285848.824304124,
            3711815.019999267
          ],
          [
            8285849.266312743,
            3711819.755953802
          ],
          [
            8285850.000633659,
            3711825.2259622
          ],
          [
            8285850.158264818,
            3711830.7432477544
          ],
          [
            8285849.737456255,
            3711836.2465870003
          ],
          [
            8285848.742876779,
            3711841.6749110604
          ],
          [
            8285847.548222078,
            3711847.2778705317
          ],
          [
            8285845.736253795,
            3711852.71100634
          ],
          [
            8285843.329798551,
            3711857.9058708427
          ],
          [
            8285840.359172497,
            3711862.797018013
          ],
          [
            8285837.330751706,
            3711867.703214421
          ],
          [
            8285833.830684616,
            3711872.2815846833
          ],
          [
            8285829.893843448,
            3711876.486512078
          ],
          [
            8285823.2746607335,
            3711882.251011861
          ],
          [
            8285816.228271605,
            3711887.4792324295
          ],
          [
            8285810.479013372,
            3711890.4112279783
          ],
          [
            8285804.528341947,
            3711892.9046193724
          ],
          [
            8285798.409337522,
            3711894.9455453698
          ],
          [
            8285791.445685779,
            3711896.577669975
          ],
          [
            8285784.346517193,
            3711897.437561888
          ],
          [
            8285777.196377331,
            3711897.5149803255
          ],
          [
            8285769.7836379465,
            3711896.7012772406
          ],
          [
            8285762.4940846125,
            3711895.1229971293
          ],
          [
            8285755.405599558,
            3711892.7970027947
          ],
          [
            8285751.5841356525,
            3711891.6899731564
          ],
          [
            8285747.965004213,
            3711890.032945914
          ],
          [
            8285744.626115,
            3711887.8615924856
          ],
          [
            8285743.40237965,
            3711887.0720837885
          ],
          [
            8285742.061311019,
            3711886.5068957317
          ],
          [
            8285740.643239064,
            3711886.1830251794
          ],
          [
            8285739.19080945,
            3711886.110211867
          ],
          [
            8285737.747701073,
            3711886.2906455053
          ],
          [
            8285736.357312508,
            3711886.7188999215
          ],
          [
            8285729.278165612,
            3711890.6985723255
          ],
          [
            8285722.3639399065,
            3711894.960996211
          ],
          [
            8285708.985651603,
            3711903.2750147646
          ],
          [
            8285700.472585638,
            3711909.6902673948
          ],
          [
            8285698.548937455,
            3711911.398229739
          ],
          [
            8285697.847419425,
            3711912.5414217236
          ],
          [
            8285697.336484484,
            3711913.78248011
          ],
          [
            8285697.029234565,
            3711915.0895805503
          ],
          [
            8285696.933548522,
            3711916.4292051606
          ],
          [
            8285697.051880098,
            3711917.767002024
          ],
          [
            8285697.381194988,
            3711919.0686660684
          ],
          [
            8285697.913048652,
            3711920.3008187534
          ],
          [
            8285698.633802835,
            3711921.431863993
          ],
          [
            8285700.897267561,
            3711922.7768661715
          ],
          [
            8285704.391722895,
            3711924.114554153
          ],
          [
            8285720.053910083,
            3711933.8282292043
          ],
          [
            8285731.697602022,
            3711941.981568557
          ],
          [
            8285736.234721051,
            3711944.8200546764
          ],
          [
            8285738.2019211035,
            3711945.270137263
          ],
          [
            8285742.70687239,
            3711945.8654115186
          ],
          [
            8285752.548104819,
            3711947.104275542
          ],
          [
            8285766.016470923,
            3711949.417609824
          ],
          [
            8285775.422774703,
            3711950.1264111768
          ],
          [
            8285787.591797532,
            3711949.7940682108
          ],
          [
            8285798.27572539,
            3711948.882211144
          ],
          [
            8285808.790946934,
            3711946.7379906247
          ],
          [
            8285816.9434773205,
            3711944.4494982194
          ],
          [
            8285826.10739297,
            3711941.2426683167
          ],
          [
            8285832.4392538,
            3711938.516936206
          ],
          [
            8285841.2908642655,
            3711933.493165981
          ],
          [
            8285846.866177132,
            3711930.2236367576
          ],
          [
            8285853.015438697,
            3711925.989511485
          ],
          [
            8285862.773251998,
            3711917.9478290603
          ],
          [
            8285872.232632085,
            3711908.3652510094
          ],
          [
            8285879.236794682,
            3711899.6055237865
          ],
          [
            8285885.76610083,
            3711889.567875677
          ],
          [
            8285889.295091749,
            3711883.4103457937
          ],
          [
            8285892.3965141745,
            3711877.0245910883
          ],
          [
            8285895.055829795,
            3711870.4405473094
          ],
          [
            8285897.971264076,
            3711861.6059156563
          ],
          [
            8285900.181204992,
            3711852.567002684
          ],
          [
            8285901.596410894,
            3711845.3127896287
          ],
          [
            8285902.481914562,
            3711837.9742490724
          ],
          [
            8285902.833010465,
            3711830.5903857495
          ],
          [
            8285903.168578627,
            3711823.226266443
          ],
          [
            8285902.737975981,
            3711815.8671454256
          ],
          [
            8285901.545901004,
            3711808.5932975053
          ],
          [
            8285899.663446192,
            3711798.9318695925
          ],
          [
            8285896.917646559,
            3711789.4815734113
          ],
          [
            8285895.814373367,
            3711785.1484033726
          ],
          [
            8285894.284400611,
            3711780.948197226
          ],
          [
            8285892.343141725,
            3711776.9232678246
          ],
          [
            8285890.466391989,
            3711772.702373764
          ],
          [
            8285888.2046044525,
            3711768.6766040716
          ],
          [
            8285885.577651567,
            3711764.8813289674
          ]
        ]
      }
    },
    {
      "type": "Feature",
      "properties": {
        "Id": 0
      },
      "geometry": {
        "type": "LineString",
        "coordinates": [
          [
            8285892.6236965135,
            3711760.745368899
          ],
          [
            8285896.312095277,
            3711766.4162622695
          ],
          [
            8285899.52900138,
            3711772.369982537
          ],
          [
            8285902.253073453,
            3711778.567033648
          ],
          [
            8285904.466239453,
            3711784.966305203
          ],
          [
            8285906.960723237,
            3711794.7656637765
          ],
          [
            8285909.047982883,
            3711804.6606966127
          ],
          [
            8285910.724414353,
            3711814.634323052
          ],
          [
            8285911.428604931,
            3711823.5065434203
          ],
          [
            8285911.4183680555,
            3711832.4069392974
          ],
          [
            8285910.693768877,
            3711841.2775129457
          ],
          [
            8285909.259527571,
            3711850.060460698
          ],
          [
            8285906.178865534,
            3711862.2609540992
          ],
          [
            8285902.361104219,
            3711874.249185474
          ],
          [
            8285897.820547614,
            3711885.9802311794
          ],
          [
            8285892.831618386,
            3711894.4359623897
          ],
          [
            8285887.367704711,
            3711902.5898524267
          ],
          [
            8285881.446839063,
            3711910.4149891376
          ],
          [
            8285875.088562181,
            3711917.8855453194
          ],
          [
            8285868.323634914,
            3711924.4473317
          ],
          [
            8285861.170881357,
            3711930.579752874
          ],
          [
            8285853.657242313,
            3711936.2597099952
          ],
          [
            8285847.746039756,
            3711940.486399108
          ],
          [
            8285841.49215196,
            3711944.1817044457
          ],
          [
            8285834.942757274,
            3711947.3177485596
          ],
          [
            8285828.147263441,
            3711949.8708730475
          ],
          [
            8285818.454176427,
            3711953.1916882773
          ],
          [
            8285808.554067304,
            3711955.824535687
          ],
          [
            8285798.49522696,
            3711957.7565722824
          ],
          [
            8285788.382768815,
            3711958.558227397
          ],
          [
            8285778.246643228,
            3711958.956636561
          ],
          [
            8285770.973239067,
            3711958.4525932437
          ],
          [
            8285763.683566375,
            3711958.3308795756
          ],
          [
            8285760.790236129,
            3711960.0796672
          ],
          [
            8285758.225030407,
            3711962.2857711455
          ],
          [
            8285756.058779575,
            3711964.8882769337
          ],
          [
            8285755.998044059,
            3711965.18626301
          ],
          [
            8285760.259477785,
            3711969.881076799
          ],
          [
            8285769.0280484315,
            3711980.5105019733
          ],
          [
            8285775.978285126,
            3711990.6800733884
          ],
          [
            8285784.474286235,
            3712005.2769669467
          ],
          [
            8285822.441987162,
            3712005.195758176
          ],
          [
            8285872.721423043,
            3712005.5608859276
          ],
          [
            8285874.569941487,
            3712005.158190117
          ],
          [
            8285888.214682489,
            3711998.219726744
          ],
          [
            8285903.384071935,
            3711987.3720995816
          ],
          [
            8285920.837762123,
            3711971.1761306855
          ],
          [
            8285935.8975914065,
            3711955.0364196994
          ],
          [
            8285949.054300146,
            3711936.619027949
          ],
          [
            8285956.57193889,
            3711924.288438687
          ],
          [
            8285965.766186768,
            3711905.0945331873
          ],
          [
            8285969.022373147,
            3711896.9337420193
          ],
          [
            8285972.4953884585,
            3711886.506311956
          ],
          [
            8285977.871044366,
            3711865.1622663653
          ],
          [
            8285980.945337853,
            3711839.2020413363
          ],
          [
            8285980.60785962,
            3711811.7810088824
          ],
          [
            8285978.656858199,
            3711792.254421369
          ]
        ]
      }
    },
    {
      "type": "Feature",
      "properties": {
        "Id": 0
      },
      "geometry": {
        "type": "LineString",
        "coordinates": [
          [
            8285987.066989504,
            3711792.504316734
          ],
          [
            8285989.751471808,
            3711815.676873652
          ],
          [
            8285989.250316011,
            3711846.59827906
          ],
          [
            8285985.917718484,
            3711869.602208009
          ],
          [
            8285980.8255210295,
            3711889.02356926
          ],
          [
            8285970.845808104,
            3711914.673100241
          ],
          [
            8285958.760294661,
            3711937.5628956365
          ],
          [
            8285943.255858758,
            3711960.3662092006
          ],
          [
            8285930.0498578455,
            3711975.07244819
          ],
          [
            8285913.420334524,
            3711990.5855173497
          ],
          [
            8285907.50983325,
            3711996.258580522
          ],
          [
            8285905.925643451,
            3711998.4494020767
          ],
          [
            8285905.165260304,
            3712000.0260247616
          ],
          [
            8285904.813768616,
            3712001.8796606124
          ],
          [
            8285905.483443127,
            3712004.6319868
          ],
          [
            8285906.299454988,
            3712005.5296086194
          ],
          [
            8285921.205939067,
            3712005.882100725
          ],
          [
            8285995.679544965,
            3712005.78851337
          ],
          [
            8285997.258412316,
            3712004.628465792
          ],
          [
            8286009.239807339,
            3711988.6787755997
          ],
          [
            8286027.794460793,
            3711957.8508481877
          ],
          [
            8286038.716269483,
            3711935.1610606895
          ],
          [
            8286047.87807429,
            3711908.9574173028
          ],
          [
            8286057.647004419,
            3711871.074527706
          ],
          [
            8286060.8509955555,
            3711859.7523335605
          ],
          [
            8286063.165988567,
            3711848.425531632
          ],
          [
            8286063.02622418,
            3711835.711589139
          ],
          [
            8286063.3195964135,
            3711812.7434560833
          ],
          [
            8286063.533868749,
            3711771.083183825
          ]
        ]
      }
    },
    {
      "type": "Feature",
      "properties": {
        "Id": 0
      },
      "geometry": {
        "type": "LineString",
        "coordinates": [
          [
            8286072.247616842,
            3711771.300236533
          ],
          [
            8286072.054133497,
            3711795.626028202
          ],
          [
            8286072.0392957395,
            3711825.106794097
          ],
          [
            8286071.664159972,
            3711858.15920813
          ],
          [
            8286071.548068376,
            3711894.0305910963
          ],
          [
            8286071.412890596,
            3711933.6128909565
          ],
          [
            8286071.395749927,
            3711950.243198218
          ],
          [
            8286070.84988716,
            3712014.56846748
          ],
          [
            8286011.226370365,
            3712014.596910098
          ],
          [
            8285885.91167761,
            3712014.079532299
          ],
          [
            8285804.857324019,
            3712013.4811520465
          ],
          [
            8285791.332163174,
            3712013.674495001
          ],
          [
            8285790.454564482,
            3712014.1097316253
          ],
          [
            8285789.970635575,
            3712014.591003278
          ],
          [
            8285789.7490774775,
            3712015.1176250745
          ],
          [
            8285789.614143245,
            3712015.8206246407
          ],
          [
            8285789.958366804,
            3712016.965938527
          ],
          [
            8285791.903542824,
            3712021.682103915
          ],
          [
            8285794.758499838,
            3712028.206258281
          ],
          [
            8285797.781028805,
            3712036.1826802506
          ],
          [
            8285801.909232717,
            3712050.4102578657
          ],
          [
            8285803.281138281,
            3712055.95909489
          ],
          [
            8285804.006314976,
            3712059.613351306
          ],
          [
            8285805.792718786,
            3712069.6504824967
          ],
          [
            8285806.799277112,
            3712078.144195288
          ],
          [
            8285807.769111508,
            3712085.2742890646
          ],
          [
            8285808.3786638845,
            3712085.8932120088
          ],
          [
            8285810.298261547,
            3712087.090729245
          ],
          [
            8285811.259991109,
            3712087.315653212
          ],
          [
            8285825.57212393,
            3712087.3023175043
          ],
          [
            8285864.304660204,
            3712087.6801226023
          ],
          [
            8285874.808872587,
            3712087.690868622
          ],
          [
            8285896.998315739,
            3712087.850429083
          ],
          [
            8285922.95168856,
            3712088.0295432345
          ],
          [
            8285969.081925187,
            3712088.2256122846
          ],
          [
            8285991.227379807,
            3712088.4287529993
          ],
          [
            8286031.055681897,
            3712088.5038506184
          ],
          [
            8286057.271887967,
            3712088.6400610404
          ],
          [
            8286073.727685847,
            3712088.813494206
          ],
          [
            8286095.042936627,
            3712088.7482431987
          ],
          [
            8286105.634233978,
            3712088.847204559
          ]
        ]
      }
    },
    {
      "type": "Feature",
      "properties": {
        "Id": 0
      },
      "geometry": {
        "type": "LineString",
        "coordinates": [
          [
            8286105.488966624,
            3712091.223223866
          ],
          [
            8286089.212900011,
            3712091.5046585733
          ],
          [
            8286081.565704172,
            3712091.5212490093
          ],
          [
            8286058.541243336,
            3712091.345374322
          ],
          [
            8286038.737862889,
            3712091.214341687
          ],
          [
            8286023.948098542,
            3712091.1656317534
          ],
          [
            8285993.780202536,
            3712091.093246618
          ],
          [
            8285964.229122025,
            3712090.911401919
          ],
          [
            8285945.966475559,
            3712090.7600844624
          ],
          [
            8285916.611327496,
            3712090.6072914656
          ],
          [
            8285890.589301541,
            3712090.4999361206
          ],
          [
            8285860.366117488,
            3712090.2861890947
          ],
          [
            8285831.627353689,
            3712090.1082536415
          ],
          [
            8285812.831784028,
            3712090.094698711
          ],
          [
            8285812.866135073,
            3712090.4032031666
          ],
          [
            8285816.250418051,
            3712090.478498658
          ],
          [
            8285828.721797059,
            3712090.5319944634
          ],
          [
            8285855.841817642,
            3712090.7147451
          ],
          [
            8285891.117030858,
            3712091.030465557
          ],
          [
            8285921.885192065,
            3712091.1466945205
          ],
          [
            8285946.3502811,
            3712091.361992635
          ],
          [
            8285977.687638265,
            3712091.4370600064
          ],
          [
            8286004.122002296,
            3712091.70646549
          ],
          [
            8286028.150561589,
            3712091.699420115
          ],
          [
            8286059.750070346,
            3712091.863601005
          ],
          [
            8286095.550726006,
            3712092.13747357
          ],
          [
            8286105.618183058,
            3712091.9698250145
          ]
        ]
      }
    },
    {
      "type": "Feature",
      "properties": {
        "Id": 0
      },
      "geometry": {
        "type": "LineString",
        "coordinates": [
          [
            8286066.619504163,
            3712100.7835976235
          ],
          [
            8286001.232335256,
            3712100.399830359
          ],
          [
            8285968.232274265,
            3712100.22821095
          ],
          [
            8285968.111721793,
            3712100.33342161
          ],
          [
            8285968.009936289,
            3712100.457045173
          ],
          [
            8285967.92966431,
            3712100.595745817
          ],
          [
            8285967.87307189,
            3712100.7457808773
          ],
          [
            8285967.84168611,
            3712100.9031018484
          ],
          [
            8285967.836353875,
            3712101.0634636213
          ],
          [
            8285967.85721907,
            3712101.2225390365
          ],
          [
            8285967.903718673,
            3712101.376035639
          ],
          [
            8285967.974597955,
            3712101.519811521
          ],
          [
            8285968.0679443255,
            3712101.649987068
          ],
          [
            8285968.18123895,
            3712101.7630496537
          ],
          [
            8285968.311424718,
            3712101.85594843
          ],
          [
            8285996.32209016,
            3712102.001625735
          ],
          [
            8286025.6457572095,
            3712102.1540622544
          ],
          [
            8286053.874354159,
            3712102.476666205
          ],
          [
            8286066.829741531,
            3712102.4559972696
          ],
          [
            8286066.96007452,
            3712102.3718641484
          ],
          [
            8286067.074034537,
            3712102.266425148
          ],
          [
            8286067.168213624,
            3712102.142833413
          ],
          [
            8286067.239795359,
            3712102.0047849417
          ],
          [
            8286067.286639103,
            3712101.8564080587
          ],
          [
            8286067.307344,
            3712101.702139961
          ],
          [
            8286067.301290872,
            3712101.54659402
          ],
          [
            8286067.268660737,
            3712101.39442182
          ],
          [
            8286067.210429397,
            3712101.250174053
          ],
          [
            8286067.128338257,
            3712101.118164435
          ],
          [
            8286067.024842241,
            3712101.0023406977
          ],
          [
            8286066.903036391,
            3712100.906166536
          ],
          [
            8286066.7665632935,
            3712100.8325180276
          ],
          [
            8286066.619504163,
            3712100.7835976235
          ]
        ]
      }
    },
    {
      "type": "Feature",
      "properties": {
        "Id": 0
      },
      "geometry": {
        "type": "LineString",
        "coordinates": [
          [
            8285931.044222925,
            3712100.1121117147
          ],
          [
            8285891.970226121,
            3712099.7397780507
          ],
          [
            8285854.996160903,
            3712099.54715185
          ],
          [
            8285816.817494996,
            3712099.3762798235
          ],
          [
            8285813.130518215,
            3712098.8809975614
          ],
          [
            8285809.554326466,
            3712097.852484665
          ],
          [
            8285806.164867011,
            3712096.31258371
          ],
          [
            8285803.034121407,
            3712094.2939976277
          ],
          [
            8285801.360025318,
            3712093.018591867
          ],
          [
            8285801.134195597,
            3712093.3551937947
          ],
          [
            8285800.836981208,
            3712107.5122548346
          ],
          [
            8285801.623315365,
            3712107.1222792747
          ],
          [
            8285806.31621608,
            3712104.219327332
          ],
          [
            8285810.584303089,
            3712102.214905599
          ],
          [
            8285812.912676364,
            3712101.55148769
          ],
          [
            8285815.491546419,
            3712101.199007273
          ],
          [
            8285819.88936485,
            3712101.1937908116
          ],
          [
            8285834.455051845,
            3712101.24158202
          ],
          [
            8285861.23295056,
            3712101.4374420084
          ],
          [
            8285888.487467731,
            3712101.5512802666
          ],
          [
            8285922.8565493245,
            3712101.730243829
          ],
          [
            8285931.035807897,
            3712101.7446714137
          ],
          [
            8285931.16973567,
            3712101.7028769376
          ],
          [
            8285931.294785252,
            3712101.639091662
          ],
          [
            8285931.407410344,
            3712101.5551244817
          ],
          [
            8285931.504416998,
            3712101.4533566344
          ],
          [
            8285931.583054189,
            3712101.3366741696
          ],
          [
            8285931.641091832,
            3712101.2083861
          ],
          [
            8285931.676884033,
            3712101.0721305674
          ],
          [
            8285931.689415755,
            3712100.931771657
          ],
          [
            8285931.678331611,
            3712100.79128983
          ],
          [
            8285931.643945939,
            3712100.6546690296
          ],
          [
            8285931.587233886,
            3712100.5257836976
          ],
          [
            8285931.509803758,
            3712100.4082889156
          ],
          [
            8285931.413851407,
            3712100.3055167305
          ],
          [
            8285931.3020979585,
            3712100.2203816716
          ],
          [
            8285931.177712644,
            3712100.155298095
          ],
          [
            8285931.044222925,
            3712100.1121117147
          ]
        ]
      }
    },
    {
      "type": "Feature",
      "properties": {
        "Id": 0
      },
      "geometry": {
        "type": "LineString",
        "coordinates": [
          [
            8286074.905237826,
            3712117.7938357024
          ],
          [
            8286074.56784895,
            3712138.2094463087
          ],
          [
            8286074.447276876,
            3712194.6322450885
          ],
          [
            8286073.970097328,
            3712214.279994422
          ],
          [
            8286073.960709493,
            3712216.1053782217
          ],
          [
            8286108.012116966,
            3712223.0470117726
          ]
        ]
      }
    },
    {
      "type": "Feature",
      "properties": {
        "Id": 0
      },
      "geometry": {
        "type": "LineString",
        "coordinates": [
          [
            8286107.663960535,
            3712228.414128636
          ],
          [
            8286081.728417424,
            3712222.4810429723
          ],
          [
            8286074.250896864,
            3712222.0126983146
          ],
          [
            8286074.48116582,
            3712260.348058512
          ],
          [
            8286074.3718166,
            3712323.164235699
          ],
          [
            8286073.671498829,
            3712345.4740424203
          ]
        ]
      }
    },
    {
      "type": "Feature",
      "properties": {
        "Id": 0
      },
      "geometry": {
        "type": "LineString",
        "coordinates": [
          [
            8286064.782277275,
            3712345.2217042353
          ],
          [
            8286065.084507599,
            3712286.4653429063
          ],
          [
            8286064.955864785,
            3712284.8840558673
          ],
          [
            8286064.4140755,
            3712283.8504034444
          ],
          [
            8286063.87193282,
            3712282.885471796
          ],
          [
            8286062.711837901,
            3712282.3983881255
          ],
          [
            8286060.116335096,
            3712281.7664030716
          ],
          [
            8286012.793283145,
            3712281.4517657864
          ],
          [
            8285972.7875825185,
            3712281.1750089503
          ],
          [
            8285968.0671497695,
            3712281.494066081
          ],
          [
            8285961.979342507,
            3712281.7372849365
          ],
          [
            8285956.643077457,
            3712282.121856174
          ],
          [
            8285948.978132484,
            3712283.1815328277
          ],
          [
            8285939.051829632,
            3712285.122828663
          ],
          [
            8285930.62860854,
            3712287.346830901
          ],
          [
            8285911.716389569,
            3712294.5329666743
          ],
          [
            8285891.001641289,
            3712306.451551506
          ],
          [
            8285878.023758135,
            3712316.6236298904
          ],
          [
            8285859.87004164,
            3712335.840141592
          ],
          [
            8285851.25963251,
            3712347.8217689735
          ],
          [
            8285848.16200932,
            3712351.722829714
          ],
          [
            8285846.927499842,
            3712352.4036243884
          ],
          [
            8285845.356377061,
            3712352.05182062
          ],
          [
            8285831.768692451,
            3712347.8576146294
          ],
          [
            8285813.209014246,
            3712339.7202639654
          ],
          [
            8285794.654686156,
            3712330.5520763635
          ],
          [
            8285768.136798154,
            3712314.0577018564
          ],
          [
            8285749.614161306,
            3712298.7733159387
          ],
          [
            8285724.542063258,
            3712277.961213708
          ],
          [
            8285724.242657452,
            3712277.7098474065
          ],
          [
            8285723.904591259,
            3712277.5141471787
          ],
          [
            8285723.537999543,
            3712277.3799799024
          ],
          [
            8285723.153872345,
            3712277.311367768
          ],
          [
            8285722.763725381,
            3712277.3103676965
          ],
          [
            8285722.379254845,
            3712277.377009666
          ],
          [
            8285722.011986754,
            3712277.5092958217
          ],
          [
            8285721.672931418,
            3712277.7032603705
          ],
          [
            8285721.372253358,
            3712277.9530884614
          ],
          [
            8285721.118966582,
            3712278.2512905146
          ],
          [
            8285720.920664366,
            3712278.588926753
          ],
          [
            8285720.783291605,
            3712278.955875202
          ],
          [
            8285720.710966596,
            3712279.341135136
          ],
          [
            8285720.705857571,
            3712279.733156868
          ],
          [
            8285720.768117701,
            3712280.1201879936
          ],
          [
            8285720.8958805,
            3712280.490625728
          ],
          [
            8285721.085315777,
            3712280.833364732
          ],
          [
            8285721.330744464,
            3712281.138130039
          ],
          [
            8285721.624808866,
            3712281.3957851003
          ],
          [
            8285721.958693243,
            3712281.5986056845
          ],
          [
            8285726.736015353,
            3712287.636776167
          ],
          [
            8285735.323991699,
            3712300.674485033
          ],
          [
            8285745.836468858,
            3712313.507490401
          ],
          [
            8285753.703702353,
            3712321.2798651406
          ],
          [
            8285776.388717819,
            3712335.894469781
          ],
          [
            8285793.963639078,
            3712346.831489518
          ],
          [
            8285811.65321014,
            3712356.265777229
          ],
          [
            8285821.250700109,
            3712360.0741122304
          ],
          [
            8285833.205646919,
            3712362.606175564
          ],
          [
            8285838.43818967,
            3712363.277731625
          ],
          [
            8285844.847240785,
            3712363.7406586655
          ],
          [
            8285848.4841725165,
            3712363.0079577626
          ],
          [
            8285852.981481427,
            3712361.205943478
          ],
          [
            8285860.270303446,
            3712356.841364386
          ],
          [
            8285874.764899492,
            3712343.494446086
          ],
          [
            8285887.640588576,
            3712333.253094202
          ]
        ]
      }
    },
    {
      "type": "Feature",
      "properties": {
        "Id": 0
      },
      "geometry": {
        "type": "LineString",
        "coordinates": [
          [
            8285889.215154543,
            3712338.7376463227
          ],
          [
            8285876.3389069345,
            3712349.0863810186
          ],
          [
            8285866.390788201,
            3712357.7279992416
          ],
          [
            8285857.671613722,
            3712364.2799685113
          ],
          [
            8285852.598926282,
            3712366.5901135365
          ],
          [
            8285848.901423606,
            3712367.4642413747
          ],
          [
            8285842.126865168,
            3712368.2536058854
          ],
          [
            8285833.924341339,
            3712367.454893107
          ],
          [
            8285824.972756563,
            3712366.033762235
          ],
          [
            8285817.802071487,
            3712364.072127973
          ],
          [
            8285813.500797264,
            3712362.675237939
          ],
          [
            8285805.382638869,
            3712358.784412931
          ],
          [
            8285789.083631602,
            3712349.902856848
          ],
          [
            8285768.226532869,
            3712336.393068586
          ],
          [
            8285759.293094558,
            3712331.467124462
          ],
          [
            8285752.791082443,
            3712327.050721711
          ],
          [
            8285746.756299605,
            3712322.0089437487
          ],
          [
            8285741.248083065,
            3712316.3913651314
          ],
          [
            8285729.507808271,
            3712300.4413642646
          ],
          [
            8285718.299759524,
            3712284.1093443977
          ],
          [
            8285718.957965807,
            3712315.5190196545
          ],
          [
            8285718.645964111,
            3712349.3977316394
          ],
          [
            8285719.009866241,
            3712371.5971477753
          ]
        ]
      }
    },
    {
      "type": "Feature",
      "properties": {
        "Id": 0
      },
      "geometry": {
        "type": "LineString",
        "coordinates": [
          [
            8286053.442799342,
            3712342.688775169
          ],
          [
            8286052.069610976,
            3712330.448975397
          ],
          [
            8286051.3661490055,
            3712320.961576954
          ],
          [
            8286051.456102926,
            3712316.7699569897
          ],
          [
            8286051.72474862,
            3712314.1736521213
          ],
          [
            8286051.582426958,
            3712311.5672715064
          ],
          [
            8286051.032702689,
            3712309.0160928033
          ],
          [
            8286050.089344085,
            3712306.584011047
          ],
          [
            8286048.775978075,
            3712304.3319383734
          ],
          [
            8286047.125498487,
            3712302.3162784823
          ],
          [
            8286045.179242194,
            3712300.5875140023
          ],
          [
            8286041.750513397,
            3712299.0003443444
          ],
          [
            8286038.135416981,
            3712297.907870699
          ],
          [
            8286034.404241913,
            3712297.3313340764
          ],
          [
            8286030.62953404,
            3712297.2819440854
          ],
          [
            8286015.005662905,
            3712296.911792793
          ],
          [
            8285999.377607048,
            3712296.9820419606
          ],
          [
            8285989.054349399,
            3712296.4698406663
          ],
          [
            8285978.719942465,
            3712296.642378463
          ],
          [
            8285968.41931456,
            3712297.4989052545
          ],
          [
            8285958.197247168,
            3712299.035697452
          ],
          [
            8285944.299062328,
            3712302.4075068864
          ],
          [
            8285930.263314533,
            3712305.1440856815
          ],
          [
            8285922.866449365,
            3712306.3170535937
          ],
          [
            8285915.57303928,
            3712308.0230850587
          ],
          [
            8285908.421075583,
            3712310.253293586
          ],
          [
            8285903.678505706,
            3712312.7535838005
          ],
          [
            8285899.326029016,
            3712315.889528453
          ],
          [
            8285895.447455849,
            3712319.6007431685
          ],
          [
            8285891.392645885,
            3712326.33950589
          ],
          [
            8285887.640588576,
            3712333.253094202
          ]
        ]
      }
    },
    {
      "type": "Feature",
      "properties": {
        "Id": 0
      },
      "geometry": {
        "type": "LineString",
        "coordinates": [
          [
            8285889.215154543,
            3712338.7376463227
          ],
          [
            8285893.070460195,
            3712335.2059798776
          ],
          [
            8285896.324198001,
            3712331.1082814303
          ],
          [
            8285898.895169485,
            3712326.5468121762
          ],
          [
            8285899.789851435,
            3712323.8744715345
          ],
          [
            8285901.105814151,
            3712321.3842963334
          ],
          [
            8285902.807897387,
            3712319.1428191396
          ],
          [
            8285904.850624582,
            3712317.209927738
          ],
          [
            8285907.179417902,
            3712315.637265064
          ],
          [
            8285917.609444074,
            3712312.487093853
          ],
          [
            8285928.214897971,
            3712309.9976849887
          ],
          [
            8285938.954369183,
            3712308.1787582957
          ],
          [
            8285950.743954678,
            3712305.271502814
          ],
          [
            8285962.636645427,
            3712302.824795395
          ],
          [
            8285971.805862668,
            3712301.53051051
          ],
          [
            8285981.053458817,
            3712301.0641126735
          ],
          [
            8285990.305559335,
            3712301.4293276425
          ],
          [
            8286010.548953668,
            3712301.344029934
          ],
          [
            8286030.79038684,
            3712301.6397950123
          ],
          [
            8286033.971456059,
            3712301.6862349943
          ],
          [
            8286037.09677766,
            3712302.2838710346
          ],
          [
            8286040.072488265,
            3712303.4147543036
          ],
          [
            8286042.809217737,
            3712305.0449209157
          ],
          [
            8286044.482643149,
            3712307.2811428234
          ],
          [
            8286045.786386472,
            3712309.7534055877
          ],
          [
            8286046.688185765,
            3712312.400532092
          ],
          [
            8286047.165725327,
            3712315.15701807
          ],
          [
            8286047.207187922,
            3712317.954653018
          ],
          [
            8286046.825809082,
            3712323.625961283
          ],
          [
            8286047.030853565,
            3712329.3064706866
          ],
          [
            8286047.820117904,
            3712334.9351143143
          ],
          [
            8286048.4276163345,
            3712339.5987322596
          ],
          [
            8286049.742488847,
            3712344.112731301
          ]
        ]
      }
    },
    {
      "type": "Feature",
      "properties": {
        "Id": 0
      },
      "geometry": {
        "type": "LineString",
        "coordinates": [
          [
            8285710.71178903,
            3712370.73181378
          ],
          [
            8285710.204302557,
            3712343.6023932905
          ],
          [
            8285710.34961659,
            3712294.8529670252
          ],
          [
            8285709.043460876,
            3712277.0925343474
          ],
          [
            8285708.6677962905,
            3712276.625723221
          ],
          [
            8285708.221237294,
            3712276.2269121106
          ],
          [
            8285707.7158012735,
            3712275.906833443
          ],
          [
            8285707.165090048,
            3712275.6741008693
          ],
          [
            8285706.5839238465,
            3712275.534977461
          ],
          [
            8285705.987942462,
            3712275.4932071767
          ],
          [
            8285695.368046799,
            3712280.891543861
          ],
          [
            8285686.741792024,
            3712285.071205528
          ],
          [
            8285677.870016593,
            3712288.6949328114
          ],
          [
            8285668.78815895,
            3712291.748250116
          ],
          [
            8285658.721634712,
            3712294.7357042986
          ],
          [
            8285648.452794315,
            3712296.9198370213
          ],
          [
            8285645.058275839,
            3712297.7227018327
          ],
          [
            8285641.746370282,
            3712298.8199987225
          ],
          [
            8285641.145943674,
            3712299.2499064812
          ],
          [
            8285640.620419744,
            3712299.769506248
          ],
          [
            8285640.182925487,
            3712300.365819018
          ],
          [
            8285639.844389033,
            3712301.023949582
          ],
          [
            8285639.613266653,
            3712301.727458591
          ],
          [
            8285639.495331547,
            3712302.4587731855
          ],
          [
            8285639.433380642,
            3712314.421690698
          ],
          [
            8285639.4269865565,
            3712341.011872204
          ],
          [
            8285639.269985404,
            3712358.123051697
          ]
        ]
      }
    },
    {
      "type": "Feature",
      "properties": {
        "Id": 0
      },
      "geometry": {
        "type": "LineString",
        "coordinates": [
          [
            8286065.51693042,
            3712268.8746253746
          ],
          [
            8286065.871443056,
            3712226.5435007806
          ],
          [
            8286065.847626286,
            3712225.6428383924
          ],
          [
            8286065.675918813,
            3712224.7585346974
          ],
          [
            8286065.361048978,
            3712223.9149407847
          ],
          [
            8286064.911687391,
            3712223.1352867023
          ],
          [
            8286064.340208149,
            3712222.4410417792
          ],
          [
            8286063.662348102,
            3712221.851323431
          ],
          [
            8286062.896773495,
            3712221.382370714
          ],
          [
            8286062.06456597,
            3712221.0470971665
          ],
          [
            8286061.188642024,
            3712220.8547352063
          ],
          [
            8286060.293121975,
            3712220.810581889
          ],
          [
            8286038.824134648,
            3712219.874376447
          ],
          [
            8286014.957393548,
            3712219.750335475
          ],
          [
            8285969.275850831,
            3712219.4440645673
          ],
          [
            8285947.860387532,
            3712221.394308309
          ],
          [
            8285929.653041985,
            3712224.529491498
          ],
          [
            8285911.642696019,
            3712229.2462851056
          ],
          [
            8285890.674718463,
            3712237.2463181815
          ],
          [
            8285867.497789292,
            3712249.2207059595
          ],
          [
            8285852.881514963,
            3712258.834394542
          ],
          [
            8285835.231740037,
            3712273.1741092307
          ],
          [
            8285826.916186863,
            3712281.0338438186
          ],
          [
            8285814.39498052,
            3712295.4690143834
          ],
          [
            8285804.61595088,
            3712308.612760404
          ],
          [
            8285798.54930187,
            3712317.996126956
          ],
          [
            8285798.249599532,
            3712318.5997472154
          ],
          [
            8285798.055954714,
            3712319.2456523115
          ],
          [
            8285797.973961731,
            3712319.915182373
          ],
          [
            8285798.005989341,
            3712320.588995006
          ],
          [
            8285798.151112301,
            3712321.247624089
          ],
          [
            8285798.405138095,
            3712321.872042143
          ],
          [
            8285798.760728054,
            3712322.444210015
          ],
          [
            8285799.207609368,
            3712322.947598042
          ],
          [
            8285806.914825893,
            3712326.951726671
          ],
          [
            8285830.013767522,
            3712337.5400355393
          ],
          [
            8285840.756051876,
            3712342.3461603886
          ],
          [
            8285841.368535025,
            3712342.5032728463
          ],
          [
            8285841.997803304,
            3712342.5635813638
          ],
          [
            8285842.628798566,
            3712342.5256427797
          ],
          [
            8285843.246421338,
            3712342.3903649473
          ],
          [
            8285843.835892146,
            3712342.1609850223
          ],
          [
            8285844.383105185,
            3712341.8429919775
          ],
          [
            8285844.874965865,
            3712341.443995268
          ],
          [
            8285849.595463967,
            3712335.4136219225
          ],
          [
            8285854.042166015,
            3712329.176644709
          ],
          [
            8285865.178881877,
            3712316.9195619477
          ],
          [
            8285873.558014614,
            3712309.287014165
          ],
          [
            8285882.281552745,
            3712302.0546109593
          ],
          [
            8285891.806643916,
            3712295.8442908074
          ],
          [
            8285901.644886177,
            3712290.148249994
          ],
          [
            8285909.53787563,
            3712286.268866247
          ],
          [
            8285917.631779849,
            3712282.832866704
          ],
          [
            8285925.901956628,
            3712279.8507119734
          ],
          [
            8285933.281650794,
            3712277.6652919115
          ],
          [
            8285940.785035451,
            3712275.957337905
          ],
          [
            8285948.381551913,
            3712274.7338056634
          ],
          [
            8285955.884337083,
            3712273.6222130903
          ],
          [
            8285963.439281884,
            3712272.9569852776
          ],
          [
            8285971.020111822,
            3712272.740435684
          ],
          [
            8286021.660662995,
            3712272.651898001
          ],
          [
            8286048.314483709,
            3712272.878372615
          ],
          [
            8286061.663278375,
            3712272.991701597
          ],
          [
            8286062.383091515,
            3712272.7850232935
          ],
          [
            8286063.062954986,
            3712272.470093958
          ],
          [
            8286063.6868551485,
            3712272.054331504
          ],
          [
            8286064.240096526,
            3712271.5475289077
          ],
          [
            8286064.709647967,
            3712270.961623508
          ],
          [
            8286065.084449572,
            3712270.310415853
          ],
          [
            8286065.3556731995,
            3712269.6092446325
          ],
          [
            8286065.51693042,
            3712268.874625376
          ]
        ]
      }
    },
    {
      "type": "Feature",
      "properties": {
        "Id": 0
      },
      "geometry": {
        "type": "LineString",
        "coordinates": [
          [
            8286014.614848432,
            3712120.230635601
          ],
          [
            8286013.632310452,
            3712207.3090324923
          ],
          [
            8286014.01844425,
            3712208.186838149
          ],
          [
            8286014.543020675,
            3712208.9888519812
          ],
          [
            8286015.19174588,
            3712209.693220369
          ],
          [
            8286015.94694315,
            3712210.280750376
          ],
          [
            8286016.788034571,
            3712210.7354327184
          ],
          [
            8286017.692101737,
            3712211.0448780064
          ],
          [
            8286018.634510242,
            3712211.2006543293
          ],
          [
            8286039.840629363,
            3712211.7807856062
          ],
          [
            8286061.054115721,
            3712211.6358297486
          ],
          [
            8286062.068049795,
            3712211.3853285266
          ],
          [
            8286063.0263467,
            3712210.968728613
          ],
          [
            8286063.902270107,
            3712210.3976530964
          ],
          [
            8286064.671381889,
            3712209.6880349163
          ],
          [
            8286065.31222397,
            3712208.859672339
          ],
          [
            8286065.806916977,
            3712207.935676566
          ],
          [
            8286066.141659097,
            3712206.941826949
          ],
          [
            8286066.307111116,
            3712205.90585174
          ],
          [
            8286066.298656996,
            3712204.8566544633
          ],
          [
            8286066.116532654,
            3712203.823507538
          ],
          [
            8286066.193039761,
            3712168.174365396
          ],
          [
            8286065.834312906,
            3712119.4444131907
          ]
        ]
      }
    },
    {
      "type": "Feature",
      "properties": {
        "Id": 0
      },
      "geometry": {
        "type": "LineString",
        "coordinates": [
          [
            8285953.255313293,
            3712207.9614282865
          ],
          [
            8285953.574674877,
            3712209.755019444
          ],
          [
            8285954.357042839,
            3712210.814662266
          ],
          [
            8285955.359379309,
            3712211.655538803
          ],
          [
            8285956.452875857,
            3712211.793174871
          ],
          [
            8285975.889526982,
            3712211.102609865
          ],
          [
            8285997.117228533,
            3712211.0810592244
          ],
          [
            8286001.581694761,
            3712211.0602900283
          ],
          [
            8286002.32686697,
            3712210.84425354
          ],
          [
            8286003.206057669,
            3712210.1011277903
          ],
          [
            8286004.218134506,
            3712209.050817764
          ],
          [
            8286004.489115121,
            3712207.4248867007
          ],
          [
            8286004.966185953,
            3712199.774474082
          ],
          [
            8286004.977993716,
            3712171.9778608102
          ],
          [
            8286005.780591964,
            3712117.7859014883
          ]
        ]
      }
    },
    {
      "type": "Feature",
      "properties": {
        "Id": 0
      },
      "geometry": {
        "type": "LineString",
        "coordinates": [
          [
            8285892.315653989,
            3712224.060194035
          ],
          [
            8285892.362663133,
            3712224.4171824786
          ],
          [
            8285892.4669344835,
            3712224.761701281
          ],
          [
            8285892.6256805165,
            3712225.084540268
          ],
          [
            8285892.834657408,
            3712225.3770688404
          ],
          [
            8285893.088278487,
            3712225.6314666956
          ],
          [
            8285893.379763588,
            3712225.8409329
          ],
          [
            8285893.701320311,
            3712225.999867691
          ],
          [
            8285894.044352334,
            3712226.104022197
          ],
          [
            8285894.399689226,
            3712226.1506120022
          ],
          [
            8285894.757831605,
            3712226.1383916
          ],
          [
            8285895.109205085,
            3712226.067687686
          ],
          [
            8285908.137783434,
            3712221.5603535264
          ],
          [
            8285921.345366899,
            3712217.6140257916
          ],
          [
            8285929.597459284,
            3712215.717667643
          ],
          [
            8285937.913210105,
            3712214.126713205
          ],
          [
            8285938.987354273,
            3712213.9893030543
          ],
          [
            8285940.024099073,
            3712213.6752949497
          ],
          [
            8285940.994899023,
            3712213.19333473
          ],
          [
            8285941.873024348,
            3712212.5566925914
          ],
          [
            8285942.634296978,
            3712211.7828977127
          ],
          [
            8285943.257756238,
            3712210.8932555895
          ],
          [
            8285943.726235985,
            3712209.9122614325
          ],
          [
            8285944.026837261,
            3712208.8669257024
          ],
          [
            8285944.74427081,
            3712175.815361216
          ],
          [
            8285944.894290777,
            3712127.5954242605
          ],
          [
            8285944.8450484155,
            3712116.047265986
          ]
        ]
      }
    },
    {
      "type": "Feature",
      "properties": {
        "Id": 0
      },
      "geometry": {
        "type": "LineString",
        "coordinates": [
          [
            8285892.315653989,
            3712224.0601940346
          ],
          [
            8285892.291262639,
            3712189.011791004
          ]
        ]
      }
    },
    {
      "type": "Feature",
      "properties": {
        "Id": 0
      },
      "geometry": {
        "type": "LineString",
        "coordinates": [
          [
            8285844.704662828,
            3712253.6910366463
          ],
          [
            8285851.879602658,
            3712242.0748833264
          ],
          [
            8285857.33917849,
            3712231.744634552
          ],
          [
            8285866.624228837,
            3712212.905299225
          ],
          [
            8285875.3247976545,
            3712193.3310781005
          ],
          [
            8285883.073551,
            3712173.639329485
          ],
          [
            8285883.839281186,
            3712171.8136657593
          ],
          [
            8285883.959733539,
            3712175.6143408534
          ],
          [
            8285883.8379242625,
            3712193.7976542977
          ],
          [
            8285883.576204886,
            3712211.95211713
          ],
          [
            8285883.684592894,
            3712223.5217569605
          ],
          [
            8285883.732483522,
            3712225.0983289513
          ],
          [
            8285883.616374116,
            3712225.8858854654
          ],
          [
            8285883.073711578,
            3712227.9097594996
          ],
          [
            8285882.2235091785,
            3712229.819437292
          ],
          [
            8285881.7432571985,
            3712230.605097198
          ],
          [
            8285881.094503789,
            3712231.4743252606
          ],
          [
            8285880.389873578,
            3712232.3151136315
          ],
          [
            8285870.586309513,
            3712237.6404298632
          ],
          [
            8285857.408926452,
            3712245.368943889
          ],
          [
            8285850.268130479,
            3712250.3703411072
          ],
          [
            8285845.122357986,
            3712254.171741415
          ],
          [
            8285845.08050329,
            3712254.2084292355
          ],
          [
            8285845.032946275,
            3712254.237258827
          ],
          [
            8285844.981131013,
            3712254.25735477
          ],
          [
            8285844.926630885,
            3712254.268106847
          ],
          [
            8285844.871100801,
            3712254.2691885727
          ],
          [
            8285844.816226941,
            3712254.260567096
          ],
          [
            8285844.7636755565,
            3712254.2425042125
          ],
          [
            8285844.71504239,
            3712254.215548405
          ],
          [
            8285844.671804186,
            3712254.180518193
          ],
          [
            8285844.635273889,
            3712254.13847727
          ],
          [
            8285844.606560745,
            3712254.090702223
          ],
          [
            8285844.586536634,
            3712254.038643747
          ],
          [
            8285844.575809592,
            3712253.9838826107
          ],
          [
            8285844.5747053465,
            3712253.9280816442
          ],
          [
            8285844.583257428,
            3712253.8729352527
          ],
          [
            8285844.6012061555,
            3712253.8201179723
          ],
          [
            8285844.628006509,
            3712253.7712336034
          ],
          [
            8285844.662844689,
            3712253.7277665325
          ],
          [
            8285844.704662828,
            3712253.6910366463
          ]
        ]
      }
    },
    {
      "type": "Feature",
      "properties": {
        "Id": 0
      },
      "geometry": {
        "type": "LineString",
        "coordinates": [
          [
            8285724.924057583,
            3712264.9730068627
          ],
          [
            8285724.807098325,
            3712264.7153815865
          ],
          [
            8285724.736085713,
            3712264.441352217
          ],
          [
            8285724.7131459955,
            3712264.159123739
          ],
          [
            8285724.738966034,
            3712263.877146628
          ],
          [
            8285724.812772719,
            3712263.603863837
          ],
          [
            8285724.932356131,
            3712263.3474579942
          ],
          [
            8285725.094135707,
            3712263.115606387
          ],
          [
            8285725.293267442,
            3712262.9152511125
          ],
          [
            8285725.523788944,
            3712262.7523911973
          ],
          [
            8285727.547569553,
            3712261.4118219726
          ],
          [
            8285741.133358095,
            3712250.561069176
          ],
          [
            8285756.564133263,
            3712235.0191171453
          ],
          [
            8285763.593046682,
            3712226.5626191506
          ],
          [
            8285770.1446354,
            3712217.7275738735
          ],
          [
            8285774.997942967,
            3712210.9974763812
          ],
          [
            8285779.407075849,
            3712203.965506819
          ],
          [
            8285784.843225751,
            3712194.413831232
          ],
          [
            8285789.574372324,
            3712184.490498086
          ],
          [
            8285793.431849155,
            3712175.939984662
          ],
          [
            8285796.841662907,
            3712167.1994848438
          ],
          [
            8285799.72525942,
            3712157.9499931894
          ],
          [
            8285802.1900073355,
            3712148.5790244634
          ],
          [
            8285804.481670267,
            3712138.96692691
          ],
          [
            8285806.0103603015,
            3712129.202928861
          ],
          [
            8285807.327282425,
            3712121.026334852
          ],
          [
            8285808.3709547715,
            3712112.8100125603
          ]
        ]
      }
    },
    {
      "type": "Feature",
      "properties": {
        "Id": 0
      },
      "geometry": {
        "type": "LineString",
        "coordinates": [
          [
            8285883.97915897,
            3712117.2064312557
          ],
          [
            8285882.51666758,
            3712137.6943637733
          ],
          [
            8285880.341444203,
            3712152.1091058515
          ],
          [
            8285877.968482086,
            3712162.432508211
          ],
          [
            8285873.26043965,
            3712175.734531828
          ],
          [
            8285858.465368809,
            3712210.937498735
          ],
          [
            8285841.271100866,
            3712242.725867872
          ],
          [
            8285828.980919011,
            3712262.4597443356
          ],
          [
            8285822.02647222,
            3712271.9197987346
          ],
          [
            8285803.203401828,
            3712295.76714514
          ],
          [
            8285796.2891215235,
            3712305.4080848615
          ],
          [
            8285792.714561122,
            3712308.96301668
          ],
          [
            8285790.654088923,
            3712310.6703346907
          ],
          [
            8285787.979202149,
            3712312.168279074
          ],
          [
            8285785.787991521,
            3712312.706628739
          ],
          [
            8285783.940133833,
            3712312.9718786497
          ],
          [
            8285782.301341607,
            3712312.482269435
          ],
          [
            8285753.278076378,
            3712291.164233778
          ],
          [
            8285724.924057583,
            3712264.9730068613
          ]
        ]
      }
    },
    {
      "type": "Feature",
      "properties": {
        "Id": 0
      },
      "geometry": {
        "type": "LineString",
        "coordinates": [
          [
            8285596.332329853,
            3712356.1116411756
          ],
          [
            8285596.446277286,
            3712320.9261484733
          ],
          [
            8285596.716614207,
            3712318.9483667216
          ],
          [
            8285597.296756293,
            3712317.0390331903
          ],
          [
            8285598.171913165,
            3712315.2468247125
          ],
          [
            8285599.319773311,
            3712313.6174320746
          ],
          [
            8285600.711072911,
            3712312.1923951865
          ],
          [
            8285602.3103419,
            3712311.008044059
          ],
          [
            8285604.076808258,
            3712310.094572625
          ],
          [
            8285605.965437435,
            3712309.4752689768
          ],
          [
            8285607.928080478,
            3712309.165921674
          ],
          [
            8285609.77840413,
            3712309.3497002576
          ],
          [
            8285611.569843416,
            3712309.8500193423
          ],
          [
            8285613.2491845,
            3712310.6520172316
          ],
          [
            8285614.766543347,
            3712311.731871026
          ],
          [
            8285616.076847485,
            3712313.0575042586
          ],
          [
            8285617.141174871,
            3712314.589539687
          ],
          [
            8285617.927910057,
            3712316.282468973
          ],
          [
            8285618.413683301,
            3712318.086004464
          ],
          [
            8285618.530005861,
            3712337.0194074553
          ],
          [
            8285618.285915222,
            3712355.951611438
          ]
        ]
      }
    },
    {
      "type": "Feature",
      "properties": {
        "Id": 0
      },
      "geometry": {
        "type": "LineString",
        "coordinates": [
          [
            8285632.136229692,
            3712354.31972779
          ],
          [
            8285632.273945138,
            3712302.3770256513
          ],
          [
            8285632.819841154,
            3712302.4688308034
          ],
          [
            8285632.667029454,
            3712354.2574095065
          ],
          [
            8285632.136229692,
            3712354.31972779
          ]
        ]
      }
    },
    {
      "type": "Feature",
      "properties": {
        "Id": 0
      },
      "geometry": {
        "type": "LineString",
        "coordinates": [
          [
            8285583.014035188,
            3712309.9547994356
          ],
          [
            8285582.350731759,
            3712309.9513276927
          ],
          [
            8285582.09684387,
            3712355.906950606
          ],
          [
            8285582.797416411,
            3712355.854319645
          ],
          [
            8285583.014035188,
            3712309.9547994356
          ]
        ]
      }
    },
    {
      "type": "Feature",
      "properties": {
        "Id": 0
      },
      "geometry": {
        "type": "LineString",
        "coordinates": [
          [
            8285597.024771954,
            3712263.1362420856
          ],
          [
            8285597.6139563965,
            3712264.987911904
          ],
          [
            8285598.513977081,
            3712266.708739303
          ],
          [
            8285599.697521727,
            3712268.2465032744
          ],
          [
            8285601.12867409,
            3712269.554538104
          ],
          [
            8285602.76400387,
            3712270.593149519
          ],
          [
            8285604.553884666,
            3712271.330819283
          ],
          [
            8285606.443999975,
            3712271.745161676
          ],
          [
            8285608.376991503,
            3712271.8236028426
          ],
          [
            8285610.294199807,
            3712271.563762364
          ],
          [
            8285612.137444406,
            3712270.9735254943
          ],
          [
            8285613.850789381,
            3712270.0708038746
          ],
          [
            8285615.382240829,
            3712268.882991964
          ],
          [
            8285616.685324705,
            3712267.4461356974
          ],
          [
            8285617.720497151,
            3712265.8038386195
          ],
          [
            8285618.456344498,
            3712264.0059386324
          ],
          [
            8285618.87053656,
            3712262.106995601
          ],
          [
            8285619.387629035,
            3712226.593791319
          ],
          [
            8285619.194712659,
            3712191.0774169792
          ],
          [
            8285618.882433519,
            3712189.3909123
          ],
          [
            8285618.302197514,
            3712187.777593376
          ],
          [
            8285617.469356792,
            3712186.2801458025
          ],
          [
            8285616.405946963,
            3712184.938189392
          ],
          [
            8285615.140104063,
            3712183.7872299105
          ],
          [
            8285613.705320128,
            3712182.8577196687
          ],
          [
            8285612.139557048,
            3712182.174251818
          ],
          [
            8285610.484242168,
            3712181.7549096663
          ],
          [
            8285608.783172196,
            3712181.610788237
          ],
          [
            8285606.686222579,
            3712181.8534955247
          ],
          [
            8285604.661887921,
            3712182.4544171784
          ],
          [
            8285602.770298111,
            3712183.3957037535
          ],
          [
            8285601.067640074,
            3712184.649395788
          ],
          [
            8285599.604488838,
            3712186.178254283
          ],
          [
            8285598.424305288,
            3712187.936866809
          ],
          [
            8285597.562145193,
            3712189.8729964024
          ],
          [
            8285597.043617948,
            3712191.9291331666
          ],
          [
            8285596.805471717,
            3712254.778452246
          ],
          [
            8285597.024771952,
            3712263.136242085
          ]
        ]
      }
    },
    {
      "type": "Feature",
      "properties": {
        "Id": 0
      },
      "geometry": {
        "type": "LineString",
        "coordinates": [
          [
            8285592.490706216,
            3712054.882619667
          ],
          [
            8285586.364769075,
            3712057.735510484
          ],
          [
            8285580.684006683,
            3712061.402466293
          ],
          [
            8285575.554895102,
            3712065.8147573024
          ],
          [
            8285571.073570997,
            3712070.889683747
          ],
          [
            8285567.324029713,
            3712076.532125838
          ],
          [
            8285564.376550914,
            3712082.636326525
          ],
          [
            8285562.426798284,
            3712088.8157488597
          ],
          [
            8285561.32395282,
            3712095.202916178
          ],
          [
            8285561.088155889,
            3712101.681186992
          ],
          [
            8285561.7237149635,
            3712108.132255733
          ],
          [
            8285563.21902487,
            3712114.438313217
          ],
          [
            8285565.546779602,
            3712120.484198094
          ],
          [
            8285568.66447091,
            3712126.1594999633
          ],
          [
            8285572.564602449,
            3712131.3672735295
          ],
          [
            8285577.13035836,
            3712135.9965946646
          ],
          [
            8285582.277691117,
            3712139.9622442895
          ],
          [
            8285587.911847005,
            3712143.1912203925
          ],
          [
            8285593.929110397,
            3712145.624081977
          ],
          [
            8285600.218713037,
            3712147.2160433442
          ],
          [
            8285606.663197048,
            3712147.941157727
          ],
          [
            8285613.145391789,
            3712147.7580140484
          ],
          [
            8285619.539150859,
            3712146.6701763845
          ],
          [
            8285625.720048902,
            3712144.698814754
          ],
          [
            8285631.567803065,
            3712141.882293111
          ],
          [
            8285636.513523995,
            3712138.8484325265
          ],
          [
            8285641.040144576,
            3712135.213455396
          ],
          [
            8285645.075740972,
            3712131.03511897
          ],
          [
            8285648.556191514,
            3712126.3798139733
          ],
          [
            8285651.426195513,
            3712121.321509666
          ],
          [
            8285653.6401519105,
            3712115.940578465
          ],
          [
            8285655.16288383,
            3712110.322518868
          ],
          [
            8285655.970197428,
            3712104.5565968957
          ],
          [
            8285656.1273177825,
            3712098.5433490667
          ],
          [
            8285655.538658354,
            3712092.5571877635
          ],
          [
            8285654.213369149,
            3712086.6911495985
          ],
          [
            8285652.17204878,
            3712081.0364039685
          ],
          [
            8285649.446424263,
            3712075.680836141
          ],
          [
            8285646.078857854,
            3712070.7076813714
          ],
          [
            8285641.940091293,
            3712066.015637658
          ],
          [
            8285637.221284887,
            3712061.913546814
          ],
          [
            8285632.004996274,
            3712058.473175656
          ],
          [
            8285626.382486468,
            3712055.754713981
          ],
          [
            8285620.452123235,
            3712053.8057216043
          ],
          [
            8285614.3176601445,
            3712052.660296328
          ],
          [
            8285608.803509363,
            3712052.336527819
          ],
          [
            8285603.286279232,
            3712052.6020897
          ],
          [
            8285597.828167687,
            3712053.45398821
          ],
          [
            8285592.490706216,
            3712054.882619667
          ]
        ]
      }
    },
    {
      "type": "Feature",
      "properties": {
        "Id": 0
      },
      "geometry": {
        "type": "LineString",
        "coordinates": [
          [
            8285582.6693644095,
            3712043.4592340984
          ],
          [
            8285582.90247188,
            3712043.469261774
          ],
          [
            8285583.130387448,
            3712043.519437458
          ],
          [
            8285583.34631545,
            3712043.608265083
          ],
          [
            8285583.543817652,
            3712043.733096113
          ],
          [
            8285583.717005218,
            3712043.8902085153
          ],
          [
            8285583.86071428,
            3712044.074917739
          ],
          [
            8285583.970659924,
            3712044.2817163873
          ],
          [
            8285584.043563947,
            3712044.5044384273
          ],
          [
            8285584.077252602,
            3712044.7364430563
          ],
          [
            8285584.070721399,
            3712044.9708126844
          ],
          [
            8285584.024165078,
            3712045.2005592105
          ],
          [
            8285583.938971786,
            3712045.418832378
          ],
          [
            8285583.817681693,
            3712045.619124022
          ],
          [
            8285583.66391126,
            3712045.795462128
          ],
          [
            8285578.4502070695,
            3712048.4485233985
          ],
          [
            8285573.541190529,
            3712051.634939062
          ],
          [
            8285568.990696466,
            3712055.3197657764
          ],
          [
            8285564.848628105,
            3712059.4625944006
          ],
          [
            8285561.1604098175,
            3712064.017993082
          ],
          [
            8285557.740668592,
            3712069.026451454
          ],
          [
            8285554.867000243,
            3712074.370141785
          ],
          [
            8285552.571612854,
            3712079.9891737257
          ],
          [
            8285550.880233394,
            3712085.8205708214
          ],
          [
            8285549.811819337,
            3712091.7989763147
          ],
          [
            8285549.081496284,
            3712098.1147280307
          ],
          [
            8285549.095349859,
            3712104.4729641317
          ],
          [
            8285549.853188962,
            3712110.785448039
          ],
          [
            8285551.344497788,
            3712116.964577835
          ],
          [
            8285553.898340822,
            3712123.930819066
          ],
          [
            8285557.247689984,
            3712130.5479582283
          ],
          [
            8285561.346305761,
            3712136.7246391485
          ],
          [
            8285566.137604098,
            3712142.375586346
          ],
          [
            8285570.902447878,
            3712146.480923894
          ],
          [
            8285575.954692016,
            3712150.223214283
          ],
          [
            8285581.267003756,
            3712153.582211098
          ],
          [
            8285581.3814290315,
            3712153.762568186
          ],
          [
            8285581.464518679,
            3712153.9594909856
          ],
          [
            8285581.513973497,
            3712154.167530385
          ],
          [
            8285581.528424999,
            3712154.380929654
          ],
          [
            8285581.507473291,
            3712154.59378375
          ],
          [
            8285581.4516981365,
            3712154.800202716
          ],
          [
            8285581.362642908,
            3712154.9944746597
          ],
          [
            8285581.242771874,
            3712155.171223818
          ],
          [
            8285581.095402035,
            3712155.3255593
          ],
          [
            8285580.924611306,
            3712155.4532104353
          ],
          [
            8285580.735125695,
            3712155.550644945
          ],
          [
            8285580.532188532,
            3712155.615166685
          ],
          [
            8285580.321415351,
            3712155.6449902505
          ],
          [
            8285580.108638534,
            3712155.639290383
          ],
          [
            8285579.899745906,
            3712155.5982248043
          ],
          [
            8285574.445605377,
            3712152.203121306
          ],
          [
            8285569.275371327,
            3712148.385714868
          ],
          [
            8285564.421350845,
            3712144.169859806
          ],
          [
            8285559.284940315,
            3712137.907883198
          ],
          [
            8285554.890821561,
            3712131.0993558853
          ],
          [
            8285551.296051453,
            3712123.8326882483
          ],
          [
            8285548.547306959,
            3712116.202239409
          ],
          [
            8285547.183781651,
            3712108.9897435433
          ],
          [
            8285546.577444716,
            3712101.6735828463
          ],
          [
            8285546.734928808,
            3712094.333804475
          ],
          [
            8285547.838399215,
            3712086.865015414
          ],
          [
            8285549.825926592,
            3712079.5833024443
          ],
          [
            8285552.6687762635,
            3712072.59393487
          ],
          [
            8285556.542898763,
            3712066.0566541622
          ],
          [
            8285561.054151845,
            3712059.945922424
          ],
          [
            8285566.156414028,
            3712054.324211745
          ],
          [
            8285571.29461348,
            3712050.1603928134
          ],
          [
            8285576.816930326,
            3712046.5268903812
          ],
          [
            8285582.6693644095,
            3712043.4592340984
          ]
        ]
      }
    },
    {
      "type": "Feature",
      "properties": {
        "Id": 0
      },
      "geometry": {
        "type": "LineString",
        "coordinates": [
          [
            8285634.622167246,
            3712043.335194942
          ],
          [
            8285634.409988783,
            3712043.330984692
          ],
          [
            8285634.200118643,
            3712043.362631172
          ],
          [
            8285633.998514799,
            3712043.4292359706
          ],
          [
            8285633.810900548,
            3712043.528908258
          ],
          [
            8285633.642602039,
            3712043.6588184573
          ],
          [
            8285633.49839707,
            3712043.8152785636
          ],
          [
            8285633.38237946,
            3712043.9938468644
          ],
          [
            8285633.297842809,
            3712044.18945401
          ],
          [
            8285633.247187018,
            3712044.3965469403
          ],
          [
            8285633.231850148,
            3712044.6092465315
          ],
          [
            8285633.252267596,
            3712044.821514487
          ],
          [
            8285633.3078597365,
            3712045.0273247645
          ],
          [
            8285633.397048376,
            3712045.2208346454
          ],
          [
            8285633.517301553,
            3712045.3965506116
          ],
          [
            8285639.69613071,
            3712048.854052269
          ],
          [
            8285645.449804619,
            3712052.9865133143
          ],
          [
            8285650.705631106,
            3712057.7417250457
          ],
          [
            8285655.397207548,
            3712063.0596109214
          ],
          [
            8285659.09035073,
            3712068.1705968343
          ],
          [
            8285662.200655512,
            3712073.6593474518
          ],
          [
            8285664.690252225,
            3712079.459036135
          ],
          [
            8285666.528828375,
            3712085.4990503066
          ],
          [
            8285667.693997727,
            3712091.7058511646
          ],
          [
            8285668.1715729125,
            3712098.003868996
          ],
          [
            8285668.026609105,
            3712104.699642611
          ],
          [
            8285667.1477069575,
            3712111.338514039
          ],
          [
            8285665.545587052,
            3712117.83949532
          ],
          [
            8285663.239792594,
            3712124.123280374
          ],
          [
            8285660.2584510865,
            3712130.1132124783
          ],
          [
            8285656.617467614,
            3712135.523623097
          ],
          [
            8285652.463591494,
            3712140.5471151643
          ],
          [
            8285647.83726564,
            3712145.1347778076
          ],
          [
            8285642.783533045,
            3712149.2419434707
          ],
          [
            8285635.187731683,
            3712153.8643099186
          ],
          [
            8285635.049808796,
            3712154.036665396
          ],
          [
            8285634.942838249,
            3712154.2299546157
          ],
          [
            8285634.869893994,
            3712154.438623137
          ],
          [
            8285634.833072193,
            3712154.6566745765
          ],
          [
            8285634.833430968,
            3712154.877842916
          ],
          [
            8285634.870960016,
            3712155.0957725677
          ],
          [
            8285634.944580886,
            3712155.3042010185
          ],
          [
            8285635.05217798,
            3712155.497138775
          ],
          [
            8285635.1906593405,
            3712155.6690414976
          ],
          [
            8285635.356045518,
            3712155.8149693115
          ],
          [
            8285635.543583898,
            3712155.9307287754
          ],
          [
            8285635.747885301,
            3712156.012993377
          ],
          [
            8285635.963078833,
            3712156.059399118
          ],
          [
            8285636.182980604,
            3712156.0686124694
          ],
          [
            8285640.234854208,
            3712153.871891706
          ],
          [
            8285644.129145262,
            3712151.4040946057
          ],
          [
            8285649.733515342,
            3712146.9497962245
          ],
          [
            8285654.811732179,
            3712141.898410695
          ],
          [
            8285659.301146467,
            3712136.3122576596
          ],
          [
            8285663.146373186,
            3712130.260254097
          ],
          [
            8285666.091650826,
            3712123.882922797
          ],
          [
            8285668.338895425,
            3712117.2248167796
          ],
          [
            8285669.862155007,
            3712110.362829993
          ],
          [
            8285670.643838915,
            3712103.3762107305
          ],
          [
            8285670.674920884,
            3712096.345646387
          ],
          [
            8285670.016678793,
            3712089.954070706
          ],
          [
            8285668.677682006,
            3712083.6708197277
          ],
          [
            8285666.673487956,
            3712077.568891729
          ],
          [
            8285664.027382206,
            3712071.7191781634
          ],
          [
            8285660.7701078905,
            3712066.1896400945
          ],
          [
            8285656.939508499,
            3712061.044518659
          ],
          [
            8285652.212196359,
            3712055.6194450366
          ],
          [
            8285646.8623881405,
            3712050.8135179323
          ],
          [
            8285640.969783281,
            3712046.6983328504
          ],
          [
            8285634.622167246,
            3712043.335194942
          ]
        ]
      }
    },
    {
      "type": "Feature",
      "properties": {
        "Id": 0
      },
      "geometry": {
        "type": "LineString",
        "coordinates": [
          [
            8285596.06983107,
            3712010.851104785
          ],
          [
            8285596.705641398,
            3712013.048080593
          ],
          [
            8285597.667887632,
            3712015.121707611
          ],
          [
            8285598.933994071,
            3712017.0233351123
          ],
          [
            8285600.47425592,
            3712018.708347712
          ],
          [
            8285602.989780829,
            3712019.8274700535
          ],
          [
            8285605.655158503,
            3712020.511907572
          ],
          [
            8285608.396580685,
            3712020.742707104
          ],
          [
            8285610.229709304,
            3712020.352170173
          ],
          [
            8285611.990876533,
            3712019.7089717663
          ],
          [
            8285613.645777499,
            3712018.8256404605
          ],
          [
            8285615.162177256,
            3712017.7193822595
          ],
          [
            8285616.51053867,
            3712016.4117454602
          ],
          [
            8285617.199340949,
            3712015.629714214
          ],
          [
            8285617.760244129,
            3712014.750524031
          ],
          [
            8285618.179898539,
            3712013.7950999714
          ],
          [
            8285618.448316293,
            3712012.786181476
          ],
          [
            8285618.559108993,
            3712011.7477811594
          ],
          [
            8285618.509639778,
            3712010.7046133047
          ],
          [
            8285616.84150499,
            3711999.968241942
          ],
          [
            8285614.524803034,
            3711989.354114438
          ],
          [
            8285611.568162508,
            3711978.901755244
          ],
          [
            8285607.982594933,
            3711968.650086223
          ],
          [
            8285603.742238058,
            3711957.8351718565
          ],
          [
            8285598.843851974,
            3711947.304756751
          ],
          [
            8285593.306223701,
            3711937.099224298
          ],
          [
            8285592.220462825,
            3711935.732950806
          ],
          [
            8285590.930586218,
            3711934.5594750517
          ],
          [
            8285589.470028196,
            3711933.6092140684
          ],
          [
            8285587.876647199,
            3711932.90679905
          ],
          [
            8285586.191744484,
            3711932.4704368985
          ],
          [
            8285584.458993569,
            3711932.3114383076
          ],
          [
            8285582.723308224,
            3711932.43392459
          ],
          [
            8285581.029678269,
            3711932.8347208435
          ],
          [
            8285579.4220034415,
            3711933.5034382557
          ],
          [
            8285577.941955492,
            3711934.4227433777
          ],
          [
            8285576.627898043,
            3711935.5688074105
          ],
          [
            8285575.433036516,
            3711936.940159278
          ],
          [
            8285574.467387441,
            3711938.483103213
          ],
          [
            8285573.754929286,
            3711940.159325869
          ],
          [
            8285573.313353475,
            3711941.9272043803
          ],
          [
            8285573.153625065,
            3711943.7428399064
          ],
          [
            8285573.279710458,
            3711945.5611476945
          ],
          [
            8285573.688478906,
            3711947.3369766
          ],
          [
            8285574.3697802285,
            3711949.026230246
          ],
          [
            8285579.745735258,
            3711958.6459968304
          ],
          [
            8285584.545601919,
            3711968.56868436
          ],
          [
            8285588.792295442,
            3711980.3117288942
          ],
          [
            8285592.420242638,
            3711992.2624423695
          ],
          [
            8285595.419455055,
            3712004.3879287275
          ],
          [
            8285596.06983107,
            3712010.851104785
          ]
        ]
      }
    },
    {
      "type": "Feature",
      "properties": {
        "Id": 0
      },
      "geometry": {
        "type": "LineString",
        "coordinates": [
          [
            8285541.82842077,
            3711909.5422035637
          ],
          [
            8285543.328690843,
            3711910.521710617
          ],
          [
            8285544.965933588,
            3711911.246603176
          ],
          [
            8285546.697715399,
            3711911.6980936164
          ],
          [
            8285548.479152406,
            3711911.864480297
          ],
          [
            8285550.264073784,
            3711911.7414508327
          ],
          [
            8285551.9390135845,
            3711911.370811636
          ],
          [
            8285553.535260214,
            3711910.740481518
          ],
          [
            8285555.013210908,
            3711909.8660989655
          ],
          [
            8285556.336197834,
            3711908.7693574033
          ],
          [
            8285557.471397833,
            3711907.4774669586
          ],
          [
            8285558.3906467445,
            3711906.0224793884
          ],
          [
            8285559.126287558,
            3711903.973786028
          ],
          [
            8285559.551728703,
            3711901.838173714
          ],
          [
            8285559.657578149,
            3711899.6627890514
          ],
          [
            8285559.441499294,
            3711897.4956566067
          ],
          [
            8285559.429663822,
            3711897.0407540477
          ],
          [
            8285559.3494014805,
            3711896.5929007283
          ],
          [
            8285559.202564137,
            3711896.162429773
          ],
          [
            8285558.99253971,
            3711895.7592732506
          ],
          [
            8285558.72417401,
            3711895.3927330077
          ],
          [
            8285558.403658921,
            3711895.071266066
          ],
          [
            8285545.899636192,
            3711884.0545225395
          ],
          [
            8285534.724451283,
            3711876.6669414868
          ],
          [
            8285523.214627984,
            3711869.817819923
          ],
          [
            8285515.452665337,
            3711865.619822874
          ],
          [
            8285507.469013686,
            3711861.86505428
          ],
          [
            8285499.288712036,
            3711858.565289644
          ],
          [
            8285485.057243687,
            3711853.8896180233
          ],
          [
            8285470.577992076,
            3711850.058432464
          ],
          [
            8285457.356075919,
            3711848.093975137
          ],
          [
            8285444.0412895745,
            3711846.923326164
          ],
          [
            8285430.680785379,
            3711846.5506309527
          ],
          [
            8285384.02790926,
            3711846.041912816
          ],
          [
            8285340.481489214,
            3711845.7252585273
          ],
          [
            8285297.110365344,
            3711845.365388368
          ],
          [
            8285245.924954481,
            3711845.2810931355
          ],
          [
            8285194.743321547,
            3711844.650881063
          ],
          [
            8285153.384516639,
            3711844.477015317
          ],
          [
            8285104.323184341,
            3711844.2184145474
          ],
          [
            8285092.026405948,
            3711843.889682452
          ],
          [
            8285090.086119008,
            3711844.1187057137
          ],
          [
            8285088.213532022,
            3711844.678270828
          ],
          [
            8285086.463979221,
            3711845.5518429033
          ],
          [
            8285084.889159248,
            3711846.7136082845
          ],
          [
            8285083.535607501,
            3711848.1292373124
          ],
          [
            8285082.443321014,
            3711849.756898752
          ],
          [
            8285081.644576577,
            3711851.548495854
          ],
          [
            8285081.16297694,
            3711853.451087603
          ],
          [
            8285081.012753366,
            3711855.4084530817
          ],
          [
            8285081.19834507,
            3711857.3627527715
          ],
          [
            8285081.7142680315,
            3711859.2562376936
          ],
          [
            8285082.545277029,
            3711861.0329558733
          ],
          [
            8285083.666816103,
            3711862.6404057215
          ],
          [
            8285085.045744183,
            3711864.031087442
          ],
          [
            8285086.641314366,
            3711865.16390666
          ],
          [
            8285088.406378004,
            3711866.0053887684
          ],
          [
            8285090.288777911,
            3711866.5306681064
          ],
          [
            8285137.604522285,
            3711866.879084449
          ],
          [
            8285213.510419747,
            3711867.347611495
          ],
          [
            8285275.261193369,
            3711867.6725104046
          ],
          [
            8285335.849088463,
            3711868.0597050483
          ],
          [
            8285392.4023329085,
            3711868.4254184337
          ],
          [
            8285436.030284574,
            3711868.8605137393
          ],
          [
            8285443.590914373,
            3711868.797572131
          ],
          [
            8285451.128922033,
            3711869.388229495
          ],
          [
            8285458.588457964,
            3711870.6281097205
          ],
          [
            8285470.7644422315,
            3711873.0009618513
          ],
          [
            8285482.756044811,
            3711876.183764751
          ],
          [
            8285494.50997347,
            3711880.1623743284
          ],
          [
            8285504.822041807,
            3711884.855624708
          ],
          [
            8285514.836444419,
            3711890.160009628
          ],
          [
            8285524.517354597,
            3711896.0565535743
          ],
          [
            8285533.444378718,
            3711902.4474543026
          ],
          [
            8285541.82842077,
            3711909.5422035637
          ]
        ]
      }
    },
    {
      "type": "Feature",
      "properties": {
        "Id": 0
      },
      "geometry": {
        "type": "LineString",
        "coordinates": [
          [
            8285558.851696321,
            3711949.582906516
          ],
          [
            8285558.294477604,
            3711949.8682244993
          ],
          [
            8285562.544907172,
            3711956.3020466757
          ],
          [
            8285566.411145729,
            3711962.976104205
          ],
          [
            8285570.303117558,
            3711971.138940161
          ],
          [
            8285573.735562744,
            3711979.507378007
          ],
          [
            8285576.697775689,
            3711988.0553197977
          ],
          [
            8285579.826697415,
            3711999.4862981094
          ],
          [
            8285582.049110735,
            3712011.1295837625
          ],
          [
            8285583.307849756,
            3712021.603759871
          ],
          [
            8285583.877268188,
            3712021.5187770254
          ],
          [
            8285582.619668413,
            3712010.8246997893
          ],
          [
            8285580.50725529,
            3711999.3009228134
          ],
          [
            8285577.529789973,
            3711987.97171193
          ],
          [
            8285574.429294009,
            3711979.247039762
          ],
          [
            8285570.866596405,
            3711970.7024589055
          ],
          [
            8285566.851999096,
            3711962.3626742493
          ],
          [
            8285562.993559228,
            3711955.8832053444
          ],
          [
            8285558.851696321,
            3711949.582906516
          ]
        ]
      }
    },
    {
      "type": "Feature",
      "properties": {
        "Id": 0
      },
      "geometry": {
        "type": "LineString",
        "coordinates": [
          [
            8285606.3666028865,
            3711932.006038089
          ],
          [
            8285605.804210271,
            3711932.425315021
          ],
          [
            8285612.906597152,
            3711945.6357160467
          ],
          [
            8285617.292370689,
            3711955.9071083767
          ],
          [
            8285621.277940943,
            3711966.341895595
          ],
          [
            8285625.181560108,
            3711978.310506562
          ],
          [
            8285628.243007761,
            3711990.52407395
          ],
          [
            8285630.4572391845,
            3712001.6633763127
          ],
          [
            8285632.197563279,
            3712012.887312834
          ],
          [
            8285632.319863233,
            3712017.2368830363
          ],
          [
            8285632.852954815,
            3712021.55508942
          ],
          [
            8285632.890078337,
            3712021.6132327546
          ],
          [
            8285632.936512265,
            3712021.664174576
          ],
          [
            8285632.990900311,
            3712021.706426917
          ],
          [
            8285633.051653844,
            3712021.7387556196
          ],
          [
            8285633.116998305,
            3712021.760216393
          ],
          [
            8285633.185025037,
            3712021.7701823832
          ],
          [
            8285633.2537470395,
            3712021.7683624965
          ],
          [
            8285633.321156999,
            3712021.754809889
          ],
          [
            8285633.385285932,
            3712021.7299204166
          ],
          [
            8285633.444260685,
            3712021.694421085
          ],
          [
            8285633.4963586535,
            3712021.6493487977
          ],
          [
            8285633.540058102,
            3712021.5960200746
          ],
          [
            8285633.574082609,
            3712021.535992608
          ],
          [
            8285633.5974383475,
            3712021.4710197435
          ],
          [
            8285633.062830914,
            3712016.839695737
          ],
          [
            8285632.770169702,
            3712012.186604099
          ],
          [
            8285628.944178739,
            3711990.351815492
          ],
          [
            8285625.867051393,
            3711978.091788026
          ],
          [
            8285622.06732633,
            3711966.038155402
          ],
          [
            8285617.938333391,
            3711955.5642763544
          ],
          [
            8285613.465397725,
            3711945.234012035
          ],
          [
            8285610.158891328,
            3711938.4883977715
          ],
          [
            8285606.3666028865,
            3711932.006038089
          ]
        ]
      }
    },
    {
      "type": "Feature",
      "properties": {
        "Id": 0
      },
      "geometry": {
        "type": "LineString",
        "coordinates": [
          [
            8285621.188848472,
            3711907.1422675657
          ],
          [
            8285621.128004918,
            3711907.1548965923
          ],
          [
            8285621.070126122,
            3711907.177588556
          ],
          [
            8285621.016847586,
            3711907.2097022445
          ],
          [
            8285620.969674813,
            3711907.250330214
          ],
          [
            8285620.929940773,
            3711907.29832443
          ],
          [
            8285620.898768248,
            3711907.3523287033
          ],
          [
            8285620.877038087,
            3711907.4108170234
          ],
          [
            8285620.865364321,
            3711907.472136672
          ],
          [
            8285620.864076825,
            3711907.534554919
          ],
          [
            8285620.873211976,
            3711907.596307997
          ],
          [
            8285620.89251164,
            3711907.6556509337
          ],
          [
            8285620.921430463,
            3711907.710906858
          ],
          [
            8285620.959151278,
            3711907.7605143883
          ],
          [
            8285621.004608197,
            3711907.8030717513
          ],
          [
            8285621.056516731,
            3711907.8373763924
          ],
          [
            8285621.113410087,
            3711907.862458955
          ],
          [
            8285632.589001391,
            3711908.9565489436
          ],
          [
            8285643.96828033,
            3711910.805832114
          ],
          [
            8285655.202085677,
            3711913.4023194946
          ],
          [
            8285655.260276711,
            3711913.404774423
          ],
          [
            8285655.318076196,
            3711913.397571121
          ],
          [
            8285655.373907514,
            3711913.380906075
          ],
          [
            8285655.426247734,
            3711913.3552338616
          ],
          [
            8285655.473669148,
            3711913.321254756
          ],
          [
            8285655.514878223,
            3711913.27989562
          ],
          [
            8285655.548750886,
            3711913.232284619
          ],
          [
            8285655.574363179,
            3711913.179720462
          ],
          [
            8285655.591016462,
            3711913.123636958
          ],
          [
            8285655.598256478,
            3711913.065563922
          ],
          [
            8285655.59588574,
            3711913.007085433
          ],
          [
            8285655.583968919,
            3711912.949796632
          ],
          [
            8285655.5628310675,
            3711912.8952602088
          ],
          [
            8285655.533048776,
            3711912.844963777
          ],
          [
            8285655.495434423,
            3711912.8002792876
          ],
          [
            8285655.451014039,
            3711912.7624256196
          ],
          [
            8285655.400999288,
            3711912.7324353196
          ],
          [
            8285655.346754444,
            3711912.7111264486
          ],
          [
            8285655.289759167,
            3711912.699080256
          ],
          [
            8285644.018224235,
            3711910.2846476748
          ],
          [
            8285632.642054117,
            3711908.430877732
          ],
          [
            8285621.188848472,
            3711907.1422675657
          ]
        ]
      }
    },
    {
      "type": "Feature",
      "properties": {
        "Id": 0
      },
      "geometry": {
        "type": "LineString",
        "coordinates": [
          [
            8285629.508214021,
            3711920.7508160793
          ],
          [
            8285629.45503901,
            3711920.760933795
          ],
          [
            8285629.404246893,
            3711920.779709816
          ],
          [
            8285629.357223537,
            3711920.806631832
          ],
          [
            8285629.315251976,
            3711920.8409652733
          ],
          [
            8285629.27947741,
            3711920.881773354
          ],
          [
            8285629.250875948,
            3711920.9279426183
          ],
          [
            8285629.230227985,
            3711920.978213338
          ],
          [
            8285629.218096903,
            3711921.03121387
          ],
          [
            8285629.214813697,
            3711921.0854980904
          ],
          [
            8285629.220467951,
            3711921.1395848542
          ],
          [
            8285629.234905387,
            3711921.191998398
          ],
          [
            8285629.257732082,
            3711921.2413086123
          ],
          [
            8285629.288325205,
            3711921.286170068
          ],
          [
            8285629.32585002,
            3711921.3253587144
          ],
          [
            8285629.369282661,
            3711921.3578052884
          ],
          [
            8285629.417438067,
            3711921.382624478
          ],
          [
            8285629.469002312,
            3711921.3991390937
          ],
          [
            8285640.930540384,
            3711923.260486567
          ],
          [
            8285652.2764113145,
            3711925.7360851257
          ],
          [
            8285663.474040176,
            3711928.8188275318
          ],
          [
            8285675.560937162,
            3711933.2571590957
          ],
          [
            8285687.369415346,
            3711938.39691062
          ],
          [
            8285696.752923055,
            3711943.5223832843
          ],
          [
            8285705.857183652,
            3711949.1334282383
          ],
          [
            8285711.161088633,
            3711952.651482438
          ],
          [
            8285711.216773752,
            3711952.659619145
          ],
          [
            8285711.27302781,
            3711952.6582425935
          ],
          [
            8285711.32825281,
            3711952.6473918855
          ],
          [
            8285711.380879979,
            3711952.6273752567
          ],
          [
            8285711.429414339,
            3711952.5987613164
          ],
          [
            8285711.472477188,
            3711952.562362898
          ],
          [
            8285711.508845241,
            3711952.5192139694
          ],
          [
            8285711.537485391,
            3711952.470540256
          ],
          [
            8285711.557584064,
            3711952.4177244245
          ],
          [
            8285711.568570322,
            3711952.3622668115
          ],
          [
            8285711.570132074,
            3711952.305742793
          ],
          [
            8285711.562224958,
            3711952.249758043
          ],
          [
            8285711.545073593,
            3711952.1959029115
          ],
          [
            8285711.519165192,
            3711952.1457072566
          ],
          [
            8285711.485235736,
            3711952.1005969797
          ],
          [
            8285711.444249052,
            3711952.061853525
          ],
          [
            8285706.110145527,
            3711948.5335086077
          ],
          [
            8285696.93976231,
            3711942.9879221963
          ],
          [
            8285687.521109803,
            3711937.879780748
          ],
          [
            8285675.681482506,
            3711932.791461124
          ],
          [
            8285663.612401321,
            3711928.2802362433
          ],
          [
            8285652.418621685,
            3711925.013352879
          ],
          [
            8285641.033841202,
            3711922.499855365
          ],
          [
            8285629.508214021,
            3711920.7508160793
          ]
        ]
      }
    },
    {
      "type": "Feature",
      "properties": {
        "Id": 0
      },
      "geometry": {
        "type": "LineString",
        "coordinates": [
          [
            8285703.845908535,
            3711932.254409
          ],
          [
            8285703.80237552,
            3711932.2301035593
          ],
          [
            8285703.755383343,
            3711932.2135341875
          ],
          [
            8285703.706281656,
            3711932.205176769
          ],
          [
            8285703.6564807,
            3711932.2052713335
          ],
          [
            8285703.607410792,
            3711932.21381517
          ],
          [
            8285703.560481268,
            3711932.230562887
          ],
          [
            8285703.517039975,
            3711932.2550334805
          ],
          [
            8285703.478334582,
            3711932.2865241356
          ],
          [
            8285703.445476742,
            3711932.3241304136
          ],
          [
            8285703.419410154,
            3711932.3667722335
          ],
          [
            8285703.400883474,
            3711932.4132248894
          ],
          [
            8285703.390428804,
            3711932.46215422
          ],
          [
            8285703.388346409,
            3711932.512154942
          ],
          [
            8285703.394696101,
            3711932.561790988
          ],
          [
            8285703.409295502,
            3711932.6096367766
          ],
          [
            8285703.431725318,
            3711932.6543181357
          ],
          [
            8285703.461341335,
            3711932.6945517827
          ],
          [
            8285703.497292966,
            3711932.7291821716
          ],
          [
            8285703.538547649,
            3711932.7572146966
          ],
          [
            8285711.243706063,
            3711937.5468253354
          ],
          [
            8285718.707152206,
            3711942.7084926395
          ],
          [
            8285718.771059255,
            3711942.7266905652
          ],
          [
            8285718.837107176,
            3711942.7337772376
          ],
          [
            8285718.903397117,
            3711942.7295489134
          ],
          [
            8285718.968023264,
            3711942.7141271597
          ],
          [
            8285719.029127645,
            3711942.6879553455
          ],
          [
            8285719.084953528,
            3711942.6517859036
          ],
          [
            8285719.133895945,
            3711942.6066586827
          ],
          [
            8285719.174547812,
            3711942.5538710817
          ],
          [
            8285719.205740411,
            3711942.49494072
          ],
          [
            8285719.226576966,
            3711942.431561825
          ],
          [
            8285719.236458431,
            3711942.3655565144
          ],
          [
            8285719.235100717,
            3711942.2988224183
          ],
          [
            8285719.222542863,
            3711942.233278114
          ],
          [
            8285719.199145897,
            3711942.170807973
          ],
          [
            8285719.165582478,
            3711942.1132079936
          ],
          [
            8285719.122817541,
            3711942.0621341504
          ],
          [
            8285711.612157966,
            3711936.9572587097
          ],
          [
            8285703.845908535,
            3711932.254409
          ]
        ]
      }
    },
    {
      "type": "Feature",
      "properties": {
        "Id": 0
      },
      "geometry": {
        "type": "LineString",
        "coordinates": [
          [
            8285757.445700784,
            3711977.7512213457
          ],
          [
            8285757.402906491,
            3711977.720379962
          ],
          [
            8285757.3555907905,
            3711977.697146923
          ],
          [
            8285757.305080493,
            3711977.682173723
          ],
          [
            8285757.25279199,
            3711977.6758802356
          ],
          [
            8285757.200191541,
            3711977.678442943
          ],
          [
            8285757.148754146,
            3711977.689789977
          ],
          [
            8285757.099922202,
            3711977.7096031527
          ],
          [
            8285757.055065028,
            3711977.737326876
          ],
          [
            8285757.015440502,
            3711977.772183723
          ],
          [
            8285756.982159762,
            3711977.8131962526
          ],
          [
            8285756.956156048,
            3711977.8592144074
          ],
          [
            8285756.938158552,
            3711977.908947759
          ],
          [
            8285756.928671952,
            3711977.9610017035
          ],
          [
            8285756.927962273,
            3711978.0139165595
          ],
          [
            8285756.93604941,
            3711978.0662085093
          ],
          [
            8285756.952706588,
            3711978.116411198
          ],
          [
            8285756.977466712,
            3711978.163116856
          ],
          [
            8285764.872463938,
            3711988.6427920694
          ],
          [
            8285772.038441415,
            3711999.638757258
          ],
          [
            8285772.092126208,
            3711999.6713632545
          ],
          [
            8285772.150428278,
            3711999.694622854
          ],
          [
            8285772.211749994,
            3711999.7078986787
          ],
          [
            8285772.274410974,
            3711999.7108269366
          ],
          [
            8285772.336694137,
            3711999.703327385
          ],
          [
            8285772.396892755,
            3711999.6856055316
          ],
          [
            8285772.453357227,
            3711999.658147004
          ],
          [
            8285772.50454027,
            3711999.621704238
          ],
          [
            8285772.549039333,
            3711999.577275866
          ],
          [
            8285772.585635017,
            3711999.526079347
          ],
          [
            8285772.613324508,
            3711999.4695175993
          ],
          [
            8285772.631349034,
            3711999.409140572
          ],
          [
            8285772.639214673,
            3711999.346602759
          ],
          [
            8285772.636705894,
            3711999.2836178616
          ],
          [
            8285772.623891435,
            3711999.221911839
          ],
          [
            8285772.601122454,
            3711999.1631756043
          ],
          [
            8285765.258573404,
            3711988.289112184
          ],
          [
            8285757.445700784,
            3711977.7512213457
          ]
        ]
      }
    },
    {
      "type": "Feature",
      "properties": {
        "Id": 0
      },
      "geometry": {
        "type": "LineString",
        "coordinates": [
          [
            8285747.474207856,
            3711985.4635349233
          ],
          [
            8285747.424036121,
            3711985.430674373
          ],
          [
            8285747.369027149,
            3711985.4068826633
          ],
          [
            8285747.310789007,
            3711985.39285529
          ],
          [
            8285747.251024153,
            3711985.389002312
          ],
          [
            8285747.191479688,
            3711985.3954363624
          ],
          [
            8285747.133896254,
            3711985.4119693567
          ],
          [
            8285747.07995718,
            3711985.4381179903
          ],
          [
            8285747.031239251,
            3711985.4731178633
          ],
          [
            8285746.989166628,
            3711985.5159458346
          ],
          [
            8285746.954969214,
            3711985.5653499234
          ],
          [
            8285746.929646691,
            3711985.619885912
          ],
          [
            8285746.91393931,
            3711985.67795956
          ],
          [
            8285746.90830624,
            3711985.7378732143
          ],
          [
            8285746.91291215,
            3711985.797875432
          ],
          [
            8285746.9276223965,
            3711985.8562121815
          ],
          [
            8285746.952006962,
            3711985.9111781167
          ],
          [
            8285754.8296908615,
            3711996.4769523414
          ],
          [
            8285761.951423433,
            3712007.571358495
          ],
          [
            8285768.282206794,
            3712019.139880705
          ],
          [
            8285776.068795992,
            3712036.861078786
          ],
          [
            8285779.277878711,
            3712046.36547988
          ],
          [
            8285782.141243321,
            3712055.98076595
          ],
          [
            8285782.168795345,
            3712056.026491106
          ],
          [
            8285782.203616209,
            3712056.066901111
          ],
          [
            8285782.244711436,
            3712056.1008418673
          ],
          [
            8285782.290907369,
            3712056.127344042
          ],
          [
            8285782.340884665,
            3712056.1456507402
          ],
          [
            8285782.393215992,
            3712056.1552391322
          ],
          [
            8285782.446406786,
            3712056.155835376
          ],
          [
            8285782.49893794,
            3712056.1474224417
          ],
          [
            8285782.549309187,
            3712056.1302406015
          ],
          [
            8285782.596081936,
            3712056.104780563
          ],
          [
            8285782.637920379,
            3712056.0717694536
          ],
          [
            8285782.673629626,
            3712056.0321500567
          ],
          [
            8285782.702189835,
            3712055.9870538916
          ],
          [
            8285782.722785335,
            3712055.9377688835
          ],
          [
            8285782.734827928,
            3712055.8857025965
          ],
          [
            8285782.7379736835,
            3712055.8323420244
          ],
          [
            8285782.732132758,
            3712055.7792111207
          ],
          [
            8285779.9077659575,
            3712046.1989480765
          ],
          [
            8285776.720712946,
            3712036.7342949384
          ],
          [
            8285772.963945392,
            3712027.6291022776
          ],
          [
            8285768.897435778,
            3712018.6592949186
          ],
          [
            8285764.851634054,
            3712010.8998864554
          ],
          [
            8285760.407620852,
            3712003.3636772265
          ],
          [
            8285755.577555113,
            3711996.0712848413
          ],
          [
            8285747.474207856,
            3711985.463534922
          ]
        ]
      }
    },
    {
      "type": "Feature",
      "properties": {
        "Id": 0
      },
      "geometry": {
        "type": "LineString",
        "coordinates": [
          [
            8285784.74637135,
            3712023.096156317
          ],
          [
            8285784.689223276,
            3712023.046837419
          ],
          [
            8285784.6246358575,
            3712023.007877871
          ],
          [
            8285784.5544486,
            3712022.9803872732
          ],
          [
            8285784.480660486,
            3712022.9651485775
          ],
          [
            8285784.405373064,
            3712022.9625957967
          ],
          [
            8285784.3307305705,
            3712022.9728016346
          ],
          [
            8285784.258858891,
            3712022.9954754175
          ],
          [
            8285784.191804981,
            3712023.0299713826
          ],
          [
            8285784.131478585,
            3712023.075307058
          ],
          [
            8285784.079597854,
            3712023.130191246
          ],
          [
            8285784.037640386,
            3712023.1930608023
          ],
          [
            8285784.006801165,
            3712023.2621251564
          ],
          [
            8285783.987958516,
            3712023.3354173
          ],
          [
            8285783.981649091,
            3712023.410849815
          ],
          [
            8285783.988052587,
            3712023.486274326
          ],
          [
            8285788.002490303,
            3712032.931989153
          ],
          [
            8285791.380716567,
            3712042.6258575413
          ],
          [
            8285794.107669306,
            3712052.5246635955
          ],
          [
            8285794.158036195,
            3712052.565115613
          ],
          [
            8285794.214590606,
            3712052.5962332003
          ],
          [
            8285794.275637916,
            3712052.6170839407
          ],
          [
            8285794.339348882,
            3712052.6270430447
          ],
          [
            8285794.403814438,
            3712052.625812102
          ],
          [
            8285794.467102908,
            3712052.613427993
          ],
          [
            8285794.527317891,
            3712052.590261801
          ],
          [
            8285794.582655079,
            3712052.557007688
          ],
          [
            8285794.631456327,
            3712052.5146620935
          ],
          [
            8285794.672259327,
            3712052.464493881
          ],
          [
            8285794.703841448,
            3712052.408006313
          ],
          [
            8285794.725256346,
            3712052.3468920044
          ],
          [
            8285792.023921575,
            3712042.388820144
          ],
          [
            8285788.693061262,
            3712032.625194407
          ],
          [
            8285784.74637135,
            3712023.096156318
          ]
        ]
      }
    },
    {
      "type": "Feature",
      "properties": {
        "Id": 0
      },
      "geometry": {
        "type": "LineString",
        "coordinates": [
          [
            8285781.790833132,
            3712144.2816608087
          ],
          [
            8285781.847152302,
            3712144.239785685
          ],
          [
            8285781.909828692,
            3712144.2083272724
          ],
          [
            8285781.976974111,
            3712144.1882332824
          ],
          [
            8285782.046565738,
            3712144.1801090776
          ],
          [
            8285782.116507062,
            3712144.184199396
          ],
          [
            8285782.184691028,
            3712144.200381021
          ],
          [
            8285782.249063531,
            3712144.2281664596
          ],
          [
            8285782.307685282,
            3712144.2667186507
          ],
          [
            8285782.35879025,
            3712144.314876174
          ],
          [
            8285782.400838841,
            3712144.3711882345
          ],
          [
            8285782.432564302,
            3712144.4339583768
          ],
          [
            8285782.453010874,
            3712144.5012955912
          ],
          [
            8285779.551666584,
            3712155.219480749
          ],
          [
            8285775.840830541,
            3712165.682498647
          ],
          [
            8285771.883891192,
            3712175.0254533617
          ],
          [
            8285767.411613015,
            3712184.130643232
          ],
          [
            8285762.438080001,
            3712192.9693915704
          ],
          [
            8285757.707959371,
            3712200.54368729
          ],
          [
            8285752.603268025,
            3712207.8683113363
          ],
          [
            8285747.137029272,
            3712214.924575426
          ],
          [
            8285740.93167594,
            3712222.1433101115
          ],
          [
            8285734.338860256,
            3712229.0064601474
          ],
          [
            8285727.378726633,
            3712235.493053851
          ],
          [
            8285722.604171351,
            3712239.5066061215
          ],
          [
            8285722.542577377,
            3712239.5103086676
          ],
          [
            8285722.4812200805,
            3712239.5037440388
          ],
          [
            8285722.421782678,
            3712239.487092322
          ],
          [
            8285722.365895706,
            3712239.4608103195
          ],
          [
            8285722.315092307,
            3712239.4256190285
          ],
          [
            8285722.270766166,
            3712239.382483843
          ],
          [
            8285722.23413328,
            3712239.332588087
          ],
          [
            8285722.206198593,
            3712239.2773005515
          ],
          [
            8285722.187728432,
            3712239.2181379288
          ],
          [
            8285722.179229494,
            3712239.156723224
          ],
          [
            8285722.180934924,
            3712239.0947412197
          ],
          [
            8285722.192797938,
            3712239.033892265
          ],
          [
            8285722.214493103,
            3712238.9758456196
          ],
          [
            8285722.24542525,
            3712238.922193674
          ],
          [
            8285722.284745826,
            3712238.874408255
          ],
          [
            8285727.350303534,
            3712234.556963221
          ],
          [
            8285734.35733664,
            3712228.1513446965
          ],
          [
            8285740.911135296,
            3712221.2783307126
          ],
          [
            8285746.980895843,
            3712213.9702268266
          ],
          [
            8285751.415638838,
            3712208.341670601
          ],
          [
            8285755.473793363,
            3712202.433179399
          ],
          [
            8285758.893664541,
            3712197.5747588184
          ],
          [
            8285761.959143704,
            3712192.483088906
          ],
          [
            8285766.867283321,
            3712183.6757845646
          ],
          [
            8285771.295176078,
            3712174.6151001086
          ],
          [
            8285775.229912339,
            3712165.327454917
          ],
          [
            8285777.824023382,
            3712158.4447452417
          ],
          [
            8285780.013490668,
            3712151.421480593
          ],
          [
            8285781.790833132,
            3712144.2816608087
          ]
        ]
      }
    },
    {
      "type": "Feature",
      "properties": {
        "Id": 0
      },
      "geometry": {
        "type": "LineString",
        "coordinates": [
          [
            8285794.253798576,
            3712147.0849583405
          ],
          [
            8285794.267739972,
            3712147.0312786796
          ],
          [
            8285794.290421419,
            3712146.9806992
          ],
          [
            8285794.321203628,
            3712146.934645509
          ],
          [
            8285794.359218999,
            3712146.894415641
          ],
          [
            8285794.403396046,
            3712146.861143495
          ],
          [
            8285794.452489623,
            3712146.835766859
          ],
          [
            8285794.505116013,
            3712146.8190009813
          ],
          [
            8285794.559791914,
            3712146.811318415
          ],
          [
            8285794.61497627,
            3712146.8129357006
          ],
          [
            8285794.669113688,
            3712146.823807248
          ],
          [
            8285794.720678282,
            3712146.8436266403
          ],
          [
            8285794.768216683,
            3712146.871835263
          ],
          [
            8285794.810389004,
            3712146.907638039
          ],
          [
            8285794.846006602,
            3712146.950025862
          ],
          [
            8285794.87406558,
            3712146.9978040084
          ],
          [
            8285794.893775087,
            3712147.0496258345
          ],
          [
            8285794.904579598,
            3712147.1040307214
          ],
          [
            8285794.906174589,
            3712147.1594852465
          ],
          [
            8285794.8985151015,
            3712147.2144264025
          ],
          [
            8285792.630982758,
            3712155.8025850896
          ],
          [
            8285789.955554061,
            3712164.271386862
          ],
          [
            8285786.878404546,
            3712172.6012807824
          ],
          [
            8285783.059512961,
            3712181.4302423596
          ],
          [
            8285778.794938003,
            3712190.050724946
          ],
          [
            8285774.095908568,
            3712198.4400279457
          ],
          [
            8285769.374495532,
            3712206.140614028
          ],
          [
            8285764.239272869,
            3712213.5689639724
          ],
          [
            8285758.705746163,
            3712220.7026466494
          ],
          [
            8285752.389001571,
            3712228.5048273765
          ],
          [
            8285745.571495605,
            3712235.8691037395
          ],
          [
            8285738.283214428,
            3712242.763082928
          ],
          [
            8285728.566323878,
            3712251.288892668
          ],
          [
            8285728.499574393,
            3712251.297744879
          ],
          [
            8285728.432287342,
            3712251.295377991
          ],
          [
            8285728.366317211,
            3712251.2818572377
          ],
          [
            8285728.303482186,
            3712251.2575552566
          ],
          [
            8285728.245514049,
            3712251.223141835
          ],
          [
            8285728.194010454,
            3712251.1795654316
          ],
          [
            8285728.150390874,
            3712251.1280270475
          ],
          [
            8285728.115857499,
            3712251.06994712
          ],
          [
            8285728.091362097,
            3712251.006926376
          ],
          [
            8285728.077579782,
            3712250.9407017212
          ],
          [
            8285728.074890404,
            3712250.8730983543
          ],
          [
            8285728.0833680825,
            3712250.80597948
          ],
          [
            8285728.1027791705,
            3712250.741194947
          ],
          [
            8285728.132588675,
            3712250.680530265
          ],
          [
            8285728.171975032,
            3712250.6256574
          ],
          [
            8285728.219852717,
            3712250.5780886947
          ],
          [
            8285738.012213448,
            3712242.015728652
          ],
          [
            8285745.34684971,
            3712235.315624983
          ],
          [
            8285752.121781805,
            3712228.044734099
          ],
          [
            8285758.293162128,
            3712220.250115526
          ],
          [
            8285766.338170466,
            3712209.4129764615
          ],
          [
            8285773.616517051,
            3712198.041687378
          ],
          [
            8285778.337373891,
            3712189.5194658944
          ],
          [
            8285782.588593762,
            3712180.7511685067
          ],
          [
            8285786.357518934,
            3712171.7629048442
          ],
          [
            8285789.451173079,
            3712163.6908883513
          ],
          [
            8285792.08607152,
            3712155.4561380413
          ],
          [
            8285794.253798576,
            3712147.0849583405
          ]
        ]
      }
    },
    {
      "type": "Feature",
      "properties": {
        "Id": 0
      },
      "geometry": {
        "type": "LineString",
        "coordinates": [
          [
            8285652.63091764,
            3712274.5587796196
          ],
          [
            8285652.589282741,
            3712274.598435807
          ],
          [
            8285652.55489381,
            3712274.6445755726
          ],
          [
            8285652.528734539,
            3712274.695879104
          ],
          [
            8285652.511553202,
            3712274.750878875
          ],
          [
            8285652.503841268,
            3712274.80800163
          ],
          [
            8285652.505819338,
            3712274.86561339
          ],
          [
            8285652.517430829,
            3712274.922066185
          ],
          [
            8285652.538343594,
            3712274.9757452
          ],
          [
            8285652.5679594325,
            3712275.025114957
          ],
          [
            8285652.605431191,
            3712275.0687632444
          ],
          [
            8285652.649686997,
            3712275.1054415205
          ],
          [
            8285652.699460926,
            3712275.1341006104
          ],
          [
            8285652.753329208,
            3712275.153920727
          ],
          [
            8285662.019414206,
            3712272.6078289747
          ],
          [
            8285671.123765765,
            3712269.528417856
          ],
          [
            8285680.036013388,
            3712265.925960156
          ],
          [
            8285688.726427494,
            3712261.8124735123
          ],
          [
            8285688.767572087,
            3712261.7773887957
          ],
          [
            8285688.802259207,
            3712261.735850648
          ],
          [
            8285688.829500823,
            3712261.689042243
          ],
          [
            8285688.848520986,
            3712261.638296868
          ],
          [
            8285688.858777929,
            3712261.585059952
          ],
          [
            8285688.85997949,
            3712261.530847893
          ],
          [
            8285688.8520914465,
            3712261.4772048714
          ],
          [
            8285688.83533848,
            3712261.425658848
          ],
          [
            8285688.810197783,
            3712261.3776780567
          ],
          [
            8285688.77738546,
            3712261.334629186
          ],
          [
            8285688.73783614,
            3712261.297738433
          ],
          [
            8285688.692676341,
            3712261.2680565994
          ],
          [
            8285688.643192395,
            3712261.246429133
          ],
          [
            8285688.590793799,
            3712261.233472075
          ],
          [
            8285688.536973076,
            3712261.2295544944
          ],
          [
            8285688.483263252,
            3712261.2347879773
          ],
          [
            8285676.860518803,
            3712266.535657964
          ],
          [
            8285664.88915657,
            3712270.9846372376
          ],
          [
            8285652.63091764,
            3712274.5587796187
          ]
        ]
      }
    },
    {
      "type": "Feature",
      "properties": {
        "Id": 0
      },
      "geometry": {
        "type": "LineString",
        "coordinates": [
          [
            8285643.786315655,
            3712289.6272842996
          ],
          [
            8285643.730240784,
            3712289.643876997
          ],
          [
            8285643.677652338,
            3712289.669526106
          ],
          [
            8285643.629987409,
            3712289.7035307097
          ],
          [
            8285643.588548543,
            3712289.7449615635
          ],
          [
            8285643.554468143,
            3712289.792686477
          ],
          [
            8285643.52867753,
            3712289.84540127
          ],
          [
            8285643.511881487,
            3712289.901665394
          ],
          [
            8285643.504539003,
            3712289.959941317
          ],
          [
            8285643.506850725,
            3712290.018636522
          ],
          [
            8285643.518753481,
            3712290.0761470394
          ],
          [
            8285643.539922005,
            3712290.13090127
          ],
          [
            8285643.569777819,
            3712290.18140294
          ],
          [
            8285643.607505052,
            3712290.226271982
          ],
          [
            8285643.652072726,
            3712290.2642822545
          ],
          [
            8285643.702262934,
            3712290.294395047
          ],
          [
            8285643.756704125,
            3712290.31578746
          ],
          [
            8285643.813908572,
            3712290.327874904
          ],
          [
            8285643.872313045,
            3712290.330327062
          ],
          [
            8285652.473711135,
            3712288.453144104
          ],
          [
            8285661.01394973,
            3712286.312480785
          ],
          [
            8285668.1431917,
            3712284.0766676217
          ],
          [
            8285675.165668788,
            3712281.522347233
          ],
          [
            8285685.093018679,
            3712277.6351387235
          ],
          [
            8285694.713655408,
            3712273.034628491
          ],
          [
            8285694.76354986,
            3712273.007558044
          ],
          [
            8285694.808115436,
            3712272.9723286848
          ],
          [
            8285694.846044767,
            3712272.929973885
          ],
          [
            8285694.876225175,
            3712272.8817361565
          ],
          [
            8285694.897771294,
            3712272.829030587
          ],
          [
            8285694.9100510515,
            3712272.773403332
          ],
          [
            8285694.912704216,
            3712272.716486257
          ],
          [
            8285694.905652952,
            3712272.659949065
          ],
          [
            8285694.889104115,
            3712272.6054503145
          ],
          [
            8285694.863543177,
            3712272.5545887663
          ],
          [
            8285694.829719986,
            3712272.5088564777
          ],
          [
            8285694.788626769,
            3712272.469595042
          ],
          [
            8285694.741469024,
            3712272.4379562163
          ],
          [
            8285694.68963016,
            3712272.4148681522
          ],
          [
            8285694.634630905,
            3712272.401008153
          ],
          [
            8285694.578084704,
            3712272.396782809
          ],
          [
            8285694.521650375,
            3712272.4023160785
          ],
          [
            8285694.466983463,
            3712272.417445635
          ],
          [
            8285684.857369381,
            3712277.0793457637
          ],
          [
            8285674.896483927,
            3712280.9253129945
          ],
          [
            8285667.894600563,
            3712283.517132196
          ],
          [
            8285660.753845582,
            3712285.6929744715
          ],
          [
            8285652.303663955,
            3712287.8063809504
          ],
          [
            8285643.786315655,
            3712289.6272842996
          ]
        ]
      }
    },
    {
      "type": "Feature",
      "properties": {
        "Id": 0
      },
      "geometry": {
        "type": "LineString",
        "coordinates": [
          [
            8285515.005966746,
            3711931.554749994
          ],
          [
            8285515.059661381,
            3711931.538858247
          ],
          [
            8285515.115240569,
            3711931.532180185
          ],
          [
            8285515.1711500585,
            3711931.534902562
          ],
          [
            8285515.225826343,
            3711931.5469492413
          ],
          [
            8285515.277740412,
            3711931.5679833465
          ],
          [
            8285515.3254405,
            3711931.5974166547
          ],
          [
            8285515.367592679,
            3711931.6344260764
          ],
          [
            8285515.403018175,
            3711931.6779766455
          ],
          [
            8285515.43072632,
            3711931.726850482
          ],
          [
            8285515.449942255,
            3711931.779680834
          ],
          [
            8285515.460128616,
            3711931.8349903137
          ],
          [
            8285515.461000539,
            3711931.8912321962
          ],
          [
            8285515.452533643,
            3711931.9468336925
          ],
          [
            8285515.434964703,
            3711932.000239913
          ],
          [
            8285515.408785029,
            3711932.0499573653
          ],
          [
            8285515.374726733,
            3711932.0945957093
          ],
          [
            8285515.33374225,
            3711932.13290664
          ],
          [
            8285515.286977704,
            3711932.1638187985
          ],
          [
            8285515.235740853,
            3711932.186467732
          ],
          [
            8285507.889828197,
            3711936.39221397
          ],
          [
            8285500.793495376,
            3711941.0104572605
          ],
          [
            8285493.969655175,
            3711946.026286753
          ],
          [
            8285485.832298085,
            3711952.407795258
          ],
          [
            8285478.130455601,
            3711959.313559039
          ],
          [
            8285473.340338957,
            3711963.6456182697
          ],
          [
            8285468.979605883,
            3711968.4136891933
          ],
          [
            8285461.006054548,
            3711977.3511041948
          ],
          [
            8285460.94788864,
            3711977.374122546
          ],
          [
            8285460.886730288,
            3711977.387133086
          ],
          [
            8285460.824271829,
            3711977.3897758015
          ],
          [
            8285460.762241573,
            3711977.3819775605
          ],
          [
            8285460.702355976,
            3711977.3639541497
          ],
          [
            8285460.646272155,
            3711977.3362043053
          ],
          [
            8285460.595542027,
            3711977.299495899
          ],
          [
            8285460.551569359,
            3711977.254844702
          ],
          [
            8285460.515570939,
            3711977.203486273
          ],
          [
            8285460.488542883,
            3711977.1468417696
          ],
          [
            8285460.471233098,
            3711977.0864786236
          ],
          [
            8285460.464120572,
            3711977.0240671593
          ],
          [
            8285460.467402111,
            3711976.961334389
          ],
          [
            8285460.480986916,
            3711976.9000162096
          ],
          [
            8285460.504499076,
            3711976.8418093803
          ],
          [
            8285469.041472329,
            3711967.2880926155
          ],
          [
            8285476.447964894,
            3711960.0182354786
          ],
          [
            8285484.101517342,
            3711953.011560003
          ],
          [
            8285497.291668051,
            3711942.806680103
          ],
          [
            8285505.969969266,
            3711936.896384411
          ],
          [
            8285515.005966746,
            3711931.554749994
          ]
        ]
      }
    },
    {
      "type": "Feature",
      "properties": {
        "Id": 0
      },
      "geometry": {
        "type": "LineString",
        "coordinates": [
          [
            8285521.744155374,
            3711942.38085047
          ],
          [
            8285521.803122893,
            3711942.370667093
          ],
          [
            8285521.862954325,
            3711942.370918937
          ],
          [
            8285521.921834879,
            3711942.3815983688
          ],
          [
            8285521.977978607,
            3711942.4023814634
          ],
          [
            8285522.029682575,
            3711942.43263783
          ],
          [
            8285522.0753785055,
            3711942.4714497426
          ],
          [
            8285522.11368037,
            3711942.51763997
          ],
          [
            8285522.1434264,
            3711942.5698074833
          ],
          [
            8285522.163714351,
            3711942.626369951
          ],
          [
            8285522.173928855,
            3711942.685611733
          ],
          [
            8285522.173760084,
            3711942.745735929
          ],
          [
            8285522.163213161,
            3711942.8049188624
          ],
          [
            8285522.142607991,
            3711942.861365418
          ],
          [
            8285522.112569562,
            3711942.9133634707
          ],
          [
            8285522.074008997,
            3711942.959335828
          ],
          [
            8285522.028095897,
            3711942.997888075
          ],
          [
            8285521.97622289,
            3711943.0278508505
          ],
          [
            8285521.9199633775,
            3711943.048315331
          ],
          [
            8285512.095012607,
            3711948.9406569744
          ],
          [
            8285502.6602247935,
            3711955.4451094484
          ],
          [
            8285491.212695097,
            3711964.5050703557
          ],
          [
            8285480.260859898,
            3711975.200211677
          ],
          [
            8285470.568449537,
            3711986.098991767
          ],
          [
            8285470.527626822,
            3711986.1478395793
          ],
          [
            8285470.479321161,
            3711986.1892235135
          ],
          [
            8285470.424865202,
            3711986.22200188
          ],
          [
            8285470.3657612605,
            3711986.2452703943
          ],
          [
            8285470.303639877,
            3711986.258387135
          ],
          [
            8285470.240214843,
            3711986.2609902374
          ],
          [
            8285470.1772359125,
            3711986.2530078897
          ],
          [
            8285470.11644053,
            3711986.2346603065
          ],
          [
            8285470.059505903,
            3711986.2064536563
          ],
          [
            8285470.00800273,
            3711986.1691660983
          ],
          [
            8285469.963351864,
            3711986.1238263077
          ],
          [
            8285469.926785126,
            3711986.07168511
          ],
          [
            8285469.899311306,
            3711986.0141809657
          ],
          [
            8285469.881688343,
            3711985.952900277
          ],
          [
            8285469.8744024215,
            3711985.889533645
          ],
          [
            8285469.877654536,
            3711985.8258292084
          ],
          [
            8285469.891354971,
            3711985.7635444305
          ],
          [
            8285469.915125762,
            3711985.704397606
          ],
          [
            8285469.948311129,
            3711985.6500204653
          ],
          [
            8285469.989995556,
            3711985.601913146
          ],
          [
            8285470.039029072,
            3711985.561402822
          ],
          [
            8285479.478469576,
            3711974.8301857645
          ],
          [
            8285485.139964124,
            3711969.145146123
          ],
          [
            8285490.9929952705,
            3711963.6594784027
          ],
          [
            8285496.765465436,
            3711959.2556904377
          ],
          [
            8285502.384211579,
            3711954.6555192103
          ],
          [
            8285511.834506736,
            3711948.1523768823
          ],
          [
            8285521.744155374,
            3711942.38085047
          ]
        ]
      }
    },
    {
      "type": "Feature",
      "properties": {
        "Id": 0
      },
      "geometry": {
        "type": "LineString",
        "coordinates": [
          [
            8285439.182239959,
            3712009.449311265
          ],
          [
            8285439.205045266,
            3712009.404307919
          ],
          [
            8285439.23507044,
            3712009.3638093495
          ],
          [
            8285439.271456916,
            3712009.3289736044
          ],
          [
            8285439.313164235,
            3712009.300796802
          ],
          [
            8285439.358999782,
            3712009.280084651
          ],
          [
            8285439.407652908,
            3712009.267429409
          ],
          [
            8285439.457732383,
            3712009.2631929517
          ],
          [
            8285439.5078062,
            3712009.267496415
          ],
          [
            8285439.556442511,
            3712009.2802167484
          ],
          [
            8285439.602250576,
            3712009.3009902122
          ],
          [
            8285439.643920518,
            3712009.3292227983
          ],
          [
            8285439.680260802,
            3712009.3641071995
          ],
          [
            8285439.710232285,
            3712009.40464591
          ],
          [
            8285439.73297794,
            3712009.449679733
          ],
          [
            8285439.74784736,
            3712009.4979209364
          ],
          [
            8285439.75441536,
            3712009.5479900795
          ],
          [
            8285439.752494126,
            3712009.598455442
          ],
          [
            8285439.742138598,
            3712009.647873987
          ],
          [
            8285439.723644887,
            3712009.694832599
          ],
          [
            8285439.69754182,
            3712009.7379885083
          ],
          [
            8285439.664575803,
            3712009.776107685
          ],
          [
            8285435.647065587,
            3712017.4149019974
          ],
          [
            8285432.409082183,
            3712025.4188106423
          ],
          [
            8285428.474170997,
            3712035.1313143624
          ],
          [
            8285425.275935504,
            3712045.113258949
          ],
          [
            8285423.934286226,
            3712049.947710767
          ],
          [
            8285423.916815916,
            3712050.0042308043
          ],
          [
            8285423.889847066,
            3712050.0568451635
          ],
          [
            8285423.8541986,
            3712050.103956203
          ],
          [
            8285423.810952982,
            3712050.1441333843
          ],
          [
            8285423.761423378,
            3712050.1761567197
          ],
          [
            8285423.707113762,
            3712050.1990538156
          ],
          [
            8285423.649673256,
            3712050.212129397
          ],
          [
            8285423.590846052,
            3712050.214986421
          ],
          [
            8285423.53241845,
            3712050.2075381316
          ],
          [
            8285423.476164614,
            3712050.190010699
          ],
          [
            8285423.423792707,
            3712050.162936351
          ],
          [
            8285423.376893006,
            3712050.1271371986
          ],
          [
            8285423.336889633,
            3712050.083700294
          ],
          [
            8285423.304997297,
            3712050.033944609
          ],
          [
            8285423.282184414,
            3712049.9793809787
          ],
          [
            8285423.269143703,
            3712049.921666243
          ],
          [
            8285423.266271145,
            3712049.86255292
          ],
          [
            8285423.273653971,
            3712049.803835996
          ],
          [
            8285423.291067994,
            3712049.7472984227
          ],
          [
            8285424.802096809,
            3712044.660401666
          ],
          [
            8285427.945995227,
            3712034.536286598
          ],
          [
            8285431.8526749015,
            3712024.6840396714
          ],
          [
            8285433.911989412,
            3712019.425248912
          ],
          [
            8285436.359818267,
            3712014.337361084
          ],
          [
            8285439.182239959,
            3712009.449311265
          ]
        ]
      }
    },
    {
      "type": "Feature",
      "properties": {
        "Id": 0
      },
      "geometry": {
        "type": "LineString",
        "coordinates": [
          [
            8285454.456702944,
            3712009.3492763205
          ],
          [
            8285454.48149884,
            3712009.302383445
          ],
          [
            8285454.497995313,
            3712009.2519354178
          ],
          [
            8285454.505711512,
            3712009.199402754
          ],
          [
            8285454.504422507,
            3712009.1463167276
          ],
          [
            8285454.494165884,
            3712009.094224748
          ],
          [
            8285454.475240604,
            3712009.044645238
          ],
          [
            8285454.448198324,
            3712008.9990234
          ],
          [
            8285454.413827301,
            3712008.9586890624
          ],
          [
            8285454.373129414,
            3712008.92481793
          ],
          [
            8285454.32729097,
            3712008.898397316
          ],
          [
            8285454.2776481155,
            3712008.880197356
          ],
          [
            8285454.225647884,
            3712008.870748558
          ],
          [
            8285454.17280604,
            3712008.870326348
          ],
          [
            8285454.12066287,
            3712008.8789430307
          ],
          [
            8285454.070738293,
            3712008.8963474394
          ],
          [
            8285454.024487561,
            3712008.9220322543
          ],
          [
            8285453.9832588425,
            3712008.9552487866
          ],
          [
            8285453.948253913,
            3712008.9950288055
          ],
          [
            8285453.920493131,
            3712009.040212764
          ],
          [
            8285449.109778606,
            3712017.698999005
          ],
          [
            8285444.794922997,
            3712026.6177466763
          ],
          [
            8285440.989785901,
            3712035.7678109636
          ],
          [
            8285437.032312948,
            3712047.7305750754
          ],
          [
            8285433.511823354,
            3712059.830484321
          ],
          [
            8285433.491837694,
            3712059.883087374
          ],
          [
            8285433.480804147,
            3712059.9382914505
          ],
          [
            8285433.479027893,
            3712059.9945696555
          ],
          [
            8285433.486558058,
            3712060.050365385
          ],
          [
            8285433.503186367,
            3712060.1041353764
          ],
          [
            8285433.528452896,
            3712060.1543924008
          ],
          [
            8285433.561658798,
            3712060.199746394
          ],
          [
            8285433.601885621,
            3712060.2389429053
          ],
          [
            8285433.648020731,
            3712060.2708977917
          ],
          [
            8285433.69878807,
            3712060.294727211
          ],
          [
            8285433.752783464,
            3712060.309772065
          ],
          [
            8285433.808513441,
            3712060.315616222
          ],
          [
            8285433.864436564,
            3712060.3120980402
          ],
          [
            8285433.91900605,
            3712060.29931483
          ],
          [
            8285433.970712551,
            3712060.277620162
          ],
          [
            8285434.018125917,
            3712060.2476140917
          ],
          [
            8285434.059934732,
            3712060.2101265625
          ],
          [
            8285434.094982602,
            3712060.166194442
          ],
          [
            8285434.122300139,
            3712060.117032858
          ],
          [
            8285434.141131755,
            3712060.0640015737
          ],
          [
            8285434.150956595,
            3712060.0085673872
          ],
          [
            8285437.7437428795,
            3712047.8584363596
          ],
          [
            8285441.794658004,
            3712035.854718096
          ],
          [
            8285445.489941552,
            3712026.7725199116
          ],
          [
            8285449.7155986335,
            3712017.926958548
          ],
          [
            8285454.456702944,
            3712009.3492763205
          ]
        ]
      }
    },
    {
      "type": "Feature",
      "properties": {
        "Id": 0
      },
      "geometry": {
        "type": "LineString",
        "coordinates": [
          [
            8285281.937583566,
            3712096.571987722
          ],
          [
            8285281.806288691,
            3712096.6124190893
          ],
          [
            8285281.683731158,
            3712096.6746639907
          ],
          [
            8285281.573469656,
            3712096.7569150296
          ],
          [
            8285281.478705833,
            3712096.856783891
          ],
          [
            8285281.4021913335,
            3712096.9713706993
          ],
          [
            8285281.346147902,
            3712097.0973482095
          ],
          [
            8285281.312202869,
            3712097.2310584267
          ],
          [
            8285281.301341885,
            3712097.3686188287
          ],
          [
            8285281.313880326,
            3712097.5060350876
          ],
          [
            8285281.349454113,
            3712097.639317064
          ],
          [
            8285281.407030296,
            3712097.764594665
          ],
          [
            8285281.484937042,
            3712097.8782302234
          ],
          [
            8285281.580912183,
            3712097.976924109
          ],
          [
            8285281.692168901,
            3712098.057810564
          ],
          [
            8285281.815476648,
            3712098.1185408984
          ],
          [
            8285281.947254947,
            3712098.1573516876
          ],
          [
            8285365.30652613,
            3712098.4490478523
          ],
          [
            8285399.33871178,
            3712098.7684695306
          ],
          [
            8285402.893028823,
            3712099.03137104
          ],
          [
            8285406.37507286,
            3712099.794680346
          ],
          [
            8285409.715430999,
            3712101.0431813397
          ],
          [
            8285412.847514728,
            3712102.7519858936
          ],
          [
            8285414.908966205,
            3712104.3691893513
          ],
          [
            8285416.751013406,
            3712106.23471518
          ],
          [
            8285416.767417247,
            3712106.251809491
          ],
          [
            8285416.786354166,
            3712106.2660157327
          ],
          [
            8285416.807326502,
            3712106.276960562
          ],
          [
            8285416.829783097,
            3712106.2843563543
          ],
          [
            8285416.853133794,
            3712106.288008743
          ],
          [
            8285416.876764938,
            3712106.2878217455
          ],
          [
            8285416.9000555,
            3712106.2838002793
          ],
          [
            8285416.922393407,
            3712106.276050023
          ],
          [
            8285416.943191616,
            3712106.2647746587
          ],
          [
            8285416.961903552,
            3712106.250270496
          ],
          [
            8285416.9780374635,
            3712106.2329187095
          ],
          [
            8285416.991169353,
            3712106.213175304
          ],
          [
            8285417.000954114,
            3712106.1915591345
          ],
          [
            8285417.007134604,
            3712106.1686382736
          ],
          [
            8285417.176713703,
            3712090.50879367
          ],
          [
            8285417.160322816,
            3712090.479420436
          ],
          [
            8285417.139258903,
            3712090.453227987
          ],
          [
            8285417.114119448,
            3712090.430959284
          ],
          [
            8285417.085617543,
            3712090.4132459797
          ],
          [
            8285417.05456165,
            3712090.4005905255
          ],
          [
            8285417.021832681,
            3712090.3933518915
          ],
          [
            8285416.988359004,
            3712090.3917354085
          ],
          [
            8285416.955090111,
            3712090.395786925
          ],
          [
            8285416.922969686,
            3712090.405391521
          ],
          [
            8285416.892908833,
            3712090.420276758
          ],
          [
            8285416.8657602435,
            3712090.44002041
          ],
          [
            8285416.842293992,
            3712090.4640624444
          ],
          [
            8285413.254179574,
            3712093.211934334
          ],
          [
            8285409.388010372,
            3712095.5481270086
          ],
          [
            8285407.950143017,
            3712096.251044638
          ],
          [
            8285406.432982723,
            3712096.7584737455
          ],
          [
            8285404.862717209,
            3712097.061655568
          ],
          [
            8285403.266450854,
            3712097.1553568575
          ],
          [
            8285385.957531945,
            3712097.1782161817
          ],
          [
            8285359.262964502,
            3712097.122484573
          ],
          [
            8285341.728165749,
            3712097.058523415
          ],
          [
            8285321.644840099,
            3712096.896698826
          ],
          [
            8285299.572614614,
            3712096.75253345
          ],
          [
            8285281.937583566,
            3712096.571987722
          ]
        ]
      }
    },
    {
      "type": "Feature",
      "properties": {
        "Id": 0
      },
      "geometry": {
        "type": "LineString",
        "coordinates": [
          [
            8285422.157302992,
            3712143.9537658505
          ],
          [
            8285422.139490316,
            3712143.901355935
          ],
          [
            8285422.113317171,
            3712143.8526173113
          ],
          [
            8285422.07950087,
            3712143.80888573
          ],
          [
            8285422.038968197,
            3712143.7713597114
          ],
          [
            8285421.99283,
            3712143.741067711
          ],
          [
            8285421.942350766,
            3712143.7188399164
          ],
          [
            8285421.888913941,
            3712143.705285517
          ],
          [
            8285421.833984035,
            3712143.700775984
          ],
          [
            8285421.779066478,
            3712143.7054349133
          ],
          [
            8285421.725666357,
            3712143.7191346134
          ],
          [
            8285421.67524718,
            3712143.7414996293
          ],
          [
            8285421.629190752,
            3712143.7719170195
          ],
          [
            8285421.588759307,
            3712143.80955315
          ],
          [
            8285421.55506093,
            3712143.853376554
          ],
          [
            8285421.529019163,
            3712143.9021861902
          ],
          [
            8285421.511347724,
            3712143.9546443666
          ],
          [
            8285421.502530921,
            3712144.0093133915
          ],
          [
            8285421.50281039,
            3712144.064694993
          ],
          [
            8285421.512178467,
            3712144.1192713547
          ],
          [
            8285426.098379069,
            3712157.992537492
          ],
          [
            8285431.154152716,
            3712171.700054093
          ],
          [
            8285436.673583392,
            3712185.2257764633
          ],
          [
            8285436.701427378,
            3712185.2617789404
          ],
          [
            8285436.734973568,
            3712185.2924821684
          ],
          [
            8285436.7732390715,
            3712185.3169865557
          ],
          [
            8285436.815102725,
            3712185.334574136
          ],
          [
            8285436.85933794,
            3712185.344729593
          ],
          [
            8285436.904648634,
            3712185.347155377
          ],
          [
            8285436.949707226,
            3712185.341780416
          ],
          [
            8285436.99319351,
            3712185.3287621923
          ],
          [
            8285437.033833359,
            3712185.3084821366
          ],
          [
            8285437.070436037,
            3712185.281534445
          ],
          [
            8285437.1019290965,
            3712185.2487086775
          ],
          [
            8285437.127389804,
            3712185.2109666173
          ],
          [
            8285437.146072169,
            3712185.1694140946
          ],
          [
            8285437.157428807,
            3712185.125268581
          ],
          [
            8285431.611089794,
            3712171.6065715845
          ],
          [
            8285426.6083689425,
            3712157.8753824895
          ],
          [
            8285422.157302992,
            3712143.9537658505
          ]
        ]
      }
    },
    {
      "type": "Feature",
      "properties": {
        "Id": 0
      },
      "geometry": {
        "type": "LineString",
        "coordinates": [
          [
            8285435.05130855,
            3712142.276212773
          ],
          [
            8285435.0388175,
            3712142.213665628
          ],
          [
            8285435.015816995,
            3712142.1542056175
          ],
          [
            8285434.982991236,
            3712142.0996014946
          ],
          [
            8285434.9413166875,
            3712142.0514775706
          ],
          [
            8285434.892033043,
            3712142.011265387
          ],
          [
            8285434.836606345,
            3712141.980161136
          ],
          [
            8285434.77668537,
            3712141.959090074
          ],
          [
            8285434.714052587,
            3712141.948679006
          ],
          [
            8285434.650571134,
            3712141.9492376265
          ],
          [
            8285434.58812939,
            3712141.9607493156
          ],
          [
            8285434.5285848165,
            3712141.982871639
          ],
          [
            8285434.473708682,
            3712142.014946526
          ],
          [
            8285434.425133386,
            3712142.0560198403
          ],
          [
            8285434.384303898,
            3712142.1048697773
          ],
          [
            8285434.352434775,
            3712142.160043195
          ],
          [
            8285434.330474027,
            3712142.219898855
          ],
          [
            8285434.319074919,
            3712142.2826562244
          ],
          [
            8285434.318576544,
            3712142.3464484643
          ],
          [
            8285434.328993723,
            3712142.4093779447
          ],
          [
            8285434.350016577,
            3712142.469572706
          ],
          [
            8285437.42044026,
            3712153.653697115
          ],
          [
            8285441.211988293,
            3712164.6121665514
          ],
          [
            8285445.708436696,
            3712175.2980836425
          ],
          [
            8285450.890544715,
            3712185.6657171734
          ],
          [
            8285450.94222475,
            3712185.698938392
          ],
          [
            8285450.998699667,
            3712185.7230210975
          ],
          [
            8285451.058383561,
            3712185.73728901
          ],
          [
            8285451.119600399,
            3712185.7413414586
          ],
          [
            8285451.180631117,
            3712185.735064645
          ],
          [
            8285451.239761868,
            3712185.718634833
          ],
          [
            8285451.295332157,
            3712185.6925134007
          ],
          [
            8285451.345781482,
            3712185.657433879
          ],
          [
            8285451.389693137,
            3712185.6143813604
          ],
          [
            8285451.425834012,
            3712185.564564836
          ],
          [
            8285451.453189209,
            3712185.5093832333
          ],
          [
            8285451.470990546,
            3712185.4503861475
          ],
          [
            8285451.478738136,
            3712185.389230315
          ],
          [
            8285451.476214413,
            3712185.3276330926
          ],
          [
            8285451.463490243,
            3712185.2673242358
          ],
          [
            8285446.229419466,
            3712174.9867297066
          ],
          [
            8285441.734886173,
            3712164.3586738263
          ],
          [
            8285438.002571214,
            3712153.436794638
          ],
          [
            8285435.05130855,
            3712142.276212773
          ]
        ]
      }
    },
    {
      "type": "Feature",
      "properties": {
        "Id": 0
      },
      "geometry": {
        "type": "LineString",
        "coordinates": [
          [
            8285462.320398058,
            3712203.897793678
          ],
          [
            8285462.291368136,
            3712203.8533827662
          ],
          [
            8285462.255403145,
            3712203.814431932
          ],
          [
            8285462.213501517,
            3712203.782022496
          ],
          [
            8285462.166826493,
            3712203.7570541883
          ],
          [
            8285462.116673829,
            3712203.7402201565
          ],
          [
            8285462.064435825,
            3712203.7319877353
          ],
          [
            8285462.011562672,
            3712203.732585467
          ],
          [
            8285461.959522193,
            3712203.741996759
          ],
          [
            8285461.909759099,
            3712203.759960337
          ],
          [
            8285461.863654872,
            3712203.7859775154
          ],
          [
            8285461.822489425,
            3712203.8193260254
          ],
          [
            8285461.787405558,
            3712203.859080067
          ],
          [
            8285461.759377245,
            3712203.9041360244
          ],
          [
            8285461.739182584,
            3712203.9532430843
          ],
          [
            8285461.727382209,
            3712204.005037976
          ],
          [
            8285461.724303708,
            3712204.0580828083
          ],
          [
            8285461.7300325455,
            3712204.1109049926
          ],
          [
            8285461.744409684,
            3712204.162038119
          ],
          [
            8285461.767035994,
            3712204.2100626687
          ],
          [
            8285461.797283342,
            3712204.253645421
          ],
          [
            8285461.834312025,
            3712204.291576465
          ],
          [
            8285467.032628069,
            3712211.198770041
          ],
          [
            8285472.646295055,
            3712217.7695104387
          ],
          [
            8285483.478481129,
            3712229.139750165
          ],
          [
            8285494.937554302,
            3712239.8715605815
          ],
          [
            8285504.3100295905,
            3712247.1224497207
          ],
          [
            8285514.137675537,
            3712253.7368717864
          ],
          [
            8285524.663380845,
            3712259.6985178236
          ],
          [
            8285535.507975867,
            3712265.0520036067
          ],
          [
            8285545.572917529,
            3712269.2579450053
          ],
          [
            8285555.803108351,
            3712273.0399291343
          ],
          [
            8285564.947686616,
            3712275.9871271374
          ],
          [
            8285564.998866988,
            3712276.004354683
          ],
          [
            8285565.052179961,
            3712276.012825928
          ],
          [
            8285565.106152838,
            3712276.012306868
          ],
          [
            8285565.159294707,
            3712276.002811842
          ],
          [
            8285565.210137594,
            3712275.9846031326
          ],
          [
            8285565.25727704,
            3712275.958183731
          ],
          [
            8285565.299410893,
            3712275.924283435
          ],
          [
            8285565.335375261,
            3712275.8838386894
          ],
          [
            8285565.364176687,
            3712275.837966719
          ],
          [
            8285565.38501957,
            3712275.787934669
          ],
          [
            8285565.397328159,
            3712275.735124607
          ],
          [
            8285565.4007624425,
            3712275.6809953284
          ],
          [
            8285565.395227562,
            3712275.6270420738
          ],
          [
            8285565.380876402,
            3712275.574755226
          ],
          [
            8285565.358105401,
            3712275.525579125
          ],
          [
            8285565.327543563,
            3712275.4808721957
          ],
          [
            8285565.290035126,
            3712275.4418693953
          ],
          [
            8285565.246616195,
            3712275.409648123
          ],
          [
            8285565.198486161,
            3712275.3850984387
          ],
          [
            8285565.146974541,
            3712275.3688984956
          ],
          [
            8285555.863509161,
            3712272.1957838
          ],
          [
            8285545.644268095,
            3712268.567177321
          ],
          [
            8285535.651681061,
            3712264.349038773
          ],
          [
            8285524.760142715,
            3712259.029080708
          ],
          [
            8285514.253662931,
            3712252.9774652817
          ],
          [
            8285504.565045955,
            3712246.351727161
          ],
          [
            8285495.277338217,
            3712239.169625362
          ],
          [
            8285487.513477319,
            3712232.20552563
          ],
          [
            8285480.058174935,
            3712224.9089113954
          ],
          [
            8285472.925521469,
            3712217.293574283
          ],
          [
            8285467.397434112,
            3712210.7759740283
          ],
          [
            8285462.320398058,
            3712203.897793678
          ]
        ]
      }
    },
    {
      "type": "Feature",
      "properties": {
        "Id": 0
      },
      "geometry": {
        "type": "LineString",
        "coordinates": [
          [
            8285583.718617073,
            3712177.475154525
          ],
          [
            8285583.708483563,
            3712177.4261924117
          ],
          [
            8285583.690425293,
            3712177.3795910617
          ],
          [
            8285583.664940402,
            3712177.3366359915
          ],
          [
            8285583.632731901,
            3712177.2985121273
          ],
          [
            8285583.594688278,
            3712177.2662711362
          ],
          [
            8285583.551858974,
            3712177.2408023924
          ],
          [
            8285583.505425455,
            3712177.222808467
          ],
          [
            8285583.456668605,
            3712177.212785723
          ],
          [
            8285583.406933401,
            3712177.2110106433
          ],
          [
            8285583.357591807,
            3712177.217532196
          ],
          [
            8285583.31000493,
            3712177.232170482
          ],
          [
            8285583.265485467,
            3712177.2545216917
          ],
          [
            8285583.2252615085,
            3712177.2839692663
          ],
          [
            8285583.190442645,
            3712177.319700882
          ],
          [
            8285583.161989368,
            3712177.3607308697
          ],
          [
            8285583.14068657,
            3712177.405927398
          ],
          [
            8285583.127121901,
            3712177.4540437097
          ],
          [
            8285582.754841229,
            3712229.6350276507
          ],
          [
            8285582.76304285,
            3712261.830099742
          ],
          [
            8285582.794117084,
            3712261.873308404
          ],
          [
            8285582.832067556,
            3712261.9105603383
          ],
          [
            8285582.875782904,
            3712261.9407646377
          ],
          [
            8285582.92398294,
            3712261.963036781
          ],
          [
            8285582.975256142,
            3712261.9767245376
          ],
          [
            8285583.028100994,
            3712261.981427065
          ],
          [
            8285583.0809699595,
            3712261.9770066515
          ],
          [
            8285583.1323147835,
            3712261.9635927477
          ],
          [
            8285583.180631858,
            3712261.9415781754
          ],
          [
            8285583.224506233,
            3712261.911607622
          ],
          [
            8285583.262653065,
            3712261.874558766
          ],
          [
            8285583.2939552395,
            3712261.831516565
          ],
          [
            8285583.317496082,
            3712261.783741498
          ],
          [
            8285583.413295292,
            3712246.759604074
          ],
          [
            8285583.6077171285,
            3712204.9250255045
          ],
          [
            8285583.718617073,
            3712177.475154525
          ]
        ]
      }
    },
    {
      "type": "Feature",
      "properties": {
        "Id": 0
      },
      "geometry": {
        "type": "LineString",
        "coordinates": [
          [
            8285633.411777117,
            3712177.789180929
          ],
          [
            8285633.405512604,
            3712177.74256709
          ],
          [
            8285633.391562223,
            3712177.6976676686
          ],
          [
            8285633.370320628,
            3712177.655752856
          ],
          [
            8285633.342388741,
            3712177.618008422
          ],
          [
            8285633.30855675,
            3712177.5855021477
          ],
          [
            8285633.269781759,
            3712177.559153634
          ],
          [
            8285633.227160705,
            3712177.539708274
          ],
          [
            8285633.181899332,
            3712177.527716175
          ],
          [
            8285633.135278079,
            3712177.5235165916
          ],
          [
            8285633.088615853,
            3712177.5272283293
          ],
          [
            8285633.043232722,
            3712177.538746383
          ],
          [
            8285633.000412572,
            3712177.557744913
          ],
          [
            8285632.961366773,
            3712177.583686447
          ],
          [
            8285632.927199927,
            3712177.615837108
          ],
          [
            8285632.89887861,
            3712177.6532873544
          ],
          [
            8285632.877204027,
            3712177.6949777277
          ],
          [
            8285632.8627893515,
            3712177.7397288093
          ],
          [
            8285632.856042369,
            3712177.786274602
          ],
          [
            8285632.508201577,
            3712262.2572834045
          ],
          [
            8285632.519155583,
            3712262.303080917
          ],
          [
            8285632.537566771,
            3712262.3463970153
          ],
          [
            8285632.562918032,
            3712262.3860151106
          ],
          [
            8285632.594497344,
            3712262.420822471
          ],
          [
            8285632.631417755,
            3712262.449841483
          ],
          [
            8285632.672642305,
            3712262.4722571047
          ],
          [
            8285632.717013147,
            3712262.487439763
          ],
          [
            8285632.763284055,
            3712262.4949630327
          ],
          [
            8285632.810155452,
            3712262.4946156093
          ],
          [
            8285632.856310887,
            3712262.486407253
          ],
          [
            8285632.900454018,
            3712262.470568507
          ],
          [
            8285632.941345025,
            3712262.447544225
          ],
          [
            8285632.977835426,
            3712262.417981075
          ],
          [
            8285633.008900337,
            3712262.382709381
          ],
          [
            8285633.033667252,
            3712262.342719798
          ],
          [
            8285633.051440565,
            3712262.299135489
          ],
          [
            8285633.06172108,
            3712262.2531805816
          ],
          [
            8285633.064220058,
            3712262.206145786
          ],
          [
            8285633.411777117,
            3712177.7891809284
          ]
        ]
      }
    },
    {
      "type": "Feature",
      "properties": {
        "Id": 0
      },
      "geometry": {
        "type": "LineString",
        "coordinates": [
          [
            8285453.538376847,
            3712212.491098466
          ],
          [
            8285453.480107461,
            3712212.447482969
          ],
          [
            8285453.415373124,
            3712212.414327196
          ],
          [
            8285453.34601488,
            3712212.3925740914
          ],
          [
            8285453.274005276,
            3712212.3828423163
          ],
          [
            8285453.201392267,
            3712212.3854086455
          ],
          [
            8285453.130240965,
            3712212.40020009
          ],
          [
            8285453.062574912,
            3712212.4267959786
          ],
          [
            8285453.000318533,
            3712212.464439928
          ],
          [
            8285452.9452423975,
            3712212.5120613445
          ],
          [
            8285452.898912868,
            3712212.568305875
          ],
          [
            8285452.862647561,
            3712212.631573925
          ],
          [
            8285452.837477856,
            3712212.7000661497
          ],
          [
            8285452.824119587,
            3712212.771834634
          ],
          [
            8285452.822952657,
            3712212.8448382798
          ],
          [
            8285452.834010256,
            3712212.917000866
          ],
          [
            8285452.856977907,
            3712212.9862700873
          ],
          [
            8285452.891202408,
            3712213.0506759286
          ],
          [
            8285460.195504662,
            3712222.844346589
          ],
          [
            8285468.146716887,
            3712232.1152990633
          ],
          [
            8285476.7079043845,
            3712240.8204653123
          ],
          [
            8285485.83929864,
            3712248.919405459
          ],
          [
            8285493.948531319,
            3712255.3817537534
          ],
          [
            8285502.39688783,
            3712261.3894119463
          ],
          [
            8285511.159150048,
            3712266.9244462997
          ],
          [
            8285520.209162719,
            3712271.9703338686
          ],
          [
            8285531.7222732045,
            3712277.458033958
          ],
          [
            8285543.5112535395,
            3712282.318450989
          ],
          [
            8285555.542286839,
            3712286.537641865
          ],
          [
            8285562.558442169,
            3712288.681124035
          ],
          [
            8285569.74841756,
            3712290.130614696
          ],
          [
            8285569.80198524,
            3712290.127058048
          ],
          [
            8285569.854130336,
            3712290.1142319436
          ],
          [
            8285569.903276697,
            3712290.0925240642
          ],
          [
            8285569.947938812,
            3712290.062590564
          ],
          [
            8285569.986766714,
            3712290.025336215
          ],
          [
            8285570.018586784,
            3712289.981887077
          ],
          [
            8285570.042437219,
            3712289.933556457
          ],
          [
            8285570.057597111,
            3712289.8818052015
          ],
          [
            8285570.063608234,
            3712289.8281975626
          ],
          [
            8285570.060288891,
            3712289.774353892
          ],
          [
            8285570.04773942,
            3712289.721901685
          ],
          [
            8285570.026339142,
            3712289.672426371
          ],
          [
            8285569.996734903,
            3712289.6274234043
          ],
          [
            8285569.95982153,
            3712289.588253055
          ],
          [
            8285569.916714775,
            3712289.5560992914
          ],
          [
            8285569.868717597,
            3712289.5319340057
          ],
          [
            8285569.817280763,
            3712289.5164876203
          ],
          [
            8285569.7639590185,
            3712289.5102270236
          ],
          [
            8285562.637921086,
            3712287.9047505516
          ],
          [
            8285555.653102034,
            3712285.76237217
          ],
          [
            8285543.656020592,
            3712281.5850711507
          ],
          [
            8285531.913026142,
            3712276.7331769695
          ],
          [
            8285520.461648945,
            3712271.22219708
          ],
          [
            8285511.38889308,
            3712266.290688626
          ],
          [
            8285502.638480722,
            3712260.8024132145
          ],
          [
            8285494.244203809,
            3712254.778566251
          ],
          [
            8285486.23847881,
            3712248.2424114174
          ],
          [
            8285478.795159219,
            3712241.982915363
          ],
          [
            8285471.774497658,
            3712235.248346587
          ],
          [
            8285465.206463847,
            3712228.067455005
          ],
          [
            8285459.119095142,
            3712220.4708957905
          ],
          [
            8285453.538376847,
            3712212.491098466
          ]
        ]
      }
    },
    {
      "type": "Feature",
      "properties": {
        "Id": 0
      },
      "geometry": {
        "type": "LineString",
        "coordinates": [
          [
            8286063.116409368,
            3711888.3792195986
          ],
          [
            8286062.241091249,
            3711888.3746732804
          ],
          [
            8286058.439488377,
            3711902.898614269
          ],
          [
            8286054.257901271,
            3711917.3167338693
          ],
          [
            8286049.18139137,
            3711931.1515160543
          ],
          [
            8286043.612407141,
            3711944.7936444506
          ],
          [
            8286039.331142408,
            3711953.934595273
          ],
          [
            8286034.634645723,
            3711962.8672736334
          ],
          [
            8286025.093071199,
            3711979.977068031
          ],
          [
            8286014.852856547,
            3711996.674083185
          ],
          [
            8286014.174910427,
            3711998.6223648055
          ],
          [
            8286013.806013189,
            3712000.652758628
          ],
          [
            8286013.755100933,
            3712002.7160816467
          ],
          [
            8286014.023407082,
            3712004.762353147
          ],
          [
            8286014.314675951,
            3712005.380153731
          ],
          [
            8286014.698567301,
            3712005.9445381127
          ],
          [
            8286015.165621338,
            3712006.4415987986
          ],
          [
            8286015.70432899,
            3712006.8590872716
          ],
          [
            8286016.301415494,
            3712007.1867158264
          ],
          [
            8286016.942167522,
            3712007.4164110767
          ],
          [
            8286058.249237307,
            3712006.5947342995
          ],
          [
            8286058.967800734,
            3712006.213808619
          ],
          [
            8286059.617664298,
            3712005.7238735147
          ],
          [
            8286060.182594554,
            3712005.137167478
          ],
          [
            8286060.648479668,
            3712004.4683463154
          ],
          [
            8286061.003681948,
            3712003.734117052
          ],
          [
            8286061.239328535,
            3712002.9528205926
          ],
          [
            8286061.349533055,
            3712002.1439735503
          ],
          [
            8286062.314407875,
            3711983.020001853
          ],
          [
            8286062.503801054,
            3711963.8724421198
          ],
          [
            8286062.68371214,
            3711928.894555475
          ],
          [
            8286062.971884708,
            3711911.9226214224
          ],
          [
            8286062.995087567,
            3711894.948256422
          ],
          [
            8286063.116409368,
            3711888.379219597
          ]
        ]
      }
    },
    {
      "type": "Feature",
      "properties": {
        "Id": 0
      },
      "geometry": {
        "type": "LineString",
        "coordinates": [
          [
            8285365.338097155,
            3712208.175335703
          ],
          [
            8285364.569441543,
            3712208.4169488545
          ],
          [
            8285363.8500277875,
            3712208.7806431944
          ],
          [
            8285363.198918128,
            3712209.256730593
          ],
          [
            8285362.633311269,
            3712209.83280072
          ],
          [
            8285362.168191517,
            3712210.493483361
          ],
          [
            8285361.815972448,
            3712211.221272027
          ],
          [
            8285361.585908288,
            3712211.9968746714
          ],
          [
            8285361.484209417,
            3712212.79956809
          ],
          [
            8285361.513449481,
            3712213.6083740965
          ],
          [
            8285361.67291988,
            3712214.4015896786
          ],
          [
            8285363.92885054,
            3712218.4912549905
          ],
          [
            8285374.5857598325,
            3712239.4716153336
          ],
          [
            8285386.63897226,
            3712258.2505963426
          ],
          [
            8285397.420598176,
            3712272.569235231
          ],
          [
            8285403.110855766,
            3712279.6050626813
          ],
          [
            8285412.917451858,
            3712289.915167887
          ],
          [
            8285428.523864217,
            3712305.3600295004
          ],
          [
            8285442.84406162,
            3712317.236716701
          ],
          [
            8285457.711564071,
            3712327.570061873
          ],
          [
            8285460.1623083055,
            3712329.274767333
          ],
          [
            8285471.489259373,
            3712336.2840182665
          ],
          [
            8285481.180250016,
            3712341.732580939
          ],
          [
            8285491.164048113,
            3712346.618013629
          ],
          [
            8285493.702725068,
            3712347.6852804543
          ],
          [
            8285502.656299651,
            3712352.2097284645
          ],
          [
            8285511.93223994,
            3712356.02241013
          ],
          [
            8285521.4746144805,
            3712359.1003351826
          ],
          [
            8285531.225885133,
            3712361.424943866
          ],
          [
            8285541.1272540465,
            3712362.9822188583
          ],
          [
            8285551.119018218,
            3712363.76276982
          ],
          [
            8285561.140929528,
            3712363.7618900305
          ],
          [
            8285565.030764362,
            3712363.6074802293
          ],
          [
            8285568.872834238,
            3712362.9776695296
          ],
          [
            8285570.434281117,
            3712362.5044439607
          ],
          [
            8285571.906331337,
            3712361.798895172
          ],
          [
            8285573.255100231,
            3712360.877474314
          ],
          [
            8285574.449259921,
            3712359.7614811724
          ],
          [
            8285575.461567998,
            3712358.4764824924
          ],
          [
            8285575.693382435,
            3712326.933900977
          ],
          [
            8285575.344004894,
            3712301.98569686
          ],
          [
            8285575.294517758,
            3712301.2539068665
          ],
          [
            8285575.122057281,
            3712300.541285735
          ],
          [
            8285574.831446023,
            3712299.868378834
          ],
          [
            8285574.431383532,
            3712299.2549262927
          ],
          [
            8285573.933395641,
            3712298.7187961265
          ],
          [
            8285573.351954899,
            3712298.275395202
          ],
          [
            8285572.704010516,
            3712297.937784717
          ],
          [
            8285572.008289138,
            3712297.715733093
          ],
          [
            8285571.285294851,
            3712297.6157159624
          ],
          [
            8285557.824806363,
            3712294.420995792
          ],
          [
            8285544.535431288,
            3712290.570396091
          ],
          [
            8285530.000555346,
            3712284.704175304
          ],
          [
            8285515.800675454,
            3712278.0607571565
          ],
          [
            8285506.415926694,
            3712272.7212910024
          ],
          [
            8285497.305608629,
            3712266.9219103716
          ],
          [
            8285488.491947624,
            3712260.6765310173
          ],
          [
            8285479.192048695,
            3712253.0361841293
          ],
          [
            8285470.352979918,
            3712244.862017776
          ],
          [
            8285462.005225836,
            3712236.1821435676
          ],
          [
            8285454.177150371,
            3712227.0261951173
          ],
          [
            8285450.014693431,
            3712221.449811814
          ],
          [
            8285446.217266473,
            3712215.6162499483
          ],
          [
            8285442.8007050045,
            3712209.5495332666
          ],
          [
            8285442.81138763,
            3712209.413379102
          ],
          [
            8285442.80024179,
            3712209.2772283712
          ],
          [
            8285442.767718521,
            3712209.144621364
          ],
          [
            8285442.714504793,
            3712209.018863751
          ],
          [
            8285442.642109064,
            3712208.903265509
          ],
          [
            8285442.552158974,
            3712208.8007834493
          ],
          [
            8285442.447222832,
            3712208.714025521
          ],
          [
            8285442.329753436,
            3712208.6452452736
          ],
          [
            8285442.202911382,
            3712208.5959923947
          ],
          [
            8285442.069974618,
            3712208.5678171753
          ],
          [
            8285441.934108641,
            3712208.561325871
          ],
          [
            8285441.799068169,
            3712208.5766561143
          ],
          [
            8285422.7406235235,
            3712209.1373181995
          ],
          [
            8285403.674127691,
            3712209.12429212
          ],
          [
            8285365.338097155,
            3712208.175335703
          ]
        ]
      }
    },
    {
      "type": "Feature",
      "properties": {
        "Id": 0
      },
      "geometry": {
        "type": "LineString",
        "coordinates": [
          [
            8285245.959591061,
            3712375.1004431224
          ],
          [
            8285246.1985179465,
            3712308.7412157687
          ],
          [
            8285245.904983768,
            3712299.028016297
          ],
          [
            8285246.040912351,
            3712289.311306751
          ],
          [
            8285246.173784825,
            3712288.7022360195
          ],
          [
            8285246.401725327,
            3712288.1222970686
          ],
          [
            8285246.718885668,
            3712287.586369147
          ],
          [
            8285247.117128585,
            3712287.1082023275
          ],
          [
            8285247.586236519,
            3712286.700064729
          ],
          [
            8285248.114173759,
            3712286.372427757
          ],
          [
            8285248.687395237,
            3712286.1336974506
          ],
          [
            8285249.291194055,
            3712285.9899988044
          ],
          [
            8285249.910078801,
            3712285.9450186295
          ],
          [
            8285272.432413368,
            3712286.6296675517
          ],
          [
            8285294.961259126,
            3712287.045125398
          ],
          [
            8285295.450559769,
            3712287.306035184
          ],
          [
            8285295.893121548,
            3712287.6407812824
          ],
          [
            8285296.278006329,
            3712288.041090287
          ],
          [
            8285296.595701492,
            3712288.4970683707
          ],
          [
            8285296.838355034,
            3712288.9974458185
          ],
          [
            8285296.999969649,
            3712289.5298555614
          ],
          [
            8285297.710715719,
            3712297.505409893
          ],
          [
            8285297.852780159,
            3712375.3003706094
          ]
        ]
      }
    },
    {
      "type": "Feature",
      "properties": {
        "Id": 0
      },
      "geometry": {
        "type": "LineString",
        "coordinates": [
          [
            8285367.15156565,
            3712372.086626759
          ],
          [
            8285367.925220868,
            3712305.5154575314
          ],
          [
            8285368.294366497,
            3712296.1754164905
          ],
          [
            8285368.419542023,
            3712295.4659740436
          ],
          [
            8285368.652660692,
            3712294.7846120903
          ],
          [
            8285368.98808486,
            3712294.1478083595
          ],
          [
            8285369.417702766,
            3712293.570963005
          ],
          [
            8285369.931124729,
            3712293.0680261636
          ],
          [
            8285370.515934392,
            3712292.6511606155
          ],
          [
            8285371.157988992,
            3712292.3304476184
          ],
          [
            8285371.841761389,
            3712292.113643134
          ],
          [
            8285377.382499764,
            3712289.8706748453
          ],
          [
            8285383.158925887,
            3712288.3418060616
          ],
          [
            8285389.080296275,
            3712287.5510539385
          ],
          [
            8285395.053590554,
            3712287.5108404784
          ],
          [
            8285396.967141599,
            3712288.1769691296
          ],
          [
            8285398.7522727605,
            3712289.1378890444
          ],
          [
            8285400.364345871,
            3712290.3695719875
          ],
          [
            8285401.763050133,
            3712291.841219154
          ],
          [
            8285412.797567996,
            3712302.9535204708
          ],
          [
            8285424.390513068,
            3712313.476070594
          ],
          [
            8285436.510711171,
            3712323.3805708545
          ],
          [
            8285449.125570012,
            3712332.6403845903
          ],
          [
            8285462.201166813,
            3712341.230608803
          ],
          [
            8285473.486142213,
            3712347.8966130638
          ],
          [
            8285485.082586375,
            3712353.9989985516
          ],
          [
            8285496.962644478,
            3712359.5231061424
          ],
          [
            8285509.0977803245,
            3712364.45566581
          ],
          [
            8285519.593776536,
            3712366.661948775
          ],
          [
            8285530.200875869,
            3712368.2431277246
          ],
          [
            8285540.88224313,
            3712369.193711447
          ],
          [
            8285551.600785198,
            3712369.5103986845
          ],
          [
            8285582.8156504845,
            3712367.0967075387
          ],
          [
            8285611.209623188,
            3712366.8827624507
          ],
          [
            8285639.604136209,
            3712367.0045581036
          ]
        ]
      }
    },
    {
      "type": "Feature",
      "properties": {
        "Id": 0
      },
      "geometry": {
        "type": "LineString",
        "coordinates": [
          [
            8285596.332329853,
            3712356.1116411733
          ],
          [
            8285618.285915222,
            3712355.951611437
          ]
        ]
      }
    },
    {
      "type": "Feature",
      "properties": {
        "Id": 0
      },
      "geometry": {
        "type": "LineString",
        "coordinates": [
          [
            8285639.270034349,
            3712358.1230209223
          ],
          [
            8285639.604136209,
            3712367.004558102
          ]
        ]
      }
    },
    {
      "type": "Feature",
      "properties": {
        "Id": 0
      },
      "geometry": {
        "type": "LineString",
        "coordinates": [
          [
            8285237.40672479,
            3712375.5596909053
          ],
          [
            8285237.479559764,
            3712320.936562651
          ],
          [
            8285237.83153628,
            3712253.3970566187
          ],
          [
            8285238.170610505,
            3712208.8367798137
          ],
          [
            8285233.362784291,
            3712208.7041000985
          ]
        ]
      }
    },
    {
      "type": "Feature",
      "properties": {
        "Id": 0
      },
      "geometry": {
        "type": "LineString",
        "coordinates": [
          [
            8285232.913838054,
            3712198.891662977
          ],
          [
            8285358.539623684,
            3712199.3760518795
          ],
          [
            8285421.800483451,
            3712198.956510895
          ],
          [
            8285427.043531422,
            3712197.588104514
          ],
          [
            8285429.830076365,
            3712195.992051833
          ],
          [
            8285431.224743229,
            3712194.9255872383
          ],
          [
            8285431.33940627,
            3712193.4228946473
          ],
          [
            8285425.3291300535,
            3712177.928917471
          ],
          [
            8285420.660736937,
            3712165.864238812
          ],
          [
            8285416.773859061,
            3712153.5229367474
          ],
          [
            8285413.684575509,
            3712140.9560726597
          ],
          [
            8285411.405665295,
            3712128.2156408653
          ],
          [
            8285409.946554522,
            3712115.354353468
          ],
          [
            8285409.823577874,
            3712114.6109997346
          ],
          [
            8285409.581093411,
            3712113.8979280563
          ],
          [
            8285409.22565132,
            3712113.2344004475
          ],
          [
            8285408.766853088,
            3712112.6383406036
          ],
          [
            8285408.217092123,
            3712112.125849716
          ],
          [
            8285407.591218985,
            3712111.71077156
          ],
          [
            8285406.90614022,
            3712111.404318515
          ],
          [
            8285406.180361681,
            3712111.214768705
          ],
          [
            8285405.433488626,
            3712111.1472423854
          ],
          [
            8285371.82413392,
            3712110.686822579
          ],
          [
            8285338.212071538,
            3712110.5193625814
          ],
          [
            8285267.911892543,
            3712110.149802601
          ],
          [
            8285237.509465977,
            3712110.1530677807
          ],
          [
            8285238.005655432,
            3712137.9664590326
          ]
        ]
      }
    },
    {
      "type": "Feature",
      "properties": {
        "Id": 0
      },
      "geometry": {
        "type": "LineString",
        "coordinates": [
          [
            8285399.604164232,
            3712107.9884413946
          ],
          [
            8285345.422202652,
            3712107.484015051
          ],
          [
            8285303.405542086,
            3712107.395157851
          ],
          [
            8285255.524842511,
            3712107.143361364
          ],
          [
            8285236.31083229,
            3712107.1302284636
          ],
          [
            8285236.314289773,
            3712107.3723700936
          ],
          [
            8285282.848594014,
            3712107.529854955
          ],
          [
            8285371.603698424,
            3712108.104342614
          ],
          [
            8285399.587180943,
            3712108.305302585
          ],
          [
            8285399.60416423,
            3712107.9884413946
          ]
        ]
      }
    },
    {
      "type": "Feature",
      "properties": {
        "Id": 0
      },
      "geometry": {
        "type": "LineString",
        "coordinates": [
          [
            8285402.329915532,
            3712087.638565753
          ],
          [
            8285237.880124865,
            3712086.953015714
          ],
          [
            8285237.84408326,
            3712087.264123633
          ],
          [
            8285332.574254647,
            3712087.7586435084
          ],
          [
            8285402.346156909,
            3712087.962919372
          ],
          [
            8285402.329915532,
            3712087.638565753
          ]
        ]
      }
    },
    {
      "type": "Feature",
      "properties": {
        "Id": 0
      },
      "geometry": {
        "type": "LineString",
        "coordinates": [
          [
            8285231.659719779,
            3712137.722603043
          ],
          [
            8285231.393045566,
            3712097.0380233736
          ],
          [
            8285231.118450824,
            3712084.1169489753
          ],
          [
            8285262.369787698,
            3712084.4188208887
          ],
          [
            8285308.939779799,
            3712084.7324209823
          ],
          [
            8285369.255212673,
            3712085.118032462
          ],
          [
            8285405.364056872,
            3712085.0327146132
          ],
          [
            8285406.931492316,
            3712084.757265295
          ],
          [
            8285408.437387331,
            3712084.240680563
          ],
          [
            8285408.851599453,
            3712083.9644931178
          ],
          [
            8285409.221215811,
            3712083.630460948
          ],
          [
            8285409.53830546,
            3712083.245751472
          ],
          [
            8285409.796064528,
            3712082.8186195027
          ],
          [
            8285409.988962221,
            3712082.3582301224
          ],
          [
            8285410.112859492,
            3712081.874462026
          ],
          [
            8285411.440374376,
            3712069.2886277474
          ],
          [
            8285413.668074101,
            3712056.8318550615
          ],
          [
            8285416.784344395,
            3712044.5690725474
          ],
          [
            8285419.919411786,
            3712034.047462266
          ],
          [
            8285423.67894329,
            3712023.7345356196
          ],
          [
            8285428.049307726,
            3712013.6676800395
          ],
          [
            8285433.014659538,
            3712003.8833907046
          ],
          [
            8285433.402925984,
            3712003.2311688154
          ],
          [
            8285433.681696554,
            3712002.524665504
          ],
          [
            8285433.84370626,
            3712001.7822928685
          ],
          [
            8285433.884733013,
            3712001.0233977865
          ],
          [
            8285433.803707641,
            3712000.2677577185
          ],
          [
            8285433.602741757,
            3711999.535065286
          ],
          [
            8285433.287072726,
            3711998.844415073
          ],
          [
            8285432.864927163,
            3711998.2138059996
          ],
          [
            8285432.347306561,
            3711997.6596722575
          ],
          [
            8285431.747700552,
            3711997.196455027
          ],
          [
            8285431.081735381,
            3711996.836226124
          ],
          [
            8285330.874029422,
            3711996.1974011506
          ],
          [
            8285236.3645193875,
            3711996.0440405603
          ],
          [
            8285235.777247021,
            3711996.0189825203
          ],
          [
            8285235.202564831,
            3711995.894883826
          ],
          [
            8285234.656893367,
            3711995.675290385
          ],
          [
            8285234.15582424,
            3711995.3664767053
          ],
          [
            8285233.713674622,
            3711994.9772666045
          ],
          [
            8285233.343078169,
            3711994.518781095
          ],
          [
            8285233.0546240145,
            3711994.004120603
          ],
          [
            8285232.856554222,
            3711993.4479906666
          ],
          [
            8285232.754528282,
            3711992.8662817236
          ],
          [
            8285232.751461388,
            3711992.2756150896
          ],
          [
            8285232.87425298,
            3711912.877951965
          ],
          [
            8285232.256203207,
            3711892.048127698
          ],
          [
            8285232.0930312835,
            3711891.3450819287
          ],
          [
            8285231.81325467,
            3711890.6801629723
          ],
          [
            8285231.425024455,
            3711890.0727426945
          ],
          [
            8285230.939651426,
            3711889.5405177856
          ],
          [
            8285230.371276543,
            3711889.098994174
          ],
          [
            8285229.736458954,
            3711888.7610352826
          ],
          [
            8285229.05369355,
            3711888.5364872543
          ],
          [
            8285228.342872149,
            3711888.431892106
          ],
          [
            8285227.624703944,
            3711888.450297128
          ],
          [
            8285142.966222614,
            3711887.7982943445
          ],
          [
            8285046.950249191,
            3711888.18528745
          ]
        ]
      }
    },
    {
      "type": "Feature",
      "properties": {
        "Id": 0
      },
      "geometry": {
        "type": "LineString",
        "coordinates": [
          [
            8285046.503885041,
            3711881.9981064643
          ],
          [
            8285081.37833306,
            3711882.456998112
          ],
          [
            8285081.286586982,
            3711880.6450480623
          ],
          [
            8285139.377010758,
            3711881.0447917166
          ],
          [
            8285197.298695252,
            3711881.2811884372
          ],
          [
            8285223.803596409,
            3711881.443477404
          ],
          [
            8285223.750950369,
            3711880.795800435
          ],
          [
            8285196.945554301,
            3711880.598393665
          ],
          [
            8285139.498791615,
            3711880.2482785094
          ],
          [
            8285080.984131884,
            3711879.8957762606
          ],
          [
            8285046.190545293,
            3711879.6682104426
          ]
        ]
      }
    },
    {
      "type": "Feature",
      "properties": {
        "Id": 0
      },
      "geometry": {
        "type": "LineString",
        "coordinates": [
          [
            8285249.304333547,
            3711880.8717179094
          ],
          [
            8285249.247595514,
            3711880.880851855
          ],
          [
            8285249.193258996,
            3711880.899634565
          ],
          [
            8285249.14293611,
            3711880.927508778
          ],
          [
            8285249.098119896,
            3711880.963647482
          ],
          [
            8285249.060140013,
            3711881.006978476
          ],
          [
            8285249.030123299,
            3711881.0562161645
          ],
          [
            8285249.0089603225,
            3711881.109899704
          ],
          [
            8285248.99727897,
            3711881.166436349
          ],
          [
            8285248.9954258185,
            3711881.2241487005
          ],
          [
            8285249.003455851,
            3711881.2813244816
          ],
          [
            8285249.021130821,
            3711881.3362673367
          ],
          [
            8285249.047926332,
            3711881.3873471525
          ],
          [
            8285249.083047374,
            3711881.433048431
          ],
          [
            8285249.125451945,
            3711881.472015256
          ],
          [
            8285249.173881927,
            3711881.5030915113
          ],
          [
            8285249.226900443,
            3711881.5253551896
          ],
          [
            8285249.282934482,
            3711881.538145747
          ],
          [
            8285324.947443658,
            3711882.116131463
          ],
          [
            8285325.005743503,
            3711882.1023781043
          ],
          [
            8285325.060873146,
            3711882.0788776088
          ],
          [
            8285325.11123175,
            3711882.0463123745
          ],
          [
            8285325.155357015,
            3711882.005628024
          ],
          [
            8285325.191967645,
            3711881.958005939
          ],
          [
            8285325.220000551,
            3711881.904828953
          ],
          [
            8285325.238641721,
            3711881.8476412063
          ],
          [
            8285325.24734986,
            3711881.7881032983
          ],
          [
            8285325.2458721,
            3711881.727944076
          ],
          [
            8285325.234251356,
            3711881.668910425
          ],
          [
            8285325.212825066,
            3711881.612716546
          ],
          [
            8285325.182215403,
            3711881.5609941813
          ],
          [
            8285325.143311197,
            3711881.515245232
          ],
          [
            8285325.097242138,
            3711881.4767981423
          ],
          [
            8285325.045345971,
            3711881.446769324
          ],
          [
            8285324.989129637,
            3711881.426030749
          ],
          [
            8285287.145480981,
            3711881.3211319977
          ],
          [
            8285249.304333547,
            3711880.8717179094
          ]
        ]
      }
    },
    {
      "type": "Feature",
      "properties": {
        "Id": 0
      },
      "geometry": {
        "type": "LineString",
        "coordinates": [
          [
            8285378.54438315,
            3711881.7995700487
          ],
          [
            8285378.494240236,
            3711881.815195803
          ],
          [
            8285378.447418758,
            3711881.8390575247
          ],
          [
            8285378.405247281,
            3711881.8704781383
          ],
          [
            8285378.368922432,
            3711881.9085660772
          ],
          [
            8285378.339474925,
            3711881.9522405947
          ],
          [
            8285378.31774034,
            3711882.0002624216
          ],
          [
            8285378.304335395,
            3711882.051268934
          ],
          [
            8285378.299640462,
            3711882.1038128147
          ],
          [
            8285378.303788755,
            3711882.1564031257
          ],
          [
            8285378.3166625695,
            3711882.2075476097
          ],
          [
            8285378.33789661,
            3711882.255795044
          ],
          [
            8285378.3668883545,
            3711882.2997763935
          ],
          [
            8285378.402815161,
            3711882.3382436833
          ],
          [
            8285378.444657603,
            3711882.370105406
          ],
          [
            8285378.491228398,
            3711882.394457476
          ],
          [
            8285378.541206092,
            3711882.410608902
          ],
          [
            8285430.823143223,
            3711882.744084699
          ],
          [
            8285441.350639851,
            3711882.916781061
          ],
          [
            8285451.841587432,
            3711883.814316281
          ],
          [
            8285462.246622632,
            3711885.4324673484
          ],
          [
            8285472.516786323,
            3711887.7636206425
          ],
          [
            8285482.60375391,
            3711890.796807743
          ],
          [
            8285491.465151815,
            3711894.2772922567
          ],
          [
            8285500.855211564,
            3711898.4240505407
          ],
          [
            8285509.852954185,
            3711903.371800995
          ],
          [
            8285518.390874417,
            3711909.08342455
          ],
          [
            8285524.168836515,
            3711912.9981027404
          ],
          [
            8285524.220854749,
            3711913.0125337034
          ],
          [
            8285524.274560224,
            3711913.0178368436
          ],
          [
            8285524.328378816,
            3711913.0138567216
          ],
          [
            8285524.380733085,
            3711913.0007099956
          ],
          [
            8285524.430088511,
            3711912.978782003
          ],
          [
            8285524.474998472,
            3711912.9487154544
          ],
          [
            8285524.5141466465,
            3711912.911391614
          ],
          [
            8285524.546385588,
            3711912.8679044554
          ],
          [
            8285524.570770363,
            3711912.8195285965
          ],
          [
            8285524.58658625,
            3711912.767681951
          ],
          [
            8285524.593369674,
            3711912.713884156
          ],
          [
            8285524.590921818,
            3711912.6597120436
          ],
          [
            8285524.5793144265,
            3711912.606753413
          ],
          [
            8285524.5588877145,
            3711912.556560499
          ],
          [
            8285524.530240397,
            3711912.5106044696
          ],
          [
            8285524.494212137,
            3711912.4702323102
          ],
          [
            8285524.4518589275,
            3711912.4366273386
          ],
          [
            8285518.674481111,
            3711908.4093609694
          ],
          [
            8285510.031725509,
            3711902.8955256576
          ],
          [
            8285501.043114511,
            3711897.9716428616
          ],
          [
            8285491.748467451,
            3711893.659524311
          ],
          [
            8285482.647449061,
            3711890.149636293
          ],
          [
            8285472.538271136,
            3711887.1363456263
          ],
          [
            8285462.247676539,
            3711884.824908827
          ],
          [
            8285451.823859338,
            3711883.22615063
          ],
          [
            8285441.315637438,
            3711882.347558195
          ],
          [
            8285430.772223989,
            3711882.1932460535
          ],
          [
            8285378.54438315,
            3711881.7995700487
          ]
        ]
      }
    },
    {
      "type": "Feature",
      "properties": {
        "Id": 0
      },
      "geometry": {
        "type": "LineString",
        "coordinates": [
          [
            8285090.343573076,
            3711829.827777772
          ],
          [
            8285090.285784115,
            3711829.8456096547
          ],
          [
            8285090.23180355,
            3711829.872955787
          ],
          [
            8285090.183169752,
            3711829.90903684
          ],
          [
            8285090.141268699,
            3711829.952824565
          ],
          [
            8285090.107294511,
            3711830.0030710804
          ],
          [
            8285090.082215399,
            3711830.058344436
          ],
          [
            8285090.066746077,
            3711830.1170694265
          ],
          [
            8285090.061327397,
            3711830.1775724883
          ],
          [
            8285090.066113783,
            3711830.238129369
          ],
          [
            8285090.0809688335,
            3711830.2970143
          ],
          [
            8285090.105469201,
            3711830.3525491473
          ],
          [
            8285090.13891666,
            3711830.4031512537
          ],
          [
            8285090.180358015,
            3711830.4473785413
          ],
          [
            8285090.228612249,
            3711830.483970599
          ],
          [
            8285090.282304194,
            3711830.5118846097
          ],
          [
            8285090.339903709,
            3711830.530325067
          ],
          [
            8285153.45473649,
            3711831.0192564437
          ],
          [
            8285198.445356238,
            3711831.3441865416
          ],
          [
            8285221.291022269,
            3711831.464452164
          ],
          [
            8285221.3446633555,
            3711831.4524202836
          ],
          [
            8285221.395473581,
            3711831.4313643742
          ],
          [
            8285221.441961694,
            3711831.401902415
          ],
          [
            8285221.482763298,
            3711831.364899096
          ],
          [
            8285221.516680891,
            3711831.3214404457
          ],
          [
            8285221.542719012,
            3711831.272801943
          ],
          [
            8285221.560113459,
            3711831.220411104
          ],
          [
            8285221.568353715,
            3711831.165805565
          ],
          [
            8285221.567197935,
            3711831.110587966
          ],
          [
            8285221.556680036,
            3711831.0563789112
          ],
          [
            8285221.537108718,
            3711831.0047693984
          ],
          [
            8285221.509058384,
            3711830.957274144
          ],
          [
            8285221.473352296,
            3711830.915287094
          ],
          [
            8285221.431038404,
            3711830.8800405515
          ],
          [
            8285221.383358595,
            3711830.852568975
          ],
          [
            8285221.331712241,
            3711830.833678644
          ],
          [
            8285221.277615135,
            3711830.82392397
          ],
          [
            8285221.222654994,
            3711830.823591254
          ],
          [
            8285198.326022844,
            3711830.7278271513
          ],
          [
            8285153.202486345,
            3711830.377567074
          ],
          [
            8285121.77099069,
            3711830.3379778657
          ],
          [
            8285090.343573076,
            3711829.827777772
          ]
        ]
      }
    },
    {
      "type": "Feature",
      "properties": {
        "Id": 0
      },
      "geometry": {
        "type": "LineString",
        "coordinates": [
          [
            8285247.448520059,
            3711831.0516707976
          ],
          [
            8285247.394803664,
            3711831.0558103328
          ],
          [
            8285247.342582531,
            3711831.0691179493
          ],
          [
            8285247.293394526,
            3711831.091201748
          ],
          [
            8285247.248688192,
            3711831.121411377
          ],
          [
            8285247.209780094,
            3711831.158857197
          ],
          [
            8285247.177816036,
            3711831.2024364555
          ],
          [
            8285247.153737333,
            3711831.2508657863
          ],
          [
            8285247.1382530825,
            3711831.3027189844
          ],
          [
            8285247.131819281,
            3711831.356469025
          ],
          [
            8285247.1346254,
            3711831.410533011
          ],
          [
            8285247.1465888,
            3711831.463318811
          ],
          [
            8285247.167357168,
            3711831.513271927
          ],
          [
            8285247.196318898,
            3711831.5589212836
          ],
          [
            8285247.232621091,
            3711831.598922552
          ],
          [
            8285247.275194682,
            3711831.632097723
          ],
          [
            8285247.322785913,
            3711831.6574698268
          ],
          [
            8285247.373993264,
            3711831.6742916675
          ],
          [
            8285247.427308726,
            3711831.6820678613
          ],
          [
            8285325.291166403,
            3711832.2119441973
          ],
          [
            8285325.338235638,
            3711832.2133279922
          ],
          [
            8285325.384885566,
            3711832.2068784367
          ],
          [
            8285325.4298340995,
            3711832.1927727843
          ],
          [
            8285325.471845903,
            3711832.1713987035
          ],
          [
            8285325.509766356,
            3711832.1433436265
          ],
          [
            8285325.542553277,
            3711832.109378599
          ],
          [
            8285325.569305576,
            3711832.0704370877
          ],
          [
            8285325.589288013,
            3711832.0275893393
          ],
          [
            8285325.601951405,
            3711831.982012942
          ],
          [
            8285325.60694772,
            3711831.934960491
          ],
          [
            8285325.60413964,
            3711831.887725142
          ],
          [
            8285325.593604347,
            3711831.841605076
          ],
          [
            8285325.575631379,
            3711831.7978678215
          ],
          [
            8285325.550714694,
            3711831.7577154236
          ],
          [
            8285325.519539086,
            3711831.7222514017
          ],
          [
            8285325.482961363,
            3711831.6924504237
          ],
          [
            8285325.441986799,
            3711831.669131518
          ],
          [
            8285325.39774151,
            3711831.6529355617
          ],
          [
            8285325.351441501,
            3711831.644307676
          ],
          [
            8285247.448520059,
            3711831.0516707976
          ]
        ]
      }
    },
    {
      "type": "Feature",
      "properties": {
        "Id": 0
      },
      "geometry": {
        "type": "LineString",
        "coordinates": [
          [
            8285378.4171897285,
            3711832.0642714477
          ],
          [
            8285378.368764545,
            3711832.070118583
          ],
          [
            8285378.322023455,
            3711832.0841196165
          ],
          [
            8285378.2783158645,
            3711832.1058703437
          ],
          [
            8285378.238903605,
            3711832.1347428244
          ],
          [
            8285378.204924492,
            3711832.1699035214
          ],
          [
            8285378.177359498,
            3711832.210337348
          ],
          [
            8285378.157004418,
            3711832.254876995
          ],
          [
            8285378.144446896,
            3711832.302236612
          ],
          [
            8285378.140049466,
            3711832.3510489385
          ],
          [
            8285378.14393908,
            3711832.399904777
          ],
          [
            8285378.156003445,
            3711832.4473936674
          ],
          [
            8285378.175894269,
            3711832.492144622
          ],
          [
            8285378.203037304,
            3711832.532865687
          ],
          [
            8285378.236648943,
            3711832.5683812588
          ],
          [
            8285378.275758822,
            3711832.597666011
          ],
          [
            8285378.3192378525,
            3711832.6198744997
          ],
          [
            8285378.365830802,
            3711832.6343655726
          ],
          [
            8285378.414192544,
            3711832.640720874
          ],
          [
            8285430.0191758275,
            3711833.043286314
          ],
          [
            8285445.898375236,
            3711833.6050907327
          ],
          [
            8285453.234517503,
            3711834.1220761337
          ],
          [
            8285453.282185133,
            3711834.113054439
          ],
          [
            8285453.327605555,
            3711834.0959480233
          ],
          [
            8285453.369431708,
            3711834.0712642153
          ],
          [
            8285453.406423139,
            3711834.03973508
          ],
          [
            8285453.437482769,
            3711834.002295692
          ],
          [
            8285453.461689445,
            3711833.96005641
          ],
          [
            8285453.478325263,
            3711833.914269946
          ],
          [
            8285453.486896843,
            3711833.866294214
          ],
          [
            8285453.487149974,
            3711833.8175520548
          ],
          [
            8285453.479077146,
            3711833.769489036
          ],
          [
            8285453.462917784,
            3711833.7235305896
          ],
          [
            8285453.439151132,
            3711833.681039731
          ],
          [
            8285453.4084820505,
            3711833.6432766304
          ],
          [
            8285453.371820105,
            3711833.6113612466
          ],
          [
            8285453.330252604,
            3711833.58624011
          ],
          [
            8285453.285012328,
            3711833.568658254
          ],
          [
            8285453.237440999,
            3711833.5591371087
          ],
          [
            8285445.845132827,
            3711833.0700048725
          ],
          [
            8285429.910060295,
            3711832.479759583
          ],
          [
            8285378.417189731,
            3711832.064271449
          ]
        ]
      }
    },
    {
      "type": "Feature",
      "properties": {
        "Id": 0
      },
      "geometry": {
        "type": "LineString",
        "coordinates": [
          [
            8285473.766639619,
            3711836.239479986
          ],
          [
            8285473.711089543,
            3711836.2324844794
          ],
          [
            8285473.655155062,
            3711836.2348639215
          ],
          [
            8285473.600392076,
            3711836.246552127
          ],
          [
            8285473.548323897,
            3711836.26722397
          ],
          [
            8285473.500398877,
            3711836.2963044327
          ],
          [
            8285473.457950126,
            3711836.3329846
          ],
          [
            8285473.422158416,
            3711836.376244159
          ],
          [
            8285473.394019349,
            3711836.4248797777
          ],
          [
            8285473.37431565,
            3711836.4775385875
          ],
          [
            8285473.363595411,
            3711836.5327558042
          ],
          [
            8285473.3621568335,
            3711836.5889954823
          ],
          [
            8285473.370039929,
            3711836.6446932266
          ],
          [
            8285473.387025418,
            3711836.6982997237
          ],
          [
            8285473.412640828,
            3711836.7483238317
          ],
          [
            8285473.446173624,
            3711836.7933740513
          ],
          [
            8285473.486691044,
            3711836.8321972466
          ],
          [
            8285473.533066033,
            3711836.863713492
          ],
          [
            8285473.584008607,
            3711836.887046118
          ],
          [
            8285484.880302734,
            3711839.744356144
          ],
          [
            8285496.006294722,
            3711843.211384038
          ],
          [
            8285506.929420616,
            3711847.27798296
          ],
          [
            8285517.617710127,
            3711851.9322513007
          ],
          [
            8285526.412532837,
            3711856.139848548
          ],
          [
            8285534.943151984,
            3711860.8649148326
          ],
          [
            8285543.1794500835,
            3711866.0907690246
          ],
          [
            8285550.85979263,
            3711871.3052113024
          ],
          [
            8285558.224396547,
            3711876.960944025
          ],
          [
            8285565.248185122,
            3711883.0387101965
          ],
          [
            8285572.082926086,
            3711889.124701896
          ],
          [
            8285578.347157831,
            3711895.8019549605
          ],
          [
            8285579.684643715,
            3711897.160052595
          ],
          [
            8285579.751545031,
            3711897.174946021
          ],
          [
            8285579.8200027095,
            3711897.177959619
          ],
          [
            8285579.887943785,
            3711897.1690021357
          ],
          [
            8285579.953310934,
            3711897.148344816
          ],
          [
            8285580.014124775,
            3711897.116613181
          ],
          [
            8285580.068543802,
            3711897.0747680953
          ],
          [
            8285580.114920156,
            3711897.024076669
          ],
          [
            8285580.151849511,
            3711896.9660738944
          ],
          [
            8285580.178213615,
            3711896.902516147
          ],
          [
            8285580.193214135,
            3711896.8353280206
          ],
          [
            8285580.196396839,
            3711896.76654404
          ],
          [
            8285580.1876653535,
            3711896.698247049
          ],
          [
            8285580.167284076,
            3711896.632505149
          ],
          [
            8285580.135870169,
            3711896.5713090724
          ],
          [
            8285578.826832138,
            3711895.1289168643
          ],
          [
            8285565.615964976,
            3711882.336939724
          ],
          [
            8285558.50817342,
            3711876.275001563
          ],
          [
            8285551.069177887,
            3711870.6286012214
          ],
          [
            8285543.323003866,
            3711865.4159737667
          ],
          [
            8285535.141194417,
            3711860.134667041
          ],
          [
            8285526.634918285,
            3711855.399234036
          ],
          [
            8285517.84018949,
            3711851.2297228537
          ],
          [
            8285507.11107695,
            3711846.6676286464
          ],
          [
            8285496.171326527,
            3711842.6422605924
          ],
          [
            8285485.047508374,
            3711839.1633947683
          ],
          [
            8285473.766639619,
            3711836.239479986
          ]
        ]
      }
    },
    {
      "type": "Feature",
      "properties": {
        "Id": 0
      },
      "geometry": {
        "type": "LineString",
        "coordinates": [
          [
            8285244.014312922,
            3711888.6712341295
          ],
          [
            8285243.707533676,
            3711888.5715845465
          ],
          [
            8285243.388333858,
            3711888.5259904275
          ],
          [
            8285243.0660729455,
            3711888.5357886693
          ],
          [
            8285242.750200163,
            3711888.6006919728
          ],
          [
            8285242.449977427,
            3711888.7187972628
          ],
          [
            8285242.1742077675,
            3711888.886641497
          ],
          [
            8285241.930977212,
            3711889.099303204
          ],
          [
            8285241.727417693,
            3711889.3505467908
          ],
          [
            8285241.569497912,
            3711889.633005378
          ],
          [
            8285241.461848349,
            3711889.9383968087
          ],
          [
            8285241.40762547,
            3711890.2577664955
          ],
          [
            8285241.408419187,
            3711890.5817499864
          ],
          [
            8285241.464206233,
            3711890.9008475384
          ],
          [
            8285241.986779075,
            3711940.753419013
          ],
          [
            8285242.036027391,
            3711960.3767761085
          ],
          [
            8285242.466165815,
            3711979.995465779
          ],
          [
            8285243.740762004,
            3711981.930703371
          ],
          [
            8285245.3288217075,
            3711983.615640678
          ],
          [
            8285247.182613951,
            3711984.9996347185
          ],
          [
            8285249.246420782,
            3711986.0410877196
          ],
          [
            8285251.458211948,
            3711986.708697412
          ],
          [
            8285316.491342247,
            3711987.18810423
          ],
          [
            8285341.453784042,
            3711986.8514121296
          ],
          [
            8285366.418289102,
            3711986.948175433
          ],
          [
            8285391.377405258,
            3711987.478365304
          ],
          [
            8285438.898543989,
            3711988.105696811
          ],
          [
            8285439.634462803,
            3711988.2585573904
          ],
          [
            8285440.385371162,
            3711988.2879016073
          ],
          [
            8285441.130880739,
            3711988.1929327156
          ],
          [
            8285441.850749792,
            3711987.9762292746
          ],
          [
            8285442.525432759,
            3711987.6436751196
          ],
          [
            8285446.117060751,
            3711983.7823505774
          ],
          [
            8285449.201222738,
            3711979.5009084777
          ],
          [
            8285452.6561239185,
            3711974.503977945
          ],
          [
            8285456.636728919,
            3711969.9189911652
          ],
          [
            8285464.874450765,
            3711960.76640114
          ],
          [
            8285473.637424696,
            3711952.1204470904
          ],
          [
            8285482.894850666,
            3711944.0115156267
          ],
          [
            8285492.235456872,
            3711937.0156232365
          ],
          [
            8285501.920121256,
            3711930.509287036
          ],
          [
            8285511.923459642,
            3711924.5095594646
          ],
          [
            8285514.669609487,
            3711922.378336647
          ],
          [
            8285517.090122373,
            3711919.880127012
          ],
          [
            8285517.278231248,
            3711919.272469616
          ],
          [
            8285517.359553622,
            3711918.6413586396
          ],
          [
            8285517.331666745,
            3711918.0055962116
          ],
          [
            8285517.195401444,
            3711917.384123029
          ],
          [
            8285516.95481736,
            3711916.7954540844
          ],
          [
            8285516.617082017,
            3711916.2571270536
          ],
          [
            8285516.192257268,
            3711915.785179816
          ],
          [
            8285508.811931482,
            3711910.9635958094
          ],
          [
            8285501.182692163,
            3711906.550556868
          ],
          [
            8285493.326912454,
            3711902.5590038467
          ],
          [
            8285482.735753425,
            3711898.4473343263
          ],
          [
            8285471.927980148,
            3711894.9509075647
          ],
          [
            8285460.938952249,
            3711892.0811621635
          ],
          [
            8285453.734583388,
            3711890.865140397
          ],
          [
            8285446.4662338495,
            3711890.127814104
          ],
          [
            8285439.16536694,
            3711889.8723749276
          ],
          [
            8285420.807645337,
            3711889.5323135178
          ],
          [
            8285402.446947342,
            3711889.459811607
          ],
          [
            8285361.21973319,
            3711889.1993824034
          ],
          [
            8285308.525868273,
            3711888.87854747
          ],
          [
            8285255.3063608445,
            3711888.64268009
          ],
          [
            8285244.014312922,
            3711888.6712341295
          ]
        ]
      }
    },
    {
      "type": "Feature",
      "properties": {
        "Id": 0
      },
      "geometry": {
        "type": "LineString",
        "coordinates": [
          [
            8285572.219413013,
            3712165.968007339
          ],
          [
            8285565.574568114,
            3712161.7439414337
          ],
          [
            8285559.368727847,
            3712156.8921909016
          ],
          [
            8285553.660402326,
            3712151.458500349
          ],
          [
            8285549.051709653,
            3712145.851921436
          ],
          [
            8285544.985280203,
            3712139.8366094762
          ],
          [
            8285541.496792716,
            3712133.4653444435
          ],
          [
            8285538.616854819,
            3712126.7940293653
          ],
          [
            8285536.370734502,
            3712119.8811997995
          ],
          [
            8285534.778138425,
            3712112.7875101976
          ],
          [
            8285533.952703545,
            3712105.915859655
          ],
          [
            8285533.755692233,
            3712098.997163697
          ],
          [
            8285534.188752466,
            3712092.089333727
          ],
          [
            8285535.248258356,
            3712085.2501900084
          ],
          [
            8285536.925340542,
            3712078.5369776976
          ],
          [
            8285539.717887975,
            3712070.78286065
          ],
          [
            8285543.313463272,
            3712063.3702947083
          ],
          [
            8285547.671465888,
            3712056.3829775536
          ],
          [
            8285552.742686632,
            3712049.899804976
          ],
          [
            8285557.9733229345,
            3712044.5923551074
          ],
          [
            8285563.6989825135,
            3712039.8287215563
          ],
          [
            8285569.863925309,
            3712035.655277839
          ],
          [
            8285576.408135013,
            3712032.112651947
          ],
          [
            8285580.253449976,
            3712030.612777357
          ],
          [
            8285580.314319258,
            3712030.590309713
          ],
          [
            8285580.370519696,
            3712030.5578023023
          ],
          [
            8285580.420425851,
            3712030.516195309
          ],
          [
            8285580.46259433,
            3712030.466692099
          ],
          [
            8285580.49580553,
            3712030.4107244126
          ],
          [
            8285580.519098906,
            3712030.3499109624
          ],
          [
            8285580.531800764,
            3712030.286010595
          ],
          [
            8285580.533543743,
            3712030.2208714574
          ],
          [
            8285580.524277427,
            3712030.1563775134
          ],
          [
            8285580.504269823,
            3712030.0943940687
          ],
          [
            8285580.47409959,
            3712030.036713818
          ],
          [
            8285580.434639324,
            3712029.9850050006
          ],
          [
            8285580.387030291,
            3712029.940763149
          ],
          [
            8285580.332649459,
            3712029.905267833
          ],
          [
            8285580.273069635,
            3712029.879545652
          ],
          [
            8285580.210013997,
            3712029.864340552
          ],
          [
            8285580.145306252,
            3712029.8600922935
          ],
          [
            8285574.793042942,
            3712032.0014244206
          ],
          [
            8285569.757707322,
            3712034.8138429313
          ],
          [
            8285563.379496703,
            3712038.9941400164
          ],
          [
            8285557.503017649,
            3712043.8607351645
          ],
          [
            8285552.201050785,
            3712049.353356514
          ],
          [
            8285547.952420182,
            3712054.53177455
          ],
          [
            8285544.172840884,
            3712060.0651820707
          ],
          [
            8285540.891529118,
            3712065.910807111
          ],
          [
            8285538.133849686,
            3712072.0234642257
          ],
          [
            8285536.229374464,
            3712077.236073386
          ],
          [
            8285534.852440475,
            3712082.613746135
          ],
          [
            8285534.016814817,
            3712088.1027174145
          ],
          [
            8285533.009832276,
            3712095.6241231863
          ],
          [
            8285532.90201861,
            3712103.2125241286
          ],
          [
            8285533.337469397,
            3712108.7320788656
          ],
          [
            8285534.2073634975,
            3712114.1995148086
          ],
          [
            8285535.50621638,
            3712119.5803569965
          ],
          [
            8285537.74557584,
            3712127.1103741718
          ],
          [
            8285540.83592827,
            3712134.3298780713
          ],
          [
            8285545.121691257,
            3712141.71226051
          ],
          [
            8285550.089493885,
            3712148.6495875274
          ],
          [
            8285555.240671802,
            3712154.09129079
          ],
          [
            8285560.79040412,
            3712159.1217472195
          ],
          [
            8285566.70626982,
            3712163.7115684035
          ],
          [
            8285569.313944661,
            3712165.599732888
          ],
          [
            8285572.150863803,
            3712167.117887704
          ]
        ]
      }
    },
    {
      "type": "Feature",
      "properties": {
        "Id": 0
      },
      "geometry": {
        "type": "LineString",
        "coordinates": [
          [
            8285543.062660001,
            3711941.6109173805
          ],
          [
            8285542.554131838,
            3711941.275146008
          ],
          [
            8285541.998980795,
            3711941.02481704
          ],
          [
            8285541.4113060925,
            3711940.866288099
          ],
          [
            8285540.806032938,
            3711940.8035853487
          ],
          [
            8285540.198533498,
            3711940.8383012554
          ],
          [
            8285539.604236474,
            3711940.9695541346
          ],
          [
            8285539.038235275,
            3711941.194010552
          ],
          [
            8285529.633069938,
            3711945.8926119073
          ],
          [
            8285520.48166009,
            3711951.072565913
          ],
          [
            8285511.608381058,
            3711956.7200762206
          ],
          [
            8285503.036867452,
            3711962.8201011536
          ],
          [
            8285494.886160319,
            3711969.6804101667
          ],
          [
            8285487.145766485,
            3711977.0049034166
          ],
          [
            8285479.841825246,
            3711984.768847604
          ],
          [
            8285472.999002184,
            3711992.946025397
          ],
          [
            8285466.640405861,
            3712001.5088239512
          ],
          [
            8285460.63059513,
            3712011.1539078406
          ],
          [
            8285455.211513027,
            3712021.146174244
          ],
          [
            8285450.402950679,
            3712031.4491336974
          ],
          [
            8285446.222469835,
            3712042.0251619774
          ],
          [
            8285442.685338692,
            3712052.8356374763
          ],
          [
            8285439.804476131,
            3712063.841082229
          ],
          [
            8285437.7052616505,
            3712075.70947989
          ],
          [
            8285436.44760351,
            3712087.6974666365
          ],
          [
            8285436.0378177,
            3712099.744862365
          ],
          [
            8285436.477963882,
            3712111.791188365
          ],
          [
            8285438.202301408,
            3712125.0800495553
          ],
          [
            8285440.745030847,
            3712138.2355754185
          ],
          [
            8285444.096327611,
            3712151.2069215556
          ],
          [
            8285448.243242016,
            3712163.943955068
          ],
          [
            8285451.930685877,
            3712172.8854007227
          ],
          [
            8285456.114129415,
            3712181.603621228
          ],
          [
            8285460.780254452,
            3712190.070859047
          ],
          [
            8285465.914205955,
            3712198.260155609
          ],
          [
            8285471.9759745635,
            3712207.00145083
          ],
          [
            8285478.663136429,
            3712215.2694112305
          ],
          [
            8285485.939227662,
            3712223.0189505685
          ],
          [
            8285493.764572723,
            3712230.207809464
          ],
          [
            8285502.096500735,
            3712236.7967858473
          ],
          [
            8285511.68273671,
            3712243.757300912
          ],
          [
            8285521.689152381,
            3712250.0925842007
          ],
          [
            8285532.075423609,
            3712255.777104204
          ],
          [
            8285542.7996952925,
            3712260.7879519523
          ],
          [
            8285552.342987523,
            3712264.6391521324
          ],
          [
            8285562.093773562,
            3712267.923839748
          ],
          [
            8285572.018782066,
            3712270.630806353
          ],
          [
            8285572.526833133,
            3712270.64271674
          ],
          [
            8285573.030848406,
            3712270.5773992534
          ],
          [
            8285573.519269384,
            3712270.43635181
          ],
          [
            8285573.980895185,
            3712270.222809032
          ],
          [
            8285574.40513942,
            3712269.9416680653
          ],
          [
            8285574.782272965,
            3712269.599376277
          ],
          [
            8285575.103647085,
            3712269.2037833896
          ],
          [
            8285575.861797085,
            3712246.1554974094
          ],
          [
            8285576.1633103015,
            3712223.0966569176
          ],
          [
            8285576.187216936,
            3712181.9799605603
          ]
        ]
      }
    },
    {
      "type": "Feature",
      "properties": {
        "Id": 0
      },
      "geometry": {
        "type": "LineString",
        "coordinates": [
          [
            8285576.187216936,
            3712181.9799605603
          ],
          [
            8285576.20864806,
            3712174.473373461
          ],
          [
            8285576.233989462,
            3712174.1082609706
          ],
          [
            8285576.196185783,
            3712173.744238334
          ],
          [
            8285576.096373652,
            3712173.392250404
          ],
          [
            8285575.937554066,
            3712173.0628801957
          ],
          [
            8285575.724502164,
            3712172.7660306855
          ],
          [
            8285575.463623651,
            3712172.510627064
          ],
          [
            8285575.1627622135,
            3712172.3043484017
          ],
          [
            8285574.830963668,
            3712172.153396749
          ],
          [
            8285574.478204012,
            3712172.0623106784
          ],
          [
            8285567.051126688,
            3712167.791553124
          ],
          [
            8285560.090463584,
            3712162.789980919
          ],
          [
            8285553.667171958,
            3712157.1085815975
          ],
          [
            8285547.84673077,
            3712150.805272899
          ],
          [
            8285542.793373586,
            3712143.489326829
          ],
          [
            8285538.481460106,
            3712135.7089129584
          ],
          [
            8285534.952898951,
            3712127.5396546316
          ],
          [
            8285532.2419846635,
            3712119.060954334
          ],
          [
            8285530.37506441,
            3712110.355221887
          ],
          [
            8285529.859386366,
            3712102.412945585
          ],
          [
            8285530.083419393,
            3712094.4569718195
          ],
          [
            8285531.045207341,
            3712086.5567174945
          ],
          [
            8285532.736357077,
            3712078.78111309
          ],
          [
            8285535.142111785,
            3712071.1980012455
          ],
          [
            8285538.241479742,
            3712063.8735448425
          ],
          [
            8285543.168570238,
            3712056.4571202463
          ],
          [
            8285548.66063919,
            3712049.452909316
          ],
          [
            8285554.683687489,
            3712042.904270286
          ],
          [
            8285561.200429217,
            3712036.851741138
          ],
          [
            8285568.170522486,
            3712031.332788669
          ],
          [
            8285575.550819151,
            3712026.381576605
          ],
          [
            8285575.79829932,
            3712026.375480187
          ],
          [
            8285576.041258202,
            3712026.32776946
          ],
          [
            8285576.272815818,
            3712026.239795471
          ],
          [
            8285576.486415041,
            3712026.114049425
          ],
          [
            8285576.676007287,
            3712025.9540921263
          ],
          [
            8285576.836223783,
            3712025.764453165
          ],
          [
            8285576.9625276085,
            3712025.550502634
          ],
          [
            8285577.0513421595,
            3712025.3182990695
          ],
          [
            8285577.100152437,
            3712025.074417889
          ],
          [
            8285577.107576259,
            3712024.825765186
          ],
          [
            8285577.073403409,
            3712024.579382174
          ],
          [
            8285576.998601571,
            3712024.342245789
          ],
          [
            8285576.885288949,
            3712024.1210711333
          ],
          [
            8285575.8203029875,
            3712014.598216521
          ],
          [
            8285574.493954439,
            3712005.1085649156
          ],
          [
            8285572.281174307,
            3711995.959674311
          ],
          [
            8285569.4763925765,
            3711986.9762143516
          ],
          [
            8285566.091673836,
            3711978.1968222545
          ],
          [
            8285562.141576879,
            3711969.6592573943
          ],
          [
            8285557.643092068,
            3711961.400238918
          ],
          [
            8285552.245827628,
            3711952.871369721
          ],
          [
            8285546.426041052,
            3711944.627852977
          ],
          [
            8285544.845994734,
            3711943.004958043
          ],
          [
            8285543.062660001,
            3711941.6109173805
          ]
        ]
      }
    },
    {
      "type": "Feature",
      "properties": {
        "Id": 0
      },
      "geometry": {
        "type": "LineString",
        "coordinates": [
          [
            8285641.200400739,
            3712031.7669621115
          ],
          [
            8285641.147032223,
            3712031.7567997365
          ],
          [
            8285641.092723705,
            3712031.755767848
          ],
          [
            8285641.039011042,
            3712031.7638956285
          ],
          [
            8285640.987413249,
            3712031.780953222
          ],
          [
            8285640.93938953,
            3712031.8064582325
          ],
          [
            8285640.896298011,
            3712031.839689372
          ],
          [
            8285640.859357339,
            3712031.8797068507
          ],
          [
            8285640.829612208,
            3712031.9253789573
          ],
          [
            8285640.80790382,
            3712031.975414073
          ],
          [
            8285640.794846092,
            3712032.028397186
          ],
          [
            8285640.790808311,
            3712032.082829915
          ],
          [
            8285640.795904656,
            3712032.1371728834
          ],
          [
            8285640.809991009,
            3712032.1898892527
          ],
          [
            8285640.832668999,
            3712032.239488186
          ],
          [
            8285640.8632972855,
            3712032.2845670064
          ],
          [
            8285640.901009689,
            3712032.3238508687
          ],
          [
            8285640.944739692,
            3712032.3562288135
          ],
          [
            8285640.993250592,
            3712032.380785182
          ],
          [
            8285646.697785362,
            3712035.213653444
          ],
          [
            8285652.023381721,
            3712038.713062998
          ],
          [
            8285657.687071423,
            3712043.176973464
          ],
          [
            8285662.923910317,
            3712048.1393354605
          ],
          [
            8285667.690612486,
            3712053.5591329047
          ],
          [
            8285672.5532220425,
            3712060.9374245224
          ],
          [
            8285676.854948365,
            3712068.659456692
          ],
          [
            8285679.288430066,
            3712074.2342903307
          ],
          [
            8285681.103560755,
            3712080.0421888074
          ],
          [
            8285682.278767591,
            3712086.014128367
          ],
          [
            8285683.39573885,
            3712093.375579197
          ],
          [
            8285683.709210116,
            3712100.8154481086
          ],
          [
            8285683.215459653,
            3712108.2454390046
          ],
          [
            8285681.566997678,
            3712117.207481864
          ],
          [
            8285679.298920544,
            3712126.0317553184
          ],
          [
            8285675.301785287,
            3712134.531740046
          ],
          [
            8285670.512391863,
            3712142.6076572514
          ],
          [
            8285665.984456396,
            3712148.7423485625
          ],
          [
            8285660.848263404,
            3712154.3725000815
          ],
          [
            8285655.159117493,
            3712159.437486857
          ],
          [
            8285648.378207182,
            3712163.902716797
          ],
          [
            8285641.378351453,
            3712168.012646121
          ],
          [
            8285641.3248054525,
            3712168.0653987657
          ],
          [
            8285641.280573501,
            3712168.1262467336
          ],
          [
            8285641.24684852,
            3712168.1935489895
          ],
          [
            8285641.224540052,
            3712168.2654904197
          ],
          [
            8285641.214249745,
            3712168.340130797
          ],
          [
            8285641.216255126,
            3712168.4154571095
          ],
          [
            8285641.23050211,
            3712168.489437844
          ],
          [
            8285641.256606463,
            3712168.560077771
          ],
          [
            8285641.293864162,
            3712168.625471764
          ],
          [
            8285641.341270388,
            3712168.683856182
          ],
          [
            8285641.397546615,
            3712168.7336564236
          ],
          [
            8285641.4611751,
            3712168.7735294
          ],
          [
            8285641.530439814,
            3712168.802399755
          ],
          [
            8285641.603472719,
            3712168.819488868
          ],
          [
            8285641.678304155,
            3712168.8243358564
          ],
          [
            8285641.7529159505,
            3712168.816809996
          ],
          [
            8285648.860277614,
            3712164.58251981
          ],
          [
            8285655.761663971,
            3712160.017117431
          ],
          [
            8285665.817596574,
            3712150.6538379425
          ],
          [
            8285671.465839829,
            3712143.1250669505
          ],
          [
            8285676.07165619,
            3712134.93421775
          ],
          [
            8285680.188959154,
            3712126.4847790413
          ],
          [
            8285682.030200365,
            3712120.1425433643
          ],
          [
            8285683.393422817,
            3712113.6795166903
          ],
          [
            8285684.270964904,
            3712107.1320264293
          ],
          [
            8285684.468373848,
            3712099.781478467
          ],
          [
            8285684.070503528,
            3712092.439136125
          ],
          [
            8285683.079988575,
            3712085.153599491
          ],
          [
            8285681.656022694,
            3712079.306624778
          ],
          [
            8285679.786586281,
            3712073.58774486
          ],
          [
            8285677.482865028,
            3712068.0311763342
          ],
          [
            8285673.176480403,
            3712060.0417780397
          ],
          [
            8285668.174294975,
            3712052.472762639
          ],
          [
            8285663.250098628,
            3712047.2525894083
          ],
          [
            8285657.96488684,
            3712042.4019925175
          ],
          [
            8285652.346058311,
            3712037.9461167557
          ],
          [
            8285646.945280321,
            3712034.5431594956
          ],
          [
            8285641.200400739,
            3712031.7669621115
          ]
        ]
      }
    },
    {
      "type": "Feature",
      "properties": {
        "Id": 0
      },
      "geometry": {
        "type": "LineString",
        "coordinates": [
          [
            8285615.443254784,
            3711926.5580421234
          ],
          [
            8285615.104897244,
            3711926.6224438865
          ],
          [
            8285614.7823593095,
            3711926.743708731
          ],
          [
            8285614.485030177,
            3711926.918306593
          ],
          [
            8285614.221565204,
            3711927.141154875
          ],
          [
            8285613.999633948,
            3711927.405766383
          ],
          [
            8285613.825696905,
            3711927.7044381895
          ],
          [
            8285613.704817454,
            3711928.0284758527
          ],
          [
            8285613.640514439,
            3711928.3684465224
          ],
          [
            8285613.6346597485,
            3711928.7144535347
          ],
          [
            8285613.687423819,
            3711929.056424496
          ],
          [
            8285613.797270678,
            3711929.3844045117
          ],
          [
            8285613.961002644,
            3711929.688845959
          ],
          [
            8285619.458320918,
            3711940.7166202627
          ],
          [
            8285624.407569684,
            3711952.003499374
          ],
          [
            8285628.796695213,
            3711963.521998664
          ],
          [
            8285632.610299355,
            3711975.1271746405
          ],
          [
            8285635.771650166,
            3711986.928632931
          ],
          [
            8285638.270837754,
            3711998.8893871056
          ],
          [
            8285640.1000274345,
            3712010.9719512695
          ],
          [
            8285640.6772892475,
            3712019.374534414
          ],
          [
            8285641.008892581,
            3712027.7905286388
          ],
          [
            8285640.952295197,
            3712028.0109466836
          ],
          [
            8285640.932553419,
            3712028.237717969
          ],
          [
            8285640.950205186,
            3712028.464663199
          ],
          [
            8285641.00476951,
            3712028.6855983315
          ],
          [
            8285641.094759567,
            3712028.894503105
          ],
          [
            8285641.217723218,
            3712029.0856850594
          ],
          [
            8285641.370309822,
            3712029.253934673
          ],
          [
            8285641.5483615445,
            3712029.3946673083
          ],
          [
            8285647.545722087,
            3712031.5340397116
          ],
          [
            8285653.264715023,
            3712034.339453719
          ],
          [
            8285658.632365513,
            3712037.775112563
          ],
          [
            8285663.580181689,
            3712041.7971775546
          ],
          [
            8285668.045028621,
            3712046.3543274207
          ],
          [
            8285671.969933917,
            3712051.3884131107
          ],
          [
            8285675.304814689,
            3712056.8351997435
          ],
          [
            8285679.226670124,
            3712063.7666583154
          ],
          [
            8285682.472452821,
            3712071.0425449875
          ],
          [
            8285685.012541496,
            3712078.5964627434
          ],
          [
            8285686.823754681,
            3712086.3594771
          ],
          [
            8285687.889562325,
            3712094.2607451673
          ],
          [
            8285688.200236671,
            3712102.228162117
          ],
          [
            8285687.665165699,
            3712110.3998070797
          ],
          [
            8285686.266038234,
            3712118.4675350236
          ],
          [
            8285684.018806191,
            3712126.3393530725
          ],
          [
            8285680.949092172,
            3712133.9255018868
          ],
          [
            8285677.091897362,
            3712141.139479179
          ],
          [
            8285672.491202478,
            3712147.899026116
          ],
          [
            8285667.199466334,
            3712154.127065339
          ],
          [
            8285661.277027696,
            3712159.7525799135
          ],
          [
            8285655.068672104,
            3712164.270150527
          ],
          [
            8285648.595538491,
            3712168.3954140483
          ],
          [
            8285641.88214245,
            3712172.112746383
          ],
          [
            8285641.423822467,
            3712172.4737533657
          ],
          [
            8285641.031837332,
            3712172.9065162297
          ],
          [
            8285640.717167181,
            3712173.3989126035
          ],
          [
            8285640.488626434,
            3712173.937149688
          ],
          [
            8285640.352616893,
            3712174.506150608
          ],
          [
            8285640.312948417,
            3712175.0899767373
          ],
          [
            8285640.370732198,
            3712175.672274175
          ],
          [
            8285639.838835116,
            3712218.28326894
          ],
          [
            8285640.12678846,
            3712267.85768282
          ],
          [
            8285640.292153662,
            3712268.3748738742
          ],
          [
            8285640.538079566,
            3712268.8586382824
          ],
          [
            8285640.85817347,
            3712269.2964008437
          ],
          [
            8285641.244114712,
            3712269.676782153
          ],
          [
            8285641.685870965,
            3712269.9898944004
          ],
          [
            8285642.171959017,
            3712270.22759839
          ],
          [
            8285642.6897432655,
            3712270.383715133
          ],
          [
            8285643.225764193,
            3712270.4541864553
          ],
          [
            8285654.351812796,
            3712267.702377726
          ],
          [
            8285665.278335394,
            3712264.2360296645
          ],
          [
            8285675.959938424,
            3712260.069543625
          ],
          [
            8285684.968428367,
            3712256.0115010305
          ],
          [
            8285693.712246953,
            3712251.4058289872
          ],
          [
            8285702.158464775,
            3712246.269873301
          ],
          [
            8285710.275273328,
            3712240.622976883
          ],
          [
            8285718.032104797,
            3712234.4864068804
          ],
          [
            8285725.824406543,
            3712227.720137186
          ],
          [
            8285733.190643096,
            3712220.487979534
          ],
          [
            8285740.10327776,
            3712212.8169709425
          ],
          [
            8285746.536469704,
            3712204.7357889386
          ],
          [
            8285752.466170546,
            3712196.2746443492
          ],
          [
            8285757.968261326,
            3712187.1943305708
          ],
          [
            8285762.938571416,
            3712177.809474288
          ],
          [
            8285767.360465233,
            3712168.1514895116
          ],
          [
            8285771.219142985,
            3712158.252704348
          ],
          [
            8285774.50169019,
            3712148.1462527704
          ],
          [
            8285777.463696568,
            3712136.4640276125
          ],
          [
            8285779.587851834,
            3712124.5990658705
          ],
          [
            8285780.863309652,
            3712112.6119663217
          ],
          [
            8285781.283558351,
            3712100.563951186
          ],
          [
            8285780.871088436,
            3712088.2443792555
          ],
          [
            8285779.590380414,
            3712075.9852169226
          ],
          [
            8285777.447883879,
            3712063.8481756635
          ],
          [
            8285774.454386529,
            3712051.894351847
          ],
          [
            8285771.305280239,
            3712041.873268857
          ],
          [
            8285767.540722384,
            3712032.068922874
          ],
          [
            8285763.1753541,
            3712022.519440616
          ],
          [
            8285758.226152845,
            3712013.261957517
          ],
          [
            8285752.712366363,
            3712004.332473333
          ],
          [
            8285746.655437821,
            3711995.7657121746
          ],
          [
            8285740.034087765,
            3711987.312564141
          ],
          [
            8285732.878123191,
            3711979.3114506267
          ],
          [
            8285725.218026122,
            3711971.7964516385
          ],
          [
            8285717.086425769,
            3711964.7995764976
          ],
          [
            8285708.517959533,
            3711958.3506275285
          ],
          [
            8285699.549125477,
            3711952.4770731344
          ],
          [
            8285690.218126847,
            3711947.2039308264
          ],
          [
            8285679.294175627,
            3711941.688835202
          ],
          [
            8285667.991167611,
            3711937.00820501
          ],
          [
            8285656.372120766,
            3711933.1881351257
          ],
          [
            8285644.501814854,
            3711930.2499226886
          ],
          [
            8285632.446430316,
            3711928.2099483795
          ],
          [
            8285623.961888393,
            3711927.206818348
          ],
          [
            8285615.443254784,
            3711926.558042123
          ]
        ]
      }
    },
    {
      "type": "Feature",
      "properties": {
        "Id": 0
      },
      "geometry": {
        "type": "LineString",
        "coordinates": [
          [
            8285077.23751635,
            3711822.5836130735
          ],
          [
            8285227.478361415,
            3711823.687984776
          ],
          [
            8285228.014612624,
            3711823.62003454
          ],
          [
            8285228.533150707,
            3711823.466789785
          ],
          [
            8285229.020630842,
            3711823.232194333
          ],
          [
            8285229.464507506,
            3711822.922285619
          ],
          [
            8285229.853357328,
            3711822.5450392915
          ],
          [
            8285230.17717308,
            3711822.1101639653
          ],
          [
            8285230.427621222,
            3711821.628851364
          ],
          [
            8285230.598256364,
            3711821.1134882905
          ],
          [
            8285230.684687147,
            3711820.5773378587
          ],
          [
            8285230.147722197,
            3711784.4552610996
          ],
          [
            8285230.205321444,
            3711748.3293064376
          ],
          [
            8285397.516388152,
            3711749.956292211
          ],
          [
            8285453.073456466,
            3711750.369933912
          ],
          [
            8285454.161563666,
            3711750.0512172203
          ],
          [
            8285455.188376376,
            3711749.569051608
          ],
          [
            8285456.129743844,
            3711748.9347776887
          ],
          [
            8285456.963525005,
            3711748.1633136855
          ],
          [
            8285457.670109248,
            3711747.272804548
          ],
          [
            8285458.232877656,
            3711746.284195175
          ],
          [
            8285458.638593897,
            3711745.220737787
          ],
          [
            8285458.877715519,
            3711744.1074450295
          ],
          [
            8285457.1124883145,
            3711700.463365137
          ],
          [
            8285456.607836647,
            3711699.755674196
          ],
          [
            8285455.998685462,
            3711699.1365669486
          ],
          [
            8285455.300202751,
            3711698.6214592676
          ],
          [
            8285454.5297808815,
            3711698.223177418
          ],
          [
            8285453.706603502,
            3711697.951638683
          ],
          [
            8285452.8511678865,
            3711697.8136044145
          ],
          [
            8285451.984774541,
            3711697.812511688
          ],
          [
            8285312.687935096,
            3711697.4672708693
          ]
        ]
      }
    },
    {
      "type": "Feature",
      "properties": {
        "Id": 0
      },
      "geometry": {
        "type": "LineString",
        "coordinates": [
          [
            8285312.493753287,
            3711688.0593523374
          ],
          [
            8285449.988612363,
            3711688.903360957
          ],
          [
            8285450.965502494,
            3711688.985701611
          ],
          [
            8285451.943258668,
            3711688.9144936055
          ],
          [
            8285452.898125358,
            3711688.6914670067
          ],
          [
            8285453.806903149,
            3711688.3220404726
          ],
          [
            8285454.647512415,
            3711687.8151895883
          ],
          [
            8285455.399529749,
            3711687.183228803
          ],
          [
            8285456.044684179,
            3711686.441512228
          ],
          [
            8285456.567301089,
            3711685.6080605937
          ],
          [
            8285456.954683022,
            3711684.7031234223
          ],
          [
            8285456.235131513,
            3711662.800715596
          ],
          [
            8285455.236930514,
            3711640.9093834637
          ],
          [
            8285454.275143858,
            3711639.663482206
          ],
          [
            8285453.115101635,
            3711638.601652572
          ],
          [
            8285451.791130072,
            3711637.755314529
          ],
          [
            8285450.342406117,
            3711637.149511559
          ],
          [
            8285448.811798179,
            3711636.8021696047
          ],
          [
            8285447.244597624,
            3711636.7235666434
          ],
          [
            8285312.276424167,
            3711636.381482788
          ]
        ]
      }
    },
    {
      "type": "Feature",
      "properties": {
        "Id": 0
      },
      "geometry": {
        "type": "LineString",
        "coordinates": [
          [
            8285248.135112994,
            3711756.711531915
          ],
          [
            8285246.802851609,
            3711756.716915177
          ],
          [
            8285245.490125586,
            3711756.9454019577
          ],
          [
            8285244.233672846,
            3711757.390597841
          ],
          [
            8285243.068656451,
            3711758.040043608
          ],
          [
            8285242.027680549,
            3711758.875563912
          ],
          [
            8285241.139877898,
            3711759.8737759297
          ],
          [
            8285240.430094577,
            3711761.006743742
          ],
          [
            8285239.918194638,
            3711762.242760144
          ],
          [
            8285239.618504168,
            3711763.5472339997
          ],
          [
            8285239.701368638,
            3711822.305827413
          ],
          [
            8285239.741525148,
            3711822.572994214
          ],
          [
            8285239.826034641,
            3711822.8294988004
          ],
          [
            8285239.952466069,
            3711823.067962395
          ],
          [
            8285240.117182426,
            3711823.281525203
          ],
          [
            8285240.315445378,
            3711823.464043738
          ],
          [
            8285240.54155157,
            3711823.6102675553
          ],
          [
            8285240.788996687,
            3711823.715990282
          ],
          [
            8285241.050662559,
            3711823.7781706294
          ],
          [
            8285301.471437268,
            3711824.077169591
          ],
          [
            8285362.004161513,
            3711824.3952201568
          ],
          [
            8285424.947647166,
            3711824.9601805857
          ],
          [
            8285440.274533262,
            3711825.1969594285
          ],
          [
            8285456.84224934,
            3711826.2221062304
          ],
          [
            8285458.943406171,
            3711826.1549361716
          ],
          [
            8285459.958938761,
            3711825.3783807233
          ],
          [
            8285460.4314561635,
            3711824.2862257296
          ],
          [
            8285460.98746291,
            3711822.0998761063
          ],
          [
            8285460.995582711,
            3711820.536158157
          ],
          [
            8285459.412853797,
            3711765.7181777926
          ],
          [
            8285459.117872793,
            3711762.589124462
          ],
          [
            8285458.2697298005,
            3711761.0991117684
          ],
          [
            8285456.951101964,
            3711760.3103208225
          ],
          [
            8285453.997753857,
            3711759.6693326565
          ],
          [
            8285358.846522399,
            3711758.3099197657
          ],
          [
            8285248.135112994,
            3711756.711531915
          ]
        ]
      }
    },
    {
      "type": "Feature",
      "properties": {
        "Id": 0
      },
      "geometry": {
        "type": "LineString",
        "coordinates": [
          [
            8285474.68621545,
            3711761.2633709507
          ],
          [
            8285473.484239375,
            3711761.4210352395
          ],
          [
            8285472.326418207,
            3711761.7816956104
          ],
          [
            8285471.246443458,
            3711762.334857199
          ],
          [
            8285470.275741404,
            3711763.0644235467
          ],
          [
            8285469.442558595,
            3711763.9491649717
          ],
          [
            8285468.7711399235,
            3711764.963336343
          ],
          [
            8285468.281023091,
            3711766.0774262277
          ],
          [
            8285469.173126526,
            3711794.694219744
          ],
          [
            8285469.773402296,
            3711823.318762673
          ],
          [
            8285469.697142181,
            3711824.0840785406
          ],
          [
            8285469.745639175,
            3711824.85167612
          ],
          [
            8285469.917604425,
            3711825.601155442
          ],
          [
            8285470.208467736,
            3711826.3125980473
          ],
          [
            8285470.610499034,
            3711826.9670963525
          ],
          [
            8285471.113013788,
            3711827.547256138
          ],
          [
            8285471.702656984,
            3711828.0376588353
          ],
          [
            8285472.363758031,
            3711828.425271291
          ],
          [
            8285473.0787472455,
            3711828.6997921495
          ],
          [
            8285484.4639726635,
            3711831.288183889
          ],
          [
            8285495.665809903,
            3711834.5870682322
          ],
          [
            8285506.640397566,
            3711838.5835288577
          ],
          [
            8285517.529466604,
            3711842.999150188
          ],
          [
            8285528.15337512,
            3711848.024896022
          ],
          [
            8285538.478301511,
            3711853.644767635
          ],
          [
            8285548.4713758435,
            3711859.840874945
          ],
          [
            8285558.100784505,
            3711866.593493433
          ],
          [
            8285567.6434058035,
            3711874.2483396623
          ],
          [
            8285576.735069145,
            3711882.4387306063
          ],
          [
            8285585.346052477,
            3711891.1378925215
          ],
          [
            8285588.594532157,
            3711894.576289147
          ],
          [
            8285592.136210809,
            3711897.708733016
          ],
          [
            8285593.583801975,
            3711898.466913358
          ],
          [
            8285595.118975748,
            3711899.0246221903
          ],
          [
            8285596.714385026,
            3711899.3719246266
          ],
          [
            8285598.341609691,
            3711899.5026339153
          ],
          [
            8285611.248447148,
            3711899.4007376055
          ],
          [
            8285624.141630767,
            3711900.0058132512
          ],
          [
            8285636.98284123,
            3711901.316062669
          ],
          [
            8285648.98453986,
            3711903.555911498
          ],
          [
            8285660.849365712,
            3711906.4396039993
          ],
          [
            8285672.543140651,
            3711909.958833833
          ],
          [
            8285673.2220017845,
            3711910.2503484036
          ],
          [
            8285673.939392099,
            3711910.4254401135
          ],
          [
            8285674.675689323,
            3711910.479319796
          ],
          [
            8285675.410754025,
            3711910.410513711
          ],
          [
            8285676.124480492,
            3711910.220903872
          ],
          [
            8285676.797346663,
            3711909.9156765454
          ],
          [
            8285677.410948096,
            3711909.5031804116
          ],
          [
            8285677.948501393,
            3711908.9946982004
          ],
          [
            8285678.395303241,
            3711908.404138077
          ],
          [
            8285678.7391326,
            3711907.7476532278
          ],
          [
            8285678.970584967,
            3711907.043200025
          ],
          [
            8285679.0833296105,
            3711906.3100468847
          ],
          [
            8285679.074282727,
            3711905.5682472163
          ],
          [
            8285678.943691792,
            3711904.8380909283
          ],
          [
            8285677.606762514,
            3711900.503913744
          ],
          [
            8285675.650871198,
            3711896.4140516333
          ],
          [
            8285670.272773664,
            3711886.3454454783
          ],
          [
            8285664.287341031,
            3711876.6290927776
          ],
          [
            8285657.717334477,
            3711867.3019393138
          ],
          [
            8285650.587737867,
            3711858.399450792
          ],
          [
            8285642.9256627355,
            3711849.9554780074
          ],
          [
            8285634.240801559,
            3711840.423877032
          ],
          [
            8285625.0779698305,
            3711831.3554216074
          ],
          [
            8285615.461592532,
            3711822.774283038
          ],
          [
            8285605.41730342,
            3711814.7033336214
          ],
          [
            8285594.971876705,
            3711807.164085691
          ],
          [
            8285582.249643144,
            3711798.825502979
          ],
          [
            8285569.06924931,
            3711791.2394771837
          ],
          [
            8285555.474727838,
            3711784.431349534
          ],
          [
            8285541.511494605,
            3711778.4238625956
          ],
          [
            8285528.859453092,
            3711773.642623694
          ],
          [
            8285515.983791442,
            3711769.507935101
          ],
          [
            8285502.917205352,
            3711766.030295452
          ],
          [
            8285489.692875259,
            3711763.2185350074
          ],
          [
            8285482.222429257,
            3711761.986079687
          ],
          [
            8285474.68621545,
            3711761.2633709526
          ]
        ]
      }
    },
    {
      "type": "Feature",
      "properties": {
        "Id": 0
      },
      "geometry": {
        "type": "LineString",
        "coordinates": [
          [
            8285473.1021590745,
            3711699.4963628487
          ],
          [
            8285470.242317651,
            3711699.939534195
          ],
          [
            8285467.468562548,
            3711700.7678640955
          ],
          [
            8285467.124942932,
            3711700.9472531397
          ],
          [
            8285466.813233055,
            3711701.1781140924
          ],
          [
            8285466.54100388,
            3711701.454839692
          ],
          [
            8285466.314867432,
            3711701.7707087025
          ],
          [
            8285466.140316229,
            3711702.1180491545
          ],
          [
            8285466.021589853,
            3711702.488424679
          ],
          [
            8285465.961571995,
            3711702.872839421
          ],
          [
            8285465.9617204005,
            3711703.2619565385
          ],
          [
            8285467.352158285,
            3711725.6804735363
          ],
          [
            8285468.160246614,
            3711748.1278474904
          ],
          [
            8285468.507306803,
            3711748.99374781
          ],
          [
            8285468.996360938,
            3711749.7874081475
          ],
          [
            8285469.613053911,
            3711750.4855322903
          ],
          [
            8285470.339284044,
            3711751.067628285
          ],
          [
            8285471.153734412,
            3711751.516609922
          ],
          [
            8285472.032498571,
            3711751.819298294
          ],
          [
            8285472.9497822765,
            3711751.9668086115
          ],
          [
            8285473.878660613,
            3711751.9548110184
          ],
          [
            8285488.127892523,
            3711753.958656599
          ],
          [
            8285502.254866759,
            3711756.7006804175
          ],
          [
            8285516.221740172,
            3711760.173537726
          ],
          [
            8285529.991098395,
            3711764.367926139
          ],
          [
            8285545.336097012,
            3711770.290263284
          ],
          [
            8285560.371513443,
            3711776.9664733424
          ],
          [
            8285575.060697503,
            3711784.38028395
          ],
          [
            8285589.367842786,
            3711792.5136248632
          ],
          [
            8285597.73322995,
            3711798.4583259006
          ],
          [
            8285606.413911019,
            3711803.9275466674
          ],
          [
            8285606.951774042,
            3711803.9462820874
          ],
          [
            8285607.485068858,
            3711803.8735342803
          ],
          [
            8285607.998497207,
            3711803.7113901144
          ],
          [
            8285608.4773307275,
            3711803.4645009083
          ],
          [
            8285608.907833456,
            3711803.139949011
          ],
          [
            8285612.040958177,
            3711801.0892206957
          ],
          [
            8285614.857084577,
            3711798.617406133
          ],
          [
            8285620.184366572,
            3711791.4033302576
          ],
          [
            8285625.736821767,
            3711784.3628073344
          ],
          [
            8285639.177084029,
            3711766.068353273
          ],
          [
            8285639.339916321,
            3711765.7398433443
          ],
          [
            8285639.446009818,
            3711765.388664137
          ],
          [
            8285639.492399155,
            3711765.024631295
          ],
          [
            8285639.477787735,
            3711764.6579197184
          ],
          [
            8285639.402583958,
            3711764.2987791896
          ],
          [
            8285639.268889812,
            3711763.957247865
          ],
          [
            8285639.080442122,
            3711763.6428717184
          ],
          [
            8285638.842508102,
            3711763.3644377165
          ],
          [
            8285626.503089578,
            3711754.7183128577
          ],
          [
            8285613.788348147,
            3711746.639971657
          ],
          [
            8285600.724136772,
            3711739.145838237
          ],
          [
            8285588.191720829,
            3711732.445639703
          ],
          [
            8285575.358800616,
            3711726.3468410647
          ],
          [
            8285562.253935296,
            3711720.8630138235
          ],
          [
            8285548.906289098,
            3711716.006360965
          ],
          [
            8285534.965749848,
            3711711.5036977455
          ],
          [
            8285520.843851913,
            3711707.613379756
          ],
          [
            8285506.567217461,
            3711704.342740249
          ],
          [
            8285492.162760295,
            3711701.6979443617
          ],
          [
            8285485.574983535,
            3711700.546118079
          ],
          [
            8285478.926622667,
            3711699.82713455
          ],
          [
            8285473.102159076,
            3711699.496362849
          ]
        ]
      }
    },
    {
      "type": "Feature",
      "properties": {
        "Id": 0
      },
      "geometry": {
        "type": "LineString",
        "coordinates": [
          [
            8285469.702412725,
            3711637.6594718457
          ],
          [
            8285468.860348706,
            3711637.751418739
          ],
          [
            8285468.043600697,
            3711637.976941111
          ],
          [
            8285467.273013201,
            3711638.330283334
          ],
          [
            8285466.568252639,
            3711638.8024276583
          ],
          [
            8285465.947305456,
            3711639.3813243364
          ],
          [
            8285465.426019065,
            3711640.052199166
          ],
          [
            8285465.017697412,
            3711640.797930535
          ],
          [
            8285464.73276144,
            3711641.599486384
          ],
          [
            8285464.578483121,
            3711642.436409935
          ],
          [
            8285465.029170088,
            3711664.1997746443
          ],
          [
            8285465.952022309,
            3711685.9481267664
          ],
          [
            8285466.374379346,
            3711686.721131464
          ],
          [
            8285466.906943059,
            3711687.4220353705
          ],
          [
            8285467.537754414,
            3711688.035099224
          ],
          [
            8285468.252648147,
            3711688.546556269
          ],
          [
            8285469.035570866,
            3711688.9449213967
          ],
          [
            8285469.8689415455,
            3711689.2212490444
          ],
          [
            8285494.4251963375,
            3711693.166222367
          ],
          [
            8285518.874205123,
            3711697.7346369927
          ],
          [
            8285533.824227278,
            3711701.588674621
          ],
          [
            8285548.582946586,
            3711706.1266089203
          ],
          [
            8285563.119399704,
            3711711.338920305
          ],
          [
            8285577.403089486,
            3711717.2146744514
          ],
          [
            8285591.404048946,
            3711723.7415452455
          ],
          [
            8285605.092904119,
            3711730.905840611
          ],
          [
            8285625.031685045,
            3711743.058736008
          ],
          [
            8285644.489115874,
            3711755.9755173107
          ],
          [
            8285644.672498063,
            3711756.1722912015
          ],
          [
            8285644.885200697,
            3711756.3365859454
          ],
          [
            8285645.12159586,
            3711756.4640544523
          ],
          [
            8285645.375428752,
            3711756.551324016
          ],
          [
            8285645.639983181,
            3711756.596085564
          ],
          [
            8285645.908259282,
            3711756.5971547444
          ],
          [
            8285646.173158705,
            3711756.554503267
          ],
          [
            8285646.427672452,
            3711756.4692596574
          ],
          [
            8285646.665066323,
            3711756.3436793783
          ],
          [
            8285661.368273121,
            3711736.7856687894
          ],
          [
            8285675.503479262,
            3711716.8093166654
          ],
          [
            8285675.655577118,
            3711716.6222330704
          ],
          [
            8285675.776123011,
            3711716.413218654
          ],
          [
            8285675.8620470585,
            3711716.187596282
          ],
          [
            8285675.91116108,
            3711715.9511117702
          ],
          [
            8285675.922214313,
            3711715.7097875504
          ],
          [
            8285675.894925273,
            3711715.4697693046
          ],
          [
            8285675.82998892,
            3711715.2371694567
          ],
          [
            8285675.729058957,
            3711715.0179115133
          ],
          [
            8285675.594705716,
            3711714.817579197
          ],
          [
            8285658.929448095,
            3711703.194023967
          ],
          [
            8285641.800028482,
            3711692.2731121886
          ],
          [
            8285626.943360348,
            3711683.7888031923
          ],
          [
            8285611.73177653,
            3711675.9653250114
          ],
          [
            8285596.194367138,
            3711668.8176373527
          ],
          [
            8285580.360845202,
            3711662.359407643
          ],
          [
            8285564.261489856,
            3711656.6029849253
          ],
          [
            8285547.927088453,
            3711651.5593762454
          ],
          [
            8285532.537686119,
            3711647.4839510857
          ],
          [
            8285516.99386895,
            3711644.05094047
          ],
          [
            8285501.3221807955,
            3711641.2662062836
          ],
          [
            8285485.549383802,
            3711639.1345034526
          ],
          [
            8285469.702412725,
            3711637.6594718457
          ]
        ]
      }
    },
    {
      "type": "Feature",
      "properties": {
        "Id": 0
      },
      "geometry": {
        "type": "LineString",
        "coordinates": [
          [
            8285655.798565871,
            3711758.49911524
          ],
          [
            8285655.29932858,
            3711759.2866533515
          ],
          [
            8285654.940663425,
            3711760.148044962
          ],
          [
            8285654.733022542,
            3711761.058187702
          ],
          [
            8285654.682456963,
            3711761.9905584934
          ],
          [
            8285654.790440293,
            3711762.917986485
          ],
          [
            8285655.05382575,
            3711763.813444859
          ],
          [
            8285655.464937869,
            3711764.650838425
          ],
          [
            8285656.011796173,
            3711765.4057641043
          ],
          [
            8285666.965444939,
            3711774.849106252
          ],
          [
            8285677.478287527,
            3711784.7855215897
          ],
          [
            8285687.528364603,
            3711795.1942570773
          ],
          [
            8285696.690082611,
            3711804.7012156127
          ],
          [
            8285705.359009308,
            3711814.663918282
          ],
          [
            8285713.512725474,
            3711825.0566024696
          ],
          [
            8285721.130144065,
            3711835.8523935266
          ],
          [
            8285733.153501613,
            3711854.6953664618
          ],
          [
            8285744.586995226,
            3711873.9055498317
          ],
          [
            8285747.145774769,
            3711877.0616065273
          ],
          [
            8285750.111767648,
            3711879.8344916883
          ],
          [
            8285753.428728222,
            3711882.171621152
          ],
          [
            8285757.03375513,
            3711884.0286742453
          ],
          [
            8285763.110091416,
            3711886.3219667496
          ],
          [
            8285769.418881988,
            3711887.855594189
          ],
          [
            8285775.866456797,
            3711888.606785639
          ],
          [
            8285782.3570851,
            3711888.5643875804
          ],
          [
            8285788.499154237,
            3711888.1526687406
          ],
          [
            8285794.572639055,
            3711887.1449412126
          ],
          [
            8285800.520402131,
            3711885.55068551
          ],
          [
            8285806.286488842,
            3711883.384900105
          ],
          [
            8285806.437463622,
            3711883.362759365
          ],
          [
            8285806.582844479,
            3711883.3162378706
          ],
          [
            8285806.718759746,
            3711883.2465745485
          ],
          [
            8285806.84158983,
            3711883.1556246136
          ],
          [
            8285806.948063615,
            3711883.0458101793
          ],
          [
            8285807.035345575,
            3711882.920055737
          ],
          [
            8285807.1011112835,
            3711882.7817102843
          ],
          [
            8285807.143609323,
            3711882.6344581284
          ],
          [
            8285807.161707912,
            3711882.482220778
          ],
          [
            8285807.154925071,
            3711882.329052497
          ],
          [
            8285807.123441435,
            3711882.1790323486
          ],
          [
            8285807.068095451,
            3711882.0361555484
          ],
          [
            8285806.9903610535,
            3711881.9042270817
          ],
          [
            8285806.892308399,
            3711881.786760365
          ],
          [
            8285797.305135994,
            3711862.3371882904
          ],
          [
            8285786.91827482,
            3711843.306822624
          ],
          [
            8285775.749840814,
            3711824.72884578
          ],
          [
            8285763.819312527,
            3711806.6356510553
          ],
          [
            8285751.147497144,
            3711789.0587861827
          ],
          [
            8285739.839918441,
            3711775.1434685253
          ],
          [
            8285727.880584992,
            3711761.7897274815
          ],
          [
            8285715.297078547,
            3711749.028356467
          ],
          [
            8285702.118420002,
            3711736.8887827066
          ],
          [
            8285688.3750024615,
            3711725.3989994186
          ],
          [
            8285685.969925491,
            3711724.057247285
          ],
          [
            8285685.422046143,
            3711723.797628246
          ],
          [
            8285684.8384926105,
            3711723.6343998746
          ],
          [
            8285684.235922286,
            3711723.572221482
          ],
          [
            8285683.631535388,
            3711723.6128679346
          ],
          [
            8285683.042583984,
            3711723.7551789903
          ],
          [
            8285682.485879546,
            3711723.9950924153
          ],
          [
            8285681.977313067,
            3711724.3257599478
          ],
          [
            8285681.531401451,
            3711724.737742776
          ],
          [
            8285655.798565871,
            3711758.499115241
          ]
        ]
      }
    },
    {
      "type": "Feature",
      "properties": {
        "Id": 0
      },
      "geometry": {
        "type": "LineString",
        "coordinates": [
          [
            8285617.538554367,
            3711809.6903323308
          ],
          [
            8285617.316885811,
            3711809.96131603
          ],
          [
            8285617.140646142,
            3711810.2641127626
          ],
          [
            8285617.014269732,
            3711810.5911038555
          ],
          [
            8285616.940936336,
            3711810.934061892
          ],
          [
            8285616.922491104,
            3711811.2843576977
          ],
          [
            8285616.959398146,
            3711811.633177481
          ],
          [
            8285617.050728842,
            3711811.9717445807
          ],
          [
            8285617.194185223,
            3711812.291540304
          ],
          [
            8285617.386157791,
            3711812.584518267
          ],
          [
            8285617.621816316,
            3711812.843306841
          ],
          [
            8285626.5959639,
            3711820.509904586
          ],
          [
            8285635.240734707,
            3711828.549621068
          ],
          [
            8285643.540778298,
            3711836.948181582
          ],
          [
            8285651.076809682,
            3711844.9621100635
          ],
          [
            8285658.24252278,
            3711853.3120140173
          ],
          [
            8285665.023101276,
            3711861.980630195
          ],
          [
            8285671.422281094,
            3711870.7186202756
          ],
          [
            8285677.356522987,
            3711879.781904286
          ],
          [
            8285682.809485805,
            3711889.145526936
          ],
          [
            8285685.5899749175,
            3711895.035545687
          ],
          [
            8285688.825030808,
            3711900.6863062447
          ],
          [
            8285689.405454202,
            3711901.2569419765
          ],
          [
            8285690.073466229,
            3711901.7208436546
          ],
          [
            8285690.809864717,
            3711902.064676288
          ],
          [
            8285691.5934817,
            3711902.2785563054
          ],
          [
            8285692.401791894,
            3711902.3563356563
          ],
          [
            8285705.3535157,
            3711895.6178236147
          ],
          [
            8285718.11888449,
            3711888.5293268296
          ],
          [
            8285732.655788923,
            3711879.647967449
          ],
          [
            8285733.182195342,
            3711879.203677452
          ],
          [
            8285733.631840328,
            3711878.681134672
          ],
          [
            8285733.9933478,
            3711878.0935595334
          ],
          [
            8285734.25757158,
            3711877.455817786
          ],
          [
            8285734.417826777,
            3711876.7840443985
          ],
          [
            8285734.470058936,
            3711876.0952353394
          ],
          [
            8285734.412946585,
            3711875.4068175787
          ],
          [
            8285734.247934701,
            3711874.7362081767
          ],
          [
            8285733.979198119,
            3711874.1003736393
          ],
          [
            8285727.55517398,
            3711862.1090646866
          ],
          [
            8285720.41882405,
            3711850.5316271055
          ],
          [
            8285712.596456592,
            3711839.41073683
          ],
          [
            8285703.292574405,
            3711826.8874465595
          ],
          [
            8285693.438018855,
            3711814.7970012818
          ],
          [
            8285683.05270534,
            3711803.1638316615
          ],
          [
            8285672.15762161,
            3711792.011444228
          ],
          [
            8285665.237155323,
            3711784.8308389536
          ],
          [
            8285657.787120435,
            3711778.2069256688
          ],
          [
            8285649.851737315,
            3711772.1790195336
          ],
          [
            8285649.197531046,
            3711771.9481513184
          ],
          [
            8285648.514438463,
            3711771.8286026255
          ],
          [
            8285647.82108128,
            3711771.8236324536
          ],
          [
            8285647.1363610225,
            3711771.9333762936
          ],
          [
            8285646.47894377,
            3711772.154842434
          ],
          [
            8285645.866751301,
            3711772.481993516
          ],
          [
            8285645.316472527,
            3711772.9059111215
          ],
          [
            8285631.541454223,
            3711791.3849864528
          ],
          [
            8285617.538554367,
            3711809.6903323308
          ]
        ]
      }
    },
    {
      "type": "Feature",
      "properties": {
        "Id": 0
      },
      "geometry": {
        "type": "LineString",
        "coordinates": [
          [
            8285987.067029862,
            3711792.5043402524
          ],
          [
            8285984.867178297,
            3711768.1737244567
          ]
        ]
      }
    },
    {
      "type": "Feature",
      "properties": {
        "Id": 0
      },
      "geometry": {
        "type": "LineString",
        "coordinates": [
          [
            8285978.656858199,
            3711792.254421369
          ],
          [
            8285975.50685974,
            3711768.0028770575
          ]
        ]
      }
    },
    {
      "type": "Feature",
      "properties": {
        "Id": 0
      },
      "geometry": {
        "type": "LineString",
        "coordinates": [
          [
            8285075.354983953,
            3711843.880121767
          ],
          [
            8285073.715598707,
            3711846.853253362
          ],
          [
            8285072.57095639,
            3711850.0517521175
          ],
          [
            8285071.950577383,
            3711853.39312985
          ],
          [
            8285071.870461521,
            3711856.791213435
          ],
          [
            8285072.332675413,
            3711860.158367178
          ],
          [
            8285073.325299116,
            3711863.407752926
          ],
          [
            8285074.822733486,
            3711866.4555695853
          ],
          [
            8285072.9306539325,
            3711866.345659538
          ],
          [
            8285071.0789521225,
            3711865.9397937907
          ],
          [
            8285069.313184395,
            3711865.247957654
          ],
          [
            8285067.676792891,
            3711864.2871720195
          ],
          [
            8285066.210036747,
            3711863.0810745894
          ],
          [
            8285064.949001642,
            3711861.6593383313
          ],
          [
            8285063.924711981,
            3711860.0569414333
          ],
          [
            8285063.2836379,
            3711858.1119590746
          ],
          [
            8285062.98672045,
            3711856.0849083075
          ],
          [
            8285063.042895348,
            3711854.0367943286
          ],
          [
            8285063.450471807,
            3711852.029256183
          ],
          [
            8285064.1971834395,
            3711850.1227117013
          ],
          [
            8285065.260557445,
            3711848.374539212
          ],
          [
            8285066.550175552,
            3711846.949929881
          ],
          [
            8285068.056599947,
            3711845.759396272
          ],
          [
            8285069.738297666,
            3711844.8357619387
          ],
          [
            8285071.548903416,
            3711844.204491893
          ],
          [
            8285073.438497868,
            3711843.8829905246
          ],
          [
            8285075.354983953,
            3711843.880121767
          ]
        ]
      }
    },
    {
      "type": "Feature",
      "properties": {
        "Id": 0
      },
      "geometry": {
        "type": "LineString",
        "coordinates": [
          [
            8285254.13454325,
            3712208.0746707264
          ],
          [
            8285252.693768395,
            3712208.469444369
          ],
          [
            8285251.340401858,
            3712209.103850453
          ],
          [
            8285250.113589204,
            3712209.959539092
          ],
          [
            8285249.048815491,
            3712211.0117598977
          ],
          [
            8285248.176878898,
            3712212.230077865
          ],
          [
            8285247.522999896,
            3712213.579253698
          ],
          [
            8285247.106091745,
            3712215.0202630577
          ],
          [
            8285246.6842123605,
            3712240.496378455
          ],
          [
            8285246.613963934,
            3712265.975975735
          ],
          [
            8285246.676183744,
            3712275.7694509705
          ],
          [
            8285247.079759935,
            3712276.4654021524
          ],
          [
            8285247.59703019,
            3712277.0807291726
          ],
          [
            8285248.212405671,
            3712277.596888051
          ],
          [
            8285248.907340957,
            3712277.998323412
          ],
          [
            8285249.660892948,
            3712278.2729372685
          ],
          [
            8285250.450352009,
            3712278.412453643
          ],
          [
            8285251.251926394,
            3712278.412667953
          ],
          [
            8285296.919856631,
            3712278.4638686925
          ],
          [
            8285342.584622867,
            3712279.006779163
          ],
          [
            8285358.818550087,
            3712279.1121730083
          ],
          [
            8285375.051346081,
            3712278.892622927
          ],
          [
            8285378.876607461,
            3712278.1200275198
          ],
          [
            8285382.597288539,
            3712276.9394378676
          ],
          [
            8285383.258304533,
            3712276.4997380157
          ],
          [
            8285383.835970538,
            3712275.9542182474
          ],
          [
            8285384.313706382,
            3712275.318536096
          ],
          [
            8285384.677800092,
            3712274.6109369383
          ],
          [
            8285384.917801463,
            3712273.851730314
          ],
          [
            8285385.026821998,
            3712273.0627069906
          ],
          [
            8285385.001732612,
            3712272.2665135292
          ],
          [
            8285384.843253443,
            3712271.486002275
          ],
          [
            8285384.555933191,
            3712270.7435754575
          ],
          [
            8285376.250264826,
            3712258.4578911467
          ],
          [
            8285368.196524004,
            3712246.004001529
          ],
          [
            8285363.50036594,
            3712238.0776906516
          ],
          [
            8285359.143814533,
            3712229.9579134756
          ],
          [
            8285357.405029713,
            3712226.1707405522
          ],
          [
            8285352.181231665,
            3712213.5115940254
          ]
        ]
      }
    },
    {
      "type": "Feature",
      "properties": {
        "Id": 0
      },
      "geometry": {
        "type": "LineString",
        "coordinates": [
          [
            8285352.181231665,
            3712213.5115940254
          ],
          [
            8285351.046386998,
            3712210.562755614
          ],
          [
            8285350.829952389,
            3712210.1211828697
          ],
          [
            8285350.545420309,
            3712209.7205114546
          ],
          [
            8285350.200254481,
            3712209.371251591
          ],
          [
            8285349.803509142,
            3712209.0825649034
          ],
          [
            8285349.365591544,
            3712208.8620240823
          ],
          [
            8285348.897988933,
            3712208.71541425
          ],
          [
            8285348.412967249,
            3712208.6465812055
          ],
          [
            8285347.923249362,
            3712208.657330543
          ],
          [
            8285281.272707036,
            3712208.2370487065
          ],
          [
            8285256.209362542,
            3712208.0352561106
          ],
          [
            8285254.13454325,
            3712208.0746707264
          ]
        ]
      }
    },
    {
      "type": "Feature",
      "properties": {
        "Id": 0
      },
      "geometry": {
        "type": "LineString",
        "coordinates": [
          [
            8285892.878546087,
            3712114.3939653905
          ],
          [
            8285892.690977466,
            3712133.7889872603
          ],
          [
            8285892.291262639,
            3712189.011791004
          ]
        ]
      }
    },
    {
      "type": "Feature",
      "properties": {
        "Id": 0
      },
      "geometry": {
        "type": "LineString",
        "coordinates": [
          [
            8285953.25048924,
            3712117.652276617
          ],
          [
            8285953.404347979,
            3712140.8810059237
          ],
          [
            8285953.241862583,
            3712185.6868210253
          ],
          [
            8285953.255313293,
            3712207.9614282856
          ]
        ]
      }
    },
    {
      "type": "Feature",
      "properties": {
        "Id": 0
      },
      "geometry": {
        "type": "LineString",
        "coordinates": [
          [
            8285808.3709547715,
            3712112.8100125603
          ],
          [
            8285819.212856291,
            3712113.051313726
          ],
          [
            8285877.969542083,
            3712113.2755558994
          ],
          [
            8285879.610558432,
            3712113.682657549
          ],
          [
            8285881.137084739,
            3712114.316907193
          ],
          [
            8285881.983131721,
            3712115.0614843364
          ],
          [
            8285882.941613082,
            3712115.9774556127
          ],
          [
            8285883.97915897,
            3712117.2064312557
          ]
        ]
      }
    },
    {
      "type": "Feature",
      "properties": {
        "Id": 0
      },
      "geometry": {
        "type": "LineString",
        "coordinates": [
          [
            8285867.170335673,
            3712110.4400812206
          ],
          [
            8285813.353485824,
            3712110.1362387314
          ],
          [
            8285813.351679378,
            3712110.4860448935
          ],
          [
            8285853.234795796,
            3712110.6036230545
          ],
          [
            8285867.1887852205,
            3712110.7145447256
          ],
          [
            8285867.170335673,
            3712110.4400812206
          ]
        ]
      }
    },
    {
      "type": "Feature",
      "properties": {
        "Id": 0
      },
      "geometry": {
        "type": "LineString",
        "coordinates": [
          [
            8285938.787183301,
            3712110.789693582
          ],
          [
            8285899.195720542,
            3712110.653542781
          ],
          [
            8285899.193916552,
            3712111.003349004
          ],
          [
            8285938.76568546,
            3712111.106374736
          ],
          [
            8285938.787183301,
            3712110.7896935833
          ]
        ]
      }
    },
    {
      "type": "Feature",
      "properties": {
        "Id": 0
      },
      "geometry": {
        "type": "LineString",
        "coordinates": [
          [
            8285944.8450484155,
            3712116.047265986
          ],
          [
            8285944.59443381,
            3712115.3806374585
          ],
          [
            8285944.233890247,
            3712114.9779306683
          ],
          [
            8285943.728303051,
            3712114.574469075
          ],
          [
            8285942.896367678,
            3712114.1693091486
          ],
          [
            8285940.287647713,
            3712113.7549024518
          ],
          [
            8285897.898268544,
            3712113.6071010046
          ],
          [
            8285894.888425236,
            3712113.627865209
          ],
          [
            8285893.945077828,
            3712113.732269611
          ],
          [
            8285893.400224538,
            3712113.9116276326
          ],
          [
            8285892.878546087,
            3712114.3939653905
          ]
        ]
      }
    },
    {
      "type": "Feature",
      "properties": {
        "Id": 0
      },
      "geometry": {
        "type": "LineString",
        "coordinates": [
          [
            8285953.25048924,
            3712117.652276617
          ],
          [
            8285953.54956591,
            3712115.682309849
          ],
          [
            8285953.842469548,
            3712115.137246746
          ],
          [
            8285954.497982303,
            3712114.5940703545
          ],
          [
            8285955.589001449,
            3712113.980281623
          ],
          [
            8285959.433409151,
            3712113.854526918
          ],
          [
            8286001.023927054,
            3712114.21659434
          ],
          [
            8286003.163508703,
            3712114.191279227
          ],
          [
            8286004.178063938,
            3712114.3423104896
          ],
          [
            8286004.8294472275,
            3712114.600770989
          ],
          [
            8286005.2984003555,
            3712115.076917875
          ],
          [
            8286005.548474806,
            3712115.8070008485
          ],
          [
            8286005.780591964,
            3712117.7859014897
          ]
        ]
      }
    },
    {
      "type": "Feature",
      "properties": {
        "Id": 0
      },
      "geometry": {
        "type": "LineString",
        "coordinates": [
          [
            8285999.589347779,
            3712111.1292998423
          ],
          [
            8285959.325238602,
            3712110.919885153
          ],
          [
            8285959.277022374,
            3712111.2694499376
          ],
          [
            8285999.564339679,
            3712111.4789854703
          ],
          [
            8285999.589347779,
            3712111.1292998423
          ]
        ]
      }
    },
    {
      "type": "Feature",
      "properties": {
        "Id": 0
      },
      "geometry": {
        "type": "LineString",
        "coordinates": [
          [
            8286014.614848432,
            3712120.230635601
          ],
          [
            8286014.827144067,
            3712116.6568971626
          ],
          [
            8286015.085659803,
            3712115.7472623116
          ],
          [
            8286015.596688943,
            3712115.094014094
          ],
          [
            8286016.179302027,
            3712114.6233336874
          ],
          [
            8286017.123961543,
            3712114.2638525823
          ],
          [
            8286019.699236879,
            3712114.1314818207
          ],
          [
            8286062.631976669,
            3712114.3909966336
          ],
          [
            8286064.2263326,
            3712114.6179127223
          ],
          [
            8286064.841831142,
            3712114.8033053367
          ],
          [
            8286065.347609831,
            3712115.1703237644
          ],
          [
            8286065.599374667,
            3712115.5724620027
          ],
          [
            8286065.668522955,
            3712116.2287257835
          ],
          [
            8286065.834312906,
            3712119.4444131907
          ]
        ]
      }
    },
    {
      "type": "Feature",
      "properties": {
        "Id": 0
      },
      "geometry": {
        "type": "LineString",
        "coordinates": [
          [
            8286074.905237826,
            3712117.7938357024
          ],
          [
            8286074.953756075,
            3712115.803240003
          ],
          [
            8286075.210580813,
            3712115.221547405
          ],
          [
            8286075.7561811665,
            3712114.8964284672
          ],
          [
            8286077.171856216,
            3712114.6122669503
          ],
          [
            8286078.405289689,
            3712114.5093546337
          ],
          [
            8286081.088785235,
            3712114.486850205
          ],
          [
            8286097.622828962,
            3712114.754889921
          ]
        ]
      }
    },
    {
      "type": "Feature",
      "properties": {
        "Id": 0
      },
      "geometry": {
        "type": "LineString",
        "coordinates": [
          [
            8286096.585124444,
            3712112.0530065456
          ],
          [
            8286081.425226825,
            3712111.886199075
          ],
          [
            8286081.464771828,
            3712111.5902831033
          ],
          [
            8286096.551298792,
            3712111.579122196
          ]
        ]
      }
    },
    {
      "type": "Feature",
      "properties": {
        "Id": 0
      },
      "geometry": {
        "type": "LineString",
        "coordinates": [
          [
            8286059.491896824,
            3712111.532433443
          ],
          [
            8286019.822649028,
            3712111.289870712
          ],
          [
            8286019.8065027725,
            3712111.5636924566
          ],
          [
            8286059.507305836,
            3712111.740129093
          ],
          [
            8286059.491896824,
            3712111.532433442
          ]
        ]
      }
    },
    {
      "type": "Feature",
      "properties": {
        "Id": 0
      },
      "geometry": {
        "type": "LineString",
        "coordinates": [
          [
            8285306.928533476,
            3712375.115457719
          ],
          [
            8285307.338928915,
            3712326.1635937574
          ],
          [
            8285307.31315487,
            3712301.2204860155
          ],
          [
            8285308.273721567,
            3712296.0649267733
          ],
          [
            8285309.692998282,
            3712292.475600768
          ],
          [
            8285311.185198611,
            3712289.8249507262
          ],
          [
            8285311.967353788,
            3712289.0471522147
          ],
          [
            8285313.137737423,
            3712288.427776284
          ],
          [
            8285314.539104559,
            3712288.278760196
          ],
          [
            8285326.291851664,
            3712287.6368098077
          ],
          [
            8285353.44539403,
            3712288.0922396993
          ],
          [
            8285355.075712273,
            3712288.8045223365
          ],
          [
            8285356.704810567,
            3712289.7513713464
          ],
          [
            8285357.4018336,
            3712290.3805604605
          ],
          [
            8285358.098043298,
            3712291.1661272873
          ],
          [
            8285358.560014068,
            3712292.106845786
          ],
          [
            8285359.016291119,
            3712294.1422085892
          ],
          [
            8285359.002463334,
            3712296.800630745
          ],
          [
            8285358.84219942,
            3712372.4889394296
          ]
        ]
      }
    }
  ]
}