{
  "type": "FeatureCollection",
  "name": "F:\\MOEED\\CB_1\\Topography CB_1\\Kela\\Spot level.geojson",
  "crs": {
    "type": "name",
    "properties": {
      "name": "urn:ogc:def:crs:EPSG::3857"
    }
  },
  "features": [
    {
      "type": "Feature",
      "properties": {
        "OBJECTID_1": 1,
        "OBJECTID": 1,
        "Id": 0,
        "X": "1462287.63925048",
        "Y": "11474626.9179032",
        "z": "7.11461e+02"
      },
      "geometry": {
        "type": "Point",
        "coordinates": [
          8285242.262003449,
          3712369.8966531097,
          711.4609985351562
        ]
      }
    },
    {
      "type": "Feature",
      "properties": {
        "OBJECTID_1": 2,
        "OBJECTID": 2,
        "Id": 0,
        "X": "1462285.39505616",
        "Y": "11474556.8786387",
        "z": "7.11317e+02"
      },
      "geometry": {
        "type": "Point",
        "coordinates": [
          8285241.590448189,
          3712344.7169187907,
          711.3170166015625
        ]
      }
    },
    {
      "type": "Feature",
      "properties": {
        "OBJECTID_1": 3,
        "OBJECTID": 3,
        "Id": 0,
        "X": "1462285.39505616",
        "Y": "11474479.86197",
        "z": "7.11158e+02"
      },
      "geometry": {
        "type": "Point",
        "coordinates": [
          8285241.734710582,
          3712317.0334503646,
          711.1580200195312
        ]
      }
    },
    {
      "type": "Feature",
      "properties": {
        "OBJECTID_1": 4,
        "OBJECTID": 4,
        "Id": 0,
        "X": "1462284.885012",
        "Y": "11474386.5238881",
        "z": "7.10997e+02"
      },
      "geometry": {
        "type": "Point",
        "coordinates": [
          8285241.72710135,
          3712283.482409783,
          710.9970092773438
        ]
      }
    },
    {
      "type": "Feature",
      "properties": {
        "OBJECTID_1": 5,
        "OBJECTID": 5,
        "Id": 0,
        "X": "1462373.12265224",
        "Y": "11474384.4837115",
        "z": "7.10963e+02"
      },
      "geometry": {
        "type": "Point",
        "coordinates": [
          8285273.2933446625,
          3712282.9151206566,
          710.9630126953125
        ]
      }
    },
    {
      "type": "Feature",
      "properties": {
        "OBJECTID_1": 6,
        "OBJECTID": 6,
        "Id": 0,
        "X": "1462455.23976252",
        "Y": "11474387.0339323",
        "z": "7.10859e+02"
      },
      "geometry": {
        "type": "Point",
        "coordinates": [
          8285302.661695108,
          3712283.9862418594,
          710.8590087890625
        ]
      }
    },
    {
      "type": "Feature",
      "properties": {
        "OBJECTID_1": 7,
        "OBJECTID": 7,
        "Id": 0,
        "X": "1462455.23976252",
        "Y": "11474459.9702476",
        "z": "7.10819e+02"
      },
      "geometry": {
        "type": "Point",
        "coordinates": [
          8285302.525207767,
          3712310.202967253,
          710.8189697265625
        ]
      }
    },
    {
      "type": "Feature",
      "properties": {
        "OBJECTID_1": 8,
        "OBJECTID": 8,
        "Id": 0,
        "X": "1462455.23976252",
        "Y": "11474539.5371371",
        "z": "7.11075e+02"
      },
      "geometry": {
        "type": "Point",
        "coordinates": [
          8285302.376310934,
          3712338.803094795,
          711.0750122070312
        ]
      }
    },
    {
      "type": "Feature",
      "properties": {
        "OBJECTID_1": 9,
        "OBJECTID": 9,
        "Id": 0,
        "X": "1462456.25985085",
        "Y": "11474619.1040266",
        "z": "7.11317e+02"
      },
      "geometry": {
        "type": "Point",
        "coordinates": [
          8285302.59229852,
          3712367.4052068577,
          711.3170166015625
        ]
      }
    },
    {
      "type": "Feature",
      "properties": {
        "OBJECTID_1": 10,
        "OBJECTID": 10,
        "Id": 0,
        "X": "1462624.57442472",
        "Y": "11474610.94332",
        "z": "7.11059e+02"
      },
      "geometry": {
        "type": "Point",
        "coordinates": [
          8285362.813755776,
          3712364.7882175883,
          711.0590209960938
        ]
      }
    },
    {
      "type": "Feature",
      "properties": {
        "OBJECTID_1": 11,
        "OBJECTID": 11,
        "Id": 0,
        "X": "1462626.10455721",
        "Y": "11474522.7056797",
        "z": "7.10538e+02"
      },
      "geometry": {
        "type": "Point",
        "coordinates": [
          8285363.526050541,
          3712333.074218387,
          710.5380249023438
        ]
      }
    },
    {
      "type": "Feature",
      "properties": {
        "OBJECTID_1": 12,
        "OBJECTID": 12,
        "Id": 0,
        "X": "1462626.10455721",
        "Y": "11474436.5082161",
        "z": "7.10441e+02"
      },
      "geometry": {
        "type": "Point",
        "coordinates": [
          8285363.687200153,
          3712302.0907612774,
          710.4409790039062
        ]
      }
    },
    {
      "type": "Feature",
      "properties": {
        "OBJECTID_1": 13,
        "OBJECTID": 13,
        "Id": 0,
        "X": "1462625.59451305",
        "Y": "11474386.5238881",
        "z": "7.10240e+02"
      },
      "geometry": {
        "type": "Point",
        "coordinates": [
          8285363.598205195,
          3712284.123100243,
          710.239990234375
        ]
      }
    },
    {
      "type": "Feature",
      "properties": {
        "OBJECTID_1": 14,
        "OBJECTID": 14,
        "Id": 0,
        "X": "1462549.08788856",
        "Y": "11474382.953579",
        "z": "7.10700e+02"
      },
      "geometry": {
        "type": "Point",
        "coordinates": [
          8285336.238614415,
          3712282.6960045504,
          710.7000122070312
        ]
      }
    },
    {
      "type": "Feature",
      "properties": {
        "OBJECTID_1": 15,
        "OBJECTID": 15,
        "Id": 0,
        "X": "1462706.18149084",
        "Y": "11474372.2426516",
        "z": "7.10430e+02"
      },
      "geometry": {
        "type": "Point",
        "coordinates": [
          8285392.450696504,
          3712279.141122293,
          710.4299926757812
        ]
      }
    },
    {
      "type": "Feature",
      "properties": {
        "OBJECTID_1": 16,
        "OBJECTID": 16,
        "Id": 0,
        "X": "1462783.70820365",
        "Y": "11474440.0785253",
        "z": "7.10545e+02"
      },
      "geometry": {
        "type": "Point",
        "coordinates": [
          8285420.055131774,
          3712303.67005194,
          710.5449829101562
        ]
      }
    },
    {
      "type": "Feature",
      "properties": {
        "OBJECTID_1": 17,
        "OBJECTID": 17,
        "Id": 0,
        "X": "1462861.23491646",
        "Y": "11474500.7737807",
        "z": "7.10521e+02"
      },
      "geometry": {
        "type": "Point",
        "coordinates": [
          8285447.673010056,
          3712325.632289727,
          710.52099609375
        ]
      }
    },
    {
      "type": "Feature",
      "properties": {
        "OBJECTID_1": 18,
        "OBJECTID": 18,
        "Id": 0,
        "X": "1462935.7013643",
        "Y": "11474548.2078879",
        "z": "7.10507e+02"
      },
      "geometry": {
        "type": "Point",
        "coordinates": [
          8285474.221080573,
          3712342.8220685096,
          710.5070190429688
        ]
      }
    },
    {
      "type": "Feature",
      "properties": {
        "OBJECTID_1": 19,
        "OBJECTID": 19,
        "Id": 0,
        "X": "1462997.92675222",
        "Y": "11474578.8105377",
        "z": "7.10828e+02"
      },
      "geometry": {
        "type": "Point",
        "coordinates": [
          8285496.421996793,
          3712353.9388208245,
          710.8280029296875
        ]
      }
    },
    {
      "type": "Feature",
      "properties": {
        "OBJECTID_1": 20,
        "OBJECTID": 20,
        "Id": 0,
        "X": "1463081.06395082",
        "Y": "11474601.762525",
        "z": "7.09584e+02"
      },
      "geometry": {
        "type": "Point",
        "coordinates": [
          8285526.117385625,
          3712362.344710099,
          709.583984375
        ]
      }
    },
    {
      "type": "Feature",
      "properties": {
        "OBJECTID_1": 21,
        "OBJECTID": 21,
        "Id": 0,
        "X": "1463174.91207687",
        "Y": "11474611.4533641",
        "z": "7.08651e+02"
      },
      "geometry": {
        "type": "Point",
        "coordinates": [
          8285559.668838407,
          3712366.0038873367,
          708.6510009765625
        ]
      }
    },
    {
      "type": "Feature",
      "properties": {
        "OBJECTID_1": 22,
        "OBJECTID": 22,
        "Id": 0,
        "X": "1463260.59949629",
        "Y": "11474564.5293011",
        "z": "7.10487e+02"
      },
      "geometry": {
        "type": "Point",
        "coordinates": [
          8285590.406690152,
          3712349.2975388328,
          710.4869995117188
        ]
      }
    },
    {
      "type": "Feature",
      "properties": {
        "OBJECTID_1": 23,
        "OBJECTID": 23,
        "Id": 0,
        "X": "1463253.45887801",
        "Y": "11474397.2348156",
        "z": "7.10729e+02"
      },
      "geometry": {
        "type": "Point",
        "coordinates": [
          8285588.164150888,
          3712289.1505686897,
          710.72900390625
        ]
      }
    },
    {
      "type": "Feature",
      "properties": {
        "OBJECTID_1": 24,
        "OBJECTID": 24,
        "Id": 0,
        "X": "1463315.17422175",
        "Y": "11474404.3754339",
        "z": "7.11430e+02"
      },
      "geometry": {
        "type": "Point",
        "coordinates": [
          8285610.226327542,
          3712291.8327537933,
          711.4299926757812
        ]
      }
    },
    {
      "type": "Feature",
      "properties": {
        "OBJECTID_1": 25,
        "OBJECTID": 25,
        "Id": 0,
        "X": "1463379.94983049",
        "Y": "11474390.0941973",
        "z": "7.10364e+02"
      },
      "geometry": {
        "type": "Point",
        "coordinates": [
          8285633.423045384,
          3712286.820607058,
          710.364013671875
        ]
      }
    },
    {
      "type": "Feature",
      "properties": {
        "OBJECTID_1": 26,
        "OBJECTID": 26,
        "Id": 0,
        "X": "1463358.52797563",
        "Y": "11474564.019257",
        "z": "7.10660e+02"
      },
      "geometry": {
        "type": "Point",
        "coordinates": [
          8285625.436664685,
          3712349.2974753436,
          710.6599731445312
        ]
      }
    },
    {
      "type": "Feature",
      "properties": {
        "OBJECTID_1": 27,
        "OBJECTID": 27,
        "Id": 0,
        "X": "1463357.5078873",
        "Y": "11474472.7213517",
        "z": "7.10990e+02"
      },
      "geometry": {
        "type": "Point",
        "coordinates": [
          8285625.2417629445,
          3712316.478714912,
          710.989990234375
        ]
      }
    },
    {
      "type": "Feature",
      "properties": {
        "OBJECTID_1": 28,
        "OBJECTID": 28,
        "Id": 0,
        "X": "1463259.57940796",
        "Y": "11474474.7615284",
        "z": "7.10717e+02"
      },
      "geometry": {
        "type": "Point",
        "coordinates": [
          8285590.2090319935,
          3712317.0287814955,
          710.7169799804688
        ]
      }
    },
    {
      "type": "Feature",
      "properties": {
        "OBJECTID_1": 29,
        "OBJECTID": 29,
        "Id": 0,
        "X": "1463258.52744188",
        "Y": "11474304.1517558",
        "z": "7.10493e+02"
      },
      "geometry": {
        "type": "Point",
        "coordinates": [
          8285590.150568146,
          3712255.7017005174,
          710.4929809570312
        ]
      }
    },
    {
      "type": "Feature",
      "properties": {
        "OBJECTID_1": 30,
        "OBJECTID": 30,
        "Id": 0,
        "X": "1463358.94238651",
        "Y": "11474299.3700917",
        "z": "7.10474e+02"
      },
      "geometry": {
        "type": "Point",
        "coordinates": [
          8285626.077629431,
          3712254.170870345,
          710.4739990234375
        ]
      }
    },
    {
      "type": "Feature",
      "properties": {
        "OBJECTID_1": 31,
        "OBJECTID": 31,
        "Id": 0,
        "X": "1463258.52744188",
        "Y": "11474192.5795951",
        "z": "7.09857e+02"
      },
      "geometry": {
        "type": "Point",
        "coordinates": [
          8285590.358408354,
          3712215.597625484,
          709.8569946289062
        ]
      }
    },
    {
      "type": "Feature",
      "properties": {
        "OBJECTID_1": 32,
        "OBJECTID": 32,
        "Id": 0,
        "X": "1463360.53627453",
        "Y": "11474189.3918191",
        "z": "7.10171e+02"
      },
      "geometry": {
        "type": "Point",
        "coordinates": [
          8285626.852511882,
          3712214.642694365,
          710.1710205078125
        ]
      }
    },
    {
      "type": "Feature",
      "properties": {
        "OBJECTID_1": 33,
        "OBJECTID": 33,
        "Id": 0,
        "X": "1463261.71521789",
        "Y": "11474067.4593863",
        "z": "7.09802e+02"
      },
      "geometry": {
        "type": "Point",
        "coordinates": [
          8285591.731733564,
          3712170.629891932,
          709.802001953125
        ]
      }
    },
    {
      "type": "Feature",
      "properties": {
        "OBJECTID_1": 34,
        "OBJECTID": 34,
        "Id": 0,
        "X": "1463358.52797563",
        "Y": "11474066.7261978",
        "z": "7.09862e+02"
      },
      "geometry": {
        "type": "Point",
        "coordinates": [
          8285626.362523841,
          3712170.547522453,
          709.8619995117188
        ]
      }
    },
    {
      "type": "Feature",
      "properties": {
        "OBJECTID_1": 35,
        "OBJECTID": 35,
        "Id": 0,
        "X": "1463437.07477677",
        "Y": "11474011.131384",
        "z": "7.09298e+02"
      },
      "geometry": {
        "type": "Point",
        "coordinates": [
          8285654.561768063,
          3712150.7112695565,
          709.2979736328125
        ]
      }
    },
    {
      "type": "Feature",
      "properties": {
        "OBJECTID_1": 36,
        "OBJECTID": 36,
        "Id": 0,
        "X": "1463494.19972306",
        "Y": "11473927.9941854",
        "z": "7.09729e+02"
      },
      "geometry": {
        "type": "Point",
        "coordinates": [
          8285675.149694597,
          3712120.935047864,
          709.72900390625
        ]
      }
    },
    {
      "type": "Feature",
      "properties": {
        "OBJECTID_1": 37,
        "OBJECTID": 37,
        "Id": 0,
        "X": "1463498.4075874",
        "Y": "11473845.1120089",
        "z": "7.09803e+02"
      },
      "geometry": {
        "type": "Point",
        "coordinates": [
          8285676.808998981,
          3712091.1516238437,
          709.802978515625
        ]
      }
    },
    {
      "type": "Feature",
      "properties": {
        "OBJECTID_1": 38,
        "OBJECTID": 38,
        "Id": 0,
        "X": "1463475.29621126",
        "Y": "11473780.5595445",
        "z": "7.10078e+02"
      },
      "geometry": {
        "type": "Point",
        "coordinates": [
          8285668.662327781,
          3712067.905637463,
          710.0780029296875
        ]
      }
    },
    {
      "type": "Feature",
      "properties": {
        "OBJECTID_1": 39,
        "OBJECTID": 39,
        "Id": 0,
        "X": "1463415.52541088",
        "Y": "11473707.240696",
        "z": "7.10309e+02"
      },
      "geometry": {
        "type": "Point",
        "coordinates": [
          8285647.419248539,
          3712041.440152917,
          710.3090209960938
        ]
      }
    },
    {
      "type": "Feature",
      "properties": {
        "OBJECTID_1": 40,
        "OBJECTID": 40,
        "Id": 0,
        "X": "1463366.91182656",
        "Y": "11473688.9109839",
        "z": "7.10147e+02"
      },
      "geometry": {
        "type": "Point",
        "coordinates": [
          8285630.064724392,
          3712034.760804575,
          710.14697265625
        ]
      }
    },
    {
      "type": "Feature",
      "properties": {
        "OBJECTID_1": 41,
        "OBJECTID": 41,
        "Id": 0,
        "X": "1463280.84187402",
        "Y": "11473674.5659918",
        "z": "7.10600e+02"
      },
      "geometry": {
        "type": "Point",
        "coordinates": [
          8285599.305004354,
          3712029.443605435,
          710.5999755859375
        ]
      }
    },
    {
      "type": "Feature",
      "properties": {
        "OBJECTID_1": 42,
        "OBJECTID": 42,
        "Id": 0,
        "X": "1463218.68024162",
        "Y": "11473699.2712559",
        "z": "7.10519e+02"
      },
      "geometry": {
        "type": "Point",
        "coordinates": [
          8285577.024337441,
          3712038.2072887765,
          710.5189819335938
        ]
      }
    },
    {
      "type": "Feature",
      "properties": {
        "OBJECTID_1": 43,
        "OBJECTID": 43,
        "Id": 0,
        "X": "1463152.5338892",
        "Y": "11473756.6512243",
        "z": "7.10044e+02"
      },
      "geometry": {
        "type": "Point",
        "coordinates": [
          8285553.257440099,
          3712058.7080641976,
          710.0440063476562
        ]
      }
    },
    {
      "type": "Feature",
      "properties": {
        "OBJECTID_1": 44,
        "OBJECTID": 44,
        "Id": 0,
        "X": "1463122.25001701",
        "Y": "11473824.3914647",
        "z": "7.09620e+02"
      },
      "geometry": {
        "type": "Point",
        "coordinates": [
          8285542.298877289,
          3712082.999915622,
          709.6199951171875
        ]
      }
    },
    {
      "type": "Feature",
      "properties": {
        "OBJECTID_1": 45,
        "OBJECTID": 45,
        "Id": 0,
        "X": "1463119.06224099",
        "Y": "11473886.5530971",
        "z": "7.09311e+02"
      },
      "geometry": {
        "type": "Point",
        "coordinates": [
          8285541.042752907,
          3712105.3373852507,
          709.3109741210938
        ]
      }
    },
    {
      "type": "Feature",
      "properties": {
        "OBJECTID_1": 46,
        "OBJECTID": 46,
        "Id": 0,
        "X": "1463136.5950091",
        "Y": "11473958.2780576",
        "z": "7.09505e+02"
      },
      "geometry": {
        "type": "Point",
        "coordinates": [
          8285547.18040214,
          3712131.1511723767,
          709.5050048828125
        ]
      }
    },
    {
      "type": "Feature",
      "properties": {
        "OBJECTID_1": 47,
        "OBJECTID": 47,
        "Id": 0,
        "X": "1463191.58414545",
        "Y": "11474026.815242",
        "z": "7.09705e+02"
      },
      "geometry": {
        "type": "Point",
        "coordinates": [
          8285566.7219510535,
          3712155.889335193,
          709.7050170898438
        ]
      }
    },
    {
      "type": "Feature",
      "properties": {
        "OBJECTID_1": 48,
        "OBJECTID": 48,
        "Id": 0,
        "X": "1463163.18106111",
        "Y": "11473907.0823747",
        "z": "7.09382e+02"
      },
      "geometry": {
        "type": "Point",
        "coordinates": [
          8285556.785480699,
          3712112.799097383,
          709.3820190429688
        ]
      }
    },
    {
      "type": "Feature",
      "properties": {
        "OBJECTID_1": 49,
        "OBJECTID": 49,
        "Id": 0,
        "X": "1463206.02477082",
        "Y": "11473977.4684692",
        "z": "7.09444e+02"
      },
      "geometry": {
        "type": "Point",
        "coordinates": [
          8285571.979230758,
          3712138.1790437317,
          709.4439697265625
        ]
      }
    },
    {
      "type": "Feature",
      "properties": {
        "OBJECTID_1": 50,
        "OBJECTID": 50,
        "Id": 0,
        "X": "1463246.82830388",
        "Y": "11474010.6213398",
        "z": "7.09624e+02"
      },
      "geometry": {
        "type": "Point",
        "coordinates": [
          8285586.512644936,
          3712150.171987556,
          709.6240234375
        ]
      }
    },
    {
      "type": "Feature",
      "properties": {
        "OBJECTID_1": 51,
        "OBJECTID": 51,
        "Id": 0,
        "X": "1463309.56373596",
        "Y": "11474023.8824881",
        "z": "7.09628e+02"
      },
      "geometry": {
        "type": "Point",
        "coordinates": [
          8285608.928052777,
          3712155.0560314176,
          709.6279907226562
        ]
      }
    },
    {
      "type": "Feature",
      "properties": {
        "OBJECTID_1": 52,
        "OBJECTID": 52,
        "Id": 0,
        "X": "1463368.21881474",
        "Y": "11474011.131384",
        "z": "7.09453e+02"
      },
      "geometry": {
        "type": "Point",
        "coordinates": [
          8285629.932383909,
          3712150.5824844916,
          709.4530029296875
        ]
      }
    },
    {
      "type": "Feature",
      "properties": {
        "OBJECTID_1": 53,
        "OBJECTID": 53,
        "Id": 0,
        "X": "1463406.98217114",
        "Y": "11473985.1191317",
        "z": "7.09238e+02"
      },
      "geometry": {
        "type": "Point",
        "coordinates": [
          8285643.846229043,
          3712141.3050803468,
          709.2379760742188
        ]
      }
    },
    {
      "type": "Feature",
      "properties": {
        "OBJECTID_1": 54,
        "OBJECTID": 54,
        "Id": 0,
        "X": "1463447.27566003",
        "Y": "11473929.5243179",
        "z": "7.09376e+02"
      },
      "geometry": {
        "type": "Point",
        "coordinates": [
          8285658.362418373,
          3712121.397311682,
          709.3759765625
        ]
      }
    },
    {
      "type": "Feature",
      "properties": {
        "OBJECTID_1": 55,
        "OBJECTID": 55,
        "Id": 0,
        "X": "1463457.98658747",
        "Y": "11473874.9495924",
        "z": "7.09582e+02"
      },
      "geometry": {
        "type": "Point",
        "coordinates": [
          8285662.295191161,
          3712101.800912019,
          709.5819702148438
        ]
      }
    },
    {
      "type": "Feature",
      "properties": {
        "OBJECTID_1": 56,
        "OBJECTID": 56,
        "Id": 0,
        "X": "1463447.7857042",
        "Y": "11473816.8045578",
        "z": "7.09680e+02"
      },
      "geometry": {
        "type": "Point",
        "coordinates": [
          8285658.754600773,
          3712080.882128279,
          709.6799926757812
        ]
      }
    },
    {
      "type": "Feature",
      "properties": {
        "OBJECTID_1": 57,
        "OBJECTID": 57,
        "Id": 0,
        "X": "1463418.20314273",
        "Y": "11473770.9005831",
        "z": "7.09725e+02"
      },
      "geometry": {
        "type": "Point",
        "coordinates": [
          8285648.258576812,
          3712064.327063433,
          709.7249755859375
        ]
      }
    },
    {
      "type": "Feature",
      "properties": {
        "OBJECTID_1": 58,
        "OBJECTID": 58,
        "Id": 0,
        "X": "1463364.64850559",
        "Y": "11473734.1774034",
        "z": "7.10260e+02"
      },
      "geometry": {
        "type": "Point",
        "coordinates": [
          8285629.17088805,
          3712051.0271138507,
          710.260009765625
        ]
      }
    },
    {
      "type": "Feature",
      "properties": {
        "OBJECTID_1": 59,
        "OBJECTID": 59,
        "Id": 0,
        "X": "1463326.90523751",
        "Y": "11473726.5267409",
        "z": "7.10201e+02"
      },
      "geometry": {
        "type": "Point",
        "coordinates": [
          8285615.6846925635,
          3712048.206548161,
          710.2009887695312
        ]
      }
    },
    {
      "type": "Feature",
      "properties": {
        "OBJECTID_1": 60,
        "OBJECTID": 60,
        "Id": 0,
        "X": "1463276.41086535",
        "Y": "11473728.0568734",
        "z": "7.10290e+02"
      },
      "geometry": {
        "type": "Point",
        "coordinates": [
          8285597.620446669,
          3712048.662045982,
          710.2899780273438
        ]
      }
    },
    {
      "type": "Feature",
      "properties": {
        "OBJECTID_1": 61,
        "OBJECTID": 61,
        "Id": 0,
        "X": "1463232.54706731",
        "Y": "11473744.8883308",
        "z": "7.09983e+02"
      },
      "geometry": {
        "type": "Point",
        "coordinates": [
          8285581.899392367,
          3712054.6298355786,
          709.9829711914062
        ]
      }
    },
    {
      "type": "Feature",
      "properties": {
        "OBJECTID_1": 62,
        "OBJECTID": 62,
        "Id": 0,
        "X": "1463186.13304846",
        "Y": "11473786.7119522",
        "z": "7.09806e+02"
      },
      "geometry": {
        "type": "Point",
        "coordinates": [
          8285565.219558169,
          3712069.576020356,
          709.8060302734375
        ]
      }
    },
    {
      "type": "Feature",
      "properties": {
        "OBJECTID_1": 63,
        "OBJECTID": 63,
        "Id": 0,
        "X": "1463162.67101695",
        "Y": "11473834.6561035",
        "z": "7.09481e+02"
      },
      "geometry": {
        "type": "Point",
        "coordinates": [
          8285556.738025412,
          3712086.7651560795,
          709.4810180664062
        ]
      }
    },
    {
      "type": "Feature",
      "properties": {
        "OBJECTID_1": 64,
        "OBJECTID": 64,
        "Id": 0,
        "X": "1463235.09728812",
        "Y": "11473863.2185767",
        "z": "7.10902e+02"
      },
      "geometry": {
        "type": "Point",
        "coordinates": [
          8285582.591139396,
          3712097.1672952166,
          710.9019775390625
        ]
      }
    },
    {
      "type": "Feature",
      "properties": {
        "OBJECTID_1": 65,
        "OBJECTID": 65,
        "Id": 0,
        "X": "1463226.93658151",
        "Y": "11473951.4562169",
        "z": "7.10448e+02"
      },
      "geometry": {
        "type": "Point",
        "coordinates": [
          8285579.507720772,
          3712128.868296008,
          710.447998046875
        ]
      }
    },
    {
      "type": "Feature",
      "properties": {
        "OBJECTID_1": 66,
        "OBJECTID": 66,
        "Id": 0,
        "X": "1463310.58382428",
        "Y": "11473967.267586",
        "z": "7.10574e+02"
      },
      "geometry": {
        "type": "Point",
        "coordinates": [
          8285609.398362087,
          3712134.70813581,
          710.573974609375
        ]
      }
    },
    {
      "type": "Feature",
      "properties": {
        "OBJECTID_1": 67,
        "OBJECTID": 67,
        "Id": 0,
        "X": "1463346.79695988",
        "Y": "11473924.9339204",
        "z": "7.10778e+02"
      },
      "geometry": {
        "type": "Point",
        "coordinates": [
          8285622.430394344,
          3712119.5593961054,
          710.7780151367188
        ]
      }
    },
    {
      "type": "Feature",
      "properties": {
        "OBJECTID_1": 68,
        "OBJECTID": 68,
        "Id": 0,
        "X": "1463376.37952134",
        "Y": "11473865.7687975",
        "z": "7.11147e+02"
      },
      "geometry": {
        "type": "Point",
        "coordinates": [
          8285633.1220164895,
          3712098.348336806,
          711.14697265625
        ]
      }
    },
    {
      "type": "Feature",
      "properties": {
        "OBJECTID_1": 69,
        "OBJECTID": 69,
        "Id": 0,
        "X": "1463395.25115539",
        "Y": "11473947.8859078",
        "z": "7.10467e+02"
      },
      "geometry": {
        "type": "Point",
        "coordinates": [
          8285639.719418011,
          3712127.8999448046,
          710.4669799804688
        ]
      }
    },
    {
      "type": "Feature",
      "properties": {
        "OBJECTID_1": 70,
        "OBJECTID": 70,
        "Id": 0,
        "X": "1463344.75678323",
        "Y": "11473808.133807",
        "z": "7.11325e+02"
      },
      "geometry": {
        "type": "Point",
        "coordinates": [
          8285621.918098454,
          3712077.5728056356,
          711.3250122070312
        ]
      }
    },
    {
      "type": "Feature",
      "properties": {
        "OBJECTID_1": 71,
        "OBJECTID": 71,
        "Id": 0,
        "X": "1463411.06252445",
        "Y": "11473811.7041162",
        "z": "7.10583e+02"
      },
      "geometry": {
        "type": "Point",
        "coordinates": [
          8285645.628496517,
          3712078.9801489385,
          710.5830078125
        ]
      }
    },
    {
      "type": "Feature",
      "properties": {
        "OBJECTID_1": 72,
        "OBJECTID": 72,
        "Id": 0,
        "X": "1463301.91307351",
        "Y": "11473775.4909806",
        "z": "7.11543e+02"
      },
      "geometry": {
        "type": "Point",
        "coordinates": [
          8285606.654030029,
          3712065.759488044,
          711.5430297851562
        ]
      }
    },
    {
      "type": "Feature",
      "properties": {
        "OBJECTID_1": 73,
        "OBJECTID": 73,
        "Id": 0,
        "X": "1463262.63967294",
        "Y": "11473810.6840278",
        "z": "7.10876e+02"
      },
      "geometry": {
        "type": "Point",
        "coordinates": [
          8285592.540704422,
          3712078.3357888036,
          710.8759765625
        ]
      }
    },
    {
      "type": "Feature",
      "properties": {
        "OBJECTID_1": 74,
        "OBJECTID": 74,
        "Id": 0,
        "X": "1463284.0615278",
        "Y": "11473903.0020214",
        "z": "7.11151e+02"
      },
      "geometry": {
        "type": "Point",
        "coordinates": [
          8285600.031194711,
          3712111.5587634393,
          711.1510009765625
        ]
      }
    },
    {
      "type": "Feature",
      "properties": {
        "OBJECTID_1": 75,
        "OBJECTID": 75,
        "Id": 0,
        "X": "1463309.56373596",
        "Y": "11473856.5880025",
        "z": "7.13006e+02"
      },
      "geometry": {
        "type": "Point",
        "coordinates": [
          8285609.239591434,
          3712094.9233725583,
          713.0059814453125
        ]
      }
    },
    {
      "type": "Feature",
      "properties": {
        "OBJECTID_1": 76,
        "OBJECTID": 76,
        "Id": 0,
        "X": "1463225.40644903",
        "Y": "11473898.4116239",
        "z": "7.10861e+02"
      },
      "geometry": {
        "type": "Point",
        "coordinates": [
          8285579.059229426,
          3712109.798988115,
          710.8610229492188
        ]
      }
    },
    {
      "type": "Feature",
      "properties": {
        "OBJECTID_1": 77,
        "OBJECTID": 77,
        "Id": 0,
        "X": "1463254.54272185",
        "Y": "11473625.1554635",
        "z": "7.10777e+02"
      },
      "geometry": {
        "type": "Point",
        "coordinates": [
          8285589.990079915,
          3712011.6343147797,
          710.7769775390625
        ]
      }
    },
    {
      "type": "Feature",
      "properties": {
        "OBJECTID_1": 78,
        "OBJECTID": 78,
        "Id": 0,
        "X": "1463230.2857387",
        "Y": "11473535.5988809",
        "z": "7.11193e+02"
      },
      "geometry": {
        "type": "Point",
        "coordinates": [
          8285581.480435296,
          3711979.398851741,
          711.1929931640625
        ]
      }
    },
    {
      "type": "Feature",
      "properties": {
        "OBJECTID_1": 79,
        "OBJECTID": 79,
        "Id": 0,
        "X": "1463186.70286342",
        "Y": "11473439.7165553",
        "z": "7.11829e+02"
      },
      "geometry": {
        "type": "Point",
        "coordinates": [
          8285566.069976371,
          3711944.8535774862,
          711.8289794921875
        ]
      }
    },
    {
      "type": "Feature",
      "properties": {
        "OBJECTID_1": 80,
        "OBJECTID": 80,
        "Id": 0,
        "X": "1463118.21548799",
        "Y": "11473382.4362049",
        "z": "7.11900e+02"
      },
      "geometry": {
        "type": "Point",
        "coordinates": [
          8285541.67962525,
          3711924.136668886,
          711.9000244140625
        ]
      }
    },
    {
      "type": "Feature",
      "properties": {
        "OBJECTID_1": 81,
        "OBJECTID": 81,
        "Id": 0,
        "X": "1463209.11691356",
        "Y": "11473350.0603547",
        "z": "7.12425e+02"
      },
      "geometry": {
        "type": "Point",
        "coordinates": [
          8285574.254259742,
          3711912.6698576272,
          712.4249877929688
        ]
      }
    },
    {
      "type": "Feature",
      "properties": {
        "OBJECTID_1": 82,
        "OBJECTID": 82,
        "Id": 0,
        "X": "1463282.58518903",
        "Y": "11473358.7769298",
        "z": "7.11514e+02"
      },
      "geometry": {
        "type": "Point",
        "coordinates": [
          8285600.51669523,
          3711915.940428042,
          711.5139770507812
        ]
      }
    },
    {
      "type": "Feature",
      "properties": {
        "OBJECTID_1": 83,
        "OBJECTID": 83,
        "Id": 0,
        "X": "1463307.93797019",
        "Y": "11473457.7972224",
        "z": "7.11034e+02"
      },
      "geometry": {
        "type": "Point",
        "coordinates": [
          8285609.400680063,
          3711951.5793689406,
          711.0339965820312
        ]
      }
    },
    {
      "type": "Feature",
      "properties": {
        "OBJECTID_1": 84,
        "OBJECTID": 84,
        "Id": 0,
        "X": "1463341.40961841",
        "Y": "11473543.867175",
        "z": "7.11048e+02"
      },
      "geometry": {
        "type": "Point",
        "coordinates": [
          8285621.212859504,
          3711982.578753717,
          711.0479736328125
        ]
      }
    },
    {
      "type": "Feature",
      "properties": {
        "OBJECTID_1": 85,
        "OBJECTID": 85,
        "Id": 0,
        "X": "1463352.56683448",
        "Y": "11473616.3890794",
        "z": "7.10770e+02"
      },
      "geometry": {
        "type": "Point",
        "coordinates": [
          8285625.068664878,
          3712008.6667704573,
          710.77001953125
        ]
      }
    },
    {
      "type": "Feature",
      "properties": {
        "OBJECTID_1": 86,
        "OBJECTID": 86,
        "Id": 0,
        "X": "1463384.44459468",
        "Y": "11473623.5615755",
        "z": "7.10493e+02"
      },
      "geometry": {
        "type": "Point",
        "coordinates": [
          8285636.457674466,
          3712011.304473646,
          710.4929809570312
        ]
      }
    },
    {
      "type": "Feature",
      "properties": {
        "OBJECTID_1": 87,
        "OBJECTID": 87,
        "Id": 0,
        "X": "1463358.14544251",
        "Y": "11473501.6291427",
        "z": "7.10988e+02"
      },
      "geometry": {
        "type": "Point",
        "coordinates": [
          8285627.277716043,
          3711967.4281255505,
          710.9879760742188
        ]
      }
    },
    {
      "type": "Feature",
      "properties": {
        "OBJECTID_1": 88,
        "OBJECTID": 88,
        "Id": 0,
        "X": "1463343.00350642",
        "Y": "11473354.1945018",
        "z": "7.11718e+02"
      },
      "geometry": {
        "type": "Point",
        "coordinates": [
          8285622.136097574,
          3711914.4063900076,
          711.718017578125
        ]
      }
    },
    {
      "type": "Feature",
      "properties": {
        "OBJECTID_1": 89,
        "OBJECTID": 89,
        "Id": 0,
        "X": "1463193.97497747",
        "Y": "11473531.1160709",
        "z": "7.10939e+02"
      },
      "geometry": {
        "type": "Point",
        "coordinates": [
          8285568.500819722,
          3711977.719578229,
          710.9390258789062
        ]
      }
    },
    {
      "type": "Feature",
      "properties": {
        "OBJECTID_1": 90,
        "OBJECTID": 90,
        "Id": 0,
        "X": "1463217.08635362",
        "Y": "11473599.6532553",
        "z": "7.10551e+02"
      },
      "geometry": {
        "type": "Point",
        "coordinates": [
          8285576.639817921,
          3712002.3977199756,
          710.551025390625
        ]
      }
    },
    {
      "type": "Feature",
      "properties": {
        "OBJECTID_1": 91,
        "OBJECTID": 91,
        "Id": 0,
        "X": "1463141.37667313",
        "Y": "11473429.9041822",
        "z": "7.11478e+02"
      },
      "geometry": {
        "type": "Point",
        "coordinates": [
          8285549.875620998,
          3711941.2417674325,
          711.47802734375
        ]
      }
    },
    {
      "type": "Feature",
      "properties": {
        "OBJECTID_1": 92,
        "OBJECTID": 92,
        "Id": 0,
        "X": "1463441.82456304",
        "Y": "11473370.1333818",
        "z": "7.11489e+02"
      },
      "geometry": {
        "type": "Point",
        "coordinates": [
          8285657.453484971,
          3711920.3202210977,
          711.489013671875
        ]
      }
    },
    {
      "type": "Feature",
      "properties": {
        "OBJECTID_1": 93,
        "OBJECTID": 93,
        "Id": 0,
        "X": "1463514.3464675",
        "Y": "11473425.9194622",
        "z": "7.10687e+02"
      },
      "geometry": {
        "type": "Point",
        "coordinates": [
          8285683.289910492,
          3711940.5073380494,
          710.68701171875
        ]
      }
    },
    {
      "type": "Feature",
      "properties": {
        "OBJECTID_1": 94,
        "OBJECTID": 94,
        "Id": 0,
        "X": "1463600.41642005",
        "Y": "11473440.2644543",
        "z": "7.11305e+02"
      },
      "geometry": {
        "type": "Point",
        "coordinates": [
          8285714.049446793,
          3711945.824282971,
          711.3049926757812
        ]
      }
    },
    {
      "type": "Feature",
      "properties": {
        "OBJECTID_1": 95,
        "OBJECTID": 95,
        "Id": 0,
        "X": "1463675.32915653",
        "Y": "11473469.7513825",
        "z": "7.10905e+02"
      },
      "geometry": {
        "type": "Point",
        "coordinates": [
          8285740.79006543,
          3711956.5628918293,
          710.905029296875
        ]
      }
    },
    {
      "type": "Feature",
      "properties": {
        "OBJECTID_1": 96,
        "OBJECTID": 96,
        "Id": 0,
        "X": "1463683.29859658",
        "Y": "11473547.054951",
        "z": "7.10154e+02"
      },
      "geometry": {
        "type": "Point",
        "coordinates": [
          8285743.496999986,
          3711984.3635779624,
          710.1539916992188
        ]
      }
    },
    {
      "type": "Feature",
      "properties": {
        "OBJECTID_1": 97,
        "OBJECTID": 97,
        "Id": 0,
        "X": "1463782.91659721",
        "Y": "11473464.9697184",
        "z": "7.11472e+02"
      },
      "geometry": {
        "type": "Point",
        "coordinates": [
          8285779.281754927,
          3711955.045024933,
          711.4719848632812
        ]
      }
    },
    {
      "type": "Feature",
      "properties": {
        "OBJECTID_1": 98,
        "OBJECTID": 98,
        "Id": 0,
        "X": "1463527.09757158",
        "Y": "11473358.9761658",
        "z": "7.11591e+02"
      },
      "geometry": {
        "type": "Point",
        "coordinates": [
          8285687.975330028,
          3711916.4693190954,
          711.5910034179688
        ]
      }
    },
    {
      "type": "Feature",
      "properties": {
        "OBJECTID_1": 99,
        "OBJECTID": 99,
        "Id": 0,
        "X": "1463598.02558804",
        "Y": "11473302.3931414",
        "z": "7.11912e+02"
      },
      "geometry": {
        "type": "Point",
        "coordinates": [
          8285713.450582345,
          3711896.2638910883,
          711.9119873046875
        ]
      }
    },
    {
      "type": "Feature",
      "properties": {
        "OBJECTID_1": 100,
        "OBJECTID": 100,
        "Id": 0,
        "X": "1463672.14138051",
        "Y": "11473251.3887251",
        "z": "7.11961e+02"
      },
      "geometry": {
        "type": "Point",
        "coordinates": [
          8285740.055608251,
          3711878.069540006,
          711.9609985351562
        ]
      }
    },
    {
      "type": "Feature",
      "properties": {
        "OBJECTID_1": 101,
        "OBJECTID": 101,
        "Id": 0,
        "X": "1463740.67856494",
        "Y": "11473288.8450933",
        "z": "7.11680e+02"
      },
      "geometry": {
        "type": "Point",
        "coordinates": [
          8285764.500849642,
          3711891.6606278527,
          711.6799926757812
        ]
      }
    },
    {
      "type": "Feature",
      "properties": {
        "OBJECTID_1": 102,
        "OBJECTID": 102,
        "Id": 0,
        "X": "1463810.80963739",
        "Y": "11473290.4389813",
        "z": "7.11928e+02"
      },
      "geometry": {
        "type": "Point",
        "coordinates": [
          8285789.582848153,
          3711892.364408099,
          711.927978515625
        ]
      }
    },
    {
      "type": "Feature",
      "properties": {
        "OBJECTID_1": 103,
        "OBJECTID": 103,
        "Id": 0,
        "X": "1463886.51931787",
        "Y": "11473261.7489972",
        "z": "7.12306e+02"
      },
      "geometry": {
        "type": "Point",
        "coordinates": [
          8285816.7164513515,
          3711882.193452182,
          712.3060302734375
        ]
      }
    },
    {
      "type": "Feature",
      "properties": {
        "OBJECTID_1": 104,
        "OBJECTID": 104,
        "Id": 0,
        "X": "1463936.72679019",
        "Y": "11473208.3537488",
        "z": "7.11621e+02"
      },
      "geometry": {
        "type": "Point",
        "coordinates": [
          8285834.77406021,
          3711863.0949706896,
          711.6209716796875
        ]
      }
    },
    {
      "type": "Feature",
      "properties": {
        "OBJECTID_1": 105,
        "OBJECTID": 105,
        "Id": 0,
        "X": "1463969.4014944",
        "Y": "11473128.6593483",
        "z": "7.12058e+02"
      },
      "geometry": {
        "type": "Point",
        "coordinates": [
          8285846.609183867,
          3711834.511005198,
          712.0579833984375
        ]
      }
    },
    {
      "type": "Feature",
      "properties": {
        "OBJECTID_1": 106,
        "OBJECTID": 106,
        "Id": 0,
        "X": "1463960.63511034",
        "Y": "11473054.5435558",
        "z": "7.11995e+02"
      },
      "geometry": {
        "type": "Point",
        "coordinates": [
          8285843.611074897,
          3711807.854982433,
          711.9949951171875
        ]
      }
    },
    {
      "type": "Feature",
      "properties": {
        "OBJECTID_1": 107,
        "OBJECTID": 107,
        "Id": 0,
        "X": "1463924.77263012",
        "Y": "11472970.0674913",
        "z": "7.10722e+02"
      },
      "geometry": {
        "type": "Point",
        "coordinates": [
          8285830.940372877,
          3711777.4246841623,
          710.7219848632812
        ]
      }
    },
    {
      "type": "Feature",
      "properties": {
        "OBJECTID_1": 108,
        "OBJECTID": 108,
        "Id": 0,
        "X": "1464103.28808726",
        "Y": "11472945.3622271",
        "z": "7.12861e+02"
      },
      "geometry": {
        "type": "Point",
        "coordinates": [
          8285894.838200157,
          3711768.8775112676,
          712.8610229492188
        ]
      }
    },
    {
      "type": "Feature",
      "properties": {
        "OBJECTID_1": 109,
        "OBJECTID": 109,
        "Id": 0,
        "X": "1464127.99335141",
        "Y": "11473020.2749636",
        "z": "7.12496e+02"
      },
      "geometry": {
        "type": "Point",
        "coordinates": [
          8285903.536018614,
          3711795.8495727885,
          712.4959716796875
        ]
      }
    },
    {
      "type": "Feature",
      "properties": {
        "OBJECTID_1": 110,
        "OBJECTID": 110,
        "Id": 0,
        "X": "1464139.15056749",
        "Y": "11473106.3449162",
        "z": "7.12388e+02"
      },
      "geometry": {
        "type": "Point",
        "coordinates": [
          8285907.367265741,
          3711826.8067334597,
          712.3880004882812
        ]
      }
    },
    {
      "type": "Feature",
      "properties": {
        "OBJECTID_1": 111,
        "OBJECTID": 111,
        "Id": 0,
        "X": "1464134.36890345",
        "Y": "11473160.5371085",
        "z": "7.12119e+02"
      },
      "geometry": {
        "type": "Point",
        "coordinates": [
          8285905.556499788,
          3711846.27633046,
          712.1190185546875
        ]
      }
    },
    {
      "type": "Feature",
      "properties": {
        "OBJECTID_1": 112,
        "OBJECTID": 112,
        "Id": 0,
        "X": "1464120.02391136",
        "Y": "11473229.8712369",
        "z": "7.12143e+02"
      },
      "geometry": {
        "type": "Point",
        "coordinates": [
          8285900.296992355,
          3711871.170682586,
          712.1430053710938
        ]
      }
    },
    {
      "type": "Feature",
      "properties": {
        "OBJECTID_1": 113,
        "OBJECTID": 113,
        "Id": 0,
        "X": "1464079.3797671",
        "Y": "11473307.1748055",
        "z": "7.11487e+02"
      },
      "geometry": {
        "type": "Point",
        "coordinates": [
          8285885.615823571,
          3711898.8805896733,
          711.4869995117188
        ]
      }
    },
    {
      "type": "Feature",
      "properties": {
        "OBJECTID_1": 114,
        "OBJECTID": 114,
        "Id": 0,
        "X": "1464026.78146277",
        "Y": "11473368.5394938",
        "z": "7.11342e+02"
      },
      "geometry": {
        "type": "Point",
        "coordinates": [
          8285866.688288915,
          3711920.8392518484,
          711.3419799804688
        ]
      }
    },
    {
      "type": "Feature",
      "properties": {
        "OBJECTID_1": 115,
        "OBJECTID": 115,
        "Id": 0,
        "X": "1463973.38621443",
        "Y": "11473407.5897501",
        "z": "7.11743e+02"
      },
      "geometry": {
        "type": "Point",
        "coordinates": [
          8285847.517024225,
          3711934.775811488,
          711.7429809570312
        ]
      }
    },
    {
      "type": "Feature",
      "properties": {
        "OBJECTID_1": 116,
        "OBJECTID": 116,
        "Id": 0,
        "X": "1463900.06736596",
        "Y": "11473443.4522303",
        "z": "7.11827e+02"
      },
      "geometry": {
        "type": "Point",
        "coordinates": [
          8285821.225189921,
          3711947.529396905,
          711.8270263671875
        ]
      }
    },
    {
      "type": "Feature",
      "properties": {
        "OBJECTID_1": 117,
        "OBJECTID": 117,
        "Id": 0,
        "X": "1463849.06294964",
        "Y": "11473209.1506928",
        "z": "7.12035e+02"
      },
      "geometry": {
        "type": "Point",
        "coordinates": [
          8285803.416454842,
          3711863.2179292925,
          712.0349731445312
        ]
      }
    },
    {
      "type": "Feature",
      "properties": {
        "OBJECTID_1": 118,
        "OBJECTID": 118,
        "Id": 0,
        "X": "1463799.65242132",
        "Y": "11473125.4715723",
        "z": "7.12150e+02"
      },
      "geometry": {
        "type": "Point",
        "coordinates": [
          8285785.898383608,
          3711833.048622754,
          712.1500244140625
        ]
      }
    },
    {
      "type": "Feature",
      "properties": {
        "OBJECTID_1": 119,
        "OBJECTID": 119,
        "Id": 0,
        "X": "1463731.11523688",
        "Y": "11473024.2596836",
        "z": "7.12560e+02"
      },
      "geometry": {
        "type": "Point",
        "coordinates": [
          8285761.571663871,
          3711796.541817026,
          712.5599975585938
        ]
      }
    },
    {
      "type": "Feature",
      "properties": {
        "OBJECTID_1": 120,
        "OBJECTID": 120,
        "Id": 0,
        "X": "1463668.15666048",
        "Y": "11472939.7836191",
        "z": "7.12991e+02"
      },
      "geometry": {
        "type": "Point",
        "coordinates": [
          8285739.2093629865,
          3711766.0608717585,
          712.9910278320312
        ]
      }
    },
    {
      "type": "Feature",
      "properties": {
        "OBJECTID_1": 121,
        "OBJECTID": 121,
        "Id": 0,
        "X": "1463584.47753995",
        "Y": "11472859.2922746",
        "z": "7.14022e+02"
      },
      "geometry": {
        "type": "Point",
        "coordinates": [
          8285709.428395813,
          3711736.9734861273,
          714.02197265625
        ]
      }
    },
    {
      "type": "Feature",
      "properties": {
        "OBJECTID_1": 122,
        "OBJECTID": 122,
        "Id": 0,
        "X": "1463516.73729952",
        "Y": "11472799.5214742",
        "z": "7.14520e+02"
      },
      "geometry": {
        "type": "Point",
        "coordinates": [
          8285685.310075702,
          3711715.3634709553,
          714.52001953125
        ]
      }
    },
    {
      "type": "Feature",
      "properties": {
        "OBJECTID_1": 123,
        "OBJECTID": 123,
        "Id": 0,
        "X": "1463540.64561968",
        "Y": "11472737.3598418",
        "z": "7.14655e+02"
      },
      "geometry": {
        "type": "Point",
        "coordinates": [
          8285693.977230376,
          3711693.0654076305,
          714.655029296875
        ]
      }
    },
    {
      "type": "Feature",
      "properties": {
        "OBJECTID_1": 124,
        "OBJECTID": 124,
        "Id": 0,
        "X": "1463543.03645169",
        "Y": "11472662.4471053",
        "z": "7.15456e+02"
      },
      "geometry": {
        "type": "Point",
        "coordinates": [
          8285694.971681674,
          3711666.1440611775,
          715.4559936523438
        ]
      }
    },
    {
      "type": "Feature",
      "properties": {
        "OBJECTID_1": 125,
        "OBJECTID": 125,
        "Id": 0,
        "X": "1463519.12813154",
        "Y": "11472594.7068649",
        "z": "7.15668e+02"
      },
      "geometry": {
        "type": "Point",
        "coordinates": [
          8285686.5461255405,
          3711641.751625342,
          715.6680297851562
        ]
      }
    },
    {
      "type": "Feature",
      "properties": {
        "OBJECTID_1": 126,
        "OBJECTID": 126,
        "Id": 0,
        "X": "1463423.49485093",
        "Y": "11472541.3116166",
        "z": "7.15298e+02"
      },
      "geometry": {
        "type": "Point",
        "coordinates": [
          8285652.439420729,
          3711622.381132917,
          715.2979736328125
        ]
      }
    },
    {
      "type": "Feature",
      "properties": {
        "OBJECTID_1": 127,
        "OBJECTID": 127,
        "Id": 0,
        "X": "1463331.84629035",
        "Y": "11472499.0735843",
        "z": "7.15166e+02"
      },
      "geometry": {
        "type": "Point",
        "coordinates": [
          8285619.737302138,
          3711607.0282335817,
          715.166015625
        ]
      }
    },
    {
      "type": "Feature",
      "properties": {
        "OBJECTID_1": 128,
        "OBJECTID": 128,
        "Id": 0,
        "X": "1463241.79161777",
        "Y": "11472469.5866561",
        "z": "7.14977e+02"
      },
      "geometry": {
        "type": "Point",
        "coordinates": [
          8285587.58161552,
          3711596.261334096,
          714.9769897460938
        ]
      }
    },
    {
      "type": "Feature",
      "properties": {
        "OBJECTID_1": 129,
        "OBJECTID": 129,
        "Id": 0,
        "X": "1462879.97903947",
        "Y": "11472448.866112",
        "z": "7.14331e+02"
      },
      "geometry": {
        "type": "Point",
        "coordinates": [
          8285458.207890132,
          3711588.135942737,
          714.3309936523438
        ]
      }
    },
    {
      "type": "Feature",
      "properties": {
        "OBJECTID_1": 130,
        "OBJECTID": 130,
        "Id": 0,
        "X": "1462881.57292747",
        "Y": "11472499.8705283",
        "z": "7.13930e+02"
      },
      "geometry": {
        "type": "Point",
        "coordinates": [
          8285458.682796678,
          3711606.4712721067,
          713.9299926757812
        ]
      }
    },
    {
      "type": "Feature",
      "properties": {
        "OBJECTID_1": 131,
        "OBJECTID": 131,
        "Id": 0,
        "X": "1462879.97903947",
        "Y": "11472569.2046567",
        "z": "7.13859e+02"
      },
      "geometry": {
        "type": "Point",
        "coordinates": [
          8285457.98329414,
          3711631.3888512054,
          713.8590087890625
        ]
      }
    },
    {
      "type": "Feature",
      "properties": {
        "OBJECTID_1": 132,
        "OBJECTID": 132,
        "Id": 0,
        "X": "1462477.52231691",
        "Y": "11472573.1893768",
        "z": "7.14087e+02"
      },
      "geometry": {
        "type": "Point",
        "coordinates": [
          8285314.025544854,
          3711632.065403084,
          714.0869750976562
        ]
      }
    },
    {
      "type": "Feature",
      "properties": {
        "OBJECTID_1": 133,
        "OBJECTID": 133,
        "Id": 0,
        "X": "1462612.20585377",
        "Y": "11472570.7985448",
        "z": "7.13965e+02"
      },
      "geometry": {
        "type": "Point",
        "coordinates": [
          8285362.203480022,
          3711631.4591491474,
          713.9650268554688
        ]
      }
    },
    {
      "type": "Feature",
      "properties": {
        "OBJECTID_1": 134,
        "OBJECTID": 134,
        "Id": 0,
        "X": "1462755.65577467",
        "Y": "11472569.2046567",
        "z": "7.13692e+02"
      },
      "geometry": {
        "type": "Point",
        "coordinates": [
          8285413.51547569,
          3711631.1556004174,
          713.6920166015625
        ]
      }
    },
    {
      "type": "Feature",
      "properties": {
        "OBJECTID_1": 135,
        "OBJECTID": 135,
        "Id": 0,
        "X": "1462966.84593602",
        "Y": "11472577.9710408",
        "z": "7.13943e+02"
      },
      "geometry": {
        "type": "Point",
        "coordinates": [
          8285489.0374059295,
          3711634.7026110734,
          713.9429931640625
        ]
      }
    },
    {
      "type": "Feature",
      "properties": {
        "OBJECTID_1": 136,
        "OBJECTID": 136,
        "Id": 0,
        "X": "1463089.5753128",
        "Y": "11472600.2854729",
        "z": "7.14534e+02"
      },
      "geometry": {
        "type": "Point",
        "coordinates": [
          8285532.893543801,
          3711642.9530257676,
          714.5339965820312
        ]
      }
    },
    {
      "type": "Feature",
      "properties": {
        "OBJECTID_1": 137,
        "OBJECTID": 137,
        "Id": 0,
        "X": "1463211.50774558",
        "Y": "11472638.5387852",
        "z": "7.14920e+02"
      },
      "geometry": {
        "type": "Point",
        "coordinates": [
          8285576.434999547,
          3711656.930679746,
          714.9199829101562
        ]
      }
    },
    {
      "type": "Feature",
      "properties": {
        "OBJECTID_1": 138,
        "OBJECTID": 138,
        "Id": 0,
        "X": "1463335.83101037",
        "Y": "11472689.5432015",
        "z": "7.15062e+02"
      },
      "geometry": {
        "type": "Point",
        "coordinates": [
          8285620.8079724135,
          3711675.4957813257,
          715.06201171875
        ]
      }
    },
    {
      "type": "Feature",
      "properties": {
        "OBJECTID_1": 139,
        "OBJECTID": 139,
        "Id": 0,
        "X": "1463435.449011",
        "Y": "11472747.7201139",
        "z": "7.14839e+02"
      },
      "geometry": {
        "type": "Point",
        "coordinates": [
          8285656.3311346555,
          3711696.592568871,
          714.8389892578125
        ]
      }
    },
    {
      "type": "Feature",
      "properties": {
        "OBJECTID_1": 140,
        "OBJECTID": 140,
        "Id": 0,
        "X": "1463456.96649914",
        "Y": "11472873.6372667",
        "z": "7.13925e+02"
      },
      "geometry": {
        "type": "Point",
        "coordinates": [
          8285663.793277914,
          3711741.8912233706,
          713.9249877929688
        ]
      }
    },
    {
      "type": "Feature",
      "properties": {
        "OBJECTID_1": 141,
        "OBJECTID": 141,
        "Id": 0,
        "X": "1463410.74374684",
        "Y": "11472935.0019551",
        "z": "7.14040e+02"
      },
      "geometry": {
        "type": "Point",
        "coordinates": [
          8285647.146022967,
          3711763.861180005,
          714.0399780273438
        ]
      }
    },
    {
      "type": "Feature",
      "properties": {
        "OBJECTID_1": 142,
        "OBJECTID": 142,
        "Id": 0,
        "X": "1463350.97294647",
        "Y": "11472895.1547548",
        "z": "7.13920e+02"
      },
      "geometry": {
        "type": "Point",
        "coordinates": [
          8285625.841202097,
          3711749.4270609342,
          713.9199829101562
        ]
      }
    },
    {
      "type": "Feature",
      "properties": {
        "OBJECTID_1": 143,
        "OBJECTID": 143,
        "Id": 0,
        "X": "1463281.63881802",
        "Y": "11472849.7289465",
        "z": "7.13926e+02"
      },
      "geometry": {
        "type": "Point",
        "coordinates": [
          8285601.126189147,
          3711732.9699038854,
          713.926025390625
        ]
      }
    },
    {
      "type": "Feature",
      "properties": {
        "OBJECTID_1": 144,
        "OBJECTID": 144,
        "Id": 0,
        "X": "1463189.19331344",
        "Y": "11472809.0848023",
        "z": "7.13593e+02"
      },
      "geometry": {
        "type": "Point",
        "coordinates": [
          8285568.135821145,
          3711718.188124491,
          713.593017578125
        ]
      }
    },
    {
      "type": "Feature",
      "properties": {
        "OBJECTID_1": 145,
        "OBJECTID": 145,
        "Id": 0,
        "X": "1463121.45307301",
        "Y": "11472788.3642581",
        "z": "7.13800e+02"
      },
      "geometry": {
        "type": "Point",
        "coordinates": [
          8285543.94500556,
          3711710.6136853234,
          713.7999877929688
        ]
      }
    },
    {
      "type": "Feature",
      "properties": {
        "OBJECTID_1": 146,
        "OBJECTID": 146,
        "Id": 0,
        "X": "1463009.8809123",
        "Y": "11472758.87733",
        "z": "7.13460e+02"
      },
      "geometry": {
        "type": "Point",
        "coordinates": [
          8285504.092720117,
          3711699.806166153,
          713.4600219726562
        ]
      }
    },
    {
      "type": "Feature",
      "properties": {
        "OBJECTID_1": 147,
        "OBJECTID": 147,
        "Id": 0,
        "X": "1462891.93319955",
        "Y": "11472743.7353939",
        "z": "7.13384e+02"
      },
      "geometry": {
        "type": "Point",
        "coordinates": [
          8285461.933322921,
          3711694.1425796556,
          713.3839721679688
        ]
      }
    },
    {
      "type": "Feature",
      "properties": {
        "OBJECTID_1": 148,
        "OBJECTID": 148,
        "Id": 0,
        "X": "1462886.35459151",
        "Y": "11472648.1021133",
        "z": "7.13274e+02"
      },
      "geometry": {
        "type": "Point",
        "coordinates": [
          8285460.116446794,
          3711659.758757855,
          713.2739868164062
        ]
      }
    },
    {
      "type": "Feature",
      "properties": {
        "OBJECTID_1": 149,
        "OBJECTID": 149,
        "Id": 0,
        "X": "1462829.77156715",
        "Y": "11472743.7353939",
        "z": "7.13183e+02"
      },
      "geometry": {
        "type": "Point",
        "coordinates": [
          8285439.69929898,
          3711694.0259797396,
          713.1829833984375
        ]
      }
    },
    {
      "type": "Feature",
      "properties": {
        "OBJECTID_1": 150,
        "OBJECTID": 150,
        "Id": 0,
        "X": "1462711.02691039",
        "Y": "11472741.3445618",
        "z": "7.13526e+02"
      },
      "geometry": {
        "type": "Point",
        "coordinates": [
          8285397.231081527,
          3711692.943795509,
          713.5260009765625
        ]
      }
    },
    {
      "type": "Feature",
      "properties": {
        "OBJECTID_1": 151,
        "OBJECTID": 151,
        "Id": 0,
        "X": "1462597.06391767",
        "Y": "11472743.7353939",
        "z": "7.13584e+02"
      },
      "geometry": {
        "type": "Point",
        "coordinates": [
          8285356.464243764,
          3711693.589115099,
          713.583984375
        ]
      }
    },
    {
      "type": "Feature",
      "properties": {
        "OBJECTID_1": 152,
        "OBJECTID": 152,
        "Id": 0,
        "X": "1462483.89786894",
        "Y": "11472743.7353939",
        "z": "7.13530e+02"
      },
      "geometry": {
        "type": "Point",
        "coordinates": [
          8285315.986927389,
          3711693.376460513,
          713.530029296875
        ]
      }
    },
    {
      "type": "Feature",
      "properties": {
        "OBJECTID_1": 153,
        "OBJECTID": 153,
        "Id": 0,
        "X": "1462269.51993158",
        "Y": "11472915.078355",
        "z": "7.14367e+02"
      },
      "geometry": {
        "type": "Point",
        "coordinates": [
          8285238.987174033,
          3711754.5590583496,
          714.3670043945312
        ]
      }
    },
    {
      "type": "Feature",
      "properties": {
        "OBJECTID_1": 154,
        "OBJECTID": 154,
        "Id": 0,
        "X": "1462389.06153234",
        "Y": "11472911.8905789",
        "z": "7.13682e+02"
      },
      "geometry": {
        "type": "Point",
        "coordinates": [
          8285281.751077772,
          3711753.6381798997,
          713.6820068359375
        ]
      }
    },
    {
      "type": "Feature",
      "properties": {
        "OBJECTID_1": 155,
        "OBJECTID": 155,
        "Id": 0,
        "X": "1462556.41977341",
        "Y": "11472910.2966909",
        "z": "7.13414e+02"
      },
      "geometry": {
        "type": "Point",
        "coordinates": [
          8285341.615171029,
          3711753.3799032685,
          713.4140014648438
        ]
      }
    },
    {
      "type": "Feature",
      "properties": {
        "OBJECTID_1": 156,
        "OBJECTID": 156,
        "Id": 0,
        "X": "1462682.33692621",
        "Y": "11472907.9058589",
        "z": "7.13636e+02"
      },
      "geometry": {
        "type": "Point",
        "coordinates": [
          8285386.658002155,
          3711752.757080187,
          713.635986328125
        ]
      }
    },
    {
      "type": "Feature",
      "properties": {
        "OBJECTID_1": 157,
        "OBJECTID": 157,
        "Id": 0,
        "X": "1462823.39601511",
        "Y": "11472910.2966909",
        "z": "7.13255e+02"
      },
      "geometry": {
        "type": "Point",
        "coordinates": [
          8285437.107909091,
          3711753.8811784075,
          713.2550048828125
        ]
      }
    },
    {
      "type": "Feature",
      "properties": {
        "OBJECTID_1": 158,
        "OBJECTID": 158,
        "Id": 0,
        "X": "1462895.12097557",
        "Y": "11472913.4844669",
        "z": "7.13057e+02"
      },
      "geometry": {
        "type": "Point",
        "coordinates": [
          8285462.756728262,
          3711755.1615068885,
          713.0570068359375
        ]
      }
    },
    {
      "type": "Feature",
      "properties": {
        "OBJECTID_1": 159,
        "OBJECTID": 159,
        "Id": 0,
        "X": "1462895.91791957",
        "Y": "11472824.2267384",
        "z": "7.12708e+02"
      },
      "geometry": {
        "type": "Point",
        "coordinates": [
          8285463.208362278,
          3711723.081037754,
          712.7080078125
        ]
      }
    },
    {
      "type": "Feature",
      "properties": {
        "OBJECTID_1": 160,
        "OBJECTID": 160,
        "Id": 0,
        "X": "1462906.27819163",
        "Y": "11473025.0566276",
        "z": "7.12210e+02"
      },
      "geometry": {
        "type": "Point",
        "coordinates": [
          8285466.539253565,
          3711795.285003028,
          712.2100219726562
        ]
      }
    },
    {
      "type": "Feature",
      "properties": {
        "OBJECTID_1": 161,
        "OBJECTID": 161,
        "Id": 0,
        "X": "1462904.68430363",
        "Y": "11473117.5021322",
        "z": "7.12410e+02"
      },
      "geometry": {
        "type": "Point",
        "coordinates": [
          8285465.796619079,
          3711828.5099580293,
          712.4099731445312
        ]
      }
    },
    {
      "type": "Feature",
      "properties": {
        "OBJECTID_1": 162,
        "OBJECTID": 162,
        "Id": 0,
        "X": "1462989.95731217",
        "Y": "11472927.032515",
        "z": "7.13108e+02"
      },
      "geometry": {
        "type": "Point",
        "coordinates": [
          8285496.652767137,
          3711760.208910192,
          713.1079711914062
        ]
      }
    },
    {
      "type": "Feature",
      "properties": {
        "OBJECTID_1": 163,
        "OBJECTID": 163,
        "Id": 0,
        "X": "1463105.5141929",
        "Y": "11472960.5041632",
        "z": "7.13398e+02"
      },
      "geometry": {
        "type": "Point",
        "coordinates": [
          8285537.923080918,
          3711772.4562081858,
          713.3980102539062
        ]
      }
    },
    {
      "type": "Feature",
      "properties": {
        "OBJECTID_1": 164,
        "OBJECTID": 164,
        "Id": 0,
        "X": "1463234.61912172",
        "Y": "11473024.2596836",
        "z": "7.13516e+02"
      },
      "geometry": {
        "type": "Point",
        "coordinates": [
          8285583.982981229,
          3711795.6137390193,
          713.5159912109375
        ]
      }
    },
    {
      "type": "Feature",
      "properties": {
        "OBJECTID_1": 165,
        "OBJECTID": 165,
        "Id": 0,
        "X": "1463307.93797019",
        "Y": "11473064.1068839",
        "z": "7.13202e+02"
      },
      "geometry": {
        "type": "Point",
        "coordinates": [
          8285610.13375556,
          3711810.073337046,
          713.2020263671875
        ]
      }
    },
    {
      "type": "Feature",
      "properties": {
        "OBJECTID_1": 166,
        "OBJECTID": 166,
        "Id": 0,
        "X": "1463361.33321853",
        "Y": "11473002.7421955",
        "z": "7.13477e+02"
      },
      "geometry": {
        "type": "Point",
        "coordinates": [
          8285629.346625089,
          3711788.116767542,
          713.4769897460938
        ]
      }
    },
    {
      "type": "Feature",
      "properties": {
        "OBJECTID_1": 167,
        "OBJECTID": 167,
        "Id": 0,
        "X": "1463377.27209863",
        "Y": "11473129.4562923",
        "z": "7.13237e+02"
      },
      "geometry": {
        "type": "Point",
        "coordinates": [
          8285634.811851563,
          3711833.6917881016,
          713.2369995117188
        ]
      }
    },
    {
      "type": "Feature",
      "properties": {
        "OBJECTID_1": 168,
        "OBJECTID": 168,
        "Id": 0,
        "X": "1463442.62150705",
        "Y": "11473199.5873648",
        "z": "7.12434e+02"
      },
      "geometry": {
        "type": "Point",
        "coordinates": [
          8285658.0558686275,
          3711859.021478834,
          712.4340209960938
        ]
      }
    },
    {
      "type": "Feature",
      "properties": {
        "OBJECTID_1": 169,
        "OBJECTID": 169,
        "Id": 0,
        "X": "1463492.03203536",
        "Y": "11473268.9214932",
        "z": "7.12248e+02"
      },
      "geometry": {
        "type": "Point",
        "coordinates": [
          8285675.600341796,
          3711884.034936724,
          712.2479858398438
        ]
      }
    },
    {
      "type": "Feature",
      "properties": {
        "OBJECTID_1": 170,
        "OBJECTID": 170,
        "Id": 0,
        "X": "1463633.09112426",
        "Y": "11473178.0698766",
        "z": "7.12329e+02"
      },
      "geometry": {
        "type": "Point",
        "coordinates": [
          8285726.224136854,
          3711851.6432921663,
          712.3289794921875
        ]
      }
    },
    {
      "type": "Feature",
      "properties": {
        "OBJECTID_1": 171,
        "OBJECTID": 171,
        "Id": 0,
        "X": "1463590.85309199",
        "Y": "11473118.2990762",
        "z": "7.12767e+02"
      },
      "geometry": {
        "type": "Point",
        "coordinates": [
          8285711.227319138,
          3711830.080751335,
          712.7670288085938
        ]
      }
    },
    {
      "type": "Feature",
      "properties": {
        "OBJECTID_1": 172,
        "OBJECTID": 172,
        "Id": 0,
        "X": "1463527.89451559",
        "Y": "11473038.6046757",
        "z": "7.13461e+02"
      },
      "geometry": {
        "type": "Point",
        "coordinates": [
          8285688.856192406,
          3711801.318316977,
          713.4609985351562
        ]
      }
    },
    {
      "type": "Feature",
      "properties": {
        "OBJECTID_1": 173,
        "OBJECTID": 173,
        "Id": 0,
        "X": "1463467.32677121",
        "Y": "11472983.6155394",
        "z": "7.13648e+02"
      },
      "geometry": {
        "type": "Point",
        "coordinates": [
          8285667.294371598,
          3711781.440238525,
          713.6480102539062
        ]
      }
    },
    {
      "type": "Feature",
      "properties": {
        "OBJECTID_1": 174,
        "OBJECTID": 174,
        "Id": 0,
        "X": "1461816.8557367",
        "Y": "11473146.1921164",
        "z": "7.15828e+02"
      },
      "geometry": {
        "type": "Point",
        "coordinates": [
          8285076.643194192,
          3711836.7757398365,
          715.8280029296875
        ]
      }
    },
    {
      "type": "Feature",
      "properties": {
        "OBJECTID_1": 175,
        "OBJECTID": 175,
        "Id": 0,
        "X": "1461937.99122547",
        "Y": "11473143.8012844",
        "z": "7.15056e+02"
      },
      "geometry": {
        "type": "Point",
        "coordinates": [
          8285119.976003897,
          3711836.144886388,
          715.0560302734375
        ]
      }
    },
    {
      "type": "Feature",
      "properties": {
        "OBJECTID_1": 176,
        "OBJECTID": 176,
        "Id": 0,
        "X": "1461817.6526807",
        "Y": "11473197.9934768",
        "z": "7.15980e+02"
      },
      "geometry": {
        "type": "Point",
        "coordinates": [
          8285076.830981318,
          3711855.3963903524,
          715.97998046875
        ]
      }
    },
    {
      "type": "Feature",
      "properties": {
        "OBJECTID_1": 177,
        "OBJECTID": 177,
        "Id": 0,
        "X": "1461768.24215239",
        "Y": "11473247.4040051",
        "z": "7.15962e+02"
      },
      "geometry": {
        "type": "Point",
        "coordinates": [
          8285059.064755735,
          3711873.062972317,
          715.9619750976562
        ]
      }
    },
    {
      "type": "Feature",
      "properties": {
        "OBJECTID_1": 178,
        "OBJECTID": 178,
        "Id": 0,
        "X": "1461918.06762535",
        "Y": "11473248.9978931",
        "z": "7.15355e+02"
      },
      "geometry": {
        "type": "Point",
        "coordinates": [
          8285112.65221744,
          3711873.91853611,
          715.35498046875
        ]
      }
    },
    {
      "type": "Feature",
      "properties": {
        "OBJECTID_1": 179,
        "OBJECTID": 179,
        "Id": 0,
        "X": "1462070.28393031",
        "Y": "11473246.6070611",
        "z": "7.14905e+02"
      },
      "geometry": {
        "type": "Point",
        "coordinates": [
          8285167.10232857,
          3711873.34612234,
          714.905029296875
        ]
      }
    },
    {
      "type": "Feature",
      "properties": {
        "OBJECTID_1": 180,
        "OBJECTID": 180,
        "Id": 0,
        "X": "1461840.76405685",
        "Y": "11473277.6878773",
        "z": "7.15787e+02"
      },
      "geometry": {
        "type": "Point",
        "coordinates": [
          8285084.947957173,
          3711884.084892616,
          715.7869873046875
        ]
      }
    },
    {
      "type": "Feature",
      "properties": {
        "OBJECTID_1": 181,
        "OBJECTID": 181,
        "Id": 0,
        "X": "1462000.15285787",
        "Y": "11473279.2817653",
        "z": "7.14904e+02"
      },
      "geometry": {
        "type": "Point",
        "coordinates": [
          8285141.956141352,
          3711884.958370529,
          714.9039916992188
        ]
      }
    },
    {
      "type": "Feature",
      "properties": {
        "OBJECTID_1": 182,
        "OBJECTID": 182,
        "Id": 0,
        "X": "1462138.82111475",
        "Y": "11473279.2817653",
        "z": "7.15019e+02"
      },
      "geometry": {
        "type": "Point",
        "coordinates": [
          8285191.555870367,
          3711885.2196562276,
          715.0189819335938
        ]
      }
    },
    {
      "type": "Feature",
      "properties": {
        "OBJECTID_1": 183,
        "OBJECTID": 183,
        "Id": 0,
        "X": "1462263.14437954",
        "Y": "11473283.2664853",
        "z": "7.14354e+02"
      },
      "geometry": {
        "type": "Point",
        "coordinates": [
          8285236.01713355,
          3711886.8859867486,
          714.35400390625
        ]
      }
    },
    {
      "type": "Feature",
      "properties": {
        "OBJECTID_1": 184,
        "OBJECTID": 184,
        "Id": 0,
        "X": "1462273.50465161",
        "Y": "11473245.8101171",
        "z": "7.14525e+02"
      },
      "geometry": {
        "type": "Point",
        "coordinates": [
          8285239.793014769,
          3711873.4423703733,
          714.5250244140625
        ]
      }
    },
    {
      "type": "Feature",
      "properties": {
        "OBJECTID_1": 185,
        "OBJECTID": 185,
        "Id": 0,
        "X": "1462181.05914702",
        "Y": "11473247.4040051",
        "z": "7.14969e+02"
      },
      "geometry": {
        "type": "Point",
        "coordinates": [
          8285206.723570753,
          3711873.8412330085,
          714.968994140625
        ]
      }
    },
    {
      "type": "Feature",
      "properties": {
        "OBJECTID_1": 186,
        "OBJECTID": 186,
        "Id": 0,
        "X": "1462055.14199422",
        "Y": "11473147.7860044",
        "z": "7.14695e+02"
      },
      "geometry": {
        "type": "Point",
        "coordinates": [
          8285161.87158206,
          3711837.797955117,
          714.6950073242188
        ]
      }
    },
    {
      "type": "Feature",
      "properties": {
        "OBJECTID_1": 187,
        "OBJECTID": 187,
        "Id": 0,
        "X": "1462180.26220301",
        "Y": "11473144.5982284",
        "z": "7.14571e+02"
      },
      "geometry": {
        "type": "Point",
        "coordinates": [
          8285206.631162669,
          3711836.887851869,
          714.5709838867188
        ]
      }
    },
    {
      "type": "Feature",
      "properties": {
        "OBJECTID_1": 188,
        "OBJECTID": 188,
        "Id": 0,
        "X": "1462263.14437954",
        "Y": "11473143.0043404",
        "z": "7.14142e+02"
      },
      "geometry": {
        "type": "Point",
        "coordinates": [
          8285236.279848981,
          3711836.470989957,
          714.1420288085938
        ]
      }
    },
    {
      "type": "Feature",
      "properties": {
        "OBJECTID_1": 189,
        "OBJECTID": 189,
        "Id": 0,
        "X": "1462259.95660352",
        "Y": "11473013.1024676",
        "z": "7.14399e+02"
      },
      "geometry": {
        "type": "Point",
        "coordinates": [
          8285235.382939909,
          3711789.7740118206,
          714.3989868164062
        ]
      }
    },
    {
      "type": "Feature",
      "properties": {
        "OBJECTID_1": 190,
        "OBJECTID": 190,
        "Id": 0,
        "X": "1462121.28834663",
        "Y": "11473116.7051882",
        "z": "7.14449e+02"
      },
      "geometry": {
        "type": "Point",
        "coordinates": [
          8285185.589392852,
          3711826.7510985336,
          714.448974609375
        ]
      }
    },
    {
      "type": "Feature",
      "properties": {
        "OBJECTID_1": 191,
        "OBJECTID": 191,
        "Id": 0,
        "X": "1461994.57424983",
        "Y": "11473118.2990762",
        "z": "7.14804e+02"
      },
      "geometry": {
        "type": "Point",
        "coordinates": [
          8285140.262729607,
          3711827.085223284,
          714.8040161132812
        ]
      }
    },
    {
      "type": "Feature",
      "properties": {
        "OBJECTID_1": 192,
        "OBJECTID": 192,
        "Id": 0,
        "X": "1461874.23570507",
        "Y": "11473117.5021322",
        "z": "7.14947e+02"
      },
      "geometry": {
        "type": "Point",
        "coordinates": [
          8285097.220990354,
          3711826.571860652,
          714.947021484375
        ]
      }
    },
    {
      "type": "Feature",
      "properties": {
        "OBJECTID_1": 193,
        "OBJECTID": 193,
        "Id": 0,
        "X": "1462381.8890363",
        "Y": "11473113.5174122",
        "z": "7.14618e+02"
      },
      "geometry": {
        "type": "Point",
        "coordinates": [
          8285278.808210251,
          3711826.095831067,
          714.6179809570312
        ]
      }
    },
    {
      "type": "Feature",
      "properties": {
        "OBJECTID_1": 194,
        "OBJECTID": 194,
        "Id": 0,
        "X": "1462431.29956461",
        "Y": "11473146.9890604",
        "z": "7.13921e+02"
      },
      "geometry": {
        "type": "Point",
        "coordinates": [
          8285296.4189615045,
          3711838.219578755,
          713.9210205078125
        ]
      }
    },
    {
      "type": "Feature",
      "properties": {
        "OBJECTID_1": 195,
        "OBJECTID": 195,
        "Id": 0,
        "X": "1462565.98310147",
        "Y": "11473117.5021322",
        "z": "7.13151e+02"
      },
      "geometry": {
        "type": "Point",
        "coordinates": [
          8285344.648373933,
          3711827.8741564937,
          713.1510009765625
        ]
      }
    },
    {
      "type": "Feature",
      "properties": {
        "OBJECTID_1": 196,
        "OBJECTID": 196,
        "Id": 0,
        "X": "1462636.11417392",
        "Y": "11473152.5676685",
        "z": "7.13420e+02"
      },
      "geometry": {
        "type": "Point",
        "coordinates": [
          8285369.667643961,
          3711840.6096281954,
          713.4199829101562
        ]
      }
    },
    {
      "type": "Feature",
      "properties": {
        "OBJECTID_1": 197,
        "OBJECTID": 197,
        "Id": 0,
        "X": "1462755.65577467",
        "Y": "11473117.5021322",
        "z": "7.13250e+02"
      },
      "geometry": {
        "type": "Point",
        "coordinates": [
          8285412.491387603,
          3711828.230354644,
          713.25
        ]
      }
    },
    {
      "type": "Feature",
      "properties": {
        "OBJECTID_1": 198,
        "OBJECTID": 198,
        "Id": 0,
        "X": "1462804.26935899",
        "Y": "11473148.5829484",
        "z": "7.13006e+02"
      },
      "geometry": {
        "type": "Point",
        "coordinates": [
          8285429.821686599,
          3711839.4930711947,
          713.0059814453125
        ]
      }
    },
    {
      "type": "Feature",
      "properties": {
        "OBJECTID_1": 199,
        "OBJECTID": 199,
        "Id": 0,
        "X": "1462780.36103884",
        "Y": "11473242.622341",
        "z": "7.13607e+02"
      },
      "geometry": {
        "type": "Point",
        "coordinates": [
          8285421.09441055,
          3711873.249164275,
          713.6069946289062
        ]
      }
    },
    {
      "type": "Feature",
      "properties": {
        "OBJECTID_1": 200,
        "OBJECTID": 200,
        "Id": 0,
        "X": "1462697.47886231",
        "Y": "11473278.4848213",
        "z": "7.13261e+02"
      },
      "geometry": {
        "type": "Point",
        "coordinates": [
          8285391.381604981,
          3711885.98380021,
          713.260986328125
        ]
      }
    },
    {
      "type": "Feature",
      "properties": {
        "OBJECTID_1": 201,
        "OBJECTID": 201,
        "Id": 0,
        "X": "1462620.97223782",
        "Y": "11473248.2009491",
        "z": "7.13979e+02"
      },
      "geometry": {
        "type": "Point",
        "coordinates": [
          8285364.072835466,
          3711874.95504439,
          713.97900390625
        ]
      }
    },
    {
      "type": "Feature",
      "properties": {
        "OBJECTID_1": 202,
        "OBJECTID": 202,
        "Id": 0,
        "X": "1462530.12062124",
        "Y": "11473276.8909332",
        "z": "7.14724e+02"
      },
      "geometry": {
        "type": "Point",
        "coordinates": [
          8285331.522822091,
          3711885.0965188127,
          714.7239990234375
        ]
      }
    },
    {
      "type": "Feature",
      "properties": {
        "OBJECTID_1": 203,
        "OBJECTID": 203,
        "Id": 0,
        "X": "1462389.85847635",
        "Y": "11473281.6725973",
        "z": "7.14130e+02"
      },
      "geometry": {
        "type": "Point",
        "coordinates": [
          8285281.344020823,
          3711886.551505033,
          714.1300048828125
        ]
      }
    },
    {
      "type": "Feature",
      "properties": {
        "OBJECTID_1": 204,
        "OBJECTID": 204,
        "Id": 0,
        "X": "1462427.31484459",
        "Y": "11473245.8101171",
        "z": "7.15020e+02"
      },
      "geometry": {
        "type": "Point",
        "coordinates": [
          8285294.8087631045,
          3711873.731729523,
          715.02001953125
        ]
      }
    },
    {
      "type": "Feature",
      "properties": {
        "OBJECTID_1": 205,
        "OBJECTID": 205,
        "Id": 0,
        "X": "1462911.05985566",
        "Y": "11473257.7642771",
        "z": "7.13075e+02"
      },
      "geometry": {
        "type": "Point",
        "coordinates": [
          8285467.815297682,
          3711878.9368971153,
          713.0750122070312
        ]
      }
    },
    {
      "type": "Feature",
      "properties": {
        "OBJECTID_1": 206,
        "OBJECTID": 206,
        "Id": 0,
        "X": "1462869.6187674",
        "Y": "11473282.4695413",
        "z": "7.13251e+02"
      },
      "geometry": {
        "type": "Point",
        "coordinates": [
          8285452.946274227,
          3711887.7391040684,
          713.2509765625
        ]
      }
    },
    {
      "type": "Feature",
      "properties": {
        "OBJECTID_1": 207,
        "OBJECTID": 207,
        "Id": 0,
        "X": "1462970.03371204",
        "Y": "11473172.4912686",
        "z": "7.12663e+02"
      },
      "geometry": {
        "type": "Point",
        "coordinates": [
          8285489.068520564,
          3711848.3974319776,
          712.6630249023438
        ]
      }
    },
    {
      "type": "Feature",
      "properties": {
        "OBJECTID_1": 208,
        "OBJECTID": 208,
        "Id": 0,
        "X": "1463067.26088066",
        "Y": "11473170.8973806",
        "z": "7.12247e+02"
      },
      "geometry": {
        "type": "Point",
        "coordinates": [
          8285523.848228435,
          3711848.0067574917,
          712.2470092773438
        ]
      }
    },
    {
      "type": "Feature",
      "properties": {
        "OBJECTID_1": 209,
        "OBJECTID": 209,
        "Id": 0,
        "X": "1463178.03609736",
        "Y": "11473242.622341",
        "z": "7.12355e+02"
      },
      "geometry": {
        "type": "Point",
        "coordinates": [
          8285563.337250874,
          3711873.994658421,
          712.35498046875
        ]
      }
    },
    {
      "type": "Feature",
      "properties": {
        "OBJECTID_1": 210,
        "OBJECTID": 210,
        "Id": 0,
        "X": "1463107.90502492",
        "Y": "11473239.434565",
        "z": "7.12793e+02"
      },
      "geometry": {
        "type": "Point",
        "coordinates": [
          8285538.25828075,
          3711872.717512835,
          712.7930297851562
        ]
      }
    },
    {
      "type": "Feature",
      "properties": {
        "OBJECTID_1": 211,
        "OBJECTID": 211,
        "Id": 0,
        "X": "1463179.62998537",
        "Y": "11473287.2512053",
        "z": "7.12536e+02"
      },
      "geometry": {
        "type": "Point",
        "coordinates": [
          8285563.824200624,
          3711890.038813018,
          712.5360107421875
        ]
      }
    },
    {
      "type": "Feature",
      "properties": {
        "OBJECTID_1": 212,
        "OBJECTID": 212,
        "Id": 0,
        "X": "1463038.57089648",
        "Y": "11473311.1595255",
        "z": "7.12712e+02"
      },
      "geometry": {
        "type": "Point",
        "coordinates": [
          8285513.324667864,
          3711898.368062807,
          712.7119750976562
        ]
      }
    },
    {
      "type": "Feature",
      "properties": {
        "OBJECTID_1": 213,
        "OBJECTID": 213,
        "Id": 0,
        "X": "1463001.91147224",
        "Y": "11473323.1136856",
        "z": "7.12470e+02"
      },
      "geometry": {
        "type": "Point",
        "coordinates": [
          8285500.18977662,
          3711902.5961031006,
          712.469970703125
        ]
      }
    },
    {
      "type": "Feature",
      "properties": {
        "OBJECTID_1": 214,
        "OBJECTID": 214,
        "Id": 0,
        "X": "1463014.66257632",
        "Y": "11473409.9805821",
        "z": "7.11887e+02"
      },
      "geometry": {
        "type": "Point",
        "coordinates": [
          8285504.588658566,
          3711933.843083342,
          711.8870239257812
        ]
      }
    },
    {
      "type": "Feature",
      "properties": {
        "OBJECTID_1": 215,
        "OBJECTID": 215,
        "Id": 0,
        "X": "1462990.75425617",
        "Y": "11473461.7819424",
        "z": "7.10884e+02"
      },
      "geometry": {
        "type": "Point",
        "coordinates": [
          8285495.940310266,
          3711952.417574272,
          710.8839721679688
        ]
      }
    },
    {
      "type": "Feature",
      "properties": {
        "OBJECTID_1": 216,
        "OBJECTID": 216,
        "Id": 0,
        "X": "1462966.84593602",
        "Y": "11473521.5527428",
        "z": "7.09934e+02"
      },
      "geometry": {
        "type": "Point",
        "coordinates": [
          8285487.277066705,
          3711973.8566018734,
          709.9340209960938
        ]
      }
    },
    {
      "type": "Feature",
      "properties": {
        "OBJECTID_1": 217,
        "OBJECTID": 217,
        "Id": 0,
        "X": "1462871.21265541",
        "Y": "11473540.6793989",
        "z": "7.10977e+02"
      },
      "geometry": {
        "type": "Point",
        "coordinates": [
          8285453.03438857,
          3711980.5520960027,
          710.9769897460938
        ]
      }
    },
    {
      "type": "Feature",
      "properties": {
        "OBJECTID_1": 218,
        "OBJECTID": 218,
        "Id": 0,
        "X": "1462862.44627136",
        "Y": "11473599.6532553",
        "z": "7.10489e+02"
      },
      "geometry": {
        "type": "Point",
        "coordinates": [
          8285449.788653882,
          3712001.7330950545,
          710.489013671875
        ]
      }
    },
    {
      "type": "Feature",
      "properties": {
        "OBJECTID_1": 219,
        "OBJECTID": 219,
        "Id": 0,
        "X": "1462866.43099138",
        "Y": "11473657.8301677",
        "z": "7.09250e+02"
      },
      "geometry": {
        "type": "Point",
        "coordinates": [
          8285451.105343249,
          3712022.6515977588,
          709.25
        ]
      }
    },
    {
      "type": "Feature",
      "properties": {
        "OBJECTID_1": 220,
        "OBJECTID": 220,
        "Id": 0,
        "X": "1462780.36103884",
        "Y": "11473572.5571591",
        "z": "7.11091e+02"
      },
      "geometry": {
        "type": "Point",
        "coordinates": [
          8285420.47820962,
          3711991.839701129,
          711.0910034179688
        ]
      }
    },
    {
      "type": "Feature",
      "properties": {
        "OBJECTID_1": 221,
        "OBJECTID": 221,
        "Id": 0,
        "X": "1462616.19057379",
        "Y": "11473572.5571591",
        "z": "7.12116e+02"
      },
      "geometry": {
        "type": "Point",
        "coordinates": [
          8285361.756158805,
          3711991.5314409756,
          712.1160278320312
        ]
      }
    },
    {
      "type": "Feature",
      "properties": {
        "OBJECTID_1": 222,
        "OBJECTID": 222,
        "Id": 0,
        "X": "1462469.55287686",
        "Y": "11473571.7602151",
        "z": "7.13521e+02"
      },
      "geometry": {
        "type": "Point",
        "coordinates": [
          8285309.306891845,
          3711990.9694092018,
          713.52099609375
        ]
      }
    },
    {
      "type": "Feature",
      "properties": {
        "OBJECTID_1": 223,
        "OBJECTID": 223,
        "Id": 0,
        "X": "1462350.01127609",
        "Y": "11473571.7602151",
        "z": "7.14690e+02"
      },
      "geometry": {
        "type": "Point",
        "coordinates": [
          8285266.5481268,
          3711990.7445836416,
          714.6900024414062
        ]
      }
    },
    {
      "type": "Feature",
      "properties": {
        "OBJECTID_1": 224,
        "OBJECTID": 224,
        "Id": 0,
        "X": "1462270.31687559",
        "Y": "11473566.1816071",
        "z": "7.14979e+02"
      },
      "geometry": {
        "type": "Point",
        "coordinates": [
          8285238.052734468,
          3711988.589453377,
          714.97900390625
        ]
      }
    },
    {
      "type": "Feature",
      "properties": {
        "OBJECTID_1": 225,
        "OBJECTID": 225,
        "Id": 0,
        "X": "1462267.92604357",
        "Y": "11473480.9085985",
        "z": "7.15089e+02"
      },
      "geometry": {
        "type": "Point",
        "coordinates": [
          8285237.357280928,
          3711957.93464988,
          715.0889892578125
        ]
      }
    },
    {
      "type": "Feature",
      "properties": {
        "OBJECTID_1": 226,
        "OBJECTID": 226,
        "Id": 0,
        "X": "1462265.53521155",
        "Y": "11473385.2753179",
        "z": "7.14737e+02"
      },
      "geometry": {
        "type": "Point",
        "coordinates": [
          8285236.681235139,
          3711923.5560682775,
          714.7369995117188
        ]
      }
    },
    {
      "type": "Feature",
      "properties": {
        "OBJECTID_1": 227,
        "OBJECTID": 227,
        "Id": 0,
        "X": "1462789.12742289",
        "Y": "11473693.6926479",
        "z": "7.10411e+02"
      },
      "geometry": {
        "type": "Point",
        "coordinates": [
          8285423.387619468,
          3712035.3969266233,
          710.4110107421875
        ]
      }
    },
    {
      "type": "Feature",
      "properties": {
        "OBJECTID_1": 228,
        "OBJECTID": 228,
        "Id": 0,
        "X": "1462813.03574304",
        "Y": "11473716.8040241",
        "z": "7.09494e+02"
      },
      "geometry": {
        "type": "Point",
        "coordinates": [
          8285431.896247861,
          3712043.7489324007,
          709.4940185546875
        ]
      }
    },
    {
      "type": "Feature",
      "properties": {
        "OBJECTID_1": 229,
        "OBJECTID": 229,
        "Id": 0,
        "X": "1462824.98990312",
        "Y": "11473789.3259285",
        "z": "7.08734e+02"
      },
      "geometry": {
        "type": "Point",
        "coordinates": [
          8285436.036726339,
          3712069.8386286916,
          708.7340087890625
        ]
      }
    },
    {
      "type": "Feature",
      "properties": {
        "OBJECTID_1": 230,
        "OBJECTID": 230,
        "Id": 0,
        "X": "1462789.9243669",
        "Y": "11473840.3303448",
        "z": "7.09005e+02"
      },
      "geometry": {
        "type": "Point",
        "coordinates": [
          8285423.398813202,
          3712088.1058792276,
          709.0050048828125
        ]
      }
    },
    {
      "type": "Feature",
      "properties": {
        "OBJECTID_1": 231,
        "OBJECTID": 231,
        "Id": 0,
        "X": "1462749.28022264",
        "Y": "11473845.1120089",
        "z": "7.09254e+02"
      },
      "geometry": {
        "type": "Point",
        "coordinates": [
          8285408.85178205,
          3712089.748315387,
          709.2540283203125
        ]
      }
    },
    {
      "type": "Feature",
      "properties": {
        "OBJECTID_1": 232,
        "OBJECTID": 232,
        "Id": 0,
        "X": "1462814.62963105",
        "Y": "11473931.9789054",
        "z": "7.08462e+02"
      },
      "geometry": {
        "type": "Point",
        "coordinates": [
          8285432.0645517595,
          3712121.0945178317,
          708.4619750976562
        ]
      }
    },
    {
      "type": "Feature",
      "properties": {
        "OBJECTID_1": 233,
        "OBJECTID": 233,
        "Id": 0,
        "X": "1462771.59465478",
        "Y": "11473951.1055616",
        "z": "7.09285e+02"
      },
      "geometry": {
        "type": "Point",
        "coordinates": [
          8285416.635503,
          3712127.8886714475,
          709.2849731445312
        ]
      }
    },
    {
      "type": "Feature",
      "properties": {
        "OBJECTID_1": 234,
        "OBJECTID": 234,
        "Id": 0,
        "X": "1462717.40246244",
        "Y": "11473882.5683771",
        "z": "7.09582e+02"
      },
      "geometry": {
        "type": "Point",
        "coordinates": [
          8285397.37936613,
          3712103.15182368,
          709.5819702148438
        ]
      }
    },
    {
      "type": "Feature",
      "properties": {
        "OBJECTID_1": 235,
        "OBJECTID": 235,
        "Id": 0,
        "X": "1462640.09889394",
        "Y": "11473853.0814489",
        "z": "7.09857e+02"
      },
      "geometry": {
        "type": "Point",
        "coordinates": [
          8285369.783558214,
          3712092.407837903,
          709.8569946289062
        ]
      }
    },
    {
      "type": "Feature",
      "properties": {
        "OBJECTID_1": 236,
        "OBJECTID": 236,
        "Id": 0,
        "X": "1462577.93726154",
        "Y": "11473884.1622651",
        "z": "7.10020e+02"
      },
      "geometry": {
        "type": "Point",
        "coordinates": [
          8285347.490695673,
          3712103.462775542,
          710.02001953125
        ]
      }
    },
    {
      "type": "Feature",
      "properties": {
        "OBJECTID_1": 237,
        "OBJECTID": 237,
        "Id": 0,
        "X": "1462499.83674905",
        "Y": "11473853.0814489",
        "z": "7.10385e+02"
      },
      "geometry": {
        "type": "Point",
        "coordinates": [
          8285319.612853341,
          3712092.144269801,
          710.385009765625
        ]
      }
    },
    {
      "type": "Feature",
      "properties": {
        "OBJECTID_1": 238,
        "OBJECTID": 238,
        "Id": 0,
        "X": "1462424.12706856",
        "Y": "11473884.1622651",
        "z": "7.10566e+02"
      },
      "geometry": {
        "type": "Point",
        "coordinates": [
          8285292.473909263,
          3712103.173635922,
          710.5659790039062
        ]
      }
    },
    {
      "type": "Feature",
      "properties": {
        "OBJECTID_1": 239,
        "OBJECTID": 239,
        "Id": 0,
        "X": "1462354.79294013",
        "Y": "11473847.5028409",
        "z": "7.10943e+02"
      },
      "geometry": {
        "type": "Point",
        "coordinates": [
          8285267.742233266,
          3712089.866318617,
          710.9429931640625
        ]
      }
    },
    {
      "type": "Feature",
      "properties": {
        "OBJECTID_1": 240,
        "OBJECTID": 240,
        "Id": 0,
        "X": "1462281.47409166",
        "Y": "11473878.5836571",
        "z": "7.11227e+02"
      },
      "geometry": {
        "type": "Point",
        "coordinates": [
          8285241.458432025,
          3712100.900065839,
          711.2269897460938
        ]
      }
    },
    {
      "type": "Feature",
      "properties": {
        "OBJECTID_1": 241,
        "OBJECTID": 241,
        "Id": 0,
        "X": "1462265.53521155",
        "Y": "11473941.5422335",
        "z": "7.12186e+02"
      },
      "geometry": {
        "type": "Point",
        "coordinates": [
          8285235.639279435,
          3712123.4999826965,
          712.1859741210938
        ]
      }
    },
    {
      "type": "Feature",
      "properties": {
        "OBJECTID_1": 242,
        "OBJECTID": 242,
        "Id": 0,
        "X": "1462325.30601194",
        "Y": "11473989.3588738",
        "z": "7.08037e+02"
      },
      "geometry": {
        "type": "Point",
        "coordinates": [
          8285256.929352509,
          3712140.7997811404,
          708.0369873046875
        ]
      }
    },
    {
      "type": "Feature",
      "properties": {
        "OBJECTID_1": 243,
        "OBJECTID": 243,
        "Id": 0,
        "X": "1462792.31519891",
        "Y": "11474053.1143942",
        "z": "7.09360e+02"
      },
      "geometry": {
        "type": "Point",
        "coordinates": [
          8285423.8565879725,
          3712164.5938696954,
          709.3599853515625
        ]
      }
    },
    {
      "type": "Feature",
      "properties": {
        "OBJECTID_1": 244,
        "OBJECTID": 244,
        "Id": 0,
        "X": "1462832.16239917",
        "Y": "11474081.8043784",
        "z": "7.09360e+02"
      },
      "geometry": {
        "type": "Point",
        "coordinates": [
          8285438.056143493,
          3712174.9810660686,
          709.3599853515625
        ]
      }
    },
    {
      "type": "Feature",
      "properties": {
        "OBJECTID_1": 245,
        "OBJECTID": 245,
        "Id": 0,
        "X": "1462875.99431944",
        "Y": "11474101.7279785",
        "z": "7.08623e+02"
      },
      "geometry": {
        "type": "Point",
        "coordinates": [
          8285453.69740369,
          3712182.2247094936,
          708.6229858398438
        ]
      }
    },
    {
      "type": "Feature",
      "properties": {
        "OBJECTID_1": 246,
        "OBJECTID": 246,
        "Id": 0,
        "X": "1462871.21265541",
        "Y": "11474156.7171149",
        "z": "7.09544e+02"
      },
      "geometry": {
        "type": "Point",
        "coordinates": [
          8285451.884368113,
          3712201.9812451033,
          709.5440063476562
        ]
      }
    },
    {
      "type": "Feature",
      "properties": {
        "OBJECTID_1": 247,
        "OBJECTID": 247,
        "Id": 0,
        "X": "1462899.90263959",
        "Y": "11474239.5992914",
        "z": "7.10157e+02"
      },
      "geometry": {
        "type": "Point",
        "coordinates": [
          8285461.99194463,
          3712231.826610802,
          710.156982421875
        ]
      }
    },
    {
      "type": "Feature",
      "properties": {
        "OBJECTID_1": 248,
        "OBJECTID": 248,
        "Id": 0,
        "X": "1462962.86121599",
        "Y": "11474261.1167795",
        "z": "7.09733e+02"
      },
      "geometry": {
        "type": "Point",
        "coordinates": [
          8285484.471860935,
          3712239.679038941,
          709.7329711914062
        ]
      }
    },
    {
      "type": "Feature",
      "properties": {
        "OBJECTID_1": 249,
        "OBJECTID": 249,
        "Id": 0,
        "X": "1463013.86563232",
        "Y": "11474260.3198355",
        "z": "7.09229e+02"
      },
      "geometry": {
        "type": "Point",
        "coordinates": [
          8285502.717464485,
          3712239.4882040443,
          709.22900390625
        ]
      }
    },
    {
      "type": "Feature",
      "properties": {
        "OBJECTID_1": 250,
        "OBJECTID": 250,
        "Id": 0,
        "X": "1462796.29991893",
        "Y": "11474163.0926669",
        "z": "7.09742e+02"
      },
      "geometry": {
        "type": "Point",
        "coordinates": [
          8285425.076499134,
          3712204.1323334887,
          709.7420043945312
        ]
      }
    },
    {
      "type": "Feature",
      "properties": {
        "OBJECTID_1": 251,
        "OBJECTID": 251,
        "Id": 0,
        "X": "1462682.33692621",
        "Y": "11474165.4834989",
        "z": "7.10039e+02"
      },
      "geometry": {
        "type": "Point",
        "coordinates": [
          8285384.307956926,
          3712204.7777498155,
          710.0390014648438
        ]
      }
    },
    {
      "type": "Feature",
      "properties": {
        "OBJECTID_1": 252,
        "OBJECTID": 252,
        "Id": 0,
        "X": "1462601.8455817",
        "Y": "11474167.0773869",
        "z": "7.10183e+02"
      },
      "geometry": {
        "type": "Point",
        "coordinates": [
          8285355.513567832,
          3712205.1994662695,
          710.1829833984375
        ]
      }
    },
    {
      "type": "Feature",
      "properties": {
        "OBJECTID_1": 253,
        "OBJECTID": 253,
        "Id": 0,
        "X": "1462432.89345262",
        "Y": "11474161.4987789",
        "z": "7.10340e+02"
      },
      "geometry": {
        "type": "Point",
        "coordinates": [
          8285295.090558199,
          3712202.8766813567,
          710.3400268554688
        ]
      }
    },
    {
      "type": "Feature",
      "properties": {
        "OBJECTID_1": 254,
        "OBJECTID": 254,
        "Id": 0,
        "X": "1462285.45881168",
        "Y": "11474164.6865549",
        "z": "7.10844e+02"
      },
      "geometry": {
        "type": "Point",
        "coordinates": [
          8285242.3478649985,
          3712203.7451224327,
          710.843994140625
        ]
      }
    },
    {
      "type": "Feature",
      "properties": {
        "OBJECTID_1": 255,
        "OBJECTID": 255,
        "Id": 0,
        "X": "1462284.66186768",
        "Y": "11474234.8176273",
        "z": "7.10675e+02"
      },
      "geometry": {
        "type": "Point",
        "coordinates": [
          8285241.931442046,
          3712228.951844999,
          710.6749877929688
        ]
      }
    },
    {
      "type": "Feature",
      "properties": {
        "OBJECTID_1": 256,
        "OBJECTID": 256,
        "Id": 0,
        "X": "1462281.47409166",
        "Y": "11474313.7150839",
        "z": "7.10832e+02"
      },
      "geometry": {
        "type": "Point",
        "coordinates": [
          8285240.643402519,
          3712257.305156674,
          710.8319702148438
        ]
      }
    },
    {
      "type": "Feature",
      "properties": {
        "OBJECTID_1": 257,
        "OBJECTID": 257,
        "Id": 0,
        "X": "1462614.59668578",
        "Y": "11474214.0970832",
        "z": "7.10059e+02"
      },
      "geometry": {
        "type": "Point",
        "coordinates": [
          8285359.986675797,
          3712222.124389759,
          710.0590209960938
        ]
      }
    },
    {
      "type": "Feature",
      "properties": {
        "OBJECTID_1": 258,
        "OBJECTID": 258,
        "Id": 0,
        "X": "1462659.22555006",
        "Y": "11474285.0250997",
        "z": "7.10066e+02"
      },
      "geometry": {
        "type": "Point",
        "coordinates": [
          8285375.81767814,
          3712247.7029483323,
          710.0659790039062
        ]
      }
    },
    {
      "type": "Feature",
      "properties": {
        "OBJECTID_1": 259,
        "OBJECTID": 259,
        "Id": 0,
        "X": "1463022.91891622",
        "Y": "11474338.0696927",
        "z": "7.10345e+02"
      },
      "geometry": {
        "type": "Point",
        "coordinates": [
          8285505.810766706,
          3712267.452022032,
          710.344970703125
        ]
      }
    },
    {
      "type": "Feature",
      "properties": {
        "OBJECTID_1": 260,
        "OBJECTID": 260,
        "Id": 0,
        "X": "1463071.88315589",
        "Y": "11474332.4592069",
        "z": "7.09931e+02"
      },
      "geometry": {
        "type": "Point",
        "coordinates": [
          8285523.335621832,
          3712265.527123484,
          709.9310302734375
        ]
      }
    },
    {
      "type": "Feature",
      "properties": {
        "OBJECTID_1": 261,
        "OBJECTID": 261,
        "Id": 0,
        "X": "1463145.3295154",
        "Y": "11474332.969251",
        "z": "7.09618e+02"
      },
      "geometry": {
        "type": "Point",
        "coordinates": [
          8285549.606256802,
          3712265.848061751,
          709.6179809570312
        ]
      }
    },
    {
      "type": "Feature",
      "properties": {
        "OBJECTID_1": 262,
        "OBJECTID": 262,
        "Id": 0,
        "X": "1463164.7111936",
        "Y": "11474403.3553456",
        "z": "7.10303e+02"
      },
      "geometry": {
        "type": "Point",
        "coordinates": [
          8285556.407847645,
          3712291.184393378,
          710.302978515625
        ]
      }
    },
    {
      "type": "Feature",
      "properties": {
        "OBJECTID_1": 263,
        "OBJECTID": 263,
        "Id": 0,
        "X": "1463191.23349009",
        "Y": "11474375.8129607",
        "z": "7.10181e+02"
      },
      "geometry": {
        "type": "Point",
        "coordinates": [
          8285565.946156705,
          3712281.334047493,
          710.1810302734375
        ]
      }
    },
    {
      "type": "Feature",
      "properties": {
        "OBJECTID_1": 264,
        "OBJECTID": 264,
        "Id": 0,
        "X": "1463229.04051369",
        "Y": "11474258.7259475",
        "z": "7.09903e+02"
      },
      "geometry": {
        "type": "Point",
        "coordinates": [
          8285579.68780791,
          3712239.3183947545,
          709.9030151367188
        ]
      }
    },
    {
      "type": "Feature",
      "properties": {
        "OBJECTID_1": 265,
        "OBJECTID": 265,
        "Id": 0,
        "X": "1463230.6344017",
        "Y": "11474118.4638026",
        "z": "7.09453e+02"
      },
      "geometry": {
        "type": "Point",
        "coordinates": [
          8285580.519260448,
          3712188.904916128,
          709.4530029296875
        ]
      }
    },
    {
      "type": "Feature",
      "properties": {
        "OBJECTID_1": 266,
        "OBJECTID": 266,
        "Id": 0,
        "X": "1463390.02320271",
        "Y": "11474143.9660108",
        "z": "7.09647e+02"
      },
      "geometry": {
        "type": "Point",
        "coordinates": [
          8285637.484429563,
          3712198.36980485,
          709.64697265625
        ]
      }
    },
    {
      "type": "Feature",
      "properties": {
        "OBJECTID_1": 267,
        "OBJECTID": 267,
        "Id": 0,
        "X": "1463390.02320271",
        "Y": "11474251.5534515",
        "z": "7.10050e+02"
      },
      "geometry": {
        "type": "Point",
        "coordinates": [
          8285637.28416234,
          3712237.0415381426,
          710.0499877929688
        ]
      }
    },
    {
      "type": "Feature",
      "properties": {
        "OBJECTID_1": 268,
        "OBJECTID": 268,
        "Id": 0,
        "X": "1463453.77872312",
        "Y": "11474337.623404",
        "z": "7.09426e+02"
      },
      "geometry": {
        "type": "Point",
        "coordinates": [
          8285659.929150925,
          3712268.09824974,
          709.426025390625
        ]
      }
    },
    {
      "type": "Feature",
      "properties": {
        "OBJECTID_1": 269,
        "OBJECTID": 269,
        "Id": 0,
        "X": "1463487.25037134",
        "Y": "11474356.7500601",
        "z": "7.10390e+02"
      },
      "geometry": {
        "type": "Point",
        "coordinates": [
          8285671.866299455,
          3712275.0358375637,
          710.3900146484375
        ]
      }
    },
    {
      "type": "Feature",
      "properties": {
        "OBJECTID_1": 270,
        "OBJECTID": 270,
        "Id": 0,
        "X": "1463455.37261113",
        "Y": "11474399.7850364",
        "z": "7.10610e+02"
      },
      "geometry": {
        "type": "Point",
        "coordinates": [
          8285660.383611099,
          3712290.4450104646,
          710.6099853515625
        ]
      }
    },
    {
      "type": "Feature",
      "properties": {
        "OBJECTID_1": 271,
        "OBJECTID": 271,
        "Id": 0,
        "X": "1463587.66531597",
        "Y": "11474314.5120279",
        "z": "7.10250e+02"
      },
      "geometry": {
        "type": "Point",
        "coordinates": [
          8285707.863056801,
          3712260.041215879,
          710.25
        ]
      }
    },
    {
      "type": "Feature",
      "properties": {
        "OBJECTID_1": 272,
        "OBJECTID": 272,
        "Id": 0,
        "X": "1463612.37058013",
        "Y": "11474345.5928441",
        "z": "7.10524e+02"
      },
      "geometry": {
        "type": "Point",
        "coordinates": [
          8285716.642285287,
          3712271.259252724,
          710.5239868164062
        ]
      }
    },
    {
      "type": "Feature",
      "properties": {
        "OBJECTID_1": 273,
        "OBJECTID": 273,
        "Id": 0,
        "X": "1463661.78110845",
        "Y": "11474291.4006517",
        "z": "7.10822e+02"
      },
      "geometry": {
        "type": "Point",
        "coordinates": [
          8285734.417047783,
          3712251.872382275,
          710.822021484375
        ]
      }
    },
    {
      "type": "Feature",
      "properties": {
        "OBJECTID_1": 274,
        "OBJECTID": 274,
        "Id": 0,
        "X": "1463665.76582847",
        "Y": "11474250.7565075",
        "z": "7.10127e+02"
      },
      "geometry": {
        "type": "Point",
        "coordinates": [
          8285735.91791081,
          3712237.270468909,
          710.1270141601562
        ]
      }
    },
    {
      "type": "Feature",
      "properties": {
        "OBJECTID_1": 275,
        "OBJECTID": 275,
        "Id": 0,
        "X": "1463667.35971648",
        "Y": "11474206.9245872",
        "z": "7.09275e+02"
      },
      "geometry": {
        "type": "Point",
        "coordinates": [
          8285736.56950246,
          3712221.518277739,
          709.2750244140625
        ]
      }
    },
    {
      "type": "Feature",
      "properties": {
        "OBJECTID_1": 276,
        "OBJECTID": 276,
        "Id": 0,
        "X": "1463765.3838291",
        "Y": "11474175.046827",
        "z": "7.10446e+02"
      },
      "geometry": {
        "type": "Point",
        "coordinates": [
          8285771.691589584,
          3712210.243005458,
          710.4459838867188
        ]
      }
    },
    {
      "type": "Feature",
      "properties": {
        "OBJECTID_1": 277,
        "OBJECTID": 277,
        "Id": 0,
        "X": "1463763.78994109",
        "Y": "11474124.8393546",
        "z": "7.09990e+02"
      },
      "geometry": {
        "type": "Point",
        "coordinates": [
          8285771.214722195,
          3712192.193241807,
          709.989990234375
        ]
      }
    },
    {
      "type": "Feature",
      "properties": {
        "OBJECTID_1": 278,
        "OBJECTID": 278,
        "Id": 0,
        "X": "1463759.00827706",
        "Y": "11474064.2716103",
        "z": "7.09312e+02"
      },
      "geometry": {
        "type": "Point",
        "coordinates": [
          8285769.616848627,
          3712170.4136225176,
          709.31201171875
        ]
      }
    },
    {
      "type": "Feature",
      "properties": {
        "OBJECTID_1": 279,
        "OBJECTID": 279,
        "Id": 0,
        "X": "1463849.06294964",
        "Y": "11473971.8261057",
        "z": "7.10073e+02"
      },
      "geometry": {
        "type": "Point",
        "coordinates": [
          8285802.000581015,
          3712137.3527941066,
          710.072998046875
        ]
      }
    },
    {
      "type": "Feature",
      "properties": {
        "OBJECTID_1": 280,
        "OBJECTID": 280,
        "Id": 0,
        "X": "1463832.32712553",
        "Y": "11473899.3042012",
        "z": "7.09711e+02"
      },
      "geometry": {
        "type": "Point",
        "coordinates": [
          8285796.148930302,
          3712111.2541477205,
          709.7109985351562
        ]
      }
    },
    {
      "type": "Feature",
      "properties": {
        "OBJECTID_1": 281,
        "OBJECTID": 281,
        "Id": 0,
        "X": "1463802.04325333",
        "Y": "11473813.2342487",
        "z": "7.09544e+02"
      },
      "geometry": {
        "type": "Point",
        "coordinates": [
          8285785.476428167,
          3712080.2605514126,
          709.5440063476562
        ]
      }
    },
    {
      "type": "Feature",
      "properties": {
        "OBJECTID_1": 282,
        "OBJECTID": 282,
        "Id": 0,
        "X": "1463750.24189301",
        "Y": "11473657.0332237",
        "z": "7.09792e+02"
      },
      "geometry": {
        "type": "Point",
        "coordinates": [
          8285767.237628874,
          3712024.0189854978,
          709.7919921875
        ]
      }
    },
    {
      "type": "Feature",
      "properties": {
        "OBJECTID_1": 283,
        "OBJECTID": 283,
        "Id": 0,
        "X": "1463803.63714135",
        "Y": "11473709.631528",
        "z": "7.10518e+02"
      },
      "geometry": {
        "type": "Point",
        "coordinates": [
          8285786.238937575,
          3712043.0245408155,
          710.5180053710938
        ]
      }
    },
    {
      "type": "Feature",
      "properties": {
        "OBJECTID_1": 284,
        "OBJECTID": 284,
        "Id": 0,
        "X": "1463839.49962158",
        "Y": "11473729.5551281",
        "z": "7.11235e+02"
      },
      "geometry": {
        "type": "Point",
        "coordinates": [
          8285799.029642022,
          3712050.252789618,
          711.2349853515625
        ]
      }
    },
    {
      "type": "Feature",
      "properties": {
        "OBJECTID_1": 285,
        "OBJECTID": 285,
        "Id": 0,
        "X": "1463771.75938114",
        "Y": "11473610.8104714",
        "z": "7.10559e+02"
      },
      "geometry": {
        "type": "Point",
        "coordinates": [
          8285775.02008189,
          3712007.4448931054,
          710.5590209960938
        ]
      }
    },
    {
      "type": "Feature",
      "properties": {
        "OBJECTID_1": 286,
        "OBJECTID": 286,
        "Id": 0,
        "X": "1463830.73323752",
        "Y": "11473612.4043594",
        "z": "7.10942e+02"
      },
      "geometry": {
        "type": "Point",
        "coordinates": [
          8285796.111491811,
          3712008.127845757,
          710.9420166015625
        ]
      }
    },
    {
      "type": "Feature",
      "properties": {
        "OBJECTID_1": 287,
        "OBJECTID": 287,
        "Id": 0,
        "X": "1463930.35123815",
        "Y": "11473612.4043594",
        "z": "7.10762e+02"
      },
      "geometry": {
        "type": "Point",
        "coordinates": [
          8285831.743875928,
          3712008.3136536945,
          710.7620239257812
        ]
      }
    },
    {
      "type": "Feature",
      "properties": {
        "OBJECTID_1": 288,
        "OBJECTID": 288,
        "Id": 0,
        "X": "1464069.01949504",
        "Y": "11473616.3890794",
        "z": "7.11336e+02"
      },
      "geometry": {
        "type": "Point",
        "coordinates": [
          8285881.336770541,
          3712010.0043866048,
          711.3359985351562
        ]
      }
    },
    {
      "type": "Feature",
      "properties": {
        "OBJECTID_1": 289,
        "OBJECTID": 289,
        "Id": 0,
        "X": "1464163.05888764",
        "Y": "11473611.6074154",
        "z": "7.11281e+02"
      },
      "geometry": {
        "type": "Point",
        "coordinates": [
          8285914.982611902,
          3712008.460840007,
          711.281005859375
        ]
      }
    },
    {
      "type": "Feature",
      "properties": {
        "OBJECTID_1": 290,
        "OBJECTID": 290,
        "Id": 0,
        "X": "1464325.63546467",
        "Y": "11473613.9982474",
        "z": "7.11665e+02"
      },
      "geometry": {
        "type": "Point",
        "coordinates": [
          8285973.130249906,
          3712009.6228115135,
          711.6649780273438
        ]
      }
    },
    {
      "type": "Feature",
      "properties": {
        "OBJECTID_1": 291,
        "OBJECTID": 291,
        "Id": 0,
        "X": "1464418.08096925",
        "Y": "11473610.0135274",
        "z": "7.12023e+02"
      },
      "geometry": {
        "type": "Point",
        "coordinates": [
          8286006.204489073,
          3712008.3624984627,
          712.0230102539062
        ]
      }
    },
    {
      "type": "Feature",
      "properties": {
        "OBJECTID_1": 292,
        "OBJECTID": 292,
        "Id": 0,
        "X": "1464508.93258584",
        "Y": "11473613.9982474",
        "z": "7.11896e+02"
      },
      "geometry": {
        "type": "Point",
        "coordinates": [
          8286038.693864687,
          3712009.9636588953,
          711.89599609375
        ]
      }
    },
    {
      "type": "Feature",
      "properties": {
        "OBJECTID_1": 293,
        "OBJECTID": 293,
        "Id": 0,
        "X": "1464579.86060229",
        "Y": "11473611.6074154",
        "z": "7.11935e+02"
      },
      "geometry": {
        "type": "Point",
        "coordinates": [
          8286064.068555421,
          3712009.236098828,
          711.9349975585938
        ]
      }
    },
    {
      "type": "Feature",
      "properties": {
        "OBJECTID_1": 294,
        "OBJECTID": 294,
        "Id": 0,
        "X": "1464459.52205752",
        "Y": "11473527.9282948",
        "z": "7.11957e+02"
      },
      "geometry": {
        "type": "Point",
        "coordinates": [
          8286021.179426146,
          3711978.9349675137,
          711.9569702148438
        ]
      }
    },
    {
      "type": "Feature",
      "properties": {
        "OBJECTID_1": 295,
        "OBJECTID": 295,
        "Id": 0,
        "X": "1464502.5570338",
        "Y": "11473448.2338943",
        "z": "7.12320e+02"
      },
      "geometry": {
        "type": "Point",
        "coordinates": [
          8286036.7199840695,
          3711950.3698033337,
          712.3200073242188
        ]
      }
    },
    {
      "type": "Feature",
      "properties": {
        "OBJECTID_1": 296,
        "OBJECTID": 296,
        "Id": 0,
        "X": "1464539.21645803",
        "Y": "11473351.8036697",
        "z": "7.12284e+02"
      },
      "geometry": {
        "type": "Point",
        "coordinates": [
          8286050.010958378,
          3711915.77737633,
          712.2839965820312
        ]
      }
    },
    {
      "type": "Feature",
      "properties": {
        "OBJECTID_1": 297,
        "OBJECTID": 297,
        "Id": 0,
        "X": "1464585.43921033",
        "Y": "11473519.1619108",
        "z": "7.11848e+02"
      },
      "geometry": {
        "type": "Point",
        "coordinates": [
          8286066.234874736,
          3711976.0180012085,
          711.8480224609375
        ]
      }
    },
    {
      "type": "Feature",
      "properties": {
        "OBJECTID_1": 298,
        "OBJECTID": 298,
        "Id": 0,
        "X": "1464587.03309834",
        "Y": "11473395.63559",
        "z": "7.12553e+02"
      },
      "geometry": {
        "type": "Point",
        "coordinates": [
          8286067.033350415,
          3711931.621002308,
          712.552978515625
        ]
      }
    },
    {
      "type": "Feature",
      "properties": {
        "OBJECTID_1": 299,
        "OBJECTID": 299,
        "Id": 0,
        "X": "1464586.23615433",
        "Y": "11473260.1551091",
        "z": "7.12630e+02"
      },
      "geometry": {
        "type": "Point",
        "coordinates": [
          8286066.9987477595,
          3711882.922975159,
          712.6300048828125
        ]
      }
    },
    {
      "type": "Feature",
      "properties": {
        "OBJECTID_1": 300,
        "OBJECTID": 300,
        "Id": 0,
        "X": "1464583.04837831",
        "Y": "11473173.2882126",
        "z": "7.13531e+02"
      },
      "geometry": {
        "type": "Point",
        "coordinates": [
          8286066.019108863,
          3711851.6940744636,
          713.531005859375
        ]
      }
    },
    {
      "type": "Feature",
      "properties": {
        "OBJECTID_1": 301,
        "OBJECTID": 301,
        "Id": 0,
        "X": "1464587.03309833",
        "Y": "11473062.5129959",
        "z": "7.13061e+02"
      },
      "geometry": {
        "type": "Point",
        "coordinates": [
          8286067.6491633225,
          3711811.8851318196,
          713.0609741210938
        ]
      }
    },
    {
      "type": "Feature",
      "properties": {
        "OBJECTID_1": 302,
        "OBJECTID": 302,
        "Id": 0,
        "X": "1464587.03309833",
        "Y": "11472969.2705473",
        "z": "7.14062e+02"
      },
      "geometry": {
        "type": "Point",
        "coordinates": [
          8286067.821526983,
          3711778.3707539765,
          714.06201171875
        ]
      }
    },
    {
      "type": "Feature",
      "properties": {
        "OBJECTID_1": 303,
        "OBJECTID": 303,
        "Id": 0,
        "X": "1464343.96517679",
        "Y": "11472958.1133312",
        "z": "7.13157e+02"
      },
      "geometry": {
        "type": "Point",
        "coordinates": [
          8285980.900770052,
          3711773.9086636202,
          713.156982421875
        ]
      }
    },
    {
      "type": "Feature",
      "properties": {
        "OBJECTID_1": 304,
        "OBJECTID": 304,
        "Id": 0,
        "X": "1464351.13767283",
        "Y": "11473036.2138437",
        "z": "7.12827e+02"
      },
      "geometry": {
        "type": "Point",
        "coordinates": [
          8285983.321686956,
          3711801.9938572827,
          712.8270263671875
        ]
      }
    },
    {
      "type": "Feature",
      "properties": {
        "OBJECTID_1": 305,
        "OBJECTID": 305,
        "Id": 0,
        "X": "1464354.32544885",
        "Y": "11473136.6287884",
        "z": "7.12574e+02"
      },
      "geometry": {
        "type": "Point",
        "coordinates": [
          8285984.276034502,
          3711838.092261826,
          712.573974609375
        ]
      }
    },
    {
      "type": "Feature",
      "properties": {
        "OBJECTID_1": 306,
        "OBJECTID": 306,
        "Id": 0,
        "X": "1464347.94989681",
        "Y": "11473227.4804049",
        "z": "7.12673e+02"
      },
      "geometry": {
        "type": "Point",
        "coordinates": [
          8285981.827416821,
          3711870.735589792,
          712.6729736328125
        ]
      }
    },
    {
      "type": "Feature",
      "properties": {
        "OBJECTID_1": 307,
        "OBJECTID": 307,
        "Id": 0,
        "X": "1464325.63546467",
        "Y": "11473304.7839734",
        "z": "7.11849e+02"
      },
      "geometry": {
        "type": "Point",
        "coordinates": [
          8285973.702733398,
          3711898.479700123,
          711.8489990234375
        ]
      }
    },
    {
      "type": "Feature",
      "properties": {
        "OBJECTID_1": 308,
        "OBJECTID": 308,
        "Id": 0,
        "X": "1464290.56992845",
        "Y": "11473378.8997659",
        "z": "7.12031e+02"
      },
      "geometry": {
        "type": "Point",
        "coordinates": [
          8285961.022999687,
          3711925.054337628,
          712.031005859375
        ]
      }
    },
    {
      "type": "Feature",
      "properties": {
        "OBJECTID_1": 309,
        "OBJECTID": 309,
        "Id": 0,
        "X": "1464236.3777361",
        "Y": "11473464.9697184",
        "z": "7.11454e+02"
      },
      "geometry": {
        "type": "Point",
        "coordinates": [
          8285941.47967947,
          3711955.8901872127,
          711.4539794921875
        ]
      }
    },
    {
      "type": "Feature",
      "properties": {
        "OBJECTID_1": 310,
        "OBJECTID": 310,
        "Id": 0,
        "X": "1464154.29250358",
        "Y": "11473547.054951",
        "z": "7.11369e+02"
      },
      "geometry": {
        "type": "Point",
        "coordinates": [
          8285911.966593094,
          3711985.241879729,
          711.3690185546875
        ]
      }
    },
    {
      "type": "Feature",
      "properties": {
        "OBJECTID_1": 311,
        "OBJECTID": 311,
        "Id": 0,
        "X": "1463883.36341962",
        "Y": "11473885.6605198",
        "z": "7.10050e+02"
      },
      "geometry": {
        "type": "Point",
        "coordinates": [
          8285814.429591997,
          3712106.4452499663,
          710.0499877929688
        ]
      }
    },
    {
      "type": "Feature",
      "properties": {
        "OBJECTID_1": 312,
        "OBJECTID": 312,
        "Id": 0,
        "X": "1463941.50845422",
        "Y": "11473855.05787",
        "z": "7.10175e+02"
      },
      "geometry": {
        "type": "Point",
        "coordinates": [
          8285835.284454381,
          3712095.5538276136,
          710.1749877929688
        ]
      }
    },
    {
      "type": "Feature",
      "properties": {
        "OBJECTID_1": 313,
        "OBJECTID": 313,
        "Id": 0,
        "X": "1464047.08759601",
        "Y": "11473883.110299",
        "z": "7.09979e+02"
      },
      "geometry": {
        "type": "Point",
        "coordinates": [
          8285872.997331029,
          3712105.833838576,
          709.97900390625
        ]
      }
    },
    {
      "type": "Feature",
      "properties": {
        "OBJECTID_1": 314,
        "OBJECTID": 314,
        "Id": 0,
        "X": "1464111.86320475",
        "Y": "11473854.0377817",
        "z": "7.10478e+02"
      },
      "geometry": {
        "type": "Point",
        "coordinates": [
          8285896.221013687,
          3712095.5046597207,
          710.47802734375
        ]
      }
    },
    {
      "type": "Feature",
      "properties": {
        "OBJECTID_1": 315,
        "OBJECTID": 315,
        "Id": 0,
        "X": "1464160.31740026",
        "Y": "11473886.170564",
        "z": "7.10320e+02"
      },
      "geometry": {
        "type": "Point",
        "coordinates": [
          8285913.49318129,
          3712107.1447627167,
          710.3200073242188
        ]
      }
    },
    {
      "type": "Feature",
      "properties": {
        "OBJECTID_1": 316,
        "OBJECTID": 316,
        "Id": 0,
        "X": "1464225.09300899",
        "Y": "11473851.9976051",
        "z": "7.10678e+02"
      },
      "geometry": {
        "type": "Point",
        "coordinates": [
          8285936.726282232,
          3712094.9821952763,
          710.677978515625
        ]
      }
    },
    {
      "type": "Feature",
      "properties": {
        "OBJECTID_1": 317,
        "OBJECTID": 317,
        "Id": 0,
        "X": "1464329.14201829",
        "Y": "11473885.1504757",
        "z": "7.10333e+02"
      },
      "geometry": {
        "type": "Point",
        "coordinates": [
          8285973.882485445,
          3712107.0923551526,
          710.3330078125
        ]
      }
    },
    {
      "type": "Feature",
      "properties": {
        "OBJECTID_1": 318,
        "OBJECTID": 318,
        "Id": 0,
        "X": "1464363.82502139",
        "Y": "11473854.5478259",
        "z": "7.10125e+02"
      },
      "geometry": {
        "type": "Point",
        "coordinates": [
          8285986.345008893,
          3712096.157015429,
          710.125
        ]
      }
    },
    {
      "type": "Feature",
      "properties": {
        "OBJECTID_1": 319,
        "OBJECTID": 319,
        "Id": 0,
        "X": "1464497.96663633",
        "Y": "11473885.1504757",
        "z": "7.10519e+02"
      },
      "geometry": {
        "type": "Point",
        "coordinates": [
          8286034.269906328,
          3712107.406308682,
          710.5189819335938
        ]
      }
    },
    {
      "type": "Feature",
      "properties": {
        "OBJECTID_1": 320,
        "OBJECTID": 320,
        "Id": 0,
        "X": "1464542.8505227",
        "Y": "11473850.9775168",
        "z": "7.10780e+02"
      },
      "geometry": {
        "type": "Point",
        "coordinates": [
          8286050.387763069,
          3712095.2065455387,
          710.780029296875
        ]
      }
    },
    {
      "type": "Feature",
      "properties": {
        "OBJECTID_1": 321,
        "OBJECTID": 321,
        "Id": 0,
        "X": "1464645.87944367",
        "Y": "11473883.6203432",
        "z": "7.10532e+02"
      },
      "geometry": {
        "type": "Point",
        "coordinates": [
          8286087.180148198,
          3712107.131132787,
          710.531982421875
        ]
      }
    },
    {
      "type": "Feature",
      "properties": {
        "OBJECTID_1": 322,
        "OBJECTID": 322,
        "Id": 0,
        "X": "1464651.48992946",
        "Y": "11473849.9574284",
        "z": "7.10890e+02"
      },
      "geometry": {
        "type": "Point",
        "coordinates": [
          8286089.249193293,
          3712095.041702436,
          710.8900146484375
        ]
      }
    },
    {
      "type": "Feature",
      "properties": {
        "OBJECTID_1": 323,
        "OBJECTID": 323,
        "Id": 0,
        "X": "1464598.44533648",
        "Y": "11473933.6046712",
        "z": "7.10158e+02"
      },
      "geometry": {
        "type": "Point",
        "coordinates": [
          8286070.12088403,
          3712125.0094918427,
          710.1580200195312
        ]
      }
    },
    {
      "type": "Feature",
      "properties": {
        "OBJECTID_1": 324,
        "OBJECTID": 324,
        "Id": 0,
        "X": "1464598.98725841",
        "Y": "11474022.033578",
        "z": "7.10387e+02"
      },
      "geometry": {
        "type": "Point",
        "coordinates": [
          8286070.151250165,
          3712156.7956225034,
          710.3870239257812
        ]
      }
    },
    {
      "type": "Feature",
      "properties": {
        "OBJECTID_1": 325,
        "OBJECTID": 325,
        "Id": 0,
        "X": "1464599.78420242",
        "Y": "11474101.7279785",
        "z": "7.10638e+02"
      },
      "geometry": {
        "type": "Point",
        "coordinates": [
          8286070.288983053,
          3712185.442742616,
          710.6380004882812
        ]
      }
    },
    {
      "type": "Feature",
      "properties": {
        "OBJECTID_1": 326,
        "OBJECTID": 326,
        "Id": 0,
        "X": "1464596.59642639",
        "Y": "11474187.000987",
        "z": "7.10708e+02"
      },
      "geometry": {
        "type": "Point",
        "coordinates": [
          8286068.991082301,
          3712216.0877284305,
          710.7080078125
        ]
      }
    },
    {
      "type": "Feature",
      "properties": {
        "OBJECTID_1": 327,
        "OBJECTID": 327,
        "Id": 0,
        "X": "1464508.13564183",
        "Y": "11474186.204043",
        "z": "7.10643e+02"
      },
      "geometry": {
        "type": "Point",
        "coordinates": [
          8286037.350449882,
          3712215.636888478,
          710.6430053710938
        ]
      }
    },
    {
      "type": "Feature",
      "properties": {
        "OBJECTID_1": 328,
        "OBJECTID": 328,
        "Id": 0,
        "X": "1464426.84735331",
        "Y": "11474182.219323",
        "z": "7.10894e+02"
      },
      "geometry": {
        "type": "Point",
        "coordinates": [
          8286008.281295855,
          3712214.053474484,
          710.8939819335938
        ]
      }
    },
    {
      "type": "Feature",
      "properties": {
        "OBJECTID_1": 329,
        "OBJECTID": 329,
        "Id": 0,
        "X": "1464427.64429732",
        "Y": "11474120.0576906",
        "z": "7.10547e+02"
      },
      "geometry": {
        "type": "Point",
        "coordinates": [
          8286008.681390928,
          3712191.711302229,
          710.5469970703125
        ]
      }
    },
    {
      "type": "Feature",
      "properties": {
        "OBJECTID_1": 330,
        "OBJECTID": 330,
        "Id": 0,
        "X": "1464430.03512933",
        "Y": "11474039.5663461",
        "z": "7.10185e+02"
      },
      "geometry": {
        "type": "Point",
        "coordinates": [
          8286009.685528305,
          3712162.7836404354,
          710.1849975585938
        ]
      }
    },
    {
      "type": "Feature",
      "properties": {
        "OBJECTID_1": 331,
        "OBJECTID": 331,
        "Id": 0,
        "X": "1464426.84735331",
        "Y": "11473937.5575135",
        "z": "7.10134e+02"
      },
      "geometry": {
        "type": "Point",
        "coordinates": [
          8286008.734042918,
          3712126.111376694,
          710.1339721679688
        ]
      }
    },
    {
      "type": "Feature",
      "properties": {
        "OBJECTID_1": 332,
        "OBJECTID": 332,
        "Id": 0,
        "X": "1464259.48911225",
        "Y": "11473937.5575135",
        "z": "7.10313e+02"
      },
      "geometry": {
        "type": "Point",
        "coordinates": [
          8285948.871045908,
          3712125.800023432,
          710.31298828125
        ]
      }
    },
    {
      "type": "Feature",
      "properties": {
        "OBJECTID_1": 333,
        "OBJECTID": 333,
        "Id": 0,
        "X": "1464260.28605625",
        "Y": "11474028.40913",
        "z": "7.10168e+02"
      },
      "geometry": {
        "type": "Point",
        "coordinates": [
          8285948.987829404,
          3712158.457453119,
          710.1680297851562
        ]
      }
    },
    {
      "type": "Feature",
      "properties": {
        "OBJECTID_1": 334,
        "OBJECTID": 334,
        "Id": 0,
        "X": "1464256.30133623",
        "Y": "11474144.7629548",
        "z": "7.10705e+02"
      },
      "geometry": {
        "type": "Point",
        "coordinates": [
          8285947.346993893,
          3712200.272690044,
          710.7050170898438
        ]
      }
    },
    {
      "type": "Feature",
      "properties": {
        "OBJECTID_1": 335,
        "OBJECTID": 335,
        "Id": 0,
        "X": "1464087.34920715",
        "Y": "11474194.1734831",
        "z": "7.10541e+02"
      },
      "geometry": {
        "type": "Point",
        "coordinates": [
          8285886.821900414,
          3712217.7184025426,
          710.541015625
        ]
      }
    },
    {
      "type": "Feature",
      "properties": {
        "OBJECTID_1": 336,
        "OBJECTID": 336,
        "Id": 0,
        "X": "1464089.74003917",
        "Y": "11474077.8196583",
        "z": "7.09979e+02"
      },
      "geometry": {
        "type": "Point",
        "coordinates": [
          8285887.892819921,
          3712175.900148046,
          709.97900390625
        ]
      }
    },
    {
      "type": "Feature",
      "properties": {
        "OBJECTID_1": 337,
        "OBJECTID": 337,
        "Id": 0,
        "X": "1464088.94309517",
        "Y": "11473940.7452895",
        "z": "7.09994e+02"
      },
      "geometry": {
        "type": "Point",
        "coordinates": [
          8285887.861898426,
          3712126.6282563102,
          709.9940185546875
        ]
      }
    },
    {
      "type": "Feature",
      "properties": {
        "OBJECTID_1": 338,
        "OBJECTID": 338,
        "Id": 0,
        "X": "1464037.14173484",
        "Y": "11474141.5751788",
        "z": "7.09821e+02"
      },
      "geometry": {
        "type": "Point",
        "coordinates": [
          8285868.960419616,
          3712198.7186713316,
          709.8209838867188
        ]
      }
    },
    {
      "type": "Feature",
      "properties": {
        "OBJECTID_1": 339,
        "OBJECTID": 339,
        "Id": 0,
        "X": "1463982.94954249",
        "Y": "11474243.5840114",
        "z": "7.10221e+02"
      },
      "geometry": {
        "type": "Point",
        "coordinates": [
          8285849.386852418,
          3712235.2842008537,
          710.2210083007812
        ]
      }
    },
    {
      "type": "Feature",
      "properties": {
        "OBJECTID_1": 340,
        "OBJECTID": 340,
        "Id": 0,
        "X": "1464342.37128877",
        "Y": "11474182.219323",
        "z": "7.10846e+02"
      },
      "geometry": {
        "type": "Point",
        "coordinates": [
          8285978.06451729,
          3712213.8963469546,
          710.8460083007812
        ]
      }
    },
    {
      "type": "Feature",
      "properties": {
        "OBJECTID_1": 341,
        "OBJECTID": 341,
        "Id": 0,
        "X": "1464175.01304771",
        "Y": "11474208.5184752",
        "z": "7.11127e+02"
      },
      "geometry": {
        "type": "Point",
        "coordinates": [
          8285918.152356241,
          3712223.037928893,
          711.1270141601562
        ]
      }
    },
    {
      "type": "Feature",
      "properties": {
        "OBJECTID_1": 342,
        "OBJECTID": 342,
        "Id": 0,
        "X": "1464026.78146277",
        "Y": "11474270.6801076",
        "z": "7.10981e+02"
      },
      "geometry": {
        "type": "Point",
        "coordinates": [
          8285865.015136969,
          3712245.1054746876,
          710.9810180664062
        ]
      }
    },
    {
      "type": "Feature",
      "properties": {
        "OBJECTID_1": 343,
        "OBJECTID": 343,
        "Id": 0,
        "X": "1463948.68095027",
        "Y": "11474320.8875799",
        "z": "7.10961e+02"
      },
      "geometry": {
        "type": "Point",
        "coordinates": [
          8285836.985640813,
          3712263.0067441273,
          710.9609985351562
        ]
      }
    },
    {
      "type": "Feature",
      "properties": {
        "OBJECTID_1": 344,
        "OBJECTID": 344,
        "Id": 0,
        "X": "1463887.31626188",
        "Y": "11474393.4094844",
        "z": "7.10594e+02"
      },
      "geometry": {
        "type": "Point",
        "coordinates": [
          8285814.901015836,
          3712288.960042587,
          710.593994140625
        ]
      }
    },
    {
      "type": "Feature",
      "properties": {
        "OBJECTID_1": 345,
        "OBJECTID": 345,
        "Id": 0,
        "X": "1463821.96685346",
        "Y": "11474481.0733249",
        "z": "7.11009e+02"
      },
      "geometry": {
        "type": "Point",
        "coordinates": [
          8285791.362847782,
          3712320.348652193,
          711.0089721679688
        ]
      }
    },
    {
      "type": "Feature",
      "properties": {
        "OBJECTID_1": 346,
        "OBJECTID": 346,
        "Id": 0,
        "X": "1463889.70709389",
        "Y": "11474524.1083012",
        "z": "7.10923e+02"
      },
      "geometry": {
        "type": "Point",
        "coordinates": [
          8285815.513603035,
          3712335.943870294,
          710.9229736328125
        ]
      }
    },
    {
      "type": "Feature",
      "properties": {
        "OBJECTID_1": 347,
        "OBJECTID": 347,
        "Id": 0,
        "X": "1463967.80760639",
        "Y": "11474555.1891174",
        "z": "7.11159e+02"
      },
      "geometry": {
        "type": "Point",
        "coordinates": [
          8285843.392472839,
          3712347.261471869,
          711.1589965820312
        ]
      }
    },
    {
      "type": "Feature",
      "properties": {
        "OBJECTID_1": 348,
        "OBJECTID": 348,
        "Id": 0,
        "X": "1464021.99979874",
        "Y": "11474494.621373",
        "z": "7.11202e+02"
      },
      "geometry": {
        "type": "Point",
        "coordinates": [
          8285862.889374138,
          3712325.5915283095,
          711.2020263671875
        ]
      }
    },
    {
      "type": "Feature",
      "properties": {
        "OBJECTID_1": 349,
        "OBJECTID": 349,
        "Id": 0,
        "X": "1464126.3994634",
        "Y": "11474414.1300285",
        "z": "7.11561e+02"
      },
      "geometry": {
        "type": "Point",
        "coordinates": [
          8285900.38229775,
          3712296.853648035,
          711.5609741210938
        ]
      }
    },
    {
      "type": "Feature",
      "properties": {
        "OBJECTID_1": 350,
        "OBJECTID": 350,
        "Id": 0,
        "X": "1464244.34717615",
        "Y": "11474367.9072762",
        "z": "7.11434e+02"
      },
      "geometry": {
        "type": "Point",
        "coordinates": [
          8285942.657671623,
          3712280.4586628927,
          711.4340209960938
        ]
      }
    },
    {
      "type": "Feature",
      "properties": {
        "OBJECTID_1": 351,
        "OBJECTID": 351,
        "Id": 0,
        "X": "1464359.10711289",
        "Y": "11474358.3439481",
        "z": "7.11220e+02"
      },
      "geometry": {
        "type": "Point",
        "coordinates": [
          8285983.724806366,
          3712277.2347187507,
          711.219970703125
        ]
      }
    },
    {
      "type": "Feature",
      "properties": {
        "OBJECTID_1": 352,
        "OBJECTID": 352,
        "Id": 0,
        "X": "1464509.72952984",
        "Y": "11474354.3592281",
        "z": "7.10918e+02"
      },
      "geometry": {
        "type": "Point",
        "coordinates": [
          8286037.609544032,
          3712276.0825134106,
          710.9180297851562
        ]
      }
    },
    {
      "type": "Feature",
      "properties": {
        "OBJECTID_1": 353,
        "OBJECTID": 353,
        "Id": 0,
        "X": "1464602.97197843",
        "Y": "11474355.9531161",
        "z": "7.11476e+02"
      },
      "geometry": {
        "type": "Point",
        "coordinates": [
          8286070.959252173,
          3712276.8286992037,
          711.4760131835938
        ]
      }
    },
    {
      "type": "Feature",
      "properties": {
        "OBJECTID_1": 354,
        "OBJECTID": 354,
        "Id": 0,
        "X": "1464598.19031441",
        "Y": "11474261.9137235",
        "z": "7.10847e+02"
      },
      "geometry": {
        "type": "Point",
        "coordinates": [
          8286069.422716055,
          3712243.0177181363,
          710.8469848632812
        ]
      }
    },
    {
      "type": "Feature",
      "properties": {
        "OBJECTID_1": 355,
        "OBJECTID": 355,
        "Id": 0,
        "X": "1464602.97197843",
        "Y": "11474442.8200127",
        "z": "7.11430e+02"
      },
      "geometry": {
        "type": "Point",
        "coordinates": [
          8286070.798658231,
          3712308.052753163,
          711.4299926757812
        ]
      }
    },
    {
      "type": "Feature",
      "properties": {
        "OBJECTID_1": 356,
        "OBJECTID": 356,
        "Id": 0,
        "X": "1464595.79948239",
        "Y": "11474531.2807972",
        "z": "7.11741e+02"
      },
      "geometry": {
        "type": "Point",
        "coordinates": [
          8286068.0695134,
          3712339.836481291,
          711.7410278320312
        ]
      }
    },
    {
      "type": "Feature",
      "properties": {
        "OBJECTID_1": 357,
        "OBJECTID": 357,
        "Id": 0,
        "X": "1463748.648005",
        "Y": "11474442.0230687",
        "z": "7.10690e+02"
      },
      "geometry": {
        "type": "Point",
        "coordinates": [
          8285765.209290249,
          3712306.175289329,
          710.6900024414062
        ]
      }
    },
    {
      "type": "Feature",
      "properties": {
        "OBJECTID_1": 358,
        "OBJECTID": 358,
        "Id": 0,
        "X": "1463688.08026061",
        "Y": "11474389.4247643",
        "z": "7.10901e+02"
      },
      "geometry": {
        "type": "Point",
        "coordinates": [
          8285743.642021459,
          3712287.155896877,
          710.9010009765625
        ]
      }
    },
    {
      "type": "Feature",
      "properties": {
        "OBJECTID_1": 359,
        "OBJECTID": 359,
        "Id": 0,
        "X": "1463605.99502809",
        "Y": "11474408.5514205",
        "z": "7.10670e+02"
      },
      "geometry": {
        "type": "Point",
        "coordinates": [
          8285714.244710672,
          3712293.8775885263,
          710.6699829101562
        ]
      }
    },
    {
      "type": "Feature",
      "properties": {
        "OBJECTID_1": 360,
        "OBJECTID": 360,
        "Id": 0,
        "X": "1463610.77669212",
        "Y": "11474490.636653",
        "z": "7.11104e+02"
      },
      "geometry": {
        "type": "Point",
        "coordinates": [
          8285715.802493573,
          3712323.3918431234,
          711.10400390625
        ]
      }
    },
    {
      "type": "Feature",
      "properties": {
        "OBJECTID_1": 361,
        "OBJECTID": 361,
        "Id": 0,
        "X": "1463605.99502809",
        "Y": "11474587.8638216",
        "z": "7.11131e+02"
      },
      "geometry": {
        "type": "Point",
        "coordinates": [
          8285713.911325405,
          3712358.3310508383,
          711.1309814453125
        ]
      }
    },
    {
      "type": "Feature",
      "properties": {
        "OBJECTID_1": 362,
        "OBJECTID": 362,
        "Id": 0,
        "X": "1463649.82694837",
        "Y": "11474418.1147485",
        "z": "7.04659e+02"
      },
      "geometry": {
        "type": "Point",
        "coordinates": [
          8285729.9055478,
          3712297.396979497,
          704.6589965820312
        ]
      }
    },
    {
      "type": "Feature",
      "properties": {
        "OBJECTID_1": 363,
        "OBJECTID": 363,
        "Id": 0,
        "X": "1463702.4252527",
        "Y": "11474481.0733249",
        "z": "6.97954e+02"
      },
      "geometry": {
        "type": "Point",
        "coordinates": [
          8285748.602898747,
          3712320.1255067647,
          697.9539794921875
        ]
      }
    },
    {
      "type": "Feature",
      "properties": {
        "OBJECTID_1": 364,
        "OBJECTID": 364,
        "Id": 0,
        "X": "1463782.91659721",
        "Y": "11474535.2655173",
        "z": "6.96895e+02"
      },
      "geometry": {
        "type": "Point",
        "coordinates": [
          8285777.293941594,
          3712339.7550513274,
          696.89501953125
        ]
      }
    },
    {
      "type": "Feature",
      "properties": {
        "OBJECTID_1": 365,
        "OBJECTID": 365,
        "Id": 0,
        "X": "1463875.3621018",
        "Y": "11474587.0668776",
        "z": "6.97009e+02"
      },
      "geometry": {
        "type": "Point",
        "coordinates": [
          8285810.265524335,
          3712358.5474798027,
          697.0089721679688
        ]
      }
    },
    {
      "type": "Feature",
      "properties": {
        "OBJECTID_1": 366,
        "OBJECTID": 366,
        "Id": 0,
        "X": "1463981.35565448",
        "Y": "11474606.9904777",
        "z": "6.97345e+02"
      },
      "geometry": {
        "type": "Point",
        "coordinates": [
          8285848.142503723,
          3712365.9066705196,
          697.344970703125
        ]
      }
    },
    {
      "type": "Feature",
      "properties": {
        "OBJECTID_1": 367,
        "OBJECTID": 367,
        "Id": 0,
        "X": "1464055.47144695",
        "Y": "11474552.7982854",
        "z": "6.97466e+02"
      },
      "geometry": {
        "type": "Point",
        "coordinates": [
          8285874.754276535,
          3712346.565501308,
          697.4660034179688
        ]
      }
    },
    {
      "type": "Feature",
      "properties": {
        "OBJECTID_1": 368,
        "OBJECTID": 368,
        "Id": 0,
        "X": "1464175.01304771",
        "Y": "11474449.9925087",
        "z": "6.98533e+02"
      },
      "geometry": {
        "type": "Point",
        "coordinates": [
          8285917.704852365,
          3712309.8348663216,
          698.5330200195312
        ]
      }
    },
    {
      "type": "Feature",
      "properties": {
        "OBJECTID_1": 369,
        "OBJECTID": 369,
        "Id": 0,
        "X": "1464277.02188036",
        "Y": "11474428.4750206",
        "z": "6.96937e+02"
      },
      "geometry": {
        "type": "Point",
        "coordinates": [
          8285954.233174985,
          3712302.290377198,
          696.93701171875
        ]
      }
    },
    {
      "type": "Feature",
      "properties": {
        "OBJECTID_1": 370,
        "OBJECTID": 370,
        "Id": 0,
        "X": "1464399.75125714",
        "Y": "11474420.5055805",
        "z": "6.97613e+02"
      },
      "geometry": {
        "type": "Point",
        "coordinates": [
          8285998.148089863,
          3712299.6541306335,
          697.6129760742188
        ]
      }
    },
    {
      "type": "Feature",
      "properties": {
        "OBJECTID_1": 371,
        "OBJECTID": 371,
        "Id": 0,
        "X": "1464504.94786581",
        "Y": "11474417.3178045",
        "z": "6.97795e+02"
      },
      "geometry": {
        "type": "Point",
        "coordinates": [
          8286035.782693095,
          3712298.7038925393,
          697.7949829101562
        ]
      }
    },
    {
      "type": "Feature",
      "properties": {
        "OBJECTID_1": 372,
        "OBJECTID": 372,
        "Id": 0,
        "X": "1464546.38895408",
        "Y": "11474474.6977729",
        "z": "6.96950e+02"
      },
      "geometry": {
        "type": "Point",
        "coordinates": [
          8286050.500007126,
          3712319.40600501,
          696.9500122070312
        ]
      }
    },
    {
      "type": "Feature",
      "properties": {
        "OBJECTID_1": 373,
        "OBJECTID": 373,
        "Id": 0,
        "X": "1463466.5298272",
        "Y": "11474584.6760456",
        "z": "7.02078e+02"
      },
      "geometry": {
        "type": "Point",
        "coordinates": [
          8285664.030501217,
          3712356.9245356526,
          702.0780029296875
        ]
      }
    },
    {
      "type": "Feature",
      "properties": {
        "OBJECTID_1": 374,
        "OBJECTID": 374,
        "Id": 0,
        "X": "1463526.30062758",
        "Y": "11474494.621373",
        "z": "7.02128e+02"
      },
      "geometry": {
        "type": "Point",
        "coordinates": [
          8285685.5780466935,
          3712324.6662794943,
          702.1279907226562
        ]
      }
    },
    {
      "type": "Feature",
      "properties": {
        "OBJECTID_1": 375,
        "OBJECTID": 375,
        "Id": 0,
        "X": "1463841.02975407",
        "Y": "11473018.0753982",
        "z": "7.09574e+02"
      },
      "geometry": {
        "type": "Point",
        "coordinates": [
          8285800.897809509,
          3711794.524090175,
          709.573974609375
        ]
      }
    },
    {
      "type": "Feature",
      "properties": {
        "OBJECTID_1": 376,
        "OBJECTID": 376,
        "Id": 0,
        "X": "1463888.46386125",
        "Y": "11473182.8196629",
        "z": "7.11818e+02"
      },
      "geometry": {
        "type": "Point",
        "coordinates": [
          8285817.55847714,
          3711853.82714483,
          711.8179931640625
        ]
      }
    },
    {
      "type": "Feature",
      "properties": {
        "OBJECTID_1": 377,
        "OBJECTID": 377,
        "Id": 0,
        "X": "1463881.32324296",
        "Y": "11473118.5540983",
        "z": "7.12253e+02"
      },
      "geometry": {
        "type": "Point",
        "coordinates": [
          8285815.1236573495,
          3711830.714607717,
          712.2529907226562
        ]
      }
    },
    {
      "type": "Feature",
      "properties": {
        "OBJECTID_1": 378,
        "OBJECTID": 378,
        "Id": 0,
        "X": "1463895.09443537",
        "Y": "11473059.3889754",
        "z": "7.12458e+02"
      },
      "geometry": {
        "type": "Point",
        "coordinates": [
          8285820.159207989,
          3711809.474380828,
          712.4580078125
        ]
      }
    },
    {
      "type": "Feature",
      "properties": {
        "OBJECTID_1": 379,
        "OBJECTID": 379,
        "Id": 0,
        "X": "1464001.2792546",
        "Y": "11472950.9408352",
        "z": "7.07554e+02"
      },
      "geometry": {
        "type": "Point",
        "coordinates": [
          8285858.341003037,
          3711770.692575244,
          707.5540161132812
        ]
      }
    },
    {
      "type": "Feature",
      "properties": {
        "OBJECTID_1": 380,
        "OBJECTID": 380,
        "Id": 0,
        "X": "1464030.76618279",
        "Y": "11473037.8077317",
        "z": "7.08858e+02"
      },
      "geometry": {
        "type": "Point",
        "coordinates": [
          8285868.726899156,
          3711801.970291861,
          708.8579711914062
        ]
      }
    },
    {
      "type": "Feature",
      "properties": {
        "OBJECTID_1": 381,
        "OBJECTID": 381,
        "Id": 0,
        "X": "1464039.53256685",
        "Y": "11473139.0196204",
        "z": "7.09428e+02"
      },
      "geometry": {
        "type": "Point",
        "coordinates": [
          8285871.674816414,
          3711838.3655446474,
          709.427978515625
        ]
      }
    },
    {
      "type": "Feature",
      "properties": {
        "OBJECTID_1": 382,
        "OBJECTID": 382,
        "Id": 0,
        "X": "1464024.39063075",
        "Y": "11473213.1354128",
        "z": "7.09559e+02"
      },
      "geometry": {
        "type": "Point",
        "coordinates": [
          8285866.121320435,
          3711864.977075145,
          709.5590209960938
        ]
      }
    },
    {
      "type": "Feature",
      "properties": {
        "OBJECTID_1": 383,
        "OBJECTID": 383,
        "Id": 0,
        "X": "1463983.7464865",
        "Y": "11473279.2817653",
        "z": "7.09911e+02"
      },
      "geometry": {
        "type": "Point",
        "coordinates": [
          8285851.4607786285,
          3711888.6766288164,
          709.9110107421875
        ]
      }
    },
    {
      "type": "Feature",
      "properties": {
        "OBJECTID_1": 384,
        "OBJECTID": 384,
        "Id": 0,
        "X": "1463923.17874211",
        "Y": "11473335.0678456",
        "z": "7.10014e+02"
      },
      "geometry": {
        "type": "Point",
        "coordinates": [
          8285829.692983098,
          3711908.6152071157,
          710.0139770507812
        ]
      }
    },
    {
      "type": "Feature",
      "properties": {
        "OBJECTID_1": 385,
        "OBJECTID": 385,
        "Id": 0,
        "X": "1463835.51490155",
        "Y": "11473375.7119899",
        "z": "7.09792e+02"
      },
      "geometry": {
        "type": "Point",
        "coordinates": [
          8285798.261283225,
          3711923.0606691465,
          709.7919921875
        ]
      }
    },
    {
      "type": "Feature",
      "properties": {
        "OBJECTID_1": 386,
        "OBJECTID": 386,
        "Id": 0,
        "X": "1463735.09995691",
        "Y": "11473375.7119899",
        "z": "7.09989e+02"
      },
      "geometry": {
        "type": "Point",
        "coordinates": [
          8285762.34409231,
          3711922.873279778,
          709.989013671875
        ]
      }
    },
    {
      "type": "Feature",
      "properties": {
        "OBJECTID_1": 387,
        "OBJECTID": 387,
        "Id": 0,
        "X": "1463643.45139633",
        "Y": "11473336.6617336",
        "z": "7.09531e+02"
      },
      "geometry": {
        "type": "Point",
        "coordinates": [
          8285729.6351086,
          3711908.666091179,
          709.531005859375
        ]
      }
    },
    {
      "type": "Feature",
      "properties": {
        "OBJECTID_1": 388,
        "OBJECTID": 388,
        "Id": 0,
        "X": "1463566.94477184",
        "Y": "11473245.810117",
        "z": "7.10728e+02"
      },
      "geometry": {
        "type": "Point",
        "coordinates": [
          8285702.438589327,
          3711875.8679006156,
          710.72802734375
        ]
      }
    },
    {
      "type": "Feature",
      "properties": {
        "OBJECTID_1": 389,
        "OBJECTID": 389,
        "Id": 0,
        "X": "1463538.25478766",
        "Y": "11473195.6026447",
        "z": "7.10142e+02"
      },
      "geometry": {
        "type": "Point",
        "coordinates": [
          8285692.269942973,
          3711857.767993601,
          710.1420288085938
        ]
      }
    },
    {
      "type": "Feature",
      "properties": {
        "OBJECTID_1": 390,
        "OBJECTID": 390,
        "Id": 0,
        "X": "1463480.07787528",
        "Y": "11473120.6899083",
        "z": "7.09768e+02"
      },
      "geometry": {
        "type": "Point",
        "coordinates": [
          8285671.600245621,
          3711830.733088,
          709.7680053710938
        ]
      }
    },
    {
      "type": "Feature",
      "properties": {
        "OBJECTID_1": 391,
        "OBJECTID": 391,
        "Id": 0,
        "X": "1463410.74374684",
        "Y": "11473047.3710598",
        "z": "7.10348e+02"
      },
      "geometry": {
        "type": "Point",
        "coordinates": [
          8285646.936913972,
          3711804.2502393583,
          710.3480224609375
        ]
      }
    },
    {
      "type": "Feature",
      "properties": {
        "OBJECTID_1": 392,
        "OBJECTID": 392,
        "Id": 0,
        "X": "1463510.36174748",
        "Y": "11472910.2966909",
        "z": "7.11072e+02"
      },
      "geometry": {
        "type": "Point",
        "coordinates": [
          8285682.823635114,
          3711755.167565668,
          711.072021484375
        ]
      }
    },
    {
      "type": "Feature",
      "properties": {
        "OBJECTID_1": 393,
        "OBJECTID": 393,
        "Id": 0,
        "X": "1463592.44698",
        "Y": "11472981.2247074",
        "z": "7.10321e+02"
      },
      "geometry": {
        "type": "Point",
        "coordinates": [
          8285712.052252439,
          3711780.8147151214,
          710.3209838867188
        ]
      }
    },
    {
      "type": "Feature",
      "properties": {
        "OBJECTID_1": 394,
        "OBJECTID": 394,
        "Id": 0,
        "X": "1463661.78110845",
        "Y": "11473069.6854919",
        "z": "7.09646e+02"
      },
      "geometry": {
        "type": "Point",
        "coordinates": [
          8285736.68754223,
          3711812.7398917484,
          709.64599609375
        ]
      }
    },
    {
      "type": "Feature",
      "properties": {
        "OBJECTID_1": 395,
        "OBJECTID": 395,
        "Id": 0,
        "X": "1463746.25717298",
        "Y": "11473182.8515407",
        "z": "7.09595e+02"
      },
      "geometry": {
        "type": "Point",
        "coordinates": [
          8285766.693121417,
          3711853.573278882,
          709.594970703125
        ]
      }
    },
    {
      "type": "Feature",
      "properties": {
        "OBJECTID_1": 396,
        "OBJECTID": 396,
        "Id": 0,
        "X": "1463821.16990946",
        "Y": "11472961.3011072",
        "z": "7.09758e+02"
      },
      "geometry": {
        "type": "Point",
        "coordinates": [
          8285793.89966873,
          3711774.0805344614,
          709.7579956054688
        ]
      }
    },
    {
      "type": "Feature",
      "properties": {
        "OBJECTID_1": 397,
        "OBJECTID": 397,
        "Id": 0,
        "X": "1463753.42966902",
        "Y": "11472852.1197785",
        "z": "7.09941e+02"
      },
      "geometry": {
        "type": "Point",
        "coordinates": [
          8285769.87289397,
          3711734.7109460672,
          709.9409790039062
        ]
      }
    },
    {
      "type": "Feature",
      "properties": {
        "OBJECTID_1": 398,
        "OBJECTID": 398,
        "Id": 0,
        "X": "1463686.4863726",
        "Y": "11472770.83149",
        "z": "7.09574e+02"
      },
      "geometry": {
        "type": "Point",
        "coordinates": [
          8285746.079500598,
          3711705.3685122137,
          709.573974609375
        ]
      }
    },
    {
      "type": "Feature",
      "properties": {
        "OBJECTID_1": 399,
        "OBJECTID": 399,
        "Id": 0,
        "X": "1463471.31149123",
        "Y": "11472663.2440494",
        "z": "7.04685e+02"
      },
      "geometry": {
        "type": "Point",
        "coordinates": [
          8285669.315605665,
          3711666.2964584567,
          704.6849975585938
        ]
      }
    },
    {
      "type": "Feature",
      "properties": {
        "OBJECTID_1": 400,
        "OBJECTID": 400,
        "Id": 0,
        "X": "1463360.53627453",
        "Y": "11472605.864081",
        "z": "7.04813e+02"
      },
      "geometry": {
        "type": "Point",
        "coordinates": [
          8285629.800316979,
          3711645.465337413,
          704.81298828125
        ]
      }
    },
    {
      "type": "Feature",
      "properties": {
        "OBJECTID_1": 401,
        "OBJECTID": 401,
        "Id": 0,
        "X": "1463225.85273767",
        "Y": "11472543.7024486",
        "z": "7.08839e+02"
      },
      "geometry": {
        "type": "Point",
        "coordinates": [
          8285581.742570303,
          3711622.870713816,
          708.8389892578125
        ]
      }
    },
    {
      "type": "Feature",
      "properties": {
        "OBJECTID_1": 402,
        "OBJECTID": 402,
        "Id": 0,
        "X": "1463406.75902682",
        "Y": "11472817.8511863",
        "z": "7.05501e+02"
      },
      "geometry": {
        "type": "Point",
        "coordinates": [
          8285645.938765192,
          3711721.7461265246,
          705.5009765625
        ]
      }
    },
    {
      "type": "Feature",
      "properties": {
        "OBJECTID_1": 403,
        "OBJECTID": 403,
        "Id": 0,
        "X": "1463296.78075412",
        "Y": "11472770.034546",
        "z": "7.04273e+02"
      },
      "geometry": {
        "type": "Point",
        "coordinates": [
          8285606.690583901,
          3711704.3536688276,
          704.2730102539062
        ]
      }
    },
    {
      "type": "Feature",
      "properties": {
        "OBJECTID_1": 404,
        "OBJECTID": 404,
        "Id": 0,
        "X": "1463196.36580948",
        "Y": "11472723.8117937",
        "z": "7.04505e+02"
      },
      "geometry": {
        "type": "Point",
        "coordinates": [
          8285570.860163804,
          3711687.551904864,
          704.5050048828125
        ]
      }
    },
    {
      "type": "Feature",
      "properties": {
        "OBJECTID_1": 405,
        "OBJECTID": 405,
        "Id": 0,
        "X": "1463086.38753678",
        "Y": "11472695.1218095",
        "z": "7.03982e+02"
      },
      "geometry": {
        "type": "Point",
        "coordinates": [
          8285531.576544974,
          3711677.033925787,
          703.9819946289062
        ]
      }
    },
    {
      "type": "Feature",
      "properties": {
        "OBJECTID_1": 406,
        "OBJECTID": 406,
        "Id": 0,
        "X": "1462979.5970401",
        "Y": "11472663.2440493",
        "z": "7.05099e+02"
      },
      "geometry": {
        "type": "Point",
        "coordinates": [
          8285493.4391455585,
          3711665.376026968,
          705.0989990234375
        ]
      }
    },
    {
      "type": "Feature",
      "properties": {
        "OBJECTID_1": 407,
        "OBJECTID": 407,
        "Id": 0,
        "X": "1463025.81979239",
        "Y": "11472505.4491363",
        "z": "7.08393e+02"
      },
      "geometry": {
        "type": "Point",
        "coordinates": [
          8285510.266364787,
          3711608.7467948045,
          708.3930053710938
        ]
      }
    },
    {
      "type": "Feature",
      "properties": {
        "OBJECTID_1": 408,
        "OBJECTID": 408,
        "Id": 0,
        "X": "1462939.74983985",
        "Y": "11472507.0430243",
        "z": "7.07622e+02"
      },
      "geometry": {
        "type": "Point",
        "coordinates": [
          8285479.478032295,
          3711609.1583510432,
          707.6220092773438
        ]
      }
    },
    {
      "type": "Feature",
      "properties": {
        "OBJECTID_1": 409,
        "OBJECTID": 409,
        "Id": 0,
        "X": "1462811.44185503",
        "Y": "11472496.6827523",
        "z": "7.05830e+02"
      },
      "geometry": {
        "type": "Point",
        "coordinates": [
          8285433.604388718,
          3711605.1939452407,
          705.8300170898438
        ]
      }
    },
    {
      "type": "Feature",
      "properties": {
        "OBJECTID_1": 410,
        "OBJECTID": 410,
        "Id": 0,
        "X": "1462698.27580631",
        "Y": "11472495.0888643",
        "z": "7.05983e+02"
      },
      "geometry": {
        "type": "Point",
        "coordinates": [
          8285393.130337829,
          3711604.408668157,
          705.9829711914062
        ]
      }
    },
    {
      "type": "Feature",
      "properties": {
        "OBJECTID_1": 411,
        "OBJECTID": 411,
        "Id": 0,
        "X": "1462573.95254152",
        "Y": "11472499.8705283",
        "z": "7.02361e+02"
      },
      "geometry": {
        "type": "Point",
        "coordinates": [
          8285348.653682293,
          3711605.8938387902,
          702.3610229492188
        ]
      }
    },
    {
      "type": "Feature",
      "properties": {
        "OBJECTID_1": 412,
        "OBJECTID": 412,
        "Id": 0,
        "X": "1462489.47647698",
        "Y": "11472501.4644163",
        "z": "7.04083e+02"
      },
      "geometry": {
        "type": "Point",
        "coordinates": [
          8285318.435456179,
          3711606.3079800014,
          704.0830078125
        ]
      }
    },
    {
      "type": "Feature",
      "properties": {
        "OBJECTID_1": 413,
        "OBJECTID": 413,
        "Id": 0,
        "X": "1462483.89786894",
        "Y": "11472656.8684973",
        "z": "7.04781e+02"
      },
      "geometry": {
        "type": "Point",
        "coordinates": [
          8285316.149418862,
          3711662.1539973933,
          704.781005859375
        ]
      }
    },
    {
      "type": "Feature",
      "properties": {
        "OBJECTID_1": 414,
        "OBJECTID": 414,
        "Id": 0,
        "X": "1462572.35865351",
        "Y": "11472656.8684973",
        "z": "7.04912e+02"
      },
      "geometry": {
        "type": "Point",
        "coordinates": [
          8285347.790056949,
          3711662.320236958,
          704.9119873046875
        ]
      }
    },
    {
      "type": "Feature",
      "properties": {
        "OBJECTID_1": 415,
        "OBJECTID": 415,
        "Id": 0,
        "X": "1462674.36748616",
        "Y": "11472656.8684973",
        "z": "7.04993e+02"
      },
      "geometry": {
        "type": "Point",
        "coordinates": [
          8285384.276561007,
          3711662.511834025,
          704.9929809570312
        ]
      }
    },
    {
      "type": "Feature",
      "properties": {
        "OBJECTID_1": 416,
        "OBJECTID": 416,
        "Id": 0,
        "X": "1462790.7213109",
        "Y": "11472652.0868333",
        "z": "7.06405e+02"
      },
      "geometry": {
        "type": "Point",
        "coordinates": [
          8285425.902911954,
          3711661.0115744653,
          706.405029296875
        ]
      }
    },
    {
      "type": "Feature",
      "properties": {
        "OBJECTID_1": 417,
        "OBJECTID": 417,
        "Id": 0,
        "X": "1462491.07036499",
        "Y": "11472826.6175704",
        "z": "7.06025e+02"
      },
      "geometry": {
        "type": "Point",
        "coordinates": [
          8285318.397357723,
          3711723.1802564035,
          706.0250244140625
        ]
      }
    },
    {
      "type": "Feature",
      "properties": {
        "OBJECTID_1": 418,
        "OBJECTID": 418,
        "Id": 0,
        "X": "1462599.45474968",
        "Y": "11472822.6328504",
        "z": "7.05060e+02"
      },
      "geometry": {
        "type": "Point",
        "coordinates": [
          8285357.171908532,
          3711721.9516940387,
          705.0599975585938
        ]
      }
    },
    {
      "type": "Feature",
      "properties": {
        "OBJECTID_1": 419,
        "OBJECTID": 419,
        "Id": 0,
        "X": "1462697.47886231",
        "Y": "11472827.4145144",
        "z": "7.05391e+02"
      },
      "geometry": {
        "type": "Point",
        "coordinates": [
          8285392.224396047,
          3711723.8544592094,
          705.3909912109375
        ]
      }
    },
    {
      "type": "Feature",
      "properties": {
        "OBJECTID_1": 420,
        "OBJECTID": 420,
        "Id": 0,
        "X": "1462807.45713501",
        "Y": "11472823.4297944",
        "z": "7.05753e+02"
      },
      "geometry": {
        "type": "Point",
        "coordinates": [
          8285431.569049328,
          3711722.628651011,
          705.7529907226562
        ]
      }
    },
    {
      "type": "Feature",
      "properties": {
        "OBJECTID_1": 421,
        "OBJECTID": 421,
        "Id": 0,
        "X": "1462971.62760005",
        "Y": "11472836.9778425",
        "z": "7.04227e+02"
      },
      "geometry": {
        "type": "Point",
        "coordinates": [
          8285490.264541681,
          3711727.8061265475,
          704.2269897460938
        ]
      }
    },
    {
      "type": "Feature",
      "properties": {
        "OBJECTID_1": 422,
        "OBJECTID": 422,
        "Id": 0,
        "X": "1463068.05782467",
        "Y": "11472856.1044986",
        "z": "7.04157e+02"
      },
      "geometry": {
        "type": "Point",
        "coordinates": [
          8285524.72022116,
          3711734.8615491623,
          704.156982421875
        ]
      }
    },
    {
      "type": "Feature",
      "properties": {
        "OBJECTID_1": 423,
        "OBJECTID": 423,
        "Id": 0,
        "X": "1463175.64526535",
        "Y": "11472893.5608668",
        "z": "7.04875e+02"
      },
      "geometry": {
        "type": "Point",
        "coordinates": [
          8285563.132525457,
          3711748.5260351547,
          704.875
        ]
      }
    },
    {
      "type": "Feature",
      "properties": {
        "OBJECTID_1": 424,
        "OBJECTID": 424,
        "Id": 0,
        "X": "1463272.87243397",
        "Y": "11472942.1744511",
        "z": "7.04980e+02"
      },
      "geometry": {
        "type": "Point",
        "coordinates": [
          8285597.818446303,
          3711766.181281904,
          704.97998046875
        ]
      }
    },
    {
      "type": "Feature",
      "properties": {
        "OBJECTID_1": 425,
        "OBJECTID": 425,
        "Id": 0,
        "X": "1462967.64288003",
        "Y": "11473021.8688516",
        "z": "7.04423e+02"
      },
      "geometry": {
        "type": "Point",
        "coordinates": [
          8285488.494355613,
          3711794.2542735306,
          704.4229736328125
        ]
      }
    },
    {
      "type": "Feature",
      "properties": {
        "OBJECTID_1": 426,
        "OBJECTID": 426,
        "Id": 0,
        "X": "1463073.6364327",
        "Y": "11473051.3557798",
        "z": "7.04153e+02"
      },
      "geometry": {
        "type": "Point",
        "coordinates": [
          8285526.351553744,
          3711805.051478949,
          704.1530151367188
        ]
      }
    },
    {
      "type": "Feature",
      "properties": {
        "OBJECTID_1": 427,
        "OBJECTID": 427,
        "Id": 0,
        "X": "1463195.56886548",
        "Y": "11473119.8929642",
        "z": "7.04817e+02"
      },
      "geometry": {
        "type": "Point",
        "coordinates": [
          8285569.837151316,
          3711829.9143768568,
          704.8170166015625
        ]
      }
    },
    {
      "type": "Feature",
      "properties": {
        "OBJECTID_1": 428,
        "OBJECTID": 428,
        "Id": 0,
        "X": "1463292.79603409",
        "Y": "11473177.2729326",
        "z": "7.05351e+02"
      },
      "geometry": {
        "type": "Point",
        "coordinates": [
          8285604.506986604,
          3711850.720660027,
          705.3510131835938
        ]
      }
    },
    {
      "type": "Feature",
      "properties": {
        "OBJECTID_1": 429,
        "OBJECTID": 429,
        "Id": 0,
        "X": "1463374.88126662",
        "Y": "11473254.5765011",
        "z": "7.10228e+02"
      },
      "geometry": {
        "type": "Point",
        "coordinates": [
          8285633.723795548,
          3711878.6597929695,
          710.22802734375
        ]
      }
    },
    {
      "type": "Feature",
      "properties": {
        "OBJECTID_1": 430,
        "OBJECTID": 430,
        "Id": 0,
        "X": "1463401.97736279",
        "Y": "11473330.2861816",
        "z": "7.11770e+02"
      },
      "geometry": {
        "type": "Point",
        "coordinates": [
          8285643.274796891,
          3711905.9231963046,
          711.77001953125
        ]
      }
    },
    {
      "type": "Feature",
      "properties": {
        "OBJECTID_1": 431,
        "OBJECTID": 431,
        "Id": 0,
        "X": "1462797.89380695",
        "Y": "11473076.857988",
        "z": "6.72113e+02"
      },
      "geometry": {
        "type": "Point",
        "coordinates": [
          8285427.675184952,
          3711813.7007769533,
          672.1129760742188
        ]
      }
    },
    {
      "type": "Feature",
      "properties": {
        "OBJECTID_1": 432,
        "OBJECTID": 432,
        "Id": 0,
        "X": "1462797.89380695",
        "Y": "11472974.0522113",
        "z": "6.68865e+02"
      },
      "geometry": {
        "type": "Point",
        "coordinates": [
          8285427.867160608,
          3711776.7490636143,
          668.864990234375
        ]
      }
    },
    {
      "type": "Feature",
      "properties": {
        "OBJECTID_1": 433,
        "OBJECTID": 433,
        "Id": 0,
        "X": "1462715.80857442",
        "Y": "11473084.030484",
        "z": "6.91732e+02"
      },
      "geometry": {
        "type": "Point",
        "coordinates": [
          8285398.301186103,
          3711816.124738577,
          691.7319946289062
        ]
      }
    },
    {
      "type": "Feature",
      "properties": {
        "OBJECTID_1": 434,
        "OBJECTID": 434,
        "Id": 0,
        "X": "1462707.04219037",
        "Y": "11473016.2902436",
        "z": "7.00912e+02"
      },
      "geometry": {
        "type": "Point",
        "coordinates": [
          8285395.292148307,
          3711791.7602362996,
          700.9119873046875
        ]
      }
    },
    {
      "type": "Feature",
      "properties": {
        "OBJECTID_1": 435,
        "OBJECTID": 435,
        "Id": 0,
        "X": "1462732.70378733",
        "Y": "11472948.1993478",
        "z": "6.97707e+02"
      },
      "geometry": {
        "type": "Point",
        "coordinates": [
          8285404.598078359,
          3711767.334378037,
          697.7069702148438
        ]
      }
    },
    {
      "type": "Feature",
      "properties": {
        "OBJECTID_1": 436,
        "OBJECTID": 436,
        "Id": 0,
        "X": "1462622.02420391",
        "Y": "11472950.7495686",
        "z": "7.06269e+02"
      },
      "geometry": {
        "type": "Point",
        "coordinates": [
          8285365.00511415,
          3711768.0431795903,
          706.2689819335938
        ]
      }
    },
    {
      "type": "Feature",
      "properties": {
        "OBJECTID_1": 437,
        "OBJECTID": 437,
        "Id": 0,
        "X": "1462637.83557297",
        "Y": "11473020.625619",
        "z": "7.05694e+02"
      },
      "geometry": {
        "type": "Point",
        "coordinates": [
          8285370.529970378,
          3711793.1885524737,
          705.6939697265625
        ]
      }
    },
    {
      "type": "Feature",
      "properties": {
        "OBJECTID_1": 438,
        "OBJECTID": 438,
        "Id": 0,
        "X": "1462625.08446889",
        "Y": "11473074.6903003",
        "z": "7.05867e+02"
      },
      "geometry": {
        "type": "Point",
        "coordinates": [
          8285365.868051715,
          3711812.5972038587,
          705.8670043945312
        ]
      }
    },
    {
      "type": "Feature",
      "properties": {
        "OBJECTID_1": 439,
        "OBJECTID": 439,
        "Id": 0,
        "X": "1462558.2686835",
        "Y": "11473072.1400795",
        "z": "7.05789e+02"
      },
      "geometry": {
        "type": "Point",
        "coordinates": [
          8285341.973867294,
          3711811.555045489,
          705.7890014648438
        ]
      }
    },
    {
      "type": "Feature",
      "properties": {
        "OBJECTID_1": 440,
        "OBJECTID": 440,
        "Id": 0,
        "X": "1462554.18833019",
        "Y": "11473012.4649124",
        "z": "7.05551e+02"
      },
      "geometry": {
        "type": "Point",
        "coordinates": [
          8285340.625977687,
          3711790.098190905,
          705.551025390625
        ]
      }
    },
    {
      "type": "Feature",
      "properties": {
        "OBJECTID_1": 441,
        "OBJECTID": 441,
        "Id": 0,
        "X": "1462526.13590121",
        "Y": "11472931.8779346",
        "z": "7.12581e+02"
      },
      "geometry": {
        "type": "Point",
        "coordinates": [
          8285330.742799023,
          3711761.0799649293,
          712.5809936523438
        ]
      }
    },
    {
      "type": "Feature",
      "properties": {
        "OBJECTID_1": 442,
        "OBJECTID": 442,
        "Id": 0,
        "X": "1462459.32011583",
        "Y": "11472952.2797011",
        "z": "7.05407e+02"
      },
      "geometry": {
        "type": "Point",
        "coordinates": [
          8285306.805778286,
          3711768.2874055696,
          705.406982421875
        ]
      }
    },
    {
      "type": "Feature",
      "properties": {
        "OBJECTID_1": 443,
        "OBJECTID": 443,
        "Id": 0,
        "X": "1462447.58910007",
        "Y": "11473012.9749565",
        "z": "7.04363e+02"
      },
      "geometry": {
        "type": "Point",
        "coordinates": [
          8285302.49623153,
          3711790.081150568,
          704.3629760742188
        ]
      }
    },
    {
      "type": "Feature",
      "properties": {
        "OBJECTID_1": 444,
        "OBJECTID": 444,
        "Id": 0,
        "X": "1462441.46857012",
        "Y": "11473069.0798145",
        "z": "7.03615e+02"
      },
      "geometry": {
        "type": "Point",
        "coordinates": [
          8285300.202040124,
          3711810.235542908,
          703.614990234375
        ]
      }
    },
    {
      "type": "Feature",
      "properties": {
        "OBJECTID_1": 445,
        "OBJECTID": 445,
        "Id": 0,
        "X": "1462346.09031159",
        "Y": "11473069.5898587",
        "z": "7.03038e+02"
      },
      "geometry": {
        "type": "Point",
        "coordinates": [
          8285266.085796303,
          3711810.2394847726,
          703.0380249023438
        ]
      }
    },
    {
      "type": "Feature",
      "properties": {
        "OBJECTID_1": 446,
        "OBJECTID": 446,
        "Id": 0,
        "X": "1462358.84141567",
        "Y": "11473011.9548682",
        "z": "7.03564e+02"
      },
      "geometry": {
        "type": "Point",
        "coordinates": [
          8285270.754555384,
          3711789.547594235,
          703.5640258789062
        ]
      }
    },
    {
      "type": "Feature",
      "properties": {
        "OBJECTID_1": 447,
        "OBJECTID": 447,
        "Id": 0,
        "X": "1462337.92960498",
        "Y": "11472945.649127",
        "z": "7.05481e+02"
      },
      "geometry": {
        "type": "Point",
        "coordinates": [
          8285263.398882116,
          3711765.675871502,
          705.4810180664062
        ]
      }
    },
    {
      "type": "Feature",
      "properties": {
        "OBJECTID_1": 448,
        "OBJECTID": 448,
        "Id": 0,
        "X": "1462302.73655771",
        "Y": "11473015.5251774",
        "z": "7.02304e+02"
      },
      "geometry": {
        "type": "Point",
        "coordinates": [
          8285250.68008731,
          3711790.7253207737,
          702.3040161132812
        ]
      }
    },
    {
      "type": "Feature",
      "properties": {
        "OBJECTID_1": 449,
        "OBJECTID": 449,
        "Id": 0,
        "X": "1462171.49581896",
        "Y": "11473038.6046757",
        "z": "7.04578e+02"
      },
      "geometry": {
        "type": "Point",
        "coordinates": [
          8285203.694187874,
          3711798.7737847585,
          704.5780029296875
        ]
      }
    },
    {
      "type": "Feature",
      "properties": {
        "OBJECTID_1": 450,
        "OBJECTID": 450,
        "Id": 0,
        "X": "1462071.87781833",
        "Y": "11473035.4168997",
        "z": "7.04397e+02"
      },
      "geometry": {
        "type": "Point",
        "coordinates": [
          8285168.068426399,
          3711797.440351259,
          704.39697265625
        ]
      }
    },
    {
      "type": "Feature",
      "properties": {
        "OBJECTID_1": 451,
        "OBJECTID": 451,
        "Id": 0,
        "X": "1461920.45845736",
        "Y": "11473063.3099399",
        "z": "7.15886e+02"
      },
      "geometry": {
        "type": "Point",
        "coordinates": [
          8285113.855849907,
          3711807.1805908685,
          715.885986328125
        ]
      }
    },
    {
      "type": "Feature",
      "properties": {
        "OBJECTID_1": 452,
        "OBJECTID": 452,
        "Id": 0,
        "X": "1461877.35972557",
        "Y": "11473197.6109436",
        "z": "7.16425e+02"
      },
      "geometry": {
        "type": "Point",
        "coordinates": [
          8285098.188034014,
          3711855.3715367718,
          716.4249877929688
        ]
      }
    },
    {
      "type": "Feature",
      "properties": {
        "OBJECTID_1": 453,
        "OBJECTID": 453,
        "Id": 0,
        "X": "1461954.37639422",
        "Y": "11473197.1008995",
        "z": "7.17135e+02"
      },
      "geometry": {
        "type": "Point",
        "coordinates": [
          8285125.73672536,
          3711855.3334516706,
          717.135009765625
        ]
      }
    },
    {
      "type": "Feature",
      "properties": {
        "OBJECTID_1": 454,
        "OBJECTID": 454,
        "Id": 0,
        "X": "1462031.39306287",
        "Y": "11473198.631032",
        "z": "7.15963e+02"
      },
      "geometry": {
        "type": "Point",
        "coordinates": [
          8285153.281591126,
          3711856.028612484,
          715.9630126953125
        ]
      }
    },
    {
      "type": "Feature",
      "properties": {
        "OBJECTID_1": 455,
        "OBJECTID": 455,
        "Id": 0,
        "X": "1462105.8595107",
        "Y": "11473198.1209878",
        "z": "7.16147e+02"
      },
      "geometry": {
        "type": "Point",
        "coordinates": [
          8285179.918108742,
          3711855.985597879,
          716.14697265625
        ]
      }
    },
    {
      "type": "Feature",
      "properties": {
        "OBJECTID_1": 456,
        "OBJECTID": 456,
        "Id": 0,
        "X": "1462184.91635601",
        "Y": "11473199.6511203",
        "z": "7.15589e+02"
      },
      "geometry": {
        "type": "Point",
        "coordinates": [
          8285208.1927222535,
          3711856.6844772506,
          715.5889892578125
        ]
      }
    },
    {
      "type": "Feature",
      "properties": {
        "OBJECTID_1": 457,
        "OBJECTID": 457,
        "Id": 0,
        "X": "1462259.38280384",
        "Y": "11473199.6511203",
        "z": "7.15597e+02"
      },
      "geometry": {
        "type": "Point",
        "coordinates": [
          8285234.828287429,
          3711856.824669065,
          715.5969848632812
        ]
      }
    },
    {
      "type": "Feature",
      "properties": {
        "OBJECTID_1": 458,
        "OBJECTID": 458,
        "Id": 0,
        "X": "1462342.52000245",
        "Y": "11473201.1812528",
        "z": "7.15644e+02"
      },
      "geometry": {
        "type": "Point",
        "coordinates": [
          8285264.562391003,
          3711857.5310969893,
          715.6439819335938
        ]
      }
    },
    {
      "type": "Feature",
      "properties": {
        "OBJECTID_1": 459,
        "OBJECTID": 459,
        "Id": 0,
        "X": "1462426.16724522",
        "Y": "11473194.5506786",
        "z": "7.15522e+02"
      },
      "geometry": {
        "type": "Point",
        "coordinates": [
          8285294.494205688,
          3711855.3051758376,
          715.52197265625
        ]
      }
    },
    {
      "type": "Feature",
      "properties": {
        "OBJECTID_1": 460,
        "OBJECTID": 460,
        "Id": 0,
        "X": "1462521.54550375",
        "Y": "11473197.1008995",
        "z": "7.15249e+02"
      },
      "geometry": {
        "type": "Point",
        "coordinates": [
          8285328.604852686,
          3711856.4011188853,
          715.2490234375
        ]
      }
    },
    {
      "type": "Feature",
      "properties": {
        "OBJECTID_1": 461,
        "OBJECTID": 461,
        "Id": 0,
        "X": "1462609.27309982",
        "Y": "11473206.2816944",
        "z": "7.14786e+02"
      },
      "geometry": {
        "type": "Point",
        "coordinates": [
          8285359.966580554,
          3711859.86584863,
          714.7860107421875
        ]
      }
    },
    {
      "type": "Feature",
      "properties": {
        "OBJECTID_1": 462,
        "OBJECTID": 462,
        "Id": 0,
        "X": "1462700.57100504",
        "Y": "11473196.0808111",
        "z": "7.14808e+02"
      },
      "geometry": {
        "type": "Point",
        "coordinates": [
          8285392.641589319,
          3711856.3707653387,
          714.8079833984375
        ]
      }
    },
    {
      "type": "Feature",
      "properties": {
        "OBJECTID_1": 463,
        "OBJECTID": 463,
        "Id": 0,
        "X": "1462786.76846863",
        "Y": "11473193.0205462",
        "z": "7.14196e+02"
      },
      "geometry": {
        "type": "Point",
        "coordinates": [
          8285423.478891568,
          3711855.432603853,
          714.1959838867188
        ]
      }
    },
    {
      "type": "Feature",
      "properties": {
        "OBJECTID_1": 464,
        "OBJECTID": 464,
        "Id": 0,
        "X": "1462880.61659467",
        "Y": "11473203.2214294",
        "z": "7.14590e+02"
      },
      "geometry": {
        "type": "Point",
        "coordinates": [
          8285457.027968918,
          3711859.275222783,
          714.5900268554688
        ]
      }
    },
    {
      "type": "Feature",
      "properties": {
        "OBJECTID_1": 465,
        "OBJECTID": 465,
        "Id": 0,
        "X": "1462964.77388161",
        "Y": "11473226.1734168",
        "z": "7.14162e+02"
      },
      "geometry": {
        "type": "Point",
        "coordinates": [
          8285487.087003984,
          3711867.6827673083,
          714.1619873046875
        ]
      }
    },
    {
      "type": "Feature",
      "properties": {
        "OBJECTID_1": 466,
        "OBJECTID": 466,
        "Id": 0,
        "X": "1463018.32851875",
        "Y": "11473232.2939467",
        "z": "7.14078e+02"
      },
      "geometry": {
        "type": "Point",
        "coordinates": [
          8285506.231328747,
          3711869.9830846433,
          714.0780029296875
        ]
      }
    },
    {
      "type": "Feature",
      "properties": {
        "OBJECTID_1": 467,
        "OBJECTID": 467,
        "Id": 0,
        "X": "1463093.30501074",
        "Y": "11473284.3184514",
        "z": "7.13960e+02"
      },
      "geometry": {
        "type": "Point",
        "coordinates": [
          8285532.952380852,
          3711888.8229933274,
          713.9600219726562
        ]
      }
    },
    {
      "type": "Feature",
      "properties": {
        "OBJECTID_1": 468,
        "OBJECTID": 468,
        "Id": 0,
        "X": "1463142.77929458",
        "Y": "11473319.0014545",
        "z": "7.13735e+02"
      },
      "geometry": {
        "type": "Point",
        "coordinates": [
          8285550.584025423,
          3711901.3819610234,
          713.7349853515625
        ]
      }
    },
    {
      "type": "Feature",
      "properties": {
        "OBJECTID_1": 469,
        "OBJECTID": 469,
        "Id": 0,
        "X": "1462359.57460415",
        "Y": "11473331.0831256",
        "z": "7.04230e+02"
      },
      "geometry": {
        "type": "Point",
        "coordinates": [
          8285270.419394387,
          3711904.254418091,
          704.22998046875
        ]
      }
    },
    {
      "type": "Feature",
      "properties": {
        "OBJECTID_1": 470,
        "OBJECTID": 470,
        "Id": 0,
        "X": "1462355.58988413",
        "Y": "11473409.1836381",
        "z": "7.04809e+02"
      },
      "geometry": {
        "type": "Point",
        "coordinates": [
          8285268.847900381,
          3711932.3190389127,
          704.8090209960938
        ]
      }
    },
    {
      "type": "Feature",
      "properties": {
        "OBJECTID_1": 471,
        "OBJECTID": 471,
        "Id": 0,
        "X": "1462369.13793221",
        "Y": "11473469.7513825",
        "z": "7.03899e+02"
      },
      "geometry": {
        "type": "Point",
        "coordinates": [
          8285273.580489106,
          3711954.1147826547,
          703.8989868164062
        ]
      }
    },
    {
      "type": "Feature",
      "properties": {
        "OBJECTID_1": 472,
        "OBJECTID": 472,
        "Id": 0,
        "X": "1462553.23199739",
        "Y": "11473514.3802468",
        "z": "7.10969e+02"
      },
      "geometry": {
        "type": "Point",
        "coordinates": [
          8285339.345333914,
          3711970.5021781097,
          710.968994140625
        ]
      }
    },
    {
      "type": "Feature",
      "properties": {
        "OBJECTID_1": 473,
        "OBJECTID": 473,
        "Id": 0,
        "X": "1462475.9284289",
        "Y": "11473387.66615",
        "z": "7.13514e+02"
      },
      "geometry": {
        "type": "Point",
        "coordinates": [
          8285311.931774207,
          3711924.811188986,
          713.5139770507812
        ]
      }
    },
    {
      "type": "Feature",
      "properties": {
        "OBJECTID_1": 474,
        "OBJECTID": 474,
        "Id": 0,
        "X": "1462625.75390185",
        "Y": "11473421.9347422",
        "z": "7.04271e+02"
      },
      "geometry": {
        "type": "Point",
        "coordinates": [
          8285365.458417974,
          3711937.4101122706,
          704.27099609375
        ]
      }
    },
    {
      "type": "Feature",
      "properties": {
        "OBJECTID_1": 475,
        "OBJECTID": 475,
        "Id": 0,
        "X": "1462746.88939062",
        "Y": "11473515.1771908",
        "z": "7.03667e+02"
      },
      "geometry": {
        "type": "Point",
        "coordinates": [
          8285408.612939667,
          3711971.1523525827,
          703.6669921875
        ]
      }
    },
    {
      "type": "Feature",
      "properties": {
        "OBJECTID_1": 476,
        "OBJECTID": 476,
        "Id": 0,
        "X": "1462707.83913438",
        "Y": "11473405.1989181",
        "z": "7.03502e+02"
      },
      "geometry": {
        "type": "Point",
        "coordinates": [
          8285394.850582105,
          3711931.54880372,
          703.5020141601562
        ]
      }
    },
    {
      "type": "Feature",
      "properties": {
        "OBJECTID_1": 477,
        "OBJECTID": 477,
        "Id": 0,
        "X": "1462852.8829433",
        "Y": "11473462.5788864",
        "z": "7.07498e+02"
      },
      "geometry": {
        "type": "Point",
        "coordinates": [
          8285446.623854788,
          3711952.445476125,
          707.4979858398438
        ]
      }
    },
    {
      "type": "Feature",
      "properties": {
        "OBJECTID_1": 478,
        "OBJECTID": 478,
        "Id": 0,
        "X": "1462774.7824308",
        "Y": "11473399.62031",
        "z": "7.02430e+02"
      },
      "geometry": {
        "type": "Point",
        "coordinates": [
          8285418.805798168,
          3711929.669315043,
          702.4299926757812
        ]
      }
    },
    {
      "type": "Feature",
      "properties": {
        "OBJECTID_1": 479,
        "OBJECTID": 479,
        "Id": 0,
        "X": "1462691.90025427",
        "Y": "11473327.0984056",
        "z": "7.06644e+02"
      },
      "geometry": {
        "type": "Point",
        "coordinates": [
          8285389.295375941,
          3711903.4467560607,
          706.6439819335938
        ]
      }
    },
    {
      "type": "Feature",
      "properties": {
        "OBJECTID_1": 480,
        "OBJECTID": 480,
        "Id": 0,
        "X": "1462858.46155133",
        "Y": "11473398.026422",
        "z": "7.08216e+02"
      },
      "geometry": {
        "type": "Point",
        "coordinates": [
          8285448.739766485,
          3711929.2534285844,
          708.2160034179688
        ]
      }
    },
    {
      "type": "Feature",
      "properties": {
        "OBJECTID_1": 481,
        "OBJECTID": 481,
        "Id": 0,
        "X": "1462898.30875158",
        "Y": "11473351.0067257",
        "z": "7.13820e+02"
      },
      "geometry": {
        "type": "Point",
        "coordinates": [
          8285463.080377543,
          3711912.4276025086,
          713.8200073242188
        ]
      }
    },
    {
      "type": "Feature",
      "properties": {
        "OBJECTID_1": 482,
        "OBJECTID": 482,
        "Id": 0,
        "X": "1463067.26088066",
        "Y": "11473417.1530781",
        "z": "7.11371e+02"
      },
      "geometry": {
        "type": "Point",
        "coordinates": [
          8285523.389060167,
          3711936.5197098325,
          711.3709716796875
        ]
      }
    },
    {
      "type": "Feature",
      "properties": {
        "OBJECTID_1": 483,
        "OBJECTID": 483,
        "Id": 0,
        "X": "1462578.73420555",
        "Y": "11473370.1333818",
        "z": "7.07229e+02"
      },
      "geometry": {
        "type": "Point",
        "coordinates": [
          8285348.736898296,
          3711918.7025000355,
          707.22900390625
        ]
      }
    },
    {
      "type": "Feature",
      "properties": {
        "OBJECTID_1": 484,
        "OBJECTID": 484,
        "Id": 0,
        "X": "1462287.8496437",
        "Y": "11473664.2057197",
        "z": "7.05978e+02"
      },
      "geometry": {
        "type": "Point",
        "coordinates": [
          8285244.140431493,
          3712023.8560728272,
          705.97802734375
        ]
      }
    },
    {
      "type": "Feature",
      "properties": {
        "OBJECTID_1": 485,
        "OBJECTID": 485,
        "Id": 0,
        "X": "1462312.55490786",
        "Y": "11473755.0573363",
        "z": "7.06627e+02"
      },
      "geometry": {
        "type": "Point",
        "coordinates": [
          8285252.807133935,
          3712056.5582073247,
          706.6270141601562
        ]
      }
    },
    {
      "type": "Feature",
      "properties": {
        "OBJECTID_1": 486,
        "OBJECTID": 486,
        "Id": 0,
        "X": "1462406.59430045",
        "Y": "11473770.9962164",
        "z": "7.08148e+02"
      },
      "geometry": {
        "type": "Point",
        "coordinates": [
          8285286.414376859,
          3712062.4641935746,
          708.1480102539062
        ]
      }
    },
    {
      "type": "Feature",
      "properties": {
        "OBJECTID_1": 487,
        "OBJECTID": 487,
        "Id": 0,
        "X": "1462373.91959625",
        "Y": "11473677.7537678",
        "z": "7.05839e+02"
      },
      "geometry": {
        "type": "Point",
        "coordinates": [
          8285274.901462492,
          3712028.8877166496,
          705.8389892578125
        ]
      }
    },
    {
      "type": "Feature",
      "properties": {
        "OBJECTID_1": 488,
        "OBJECTID": 488,
        "Id": 0,
        "X": "1462479.11620492",
        "Y": "11473673.7690478",
        "z": "7.05025e+02"
      },
      "geometry": {
        "type": "Point",
        "coordinates": [
          8285312.536748326,
          3712027.6532836803,
          705.0250244140625
        ]
      }
    },
    {
      "type": "Feature",
      "properties": {
        "OBJECTID_1": 489,
        "OBJECTID": 489,
        "Id": 0,
        "X": "1462476.7253729",
        "Y": "11473763.0267763",
        "z": "7.09057e+02"
      },
      "geometry": {
        "type": "Point",
        "coordinates": [
          8285311.514576729,
          3712059.7315361435,
          709.0570068359375
        ]
      }
    },
    {
      "type": "Feature",
      "properties": {
        "OBJECTID_1": 490,
        "OBJECTID": 490,
        "Id": 0,
        "X": "1462563.59226946",
        "Y": "11473764.6206644",
        "z": "7.08336e+02"
      },
      "geometry": {
        "type": "Point",
        "coordinates": [
          8285342.583142514,
          3712060.467719355,
          708.3359985351562
        ]
      }
    },
    {
      "type": "Feature",
      "properties": {
        "OBJECTID_1": 491,
        "OBJECTID": 491,
        "Id": 0,
        "X": "1462659.22555006",
        "Y": "11473795.7014806",
        "z": "7.07497e+02"
      },
      "geometry": {
        "type": "Point",
        "coordinates": [
          8285376.73226292,
          3712071.81907332,
          707.4970092773438
        ]
      }
    },
    {
      "type": "Feature",
      "properties": {
        "OBJECTID_1": 492,
        "OBJECTID": 492,
        "Id": 0,
        "X": "1462698.27580631",
        "Y": "11473681.7384878",
        "z": "7.06221e+02"
      },
      "geometry": {
        "type": "Point",
        "coordinates": [
          8285390.9131711135,
          3712030.9295834745,
          706.2210083007812
        ]
      }
    },
    {
      "type": "Feature",
      "properties": {
        "OBJECTID_1": 493,
        "OBJECTID": 493,
        "Id": 0,
        "X": "1462605.83030172",
        "Y": "11473672.1751598",
        "z": "7.06471e+02"
      },
      "geometry": {
        "type": "Point",
        "coordinates": [
          8285357.8641593065,
          3712027.318518972,
          706.4710083007812
        ]
      }
    },
    {
      "type": "Feature",
      "properties": {
        "OBJECTID_1": 494,
        "OBJECTID": 494,
        "Id": 0,
        "X": "1462718.19940644",
        "Y": "11473617.9829674",
        "z": "7.05078e+02"
      },
      "geometry": {
        "type": "Point",
        "coordinates": [
          8285398.158774759,
          3712008.05078582,
          705.0780029296875
        ]
      }
    },
    {
      "type": "Feature",
      "properties": {
        "OBJECTID_1": 495,
        "OBJECTID": 495,
        "Id": 0,
        "X": "1462550.84116537",
        "Y": "11473626.7493515",
        "z": "7.07861e+02"
      },
      "geometry": {
        "type": "Point",
        "coordinates": [
          8285338.280018636,
          3712010.887400841,
          707.8610229492188
        ]
      }
    },
    {
      "type": "Feature",
      "properties": {
        "OBJECTID_1": 496,
        "OBJECTID": 496,
        "Id": 0,
        "X": "1462439.26900466",
        "Y": "11473950.3086175",
        "z": "7.02687e+02"
      },
      "geometry": {
        "type": "Point",
        "coordinates": [
          8285297.766285646,
          3712126.9778558733,
          702.68701171875
        ]
      }
    },
    {
      "type": "Feature",
      "properties": {
        "OBJECTID_1": 497,
        "OBJECTID": 497,
        "Id": 0,
        "X": "1462357.98071614",
        "Y": "11474065.8654983",
        "z": "7.03802e+02"
      },
      "geometry": {
        "type": "Point",
        "coordinates": [
          8285268.473652146,
          3712168.3610033193,
          703.802001953125
        ]
      }
    },
    {
      "type": "Feature",
      "properties": {
        "OBJECTID_1": 498,
        "OBJECTID": 498,
        "Id": 0,
        "X": "1462283.06797967",
        "Y": "11474093.7585385",
        "z": "7.04194e+02"
      },
      "geometry": {
        "type": "Point",
        "coordinates": [
          8285241.625527081,
          3712178.245995104,
          704.1939697265625
        ]
      }
    },
    {
      "type": "Feature",
      "properties": {
        "OBJECTID_1": 499,
        "OBJECTID": 499,
        "Id": 0,
        "X": "1462463.17732481",
        "Y": "11474095.3524265",
        "z": "7.03891e+02"
      },
      "geometry": {
        "type": "Point",
        "coordinates": [
          8285306.046737339,
          3712179.157738638,
          703.8909912109375
        ]
      }
    },
    {
      "type": "Feature",
      "properties": {
        "OBJECTID_1": 500,
        "OBJECTID": 500,
        "Id": 0,
        "X": "1462503.82146907",
        "Y": "11474021.236634",
        "z": "7.03495e+02"
      },
      "geometry": {
        "type": "Point",
        "coordinates": [
          8285320.723591682,
          3712152.5937506976,
          703.4949951171875
        ]
      }
    },
    {
      "type": "Feature",
      "properties": {
        "OBJECTID_1": 501,
        "OBJECTID": 501,
        "Id": 0,
        "X": "1462590.68836563",
        "Y": "11473928.7911294",
        "z": "7.03120e+02"
      },
      "geometry": {
        "type": "Point",
        "coordinates": [
          8285351.968227531,
          3712119.5281972205,
          703.1199951171875
        ]
      }
    },
    {
      "type": "Feature",
      "properties": {
        "OBJECTID_1": 502,
        "OBJECTID": 502,
        "Id": 0,
        "X": "1462628.14473386",
        "Y": "11474092.1646504",
        "z": "7.01869e+02"
      },
      "geometry": {
        "type": "Point",
        "coordinates": [
          8285365.060706165,
          3712178.321958231,
          701.8690185546875
        ]
      }
    },
    {
      "type": "Feature",
      "properties": {
        "OBJECTID_1": 503,
        "OBJECTID": 503,
        "Id": 0,
        "X": "1462658.42860606",
        "Y": "11474027.612186",
        "z": "7.01314e+02"
      },
      "geometry": {
        "type": "Point",
        "coordinates": [
          8285376.013748684,
          3712155.1759085846,
          701.3140258789062
        ]
      }
    },
    {
      "type": "Feature",
      "properties": {
        "OBJECTID_1": 504,
        "OBJECTID": 504,
        "Id": 0,
        "X": "1462707.83913438",
        "Y": "11473924.8064094",
        "z": "7.05273e+02"
      },
      "geometry": {
        "type": "Point",
        "coordinates": [
          8285393.87970976,
          3712118.3159661945,
          705.2730102539062
        ]
      }
    },
    {
      "type": "Feature",
      "properties": {
        "OBJECTID_1": 505,
        "OBJECTID": 505,
        "Id": 0,
        "X": "1462735.73217455",
        "Y": "11474069.0532743",
        "z": "7.01239e+02"
      },
      "geometry": {
        "type": "Point",
        "coordinates": [
          8285403.587369436,
          3712170.2167772376,
          701.239013671875
        ]
      }
    },
    {
      "type": "Feature",
      "properties": {
        "OBJECTID_1": 506,
        "OBJECTID": 506,
        "Id": 0,
        "X": "1462498.24286104",
        "Y": "11474224.4573553",
        "z": "7.04802e+02"
      },
      "geometry": {
        "type": "Point",
        "coordinates": [
          8285318.347972238,
          3712225.6296652677,
          704.802001953125
        ]
      }
    },
    {
      "type": "Feature",
      "properties": {
        "OBJECTID_1": 507,
        "OBJECTID": 507,
        "Id": 0,
        "X": "1462407.39124446",
        "Y": "11474229.2390193",
        "z": "7.03778e+02"
      },
      "geometry": {
        "type": "Point",
        "coordinates": [
          8285285.841736217,
          3712227.177567877,
          703.7780151367188
        ]
      }
    },
    {
      "type": "Feature",
      "properties": {
        "OBJECTID_1": 508,
        "OBJECTID": 508,
        "Id": 0,
        "X": "1462338.85406002",
        "Y": "11474247.5687314",
        "z": "7.03999e+02"
      },
      "geometry": {
        "type": "Point",
        "coordinates": [
          8285261.291915492,
          3712233.6371501666,
          703.9990234375
        ]
      }
    },
    {
      "type": "Feature",
      "properties": {
        "OBJECTID_1": 509,
        "OBJECTID": 509,
        "Id": 0,
        "X": "1462350.01127609",
        "Y": "11474328.8570199",
        "z": "7.03995e+02"
      },
      "geometry": {
        "type": "Point",
        "coordinates": [
          8285265.130608956,
          3712262.876841729,
          703.9949951171875
        ]
      }
    },
    {
      "type": "Feature",
      "properties": {
        "OBJECTID_1": 510,
        "OBJECTID": 510,
        "Id": 0,
        "X": "1462448.83233272",
        "Y": "11474310.5273078",
        "z": "7.03878e+02"
      },
      "geometry": {
        "type": "Point",
        "coordinates": [
          8285300.512942542,
          3712256.4741910617,
          703.8779907226562
        ]
      }
    },
    {
      "type": "Feature",
      "properties": {
        "OBJECTID_1": 511,
        "OBJECTID": 511,
        "Id": 0,
        "X": "1462555.6228294",
        "Y": "11474328.8570199",
        "z": "7.04635e+02"
      },
      "geometry": {
        "type": "Point",
        "coordinates": [
          8285338.6773236,
          3712263.2634881744,
          704.635009765625
        ]
      }
    },
    {
      "type": "Feature",
      "properties": {
        "OBJECTID_1": 512,
        "OBJECTID": 512,
        "Id": 0,
        "X": "1462573.15559752",
        "Y": "11474206.9245872",
        "z": "7.11241e+02"
      },
      "geometry": {
        "type": "Point",
        "coordinates": [
          8285345.176768227,
          3712219.4684089865,
          711.2410278320312
        ]
      }
    },
    {
      "type": "Feature",
      "properties": {
        "OBJECTID_1": 513,
        "OBJECTID": 513,
        "Id": 0,
        "X": "1462587.5005896",
        "Y": "11474250.7565074",
        "z": "7.11657e+02"
      },
      "geometry": {
        "type": "Point",
        "coordinates": [
          8285350.225955931,
          3712235.250520398,
          711.656982421875
        ]
      }
    },
    {
      "type": "Feature",
      "properties": {
        "OBJECTID_1": 514,
        "OBJECTID": 514,
        "Id": 0,
        "X": "1462538.8870053",
        "Y": "11474443.6169567",
        "z": "7.05768e+02"
      },
      "geometry": {
        "type": "Point",
        "coordinates": [
          8285332.47631191,
          3712304.4820837844,
          705.7680053710938
        ]
      }
    },
    {
      "type": "Feature",
      "properties": {
        "OBJECTID_1": 515,
        "OBJECTID": 515,
        "Id": 0,
        "X": "1462538.09006129",
        "Y": "11474508.1694211",
        "z": "7.08968e+02"
      },
      "geometry": {
        "type": "Point",
        "coordinates": [
          8285332.070503053,
          3712327.683799582,
          708.968017578125
        ]
      }
    },
    {
      "type": "Feature",
      "properties": {
        "OBJECTID_1": 516,
        "OBJECTID": 516,
        "Id": 0,
        "X": "1462547.65338935",
        "Y": "11474591.0515976",
        "z": "7.05416e+02"
      },
      "geometry": {
        "type": "Point",
        "coordinates": [
          8285335.336277333,
          3712357.4936191947,
          705.416015625
        ]
      }
    },
    {
      "type": "Feature",
      "properties": {
        "OBJECTID_1": 517,
        "OBJECTID": 517,
        "Id": 0,
        "X": "1462377.10737226",
        "Y": "11474614.1629738",
        "z": "7.07551e+02"
      },
      "geometry": {
        "type": "Point",
        "coordinates": [
          8285274.288673828,
          3712365.480271329,
          707.551025390625
        ]
      }
    },
    {
      "type": "Feature",
      "properties": {
        "OBJECTID_1": 518,
        "OBJECTID": 518,
        "Id": 0,
        "X": "1462376.31042826",
        "Y": "11474532.8746852",
        "z": "7.07513e+02"
      },
      "geometry": {
        "type": "Point",
        "coordinates": [
          8285274.155793819,
          3712336.2598306146,
          707.5130004882812
        ]
      }
    },
    {
      "type": "Feature",
      "properties": {
        "OBJECTID_1": 519,
        "OBJECTID": 519,
        "Id": 0,
        "X": "1462367.5440442",
        "Y": "11474435.6475166",
        "z": "7.07899e+02"
      },
      "geometry": {
        "type": "Point",
        "coordinates": [
          8285271.202097064,
          3712301.2952831686,
          707.8989868164062
        ]
      }
    },
    {
      "type": "Feature",
      "properties": {
        "OBJECTID_1": 520,
        "OBJECTID": 520,
        "Id": 0,
        "X": "1462757.24966268",
        "Y": "11474226.0512433",
        "z": "7.02778e+02"
      },
      "geometry": {
        "type": "Point",
        "coordinates": [
          8285410.990777279,
          3712226.6891490645,
          702.7780151367188
        ]
      }
    },
    {
      "type": "Feature",
      "properties": {
        "OBJECTID_1": 521,
        "OBJECTID": 521,
        "Id": 0,
        "X": "1462821.8021271",
        "Y": "11474311.3242518",
        "z": "7.02212e+02"
      },
      "geometry": {
        "type": "Point",
        "coordinates": [
          8285433.921719423,
          3712257.461286974,
          702.2119750976562
        ]
      }
    },
    {
      "type": "Feature",
      "properties": {
        "OBJECTID_1": 522,
        "OBJECTID": 522,
        "Id": 0,
        "X": "1462918.23235171",
        "Y": "11474387.8308763",
        "z": "7.01500e+02"
      },
      "geometry": {
        "type": "Point",
        "coordinates": [
          8285468.271756284,
          3712285.142207213,
          701.5
        ]
      }
    },
    {
      "type": "Feature",
      "properties": {
        "OBJECTID_1": 523,
        "OBJECTID": 523,
        "Id": 0,
        "X": "1463027.4136804",
        "Y": "11474434.0536286",
        "z": "7.01550e+02"
      },
      "geometry": {
        "type": "Point",
        "coordinates": [
          8285507.239494639,
          3712301.9615425626,
          701.5499877929688
        ]
      }
    },
    {
      "type": "Feature",
      "properties": {
        "OBJECTID_1": 524,
        "OBJECTID": 524,
        "Id": 0,
        "X": "1463125.43779303",
        "Y": "11474520.1235812",
        "z": "6.96876e+02"
      },
      "geometry": {
        "type": "Point",
        "coordinates": [
          8285542.142127956,
          3712333.0828631665,
          696.8759765625
        ]
      }
    },
    {
      "type": "Feature",
      "properties": {
        "OBJECTID_1": 525,
        "OBJECTID": 525,
        "Id": 0,
        "X": "1462946.9223359",
        "Y": "11474469.1191648",
        "z": "7.03130e+02"
      },
      "geometry": {
        "type": "Point",
        "coordinates": [
          8285478.382413396,
          3712314.4148428277,
          703.1300048828125
        ]
      }
    },
    {
      "type": "Feature",
      "properties": {
        "OBJECTID_1": 526,
        "OBJECTID": 526,
        "Id": 0,
        "X": "1462950.49264504",
        "Y": "11474611.4533641",
        "z": "7.07214e+02"
      },
      "geometry": {
        "type": "Point",
        "coordinates": [
          8285479.3938930845,
          3712365.583303015,
          707.2139892578125
        ]
      }
    },
    {
      "type": "Feature",
      "properties": {
        "OBJECTID_1": 527,
        "OBJECTID": 527,
        "Id": 0,
        "X": "1462857.66460732",
        "Y": "11474595.6419951",
        "z": "7.07385e+02"
      },
      "geometry": {
        "type": "Point",
        "coordinates": [
          8285446.218782362,
          3712359.725800997,
          707.385009765625
        ]
      }
    },
    {
      "type": "Feature",
      "properties": {
        "OBJECTID_1": 528,
        "OBJECTID": 528,
        "Id": 0,
        "X": "1462728.5596785",
        "Y": "11474593.4424296",
        "z": "7.08023e+02"
      },
      "geometry": {
        "type": "Point",
        "coordinates": [
          8285400.042023635,
          3712358.692847464,
          708.0230102539062
        ]
      }
    },
    {
      "type": "Feature",
      "properties": {
        "OBJECTID_1": 529,
        "OBJECTID": 529,
        "Id": 0,
        "X": "1462746.88939062",
        "Y": "11474517.7327492",
        "z": "7.07803e+02"
      },
      "geometry": {
        "type": "Point",
        "coordinates": [
          8285406.740013638,
          3712331.5135491076,
          707.802978515625
        ]
      }
    },
    {
      "type": "Feature",
      "properties": {
        "OBJECTID_1": 530,
        "OBJECTID": 530,
        "Id": 0,
        "X": "1463783.16564221",
        "Y": "11474344.9951361",
        "z": "7.02349e+02"
      },
      "geometry": {
        "type": "Point",
        "coordinates": [
          8285777.736426547,
          3712271.363338167,
          702.3489990234375
        ]
      }
    },
    {
      "type": "Feature",
      "properties": {
        "OBJECTID_1": 531,
        "OBJECTID": 531,
        "Id": 0,
        "X": "1463867.84094276",
        "Y": "11474220.4726353",
        "z": "7.01083e+02"
      },
      "geometry": {
        "type": "Point",
        "coordinates": [
          8285808.255771929,
          3712226.7622635057,
          701.0830078125
        ]
      }
    },
    {
      "type": "Feature",
      "properties": {
        "OBJECTID_1": 532,
        "OBJECTID": 532,
        "Id": 0,
        "X": "1463941.30921822",
        "Y": "11474090.9692344",
        "z": "7.01321e+02"
      },
      "geometry": {
        "type": "Point",
        "coordinates": [
          8285834.775435751,
          3712180.350019733,
          701.3209838867188
        ]
      }
    },
    {
      "type": "Feature",
      "properties": {
        "OBJECTID_1": 533,
        "OBJECTID": 533,
        "Id": 0,
        "X": "1463991.11821854",
        "Y": "11474000.0678089",
        "z": "7.04275e+02"
      },
      "geometry": {
        "type": "Point",
        "coordinates": [
          8285852.760508783,
          3712147.7689816146,
          704.2750244140625
        ]
      }
    },
    {
      "type": "Feature",
      "properties": {
        "OBJECTID_1": 534,
        "OBJECTID": 534,
        "Id": 0,
        "X": "1464167.84055166",
        "Y": "11473957.4811136",
        "z": "7.05548e+02"
      },
      "geometry": {
        "type": "Point",
        "coordinates": [
          8285916.052009166,
          3712132.7907789545,
          705.5479736328125
        ]
      }
    },
    {
      "type": "Feature",
      "properties": {
        "OBJECTID_1": 535,
        "OBJECTID": 535,
        "Id": 0,
        "X": "1464175.01304771",
        "Y": "11474048.3327302",
        "z": "7.08666e+02"
      },
      "geometry": {
        "type": "Point",
        "coordinates": [
          8285918.449207093,
          3712165.460099034,
          708.666015625
        ]
      }
    },
    {
      "type": "Feature",
      "properties": {
        "OBJECTID_1": 536,
        "OBJECTID": 536,
        "Id": 0,
        "X": "1464171.02832769",
        "Y": "11474129.6210187",
        "z": "7.08830e+02"
      },
      "geometry": {
        "type": "Point",
        "coordinates": [
          8285916.873249847,
          3712194.6712451875,
          708.8300170898438
        ]
      }
    },
    {
      "type": "Feature",
      "properties": {
        "OBJECTID_1": 537,
        "OBJECTID": 537,
        "Id": 0,
        "X": "1464346.3560088",
        "Y": "11473938.3544575",
        "z": "7.06003e+02"
      },
      "geometry": {
        "type": "Point",
        "coordinates": [
          8285979.941315693,
          3712126.248122846,
          706.0029907226562
        ]
      }
    },
    {
      "type": "Feature",
      "properties": {
        "OBJECTID_1": 538,
        "OBJECTID": 538,
        "Id": 0,
        "X": "1464342.37128877",
        "Y": "11474026.815242",
        "z": "7.07675e+02"
      },
      "geometry": {
        "type": "Point",
        "coordinates": [
          8285978.352232556,
          3712158.0372905387,
          707.6749877929688
        ]
      }
    },
    {
      "type": "Feature",
      "properties": {
        "OBJECTID_1": 539,
        "OBJECTID": 539,
        "Id": 0,
        "X": "1464340.77740077",
        "Y": "11474136.7935147",
        "z": "7.07665e+02"
      },
      "geometry": {
        "type": "Point",
        "coordinates": [
          8285977.57849219,
          3712197.565323568,
          707.6649780273438
        ]
      }
    },
    {
      "type": "Feature",
      "properties": {
        "OBJECTID_1": 540,
        "OBJECTID": 540,
        "Id": 0,
        "X": "1464509.72952984",
        "Y": "11474142.3721228",
        "z": "7.04804e+02"
      },
      "geometry": {
        "type": "Point",
        "coordinates": [
          8286038.001651898,
          3712199.8847033097,
          704.8040161132812
        ]
      }
    },
    {
      "type": "Feature",
      "properties": {
        "OBJECTID_1": 541,
        "OBJECTID": 541,
        "Id": 0,
        "X": "1464514.51119388",
        "Y": "11474038.7694021",
        "z": "7.04390e+02"
      },
      "geometry": {
        "type": "Point",
        "coordinates": [
          8286039.903656064,
          3712162.654230478,
          704.3900146484375
        ]
      }
    },
    {
      "type": "Feature",
      "properties": {
        "OBJECTID_1": 542,
        "OBJECTID": 542,
        "Id": 0,
        "X": "1464516.10508188",
        "Y": "11473955.0902816",
        "z": "7.04356e+02"
      },
      "geometry": {
        "type": "Point",
        "coordinates": [
          8286040.628550095,
          3712132.5793299284,
          704.3560180664062
        ]
      }
    },
    {
      "type": "Feature",
      "properties": {
        "OBJECTID_1": 543,
        "OBJECTID": 543,
        "Id": 0,
        "X": "1464657.96111478",
        "Y": "11473956.6841696",
        "z": "7.04156e+02"
      },
      "geometry": {
        "type": "Point",
        "coordinates": [
          8286091.366655932,
          3712133.4157851073,
          704.156005859375
        ]
      }
    },
    {
      "type": "Feature",
      "properties": {
        "OBJECTID_1": 544,
        "OBJECTID": 544,
        "Id": 0,
        "X": "1464653.17945076",
        "Y": "11474061.0838342",
        "z": "7.03693e+02"
      },
      "geometry": {
        "type": "Point",
        "coordinates": [
          8286089.463341266,
          3712170.9326364864,
          703.6929931640625
        ]
      }
    },
    {
      "type": "Feature",
      "properties": {
        "OBJECTID_1": 545,
        "OBJECTID": 545,
        "Id": 0,
        "X": "1464653.97639476",
        "Y": "11474153.5293388",
        "z": "7.05609e+02"
      },
      "geometry": {
        "type": "Point",
        "coordinates": [
          8286089.577553335,
          3712204.163103686,
          705.6090087890625
        ]
      }
    },
    {
      "type": "Feature",
      "properties": {
        "OBJECTID_1": 546,
        "OBJECTID": 546,
        "Id": 0,
        "X": "1464540.01340203",
        "Y": "11474262.7106675",
        "z": "7.03582e+02"
      },
      "geometry": {
        "type": "Point",
        "coordinates": [
          8286048.6115224995,
          3712243.196077942,
          703.5819702148438
        ]
      }
    },
    {
      "type": "Feature",
      "properties": {
        "OBJECTID_1": 547,
        "OBJECTID": 547,
        "Id": 0,
        "X": "1464422.86263329",
        "Y": "11474261.1167795",
        "z": "7.03224e+02"
      },
      "geometry": {
        "type": "Point",
        "coordinates": [
          8286006.70996967,
          3712242.40537606,
          703.2239990234375
        ]
      }
    },
    {
      "type": "Feature",
      "properties": {
        "OBJECTID_1": 548,
        "OBJECTID": 548,
        "Id": 0,
        "X": "1464334.40184873",
        "Y": "11474268.2892756",
        "z": "6.98867e+02"
      },
      "geometry": {
        "type": "Point",
        "coordinates": [
          8285975.05451806,
          3712244.818951797,
          698.8670043945312
        ]
      }
    },
    {
      "type": "Feature",
      "properties": {
        "OBJECTID_1": 549,
        "OBJECTID": 549,
        "Id": 0,
        "X": "1464223.62663202",
        "Y": "11474282.6342677",
        "z": "6.97708e+02"
      },
      "geometry": {
        "type": "Point",
        "coordinates": [
          8285935.403955051,
          3712249.769027023,
          697.7080078125
        ]
      }
    },
    {
      "type": "Feature",
      "properties": {
        "OBJECTID_1": 550,
        "OBJECTID": 550,
        "Id": 0,
        "X": "1464153.49555957",
        "Y": "11474302.5578678",
        "z": "6.97046e+02"
      },
      "geometry": {
        "type": "Point",
        "coordinates": [
          8285910.281329921,
          3712256.7998902174,
          697.0460205078125
        ]
      }
    },
    {
      "type": "Feature",
      "properties": {
        "OBJECTID_1": 551,
        "OBJECTID": 551,
        "Id": 0,
        "X": "1464081.77059912",
        "Y": "11474340.81118",
        "z": "6.97175e+02"
      },
      "geometry": {
        "type": "Point",
        "coordinates": [
          8285884.554559517,
          3712270.4162815087,
          697.1749877929688
        ]
      }
    },
    {
      "type": "Feature",
      "properties": {
        "OBJECTID_1": 552,
        "OBJECTID": 552,
        "Id": 0,
        "X": "1464032.3600708",
        "Y": "11474378.2675483",
        "z": "6.96915e+02"
      },
      "geometry": {
        "type": "Point",
        "coordinates": [
          8285866.811045153,
          3712283.787765614,
          696.9149780273438
        ]
      }
    },
    {
      "type": "Feature",
      "properties": {
        "OBJECTID_1": 553,
        "OBJECTID": 553,
        "Id": 0,
        "X": "1463984.5434305",
        "Y": "11474405.3636444",
        "z": "6.97004e+02"
      },
      "geometry": {
        "type": "Point",
        "coordinates": [
          8285849.656844588,
          3712293.4382398548,
          697.0040283203125
        ]
      }
    },
    {
      "type": "Feature",
      "properties": {
        "OBJECTID_1": 554,
        "OBJECTID": 554,
        "Id": 0,
        "X": "1463944.69623025",
        "Y": "11474461.9466688",
        "z": "6.96235e+02"
      },
      "geometry": {
        "type": "Point",
        "coordinates": [
          8285835.298558758,
          3712313.7025588094,
          696.2349853515625
        ]
      }
    },
    {
      "type": "Feature",
      "properties": {
        "OBJECTID_1": 555,
        "OBJECTID": 555,
        "Id": 0,
        "X": "1464131.18112743",
        "Y": "11474527.2960772",
        "z": "6.98799e+02"
      },
      "geometry": {
        "type": "Point",
        "coordinates": [
          8285901.882915294,
          3712337.539834052,
          698.7990112304688
        ]
      }
    },
    {
      "type": "Feature",
      "properties": {
        "OBJECTID_1": 556,
        "OBJECTID": 556,
        "Id": 0,
        "X": "1464247.53495217",
        "Y": "11474494.621373",
        "z": "6.97028e+02"
      },
      "geometry": {
        "type": "Point",
        "coordinates": [
          8285943.5631981,
          3712326.0116423722,
          697.0280151367188
        ]
      }
    },
    {
      "type": "Feature",
      "properties": {
        "OBJECTID_1": 557,
        "OBJECTID": 557,
        "Id": 0,
        "X": "1464411.70541722",
        "Y": "11474489.839709",
        "z": "6.97603e+02"
      },
      "geometry": {
        "type": "Point",
        "coordinates": [
          8286002.295758218,
          3712324.5983521407,
          697.60302734375
        ]
      }
    },
    {
      "type": "Feature",
      "properties": {
        "OBJECTID_1": 558,
        "OBJECTID": 558,
        "Id": 0,
        "X": "1464516.90202589",
        "Y": "11474489.839709",
        "z": "6.96943e+02"
      },
      "geometry": {
        "type": "Point",
        "coordinates": [
          8286039.924541794,
          3712324.7939400263,
          696.9429931640625
        ]
      }
    },
    {
      "type": "Feature",
      "properties": {
        "OBJECTID_1": 559,
        "OBJECTID": 559,
        "Id": 0,
        "X": "1463712.18781677",
        "Y": "11474586.5687876",
        "z": "6.96969e+02"
      },
      "geometry": {
        "type": "Point",
        "coordinates": [
          8285751.898936279,
          3712358.063898462,
          696.968994140625
        ]
      }
    },
    {
      "type": "Feature",
      "properties": {
        "OBJECTID_1": 560,
        "OBJECTID": 560,
        "Id": 0,
        "X": "1463905.19769299",
        "Y": "11473731.0992071",
        "z": "7.04311e+02"
      },
      "geometry": {
        "type": "Point",
        "coordinates": [
          8285822.526414457,
          3712050.9303412405,
          704.3109741210938
        ]
      }
    },
    {
      "type": "Feature",
      "properties": {
        "OBJECTID_1": 561,
        "OBJECTID": 561,
        "Id": 0,
        "X": "1464080.77441911",
        "Y": "11473729.8539821",
        "z": "7.03512e+02"
      },
      "geometry": {
        "type": "Point",
        "coordinates": [
          8285885.331024268,
          3712050.8100408395,
          703.5120239257812
        ]
      }
    },
    {
      "type": "Feature",
      "properties": {
        "OBJECTID_1": 562,
        "OBJECTID": 562,
        "Id": 0,
        "X": "1464248.87979518",
        "Y": "11473729.8539821",
        "z": "7.01741e+02"
      },
      "geometry": {
        "type": "Point",
        "coordinates": [
          8285945.460892146,
          3712051.123091912,
          701.7410278320312
        ]
      }
    },
    {
      "type": "Feature",
      "properties": {
        "OBJECTID_1": 563,
        "OBJECTID": 563,
        "Id": 0,
        "X": "1464362.1952709",
        "Y": "11473713.666057",
        "z": "7.05980e+02"
      },
      "geometry": {
        "type": "Point",
        "coordinates": [
          8285986.022846596,
          3712045.5153561113,
          705.97998046875
        ]
      }
    },
    {
      "type": "Feature",
      "properties": {
        "OBJECTID_1": 564,
        "OBJECTID": 564,
        "Id": 0,
        "X": "1464540.26244704",
        "Y": "11473719.8921821",
        "z": "7.10459e+02"
      },
      "geometry": {
        "type": "Point",
        "coordinates": [
          8286049.704435025,
          3712048.0843369034,
          710.458984375
        ]
      }
    },
    {
      "type": "Feature",
      "properties": {
        "OBJECTID_1": 566,
        "OBJECTID": 566,
        "Id": 0,
        "X": "1464242.65367014",
        "Y": "11473559.2581561",
        "z": "7.11008e+02"
      },
      "geometry": {
        "type": "Point",
        "coordinates": [
          8285943.549860115,
          3711989.7926906548,
          711.0079956054688
        ]
      }
    },
    {
      "type": "Feature",
      "properties": {
        "OBJECTID_1": 567,
        "OBJECTID": 567,
        "Id": 0,
        "X": "1464346.0073458",
        "Y": "11473483.2994306",
        "z": "7.09402e+02"
      },
      "geometry": {
        "type": "Point",
        "coordinates": [
          8285980.659027671,
          3711962.682572407,
          709.4019775390625
        ]
      }
    },
    {
      "type": "Feature",
      "properties": {
        "OBJECTID_1": 568,
        "OBJECTID": 568,
        "Id": 0,
        "X": "1464425.70174631",
        "Y": "11473391.15278",
        "z": "7.09997e+02"
      },
      "geometry": {
        "type": "Point",
        "coordinates": [
          8286009.335341126,
          3711929.709876115,
          709.9970092773438
        ]
      }
    },
    {
      "type": "Feature",
      "properties": {
        "OBJECTID_1": 569,
        "OBJECTID": 569,
        "Id": 0,
        "X": "1464466.79417156",
        "Y": "11473265.3850542",
        "z": "7.09633e+02"
      },
      "geometry": {
        "type": "Point",
        "coordinates": [
          8286024.266267163,
          3711884.5808433834,
          709.6329956054688
        ]
      }
    },
    {
      "type": "Feature",
      "properties": {
        "OBJECTID_1": 570,
        "OBJECTID": 570,
        "Id": 0,
        "X": "1464481.73687166",
        "Y": "11473133.3912033",
        "z": "7.09080e+02"
      },
      "geometry": {
        "type": "Point",
        "coordinates": [
          8286029.855222443,
          3711837.165473736,
          709.0800170898438
        ]
      }
    },
    {
      "type": "Feature",
      "properties": {
        "OBJECTID_1": 571,
        "OBJECTID": 571,
        "Id": 0,
        "X": "1464463.05849654",
        "Y": "11473013.8496026",
        "z": "7.09759e+02"
      },
      "geometry": {
        "type": "Point",
        "coordinates": [
          8286023.3953782525,
          3711794.1635342985,
          709.7589721679688
        ]
      }
    },
    {
      "type": "Feature",
      "properties": {
        "OBJECTID_1": 572,
        "OBJECTID": 572,
        "Id": 0,
        "X": "1464235.18232009",
        "Y": "11472982.7189774",
        "z": "7.09269e+02"
      },
      "geometry": {
        "type": "Point",
        "coordinates": [
          8285941.94536793,
          3711782.5503074965,
          709.2689819335938
        ]
      }
    },
    {
      "type": "Feature",
      "properties": {
        "OBJECTID_1": 573,
        "OBJECTID": 573,
        "Id": 0,
        "X": "1464250.12502019",
        "Y": "11473076.110853",
        "z": "7.10295e+02"
      },
      "geometry": {
        "type": "Point",
        "coordinates": [
          8285947.117157069,
          3711816.146211148,
          710.2949829101562
        ]
      }
    },
    {
      "type": "Feature",
      "properties": {
        "OBJECTID_1": 574,
        "OBJECTID": 574,
        "Id": 0,
        "X": "1464232.69187008",
        "Y": "11473176.9740786",
        "z": "7.09837e+02"
      },
      "geometry": {
        "type": "Point",
        "coordinates": [
          8285940.69475695,
          3711852.367404979,
          709.8369750976562
        ]
      }
    },
    {
      "type": "Feature",
      "properties": {
        "OBJECTID_1": 575,
        "OBJECTID": 575,
        "Id": 0,
        "X": "1464207.78736992",
        "Y": "11473265.3850542",
        "z": "7.09603e+02"
      },
      "geometry": {
        "type": "Point",
        "coordinates": [
          8285931.622983303,
          3711884.0990152694,
          709.60302734375
        ]
      }
    },
    {
      "type": "Feature",
      "properties": {
        "OBJECTID_1": 576,
        "OBJECTID": 576,
        "Id": 0,
        "X": "1464181.63764476",
        "Y": "11473333.8724296",
        "z": "7.10001e+02"
      },
      "geometry": {
        "type": "Point",
        "coordinates": [
          8285922.142676427,
          3711908.6671229615,
          710.0009765625
        ]
      }
    },
    {
      "type": "Feature",
      "properties": {
        "OBJECTID_1": 577,
        "OBJECTID": 577,
        "Id": 0,
        "X": "1464143.03566951",
        "Y": "11473402.3598051",
        "z": "7.09890e+02"
      },
      "geometry": {
        "type": "Point",
        "coordinates": [
          8285908.208309516,
          3711933.2120816084,
          709.8900146484375
        ]
      }
    },
    {
      "type": "Feature",
      "properties": {
        "OBJECTID_1": 578,
        "OBJECTID": 578,
        "Id": 0,
        "X": "1464083.26486913",
        "Y": "11473480.8089805",
        "z": "7.03723e+02"
      },
      "geometry": {
        "type": "Point",
        "coordinates": [
          8285886.683566107,
          3711961.2982790773,
          703.7230224609375
        ]
      }
    },
    {
      "type": "Feature",
      "properties": {
        "OBJECTID_1": 579,
        "OBJECTID": 579,
        "Id": 0,
        "X": "1464009.79659366",
        "Y": "11473511.9396057",
        "z": "7.03413e+02"
      },
      "geometry": {
        "type": "Point",
        "coordinates": [
          8285860.347042047,
          3711972.3508911594,
          703.4130249023438
        ]
      }
    },
    {
      "type": "Feature",
      "properties": {
        "OBJECTID_1": 580,
        "OBJECTID": 580,
        "Id": 0,
        "X": "1463900.21679296",
        "Y": "11473529.3727559",
        "z": "7.10290e+02"
      },
      "geometry": {
        "type": "Point",
        "coordinates": [
          8285821.119178975,
          3711978.412723298,
          710.2899780273438
        ]
      }
    },
    {
      "type": "Feature",
      "properties": {
        "OBJECTID_1": 581,
        "OBJECTID": 581,
        "Id": 0,
        "X": "1463779.42996719",
        "Y": "11473516.9205058",
        "z": "7.10848e+02"
      },
      "geometry": {
        "type": "Point",
        "coordinates": [
          8285777.938145878,
          3711973.711573353,
          710.8480224609375
        ]
      }
    },
    {
      "type": "Feature",
      "properties": {
        "OBJECTID_1": 582,
        "OBJECTID": 582,
        "Id": 0,
        "X": "1463934.36783594",
        "Y": "11473574.0235361",
        "z": "7.10402e+02"
      },
      "geometry": {
        "type": "Point",
        "coordinates": [
          8285833.251791652,
          3711994.525597885,
          710.4019775390625
        ]
      }
    },
    {
      "type": "Feature",
      "properties": {
        "OBJECTID_1": 583,
        "OBJECTID": 583,
        "Id": 0,
        "X": "1463243.25799474",
        "Y": "11473444.4723186",
        "z": "7.13153e+02"
      },
      "geometry": {
        "type": "Point",
        "coordinates": [
          8285586.290222267,
          3711946.66885557,
          713.1530151367188
        ]
      }
    },
    {
      "type": "Feature",
      "properties": {
        "OBJECTID_1": 584,
        "OBJECTID": 584,
        "Id": 0,
        "X": "1463267.23007041",
        "Y": "11473489.356205",
        "z": "7.13111e+02"
      },
      "geometry": {
        "type": "Point",
        "coordinates": [
          8285594.781154946,
          3711962.8466553725,
          713.1110229492188
        ]
      }
    },
    {
      "type": "Feature",
      "properties": {
        "OBJECTID_1": 585,
        "OBJECTID": 585,
        "Id": 0,
        "X": "1463282.02135115",
        "Y": "11473531.6898706",
        "z": "7.12762e+02"
      },
      "geometry": {
        "type": "Point",
        "coordinates": [
          8285599.992987827,
          3711978.0906437524,
          712.7620239257812
        ]
      }
    },
    {
      "type": "Feature",
      "properties": {
        "OBJECTID_1": 586,
        "OBJECTID": 586,
        "Id": 0,
        "X": "1463296.81263188",
        "Y": "11473582.6942869",
        "z": "7.12350e+02"
      },
      "geometry": {
        "type": "Point",
        "coordinates": [
          8285605.188686291,
          3711996.4512477373,
          712.3499755859375
        ]
      }
    },
    {
      "type": "Feature",
      "properties": {
        "OBJECTID_1": 587,
        "OBJECTID": 587,
        "Id": 0,
        "X": "1463307.01351515",
        "Y": "11473632.1685707",
        "z": "7.11725e+02"
      },
      "geometry": {
        "type": "Point",
        "coordinates": [
          8285608.745308749,
          3712014.253298346,
          711.7249755859375
        ]
      }
    },
    {
      "type": "Feature",
      "properties": {
        "OBJECTID_1": 588,
        "OBJECTID": 588,
        "Id": 0,
        "X": "1463460.65236516",
        "Y": "11473536.8441059",
        "z": "7.04336e+02"
      },
      "geometry": {
        "type": "Point",
        "coordinates": [
          8285663.87778945,
          3711980.277411104,
          704.3359985351562
        ]
      }
    },
    {
      "type": "Feature",
      "properties": {
        "OBJECTID_1": 589,
        "OBJECTID": 589,
        "Id": 0,
        "X": "1463567.74171585",
        "Y": "11473600.3505813",
        "z": "7.09258e+02"
      },
      "geometry": {
        "type": "Point",
        "coordinates": [
          8285702.064422869,
          3712003.3042167095,
          709.2579956054688
        ]
      }
    },
    {
      "type": "Feature",
      "properties": {
        "OBJECTID_1": 590,
        "OBJECTID": 590,
        "Id": 0,
        "X": "1463648.68134136",
        "Y": "11473691.2520069",
        "z": "7.10231e+02"
      },
      "geometry": {
        "type": "Point",
        "coordinates": [
          8285730.846771792,
          3712036.1289333142,
          710.2310180664062
        ]
      }
    },
    {
      "type": "Feature",
      "properties": {
        "OBJECTID_1": 591,
        "OBJECTID": 591,
        "Id": 0,
        "X": "1463667.35971648",
        "Y": "11473773.4368574",
        "z": "7.09662e+02"
      },
      "geometry": {
        "type": "Point",
        "coordinates": [
          8285737.375125684,
          3712065.7043296467,
          709.6619873046875
        ]
      }
    },
    {
      "type": "Feature",
      "properties": {
        "OBJECTID_1": 592,
        "OBJECTID": 592,
        "Id": 0,
        "X": "1463663.62404146",
        "Y": "11473863.093058",
        "z": "7.04934e+02"
      },
      "geometry": {
        "type": "Point",
        "coordinates": [
          8285735.872282345,
          3712097.9234479535,
          704.9340209960938
        ]
      }
    },
    {
      "type": "Feature",
      "properties": {
        "OBJECTID_1": 593,
        "OBJECTID": 593,
        "Id": 0,
        "X": "1463643.70044133",
        "Y": "11473955.2397086",
        "z": "7.04557e+02"
      },
      "geometry": {
        "type": "Point",
        "coordinates": [
          8285728.57448151,
          3712131.0075885444,
          704.5570068359375
        ]
      }
    },
    {
      "type": "Feature",
      "properties": {
        "OBJECTID_1": 594,
        "OBJECTID": 594,
        "Id": 0,
        "X": "1463606.34369109",
        "Y": "11474037.4245591",
        "z": "7.04424e+02"
      },
      "geometry": {
        "type": "Point",
        "coordinates": [
          8285715.059414463,
          3712160.478545208,
          704.4240112304688
        ]
      }
    },
    {
      "type": "Feature",
      "properties": {
        "OBJECTID_1": 595,
        "OBJECTID": 595,
        "Id": 0,
        "X": "1463576.4582909",
        "Y": "11474095.9501345",
        "z": "7.04495e+02"
      },
      "geometry": {
        "type": "Point",
        "coordinates": [
          8285704.260742897,
          3712181.45933761,
          704.4949951171875
        ]
      }
    },
    {
      "type": "Feature",
      "properties": {
        "OBJECTID_1": 596,
        "OBJECTID": 596,
        "Id": 0,
        "X": "1463516.68749052",
        "Y": "11474170.6636349",
        "z": "7.04693e+02"
      },
      "geometry": {
        "type": "Point",
        "coordinates": [
          8285682.74203992,
          3712208.2029569885,
          704.6929931640625
        ]
      }
    },
    {
      "type": "Feature",
      "properties": {
        "OBJECTID_1": 597,
        "OBJECTID": 597,
        "Id": 0,
        "X": "1463455.67146513",
        "Y": "11474211.7560602",
        "z": "7.03823e+02"
      },
      "geometry": {
        "type": "Point",
        "coordinates": [
          8285660.840390148,
          3712222.859338312,
          703.822998046875
        ]
      }
    },
    {
      "type": "Feature",
      "properties": {
        "OBJECTID_1": 598,
        "OBJECTID": 598,
        "Id": 0,
        "X": "1463140.62953813",
        "Y": "11474186.85156",
        "z": "7.01434e+02"
      },
      "geometry": {
        "type": "Point",
        "coordinates": [
          8285548.197460468,
          3712213.3179453355,
          701.4340209960938
        ]
      }
    },
    {
      "type": "Feature",
      "properties": {
        "OBJECTID_1": 599,
        "OBJECTID": 599,
        "Id": 0,
        "X": "1463043.50198751",
        "Y": "11474120.8546346",
        "z": "7.01817e+02"
      },
      "geometry": {
        "type": "Point",
        "coordinates": [
          8285513.5784076825,
          3712189.413751681,
          701.8170166015625
        ]
      }
    },
    {
      "type": "Feature",
      "properties": {
        "OBJECTID_1": 600,
        "OBJECTID": 600,
        "Id": 0,
        "X": "1462992.44776218",
        "Y": "11474008.7843839",
        "z": "7.01705e+02"
      },
      "geometry": {
        "type": "Point",
        "coordinates": [
          8285495.5256254515,
          3712149.0351649937,
          701.7050170898438
        ]
      }
    },
    {
      "type": "Feature",
      "properties": {
        "OBJECTID_1": 601,
        "OBJECTID": 601,
        "Id": 0,
        "X": "1462970.03371204",
        "Y": "11473917.8829583",
        "z": "7.00873e+02"
      },
      "geometry": {
        "type": "Point",
        "coordinates": [
          8285487.677853946,
          3712116.3193417653,
          700.8729858398438
        ]
      }
    },
    {
      "type": "Feature",
      "properties": {
        "OBJECTID_1": 602,
        "OBJECTID": 602,
        "Id": 0,
        "X": "1462951.35533692",
        "Y": "11473812.0388327",
        "z": "7.01110e+02"
      },
      "geometry": {
        "type": "Point",
        "coordinates": [
          8285481.194227608,
          3712078.2395921834,
          701.1099853515625
        ]
      }
    },
    {
      "type": "Feature",
      "properties": {
        "OBJECTID_1": 603,
        "OBJECTID": 603,
        "Id": 0,
        "X": "1462966.29803702",
        "Y": "11473736.0801072",
        "z": "7.02482e+02"
      },
      "geometry": {
        "type": "Point",
        "coordinates": [
          8285486.680835605,
          3712050.9649946806,
          702.4819946289062
        ]
      }
    },
    {
      "type": "Feature",
      "properties": {
        "OBJECTID_1": 604,
        "OBJECTID": 604,
        "Id": 0,
        "X": "1462999.91911223",
        "Y": "11473665.1022817",
        "z": "7.02189e+02"
      },
      "geometry": {
        "type": "Point",
        "coordinates": [
          8285498.839204107,
          3712025.515799052,
          702.1890258789062
        ]
      }
    },
    {
      "type": "Feature",
      "properties": {
        "OBJECTID_1": 605,
        "OBJECTID": 605,
        "Id": 0,
        "X": "1463044.74721252",
        "Y": "11473614.0480564",
        "z": "7.02722e+02"
      },
      "geometry": {
        "type": "Point",
        "coordinates": [
          8285514.969004273,
          3712007.248952511,
          702.7219848632812
        ]
      }
    },
    {
      "type": "Feature",
      "properties": {
        "OBJECTID_1": 606,
        "OBJECTID": 606,
        "Id": 0,
        "X": "1463110.74413794",
        "Y": "11473549.296356",
        "z": "7.02298e+02"
      },
      "geometry": {
        "type": "Point",
        "coordinates": [
          8285538.696157552,
          3711984.0983776213,
          702.2979736328125
        ]
      }
    }
  ]
}